group	x	y	showSelected2
1	0	-2.2	1.33333333333333
1	0.0789344887836631	-2.2	1.33333333333333
1	0.157868977567326	-2.2	1.33333333333333
1	0.236803466350989	-2.2	1.33333333333333
1	0.315737955134653	-2.2	1.33333333333333
1	0.394672443918316	-2.2	1.33333333333333
1	0.473606932701979	-2.2	1.33333333333333
1	0.552541421485642	-2.2	1.33333333333333
1	0.631475910269305	-2.2	1.33333333333333
1	0.710410399052968	-2.2	1.33333333333333
1	0.789344887836632	-2.2	1.33333333333333
1	0.868279376620295	-2.2	1.33333333333333
1	0.947213865403958	-2.2	1.33333333333333
1	1.02614835418762	-2.2	1.33333333333333
1	1.10508284297128	-2.2	1.33333333333333
1	1.18401733175495	-2.2	1.33333333333333
1	1.26295182053861	-2.2	1.33333333333333
1	1.34188630932227	-2.2	1.33333333333333
1	1.42082079810594	-2.2	1.33333333333333
1	1.4997552868896	-2.2	1.33333333333333
1	1.57868977567326	-2.2	1.33333333333333
1	1.65762426445693	-2.2	1.33333333333333
1	1.73655875324059	-2.2	1.33333333333333
1	1.81549324202425	-2.2	1.33333333333333
1	1.89442773080792	-2.2	1.33333333333333
1	1.97336221959158	-2.2	1.33333333333333
1	2.05229670837524	-2.2	1.33333333333333
1	2.1312311971589	-2.2	1.33333333333333
1	2.21016568594257	-2.2	1.33333333333333
1	2.28910017472623	-2.2	1.33333333333333
1	2.36803466350989	-2.2	1.33333333333333
1	2.44696915229356	-2.2	1.33333333333333
1	2.52590364107722	-2.2	1.33333333333333
1	2.60483812986088	-2.2	1.33333333333333
1	2.68377261864455	-2.2	1.33333333333333
1	2.76270710742821	-2.2	1.33333333333333
1	2.84164159621187	-2.2	1.33333333333333
1	2.92057608499554	-2.2	1.33333333333333
1	2.9995105737792	-2.2	1.33333333333333
1	3.07844506256286	-2.2	1.33333333333333
1	3.15737955134653	-2.2	1.33333333333333
1	3.23631404013019	-2.2	1.33333333333333
1	3.31524852891385	-2.2	1.33333333333333
1	3.39418301769752	-2.2	1.33333333333333
1	3.47311750648118	-2.2	1.33333333333333
1	3.55205199526484	-2.2	1.33333333333333
1	3.63098648404851	-2.2	1.33333333333333
1	3.70992097283217	-2.2	1.33333333333333
1	3.78885546161583	-2.2	1.33333333333333
1	3.86778995039949	-2.2	1.33333333333333
1	3.94672443918316	-2.2	1.33333333333333
1	4.02565892796682	-2.2	1.33333333333333
1	4.10459341675048	-2.2	1.33333333333333
1	4.18352790553415	-2.2	1.33333333333333
1	4.26246239431781	-2.2	1.33333333333333
1	4.34139688310147	-2.2	1.33333333333333
1	4.42033137188514	-2.2	1.33333333333333
1	4.4992658606688	-2.2	1.33333333333333
1	4.57820034945246	-2.2	1.33333333333333
1	4.65713483823613	-2.2	1.33333333333333
1	4.73606932701979	-2.2	1.33333333333333
1	4.81500381580345	-2.2	1.33333333333333
1	4.89393830458712	-2.2	1.33333333333333
1	4.97287279337078	-2.2	1.33333333333333
1	5.05180728215444	-2.2	1.33333333333333
1	5.1307417709381	-2.2	1.33333333333333
1	5.20967625972177	-2.2	1.33333333333333
1	5.28861074850543	-2.2	1.33333333333333
1	5.36754523728909	-2.2	1.33333333333333
1	5.44647972607276	-2.2	1.33333333333333
1	5.52541421485642	-2.2	1.33333333333333
1	5.60434870364008	-2.2	1.33333333333333
1	5.68328319242375	-2.2	1.33333333333333
1	5.76221768120741	-2.2	1.33333333333333
1	5.84115216999107	-2.2	1.33333333333333
1	5.92008665877474	-2.2	1.33333333333333
1	5.9990211475584	-2.2	1.33333333333333
1	6.07795563634206	-2.2	1.33333333333333
1	6.15689012512573	-2.2	1.33333333333333
1	6.23582461390939	-2.2	1.33333333333333
1	6.31475910269305	-2.2	1.33333333333333
1	6.39369359147672	-2.2	1.33333333333333
1	6.47262808026038	-2.2	1.33333333333333
1	6.55156256904404	-2.2	1.33333333333333
1	6.6304970578277	-2.2	1.33333333333333
1	6.70943154661137	-2.2	1.33333333333333
1	6.78836603539503	-2.2	1.33333333333333
1	6.86730052417869	-2.2	1.33333333333333
1	6.94623501296236	-2.2	1.33333333333333
1	7.02516950174602	-2.2	1.33333333333333
1	7.10410399052968	-2.2	1.33333333333333
1	7.18303847931335	-2.0995460063826	1.33333333333333
1	7.26197296809701	-1.97910810199065	1.33333333333333
1	7.34090745688067	-1.860558823055	1.33333333333333
1	7.41984194566434	-1.74389816957565	1.33333333333333
1	7.498776434448	-1.62912614155259	1.33333333333333
1	7.57771092323166	-1.51624273898583	1.33333333333333
1	7.65664541201533	-1.40524796187536	1.33333333333333
1	7.73557990079899	-1.29614181022118	1.33333333333333
1	7.81451438958265	-1.1889242840233	1.33333333333333
1	7.89344887836631	-1.08359538328171	1.33333333333333
1	7.97238336714998	-0.980155107996414	1.33333333333333
1	8.05131785593364	-0.878603458167416	1.33333333333333
1	8.1302523447173	-0.77894043379471	1.33333333333333
1	8.20918683350097	-0.6811660348783	1.33333333333333
1	8.28812132228463	-0.585280261418183	1.33333333333333
1	8.36705581106829	-0.491283113414359	1.33333333333333
1	8.44599029985196	-0.399174590866831	1.33333333333333
1	8.52492478863562	-0.3089546937756	1.33333333333333
1	8.60385927741928	-0.220623422140659	1.33333333333333
1	8.68279376620295	-0.134180775962012	1.33333333333333
1	8.76172825498661	-0.049626755239661	1.33333333333333
1	8.84066274377027	0.0330386400263949	1.33333333333333
1	8.91959723255394	0.113815409836157	1.33333333333333
1	8.9985317213376	0.192703554189627	1.33333333333333
1	9.07746621012126	0.269703073086802	1.33333333333333
1	9.15640069890492	0.344813966527681	1.33333333333333
1	9.23533518768859	0.418036234512266	1.33333333333333
1	9.31426967647225	0.489369877040558	1.33333333333333
1	9.39320416525591	0.558814894112556	1.33333333333333
1	9.47213865403958	0.626371285728258	1.33333333333333
1	9.55107314282324	0.692039051887667	1.33333333333333
1	9.6300076316069	0.755818192590782	1.33333333333333
1	9.70894212039057	0.817708707837602	1.33333333333333
1	9.78787660917423	0.877710597628127	1.33333333333333
1	9.86681109795789	0.935823861962358	1.33333333333333
1	9.94574558674156	0.992048500840297	1.33333333333333
1	10.0246800755252	1.04638451426194	1.33333333333333
1	10.1036145643089	1.09883190222729	1.33333333333333
1	10.1825490530925	1.14939066473634	1.33333333333333
1	10.2614835418762	1.1980608017891	1.33333333333333
1	10.3404180306599	1.24484231338557	1.33333333333333
1	10.4193525194435	1.28973519952574	1.33333333333333
1	10.4982870082272	1.33273946020962	1.33333333333333
1	10.5772214970109	1.3738550954372	1.33333333333333
1	10.6561559857945	1.41308210520849	1.33333333333333
1	10.7350904745782	1.45042048952349	1.33333333333333
1	10.8140249633619	1.48587024838219	1.33333333333333
1	10.8929594521455	1.51943138178459	1.33333333333333
1	10.9718939409292	1.5511038897307	1.33333333333333
1	11.0508284297128	1.58088777222052	1.33333333333333
1	11.1297629184965	1.60878302925405	1.33333333333333
1	11.2086974072802	1.63478966083128	1.33333333333333
1	11.2876318960638	1.65890766695221	1.33333333333333
1	11.3665663848475	1.68113704761685	1.33333333333333
1	11.4455008736312	1.7014778028252	1.33333333333333
1	11.5244353624148	1.71992993257725	1.33333333333333
1	11.6033698511985	1.73649343687301	1.33333333333333
1	11.6823043399821	1.75116831571247	1.33333333333333
1	11.7612388287658	1.76395456909564	1.33333333333333
1	11.8401733175495	1.77485219702252	1.33333333333333
1	11.9191078063331	1.7838611994931	1.33333333333333
1	11.9980422951168	1.79098157650738	1.33333333333333
1	12.0769767839005	1.79621332806538	1.33333333333333
1	12.1559112726841	1.79955645416707	1.33333333333333
1	12.2348457614678	1.80101095481248	1.33333333333333
1	12.3137802502515	1.80057683000159	1.33333333333333
1	12.3927147390351	1.7982540797344	1.33333333333333
1	12.4716492278188	1.79404270401092	1.33333333333333
1	12.5505837166024	1.78794270283115	1.33333333333333
1	12.6295182053861	1.77995407619508	1.33333333333333
1	12.7084526941698	1.77007682410272	1.33333333333333
1	12.7873871829534	1.75831094655407	1.33333333333333
1	12.8663216717371	1.74465644354912	1.33333333333333
1	12.9452561605208	1.72911331508787	1.33333333333333
1	13.0241906493044	1.71168156117033	1.33333333333333
1	13.1031251380881	1.6923611817965	1.33333333333333
1	13.1820596268717	1.67115217696637	1.33333333333333
1	13.2609941156554	1.64805454667995	1.33333333333333
1	13.3399286044391	1.62306829093723	1.33333333333333
1	13.4188630932227	1.59619340973822	1.33333333333333
1	13.4977975820064	1.56742990308292	1.33333333333333
1	13.5767320707901	1.53677777097132	1.33333333333333
1	13.6556665595737	1.50423701340343	1.33333333333333
1	13.7346010483574	1.46980763037924	1.33333333333333
1	13.8135355371411	1.43348962189876	1.33333333333333
1	13.8924700259247	1.39528298796198	1.33333333333333
1	13.9714045147084	1.35518772856891	1.33333333333333
1	14.050339003492	1.31320384371955	1.33333333333333
1	14.1292734922757	1.26933133341389	1.33333333333333
1	14.2082079810594	1.22357019765194	1.33333333333333
1	14.287142469843	1.17592043643369	1.33333333333333
1	14.3660769586267	1.12638204975915	1.33333333333333
1	14.4450114474104	1.07495503762832	1.33333333333333
1	14.523945936194	1.02163940004119	1.33333333333333
1	14.6028804249777	0.966435136997763	1.33333333333333
1	14.6818149137613	0.909342248498045	1.33333333333333
1	14.760749402545	0.850360734542033	1.33333333333333
1	14.8396838913287	0.789490595129725	1.33333333333333
1	14.9186183801123	0.726731830261124	1.33333333333333
1	14.997552868896	0.66208443993623	1.33333333333333
1	15.0764873576797	0.595548424155041	1.33333333333333
1	15.1554218464633	0.527123782917557	1.33333333333333
1	15.234356335247	0.456810516223778	1.33333333333333
1	15.3132908240307	0.384608624073706	1.33333333333333
1	15.3922253128143	0.31051810646734	1.33333333333333
1	15.471159801598	0.23453896340468	1.33333333333333
1	15.5500942903816	0.156671194885724	1.33333333333333
1	15.6290287791653	0.0769148009104747	1.33333333333333
1	15.707963267949	-0.00473021852106839	1.33333333333333
1	0	2.2	2.33333333333333
1	0.0789344887836631	2.2	2.33333333333333
1	0.157868977567326	2.2	2.33333333333333
1	0.236803466350989	2.2	2.33333333333333
1	0.315737955134653	2.2	2.33333333333333
1	0.394672443918316	2.2	2.33333333333333
1	0.473606932701979	2.2	2.33333333333333
1	0.552541421485642	2.2	2.33333333333333
1	0.631475910269305	2.2	2.33333333333333
1	0.710410399052968	2.2	2.33333333333333
1	0.789344887836632	2.2	2.33333333333333
1	0.868279376620295	2.2	2.33333333333333
1	0.947213865403958	2.2	2.33333333333333
1	1.02614835418762	2.2	2.33333333333333
1	1.10508284297128	2.2	2.33333333333333
1	1.18401733175495	2.2	2.33333333333333
1	1.26295182053861	2.2	2.33333333333333
1	1.34188630932227	2.2	2.33333333333333
1	1.42082079810594	2.2	2.33333333333333
1	1.4997552868896	2.2	2.33333333333333
1	1.57868977567326	2.2	2.33333333333333
1	1.65762426445693	2.2	2.33333333333333
1	1.73655875324059	2.2	2.33333333333333
1	1.81549324202425	2.2	2.33333333333333
1	1.89442773080792	2.2	2.33333333333333
1	1.97336221959158	2.2	2.33333333333333
1	2.05229670837524	2.2	2.33333333333333
1	2.1312311971589	2.2	2.33333333333333
1	2.21016568594257	2.2	2.33333333333333
1	2.28910017472623	2.2	2.33333333333333
1	2.36803466350989	2.2	2.33333333333333
1	2.44696915229356	2.2	2.33333333333333
1	2.52590364107722	2.2	2.33333333333333
1	2.60483812986088	2.2	2.33333333333333
1	2.68377261864455	2.2	2.33333333333333
1	2.76270710742821	2.2	2.33333333333333
1	2.84164159621187	2.2	2.33333333333333
1	2.92057608499554	2.2	2.33333333333333
1	2.9995105737792	2.2	2.33333333333333
1	3.07844506256286	2.2	2.33333333333333
1	3.15737955134653	2.2	2.33333333333333
1	3.23631404013019	2.2	2.33333333333333
1	3.31524852891385	2.2	2.33333333333333
1	3.39418301769752	2.2	2.33333333333333
1	3.47311750648118	2.2	2.33333333333333
1	3.55205199526484	2.2	2.33333333333333
1	3.63098648404851	2.2	2.33333333333333
1	3.70992097283217	2.2	2.33333333333333
1	3.78885546161583	2.2	2.33333333333333
1	3.86778995039949	2.2	2.33333333333333
1	3.94672443918316	2.2	2.33333333333333
1	4.02565892796682	2.19610471446364	2.33333333333333
1	4.10459341675048	2.07391019866749	2.33333333333333
1	4.18352790553415	1.95361759440341	2.33333333333333
1	4.26246239431781	1.8352269016714	2.33333333333333
1	4.34139688310147	1.71873812047146	2.33333333333333
1	4.42033137188514	1.60415125080359	2.33333333333333
1	4.4992658606688	1.49146629266778	2.33333333333333
1	4.57820034945246	1.38068324606404	2.33333333333333
1	4.65713483823613	1.27180211099237	2.33333333333333
1	4.73606932701979	1.16482288745277	2.33333333333333
1	4.81500381580345	1.05974557544524	2.33333333333333
1	4.89393830458712	0.956570174969773	2.33333333333333
1	4.97287279337078	0.855296686026377	2.33333333333333
1	5.05180728215444	0.755925108615049	2.33333333333333
1	5.1307417709381	0.658455442735789	2.33333333333333
1	5.20967625972177	0.562887688388596	2.33333333333333
1	5.28861074850543	0.469221845573472	2.33333333333333
1	5.36754523728909	0.377457914290416	2.33333333333333
1	5.44647972607276	0.287595894539429	2.33333333333333
1	5.52541421485642	0.199635786320508	2.33333333333333
1	5.60434870364008	0.113577589633657	2.33333333333333
1	5.68328319242375	0.0294213044788725	2.33333333333333
1	5.76221768120741	-0.0528330691438415	2.33333333333333
1	5.84115216999107	-0.133185531234489	2.33333333333333
1	5.92008665877474	-0.211636081793068	2.33333333333333
1	5.9990211475584	-0.288184720819578	2.33333333333333
1	6.07795563634206	-0.362831448314021	2.33333333333333
1	6.15689012512573	-0.435576264276396	2.33333333333333
1	6.23582461390939	-0.506419168706702	2.33333333333333
1	6.31475910269305	-0.575360161604941	2.33333333333333
1	6.39369359147672	-0.64239924297111	2.33333333333333
1	6.47262808026038	-0.707536412805212	2.33333333333333
1	6.55156256904404	-0.770771671107245	2.33333333333333
1	6.6304970578277	-0.832105017877211	2.33333333333333
1	6.70943154661137	-0.891536453115108	2.33333333333333
1	6.78836603539503	-0.949065976820937	2.33333333333333
1	6.86730052417869	-1.0046935889947	2.33333333333333
1	6.94623501296236	-1.05841928963639	2.33333333333333
1	7.02516950174602	-1.11024307874602	2.33333333333333
1	7.10410399052968	-1.16016495632357	2.33333333333333
1	7.18303847931335	-1.20818492236906	2.33333333333333
1	7.26197296809701	-1.25430297688248	2.33333333333333
1	7.34090745688067	-1.29851911986383	2.33333333333333
1	7.41984194566434	-1.34083335131312	2.33333333333333
1	7.498776434448	-1.38124567123033	2.33333333333333
1	7.57771092323166	-1.41975607961548	2.33333333333333
1	7.65664541201533	-1.45636457646856	2.33333333333333
1	7.73557990079899	-1.49107116178957	2.33333333333333
1	7.81451438958265	-1.52387583557851	2.33333333333333
1	7.89344887836631	-1.55477859783539	2.33333333333333
1	7.97238336714998	-1.5837794485602	2.33333333333333
1	8.05131785593364	-1.61087838775293	2.33333333333333
1	8.1302523447173	-1.6360754154136	2.33333333333333
1	8.20918683350097	-1.65937053154221	2.33333333333333
1	8.28812132228463	-1.68076373613874	2.33333333333333
1	8.36705581106829	-1.70025502920321	2.33333333333333
1	8.44599029985196	-1.7178444107356	2.33333333333333
1	8.52492478863562	-1.73353188073593	2.33333333333333
1	8.60385927741928	-1.7473174392042	2.33333333333333
1	8.68279376620295	-1.75920108614039	2.33333333333333
1	8.76172825498661	-1.76918282154451	2.33333333333333
1	8.84066274377027	-1.77726264541657	2.33333333333333
1	8.91959723255394	-1.78344055775656	2.33333333333333
1	8.9985317213376	-1.78771655856448	2.33333333333333
1	9.07746621012126	-1.79009064784033	2.33333333333333
1	9.15640069890492	-1.79056282558412	2.33333333333333
1	9.23533518768859	-1.78913309179583	2.33333333333333
1	9.31426967647225	-1.78580144647548	2.33333333333333
1	9.39320416525591	-1.78056788962306	2.33333333333333
1	9.47213865403958	-1.77343242123857	2.33333333333333
1	9.55107314282324	-1.76439504132202	2.33333333333333
1	9.6300076316069	-1.75345574987339	2.33333333333333
1	9.70894212039057	-1.7406145468927	2.33333333333333
1	9.78787660917423	-1.72587143237994	2.33333333333333
1	9.86681109795789	-1.70922640633511	2.33333333333333
1	9.94574558674156	-1.69067946875821	2.33333333333333
1	10.0246800755252	-1.67023061964925	2.33333333333333
1	10.1036145643089	-1.64787985900821	2.33333333333333
1	10.1825490530925	-1.62362718683511	2.33333333333333
1	10.2614835418762	-1.59747260312994	2.33333333333333
1	10.3404180306599	-1.5694161078927	2.33333333333333
1	10.4193525194435	-1.5394577011234	2.33333333333333
1	10.4982870082272	-1.50759738282202	2.33333333333333
1	10.5772214970109	-1.47383515298858	2.33333333333333
1	10.6561559857945	-1.43817101162307	2.33333333333333
1	10.7350904745782	-1.40060495872549	2.33333333333333
1	10.8140249633619	-1.36113699429584	2.33333333333333
1	10.8929594521455	-1.31976711833413	2.33333333333333
1	10.9718939409292	-1.27649533084034	2.33333333333333
1	11.0508284297128	-1.23132163181449	2.33333333333333
1	11.1297629184965	-1.18424602125657	2.33333333333333
1	11.2086974072802	-1.13526849916659	2.33333333333333
1	11.2876318960638	-1.08438906554453	2.33333333333333
1	11.3665663848475	-1.0316077203904	2.33333333333333
1	11.4455008736312	-0.976924463704212	2.33333333333333
1	11.5244353624148	-0.920339295485952	2.33333333333333
1	11.6033698511985	-0.861852215735623	2.33333333333333
1	11.6823043399821	-0.801463224453226	2.33333333333333
1	11.7612388287658	-0.739172321638762	2.33333333333333
1	11.8401733175495	-0.674979507292229	2.33333333333333
1	11.9191078063331	-0.608884781413627	2.33333333333333
1	11.9980422951168	-0.540888144002958	2.33333333333333
1	12.0769767839005	-0.47098959506022	2.33333333333333
1	12.1559112726841	-0.399189134585415	2.33333333333333
1	12.2348457614678	-0.32548676257854	2.33333333333333
1	12.3137802502515	-0.249882479039598	2.33333333333333
1	12.3927147390351	-0.172376283968588	2.33333333333333
1	12.4716492278188	-0.0929681773655102	2.33333333333333
1	12.5505837166024	-0.0116581592303622	2.33333333333333
1	12.6295182053861	0.071553770436852	2.33333333333333
1	12.7084526941698	0.156667611636134	2.33333333333333
1	12.7873871829534	0.243683364367485	2.33333333333333
1	12.8663216717371	0.332601028630904	2.33333333333333
1	12.9452561605208	0.423420604426393	2.33333333333333
1	13.0241906493044	0.516142091753948	2.33333333333333
1	13.1031251380881	0.610765490613571	2.33333333333333
1	13.1820596268717	0.707290801005262	2.33333333333333
1	13.2609941156554	0.805718022929024	2.33333333333333
1	13.3399286044391	0.906047156384851	2.33333333333333
1	13.4188630932227	1.00827820137275	2.33333333333333
1	13.4977975820064	1.11241115789271	2.33333333333333
1	13.5767320707901	1.21844602594475	2.33333333333333
1	13.6556665595737	1.32638280552885	2.33333333333333
1	13.7346010483574	1.43622149664501	2.33333333333333
1	13.8135355371411	1.54796209929325	2.33333333333333
1	13.8924700259247	1.66160461347356	2.33333333333333
1	13.9714045147084	1.77714903918593	2.33333333333333
1	14.050339003492	1.89459537643037	2.33333333333333
1	14.1292734922757	2.01394362520688	2.33333333333333
1	14.2082079810594	2.13519378551546	2.33333333333333
1	14.287142469843	2.2	2.33333333333333
1	14.3660769586267	2.2	2.33333333333333
1	14.4450114474104	2.2	2.33333333333333
1	14.523945936194	2.2	2.33333333333333
1	14.6028804249777	2.2	2.33333333333333
1	14.6818149137613	2.2	2.33333333333333
1	14.760749402545	2.2	2.33333333333333
1	14.8396838913287	2.2	2.33333333333333
1	14.9186183801123	2.2	2.33333333333333
1	14.997552868896	2.2	2.33333333333333
1	15.0764873576797	2.2	2.33333333333333
1	15.1554218464633	2.2	2.33333333333333
1	15.234356335247	2.2	2.33333333333333
1	15.3132908240307	2.2	2.33333333333333
1	15.3922253128143	2.2	2.33333333333333
1	15.471159801598	2.2	2.33333333333333
1	15.5500942903816	2.2	2.33333333333333
1	15.6290287791653	2.2	2.33333333333333
1	15.707963267949	2.2	2.33333333333333
1	0	-2.2	3.33333333333333
1	0.0789344887836631	-2.2	3.33333333333333
1	0.157868977567326	-2.2	3.33333333333333
1	0.236803466350989	-2.2	3.33333333333333
1	0.315737955134653	-2.2	3.33333333333333
1	0.394672443918316	-2.19660291863006	3.33333333333333
1	0.473606932701979	-2.07700852900939	3.33333333333333
1	0.552541421485642	-1.95918534470343	3.33333333333333
1	0.631475910269305	-1.84313336571219	3.33333333333333
1	0.710410399052968	-1.72885259203567	3.33333333333333
1	0.789344887836632	-1.61634302367387	3.33333333333333
1	0.868279376620295	-1.50560466062678	3.33333333333333
1	0.947213865403958	-1.39663750289442	3.33333333333333
1	1.02614835418762	-1.28944155047677	3.33333333333333
1	1.10508284297128	-1.18401680337384	3.33333333333333
1	1.18401733175495	-1.08036326158564	3.33333333333333
1	1.26295182053861	-0.978480925112146	3.33333333333333
1	1.34188630932227	-0.878369793953377	3.33333333333333
1	1.42082079810594	-0.780029868109325	3.33333333333333
1	1.4997552868896	-0.683461147579992	3.33333333333333
1	1.57868977567326	-0.588663632365377	3.33333333333333
1	1.65762426445693	-0.495637322465482	3.33333333333333
1	1.73655875324059	-0.404382217880305	3.33333333333333
1	1.81549324202425	-0.314898318609848	3.33333333333333
1	1.89442773080792	-0.227185624654109	3.33333333333333
1	1.97336221959158	-0.141244136013089	3.33333333333333
1	2.05229670837524	-0.0570738526867887	3.33333333333333
1	2.1312311971589	0.025325225324794	3.33333333333333
1	2.21016568594257	0.105953098021658	3.33333333333333
1	2.28910017472623	0.184809765403803	3.33333333333333
1	2.36803466350989	0.261895227471229	3.33333333333333
1	2.44696915229356	0.337209484223937	3.33333333333333
1	2.52590364107722	0.410752535661926	3.33333333333333
1	2.60483812986088	0.482524381785195	3.33333333333333
1	2.68377261864455	0.552525022593746	3.33333333333333
1	2.76270710742821	0.620754458087579	3.33333333333333
1	2.84164159621187	0.687212688266692	3.33333333333333
1	2.92057608499554	0.751899713131087	3.33333333333333
1	2.9995105737792	0.814815532680762	3.33333333333333
1	3.07844506256286	0.87596014691572	3.33333333333333
1	3.15737955134653	0.935333555835958	3.33333333333333
1	3.23631404013019	0.992935759441477	3.33333333333333
1	3.31524852891385	1.04876675773228	3.33333333333333
1	3.39418301769752	1.10282655070836	3.33333333333333
1	3.47311750648118	1.15511513836972	3.33333333333333
1	3.55205199526484	1.20563252071637	3.33333333333333
1	3.63098648404851	1.25437869774829	3.33333333333333
1	3.70992097283217	1.3013536694655	3.33333333333333
1	3.78885546161583	1.34655743586799	3.33333333333333
1	3.86778995039949	1.38998999695576	3.33333333333333
1	3.94672443918316	1.43165135272881	3.33333333333333
1	4.02565892796682	1.47154150318714	3.33333333333333
1	4.10459341675048	1.50966044833075	3.33333333333333
1	4.18352790553415	1.54600818815964	3.33333333333333
1	4.26246239431781	1.58058472267382	3.33333333333333
1	4.34139688310147	1.61339005187328	3.33333333333333
1	4.42033137188514	1.64442417575801	3.33333333333333
1	4.4992658606688	1.67368709432803	3.33333333333333
1	4.57820034945246	1.70117880758333	3.33333333333333
1	4.65713483823613	1.72689931552391	3.33333333333333
1	4.73606932701979	1.75084861814977	3.33333333333333
1	4.81500381580345	1.77302671546092	3.33333333333333
1	4.89393830458712	1.79343360745734	3.33333333333333
1	4.97287279337078	1.81206929413905	3.33333333333333
1	5.05180728215444	1.82893377550604	3.33333333333333
1	5.1307417709381	1.8440270515583	3.33333333333333
1	5.20967625972177	1.85734912229585	3.33333333333333
1	5.28861074850543	1.86889998771868	3.33333333333333
1	5.36754523728909	1.8786796478268	3.33333333333333
1	5.44647972607276	1.88668810262019	3.33333333333333
1	5.52541421485642	1.89292535209886	3.33333333333333
1	5.60434870364008	1.89739139626282	3.33333333333333
1	5.68328319242375	1.90008623511206	3.33333333333333
1	5.76221768120741	1.90100986864657	3.33333333333333
1	5.84115216999107	1.90016229686637	3.33333333333333
1	5.92008665877474	1.89754351977145	3.33333333333333
1	5.9990211475584	1.89315353736181	3.33333333333333
1	6.07795563634206	1.88699234963746	3.33333333333333
1	6.15689012512573	1.87905995659838	3.33333333333333
1	6.23582461390939	1.86935635824459	3.33333333333333
1	6.31475910269305	1.85788155457607	3.33333333333333
1	6.39369359147672	1.84463554559284	3.33333333333333
1	6.47262808026038	1.82961833129489	3.33333333333333
1	6.55156256904404	1.81282991168222	3.33333333333333
1	6.6304970578277	1.79427028675483	3.33333333333333
1	6.70943154661137	1.77393945651272	3.33333333333333
1	6.78836603539503	1.7518374209559	3.33333333333333
1	6.86730052417869	1.72796418008435	3.33333333333333
1	6.94623501296236	1.70231973389809	3.33333333333333
1	7.02516950174602	1.6749040823971	3.33333333333333
1	7.10410399052968	1.6457172255814	3.33333333333333
1	7.18303847931335	1.61475916345098	3.33333333333333
1	7.26197296809701	1.58202989600584	3.33333333333333
1	7.34090745688067	1.54752942324598	3.33333333333333
1	7.41984194566434	1.51125774517141	3.33333333333333
1	7.498776434448	1.47321486178211	3.33333333333333
1	7.57771092323166	1.4334007730781	3.33333333333333
1	7.65664541201533	1.39181547905936	3.33333333333333
1	7.73557990079899	1.34845897972591	3.33333333333333
1	7.81451438958265	1.30333127507774	3.33333333333333
1	7.89344887836631	1.25643236511485	3.33333333333333
1	7.97238336714998	1.20776224983724	3.33333333333333
1	8.05131785593364	1.15732092924492	3.33333333333333
1	8.1302523447173	1.10510840333787	3.33333333333333
1	8.20918683350097	1.05112467211611	3.33333333333333
1	8.28812132228463	0.995369735579623	3.33333333333333
1	8.36705581106829	0.937843593728419	3.33333333333333
1	8.44599029985196	0.878546246562499	3.33333333333333
1	8.52492478863562	0.817477694081859	3.33333333333333
1	8.60385927741928	0.754637936286501	3.33333333333333
1	8.68279376620295	0.690026973176422	3.33333333333333
1	8.76172825498661	0.623644804751626	3.33333333333333
1	8.84066274377027	0.555491431012111	3.33333333333333
1	8.91959723255394	0.485566851957877	3.33333333333333
1	8.9985317213376	0.413871067588923	3.33333333333333
1	9.07746621012126	0.340404077905252	3.33333333333333
1	9.15640069890492	0.265165882906862	3.33333333333333
1	9.23533518768859	0.188156482593754	3.33333333333333
1	9.31426967647225	0.109375876965924	3.33333333333333
1	9.39320416525591	0.0288240660233781	3.33333333333333
1	9.47213865403958	-0.0534989502338869	3.33333333333333
1	9.55107314282324	-0.137593171805871	3.33333333333333
1	9.6300076316069	-0.223458598692575	3.33333333333333
1	9.70894212039057	-0.311095230893997	3.33333333333333
1	9.78787660917423	-0.400503068410137	3.33333333333333
1	9.86681109795789	-0.491682111240996	3.33333333333333
1	9.94574558674156	-0.584632359386576	3.33333333333333
1	10.0246800755252	-0.679353812846872	3.33333333333333
1	10.1036145643089	-0.775846471621888	3.33333333333333
1	10.1825490530925	-0.874110335711622	3.33333333333333
1	10.2614835418762	-0.974145405116075	3.33333333333333
1	10.3404180306599	-1.07595167983525	3.33333333333333
1	10.4193525194435	-1.17952915986914	3.33333333333333
1	10.4982870082272	-1.28487784521775	3.33333333333333
1	10.5772214970109	-1.39199773588108	3.33333333333333
1	10.6561559857945	-1.50088883185913	3.33333333333333
1	10.7350904745782	-1.61155113315189	3.33333333333333
1	10.8140249633619	-1.72398463975938	3.33333333333333
1	10.8929594521455	-1.83818935168158	3.33333333333333
1	10.9718939409292	-1.9541652689185	3.33333333333333
1	11.0508284297128	-2.07191239147015	3.33333333333333
1	11.1297629184965	-2.1914307193365	3.33333333333333
1	11.2086974072802	-2.2	3.33333333333333
1	11.2876318960638	-2.2	3.33333333333333
1	11.3665663848475	-2.2	3.33333333333333
1	11.4455008736312	-2.2	3.33333333333333
1	11.5244353624148	-2.2	3.33333333333333
1	11.6033698511985	-2.2	3.33333333333333
1	11.6823043399821	-2.2	3.33333333333333
1	11.7612388287658	-2.2	3.33333333333333
1	11.8401733175495	-2.2	3.33333333333333
1	11.9191078063331	-2.2	3.33333333333333
1	11.9980422951168	-2.2	3.33333333333333
1	12.0769767839005	-2.2	3.33333333333333
1	12.1559112726841	-2.2	3.33333333333333
1	12.2348457614678	-2.2	3.33333333333333
1	12.3137802502515	-2.2	3.33333333333333
1	12.3927147390351	-2.2	3.33333333333333
1	12.4716492278188	-2.2	3.33333333333333
1	12.5505837166024	-2.2	3.33333333333333
1	12.6295182053861	-2.2	3.33333333333333
1	12.7084526941698	-2.2	3.33333333333333
1	12.7873871829534	-2.2	3.33333333333333
1	12.8663216717371	-2.2	3.33333333333333
1	12.9452561605208	-2.2	3.33333333333333
1	13.0241906493044	-2.2	3.33333333333333
1	13.1031251380881	-2.2	3.33333333333333
1	13.1820596268717	-2.2	3.33333333333333
1	13.2609941156554	-2.2	3.33333333333333
1	13.3399286044391	-2.2	3.33333333333333
1	13.4188630932227	-2.2	3.33333333333333
1	13.4977975820064	-2.2	3.33333333333333
1	13.5767320707901	-2.2	3.33333333333333
1	13.6556665595737	-2.2	3.33333333333333
1	13.7346010483574	-2.2	3.33333333333333
1	13.8135355371411	-2.2	3.33333333333333
1	13.8924700259247	-2.2	3.33333333333333
1	13.9714045147084	-2.2	3.33333333333333
1	14.050339003492	-2.2	3.33333333333333
1	14.1292734922757	-2.2	3.33333333333333
1	14.2082079810594	-2.2	3.33333333333333
1	14.287142469843	-2.2	3.33333333333333
1	14.3660769586267	-2.2	3.33333333333333
1	14.4450114474104	-2.2	3.33333333333333
1	14.523945936194	-2.2	3.33333333333333
1	14.6028804249777	-2.2	3.33333333333333
1	14.6818149137613	-2.2	3.33333333333333
1	14.760749402545	-2.2	3.33333333333333
1	14.8396838913287	-2.2	3.33333333333333
1	14.9186183801123	-2.2	3.33333333333333
1	14.997552868896	-2.2	3.33333333333333
1	15.0764873576797	-2.2	3.33333333333333
1	15.1554218464633	-2.2	3.33333333333333
1	15.234356335247	-2.2	3.33333333333333
1	15.3132908240307	-2.2	3.33333333333333
1	15.3922253128143	-2.2	3.33333333333333
1	15.471159801598	-2.2	3.33333333333333
1	15.5500942903816	-2.2	3.33333333333333
1	15.6290287791653	-2.2	3.33333333333333
1	15.707963267949	-2.2	3.33333333333333
1	0	2.2	4.33333333333333
1	0.0789344887836631	2.2	4.33333333333333
1	0.157868977567326	2.2	4.33333333333333
1	0.236803466350989	2.2	4.33333333333333
1	0.315737955134653	2.13873359436069	4.33333333333333
1	0.394672443918316	1.99539765938731	4.33333333333333
1	0.473606932701979	1.85515367935367	4.33333333333333
1	0.552541421485642	1.71800165425977	4.33333333333333
1	0.631475910269305	1.58394158410561	4.33333333333333
1	0.710410399052968	1.45297346889118	4.33333333333333
1	0.789344887836632	1.32509730861649	4.33333333333333
1	0.868279376620295	1.20031310328153	4.33333333333333
1	0.947213865403958	1.07862085288632	4.33333333333333
1	1.02614835418762	0.960020557430834	4.33333333333333
1	1.10508284297128	0.844512216915089	4.33333333333333
1	1.18401733175495	0.732095831339081	4.33333333333333
1	1.26295182053861	0.622771400702809	4.33333333333333
1	1.34188630932227	0.516538925006275	4.33333333333333
1	1.42082079810594	0.413398404249477	4.33333333333333
1	1.4997552868896	0.313349838432416	4.33333333333333
1	1.57868977567326	0.21639322755509	4.33333333333333
1	1.65762426445693	0.122528571617502	4.33333333333333
1	1.73655875324059	0.0317558706196492	4.33333333333333
1	1.81549324202425	-0.0559248754384649	4.33333333333333
1	1.89442773080792	-0.140513666556843	4.33333333333333
1	1.97336221959158	-0.222010502735485	4.33333333333333
1	2.05229670837524	-0.30041538397439	4.33333333333333
1	2.1312311971589	-0.375728310273558	4.33333333333333
1	2.21016568594257	-0.44794928163299	4.33333333333333
1	2.28910017472623	-0.517078298052685	4.33333333333333
1	2.36803466350989	-0.583115359532644	4.33333333333333
1	2.44696915229356	-0.646060466072865	4.33333333333333
1	2.52590364107722	-0.705913617673351	4.33333333333333
1	2.60483812986088	-0.762674814334099	4.33333333333333
1	2.68377261864455	-0.81634405605511	4.33333333333333
1	2.76270710742821	-0.866921342836386	4.33333333333333
1	2.84164159621187	-0.914406674677924	4.33333333333333
1	2.92057608499554	-0.958800051579726	4.33333333333333
1	2.9995105737792	-1.00010147354179	4.33333333333333
1	3.07844506256286	-1.03831094056412	4.33333333333333
1	3.15737955134653	-1.07342845264671	4.33333333333333
1	3.23631404013019	-1.10545400978957	4.33333333333333
1	3.31524852891385	-1.13438761199269	4.33333333333333
1	3.39418301769752	-1.16022925925607	4.33333333333333
1	3.47311750648118	-1.18297895157971	4.33333333333333
1	3.55205199526484	-1.20263668896362	4.33333333333333
1	3.63098648404851	-1.21920247140779	4.33333333333333
1	3.70992097283217	-1.23267629891223	4.33333333333333
1	3.78885546161583	-1.24305817147693	4.33333333333333
1	3.86778995039949	-1.25034808910189	4.33333333333333
1	3.94672443918316	-1.25454605178711	4.33333333333333
1	4.02565892796682	-1.2556520595326	4.33333333333333
1	4.10459341675048	-1.25366611233835	4.33333333333333
1	4.18352790553415	-1.24858821020437	4.33333333333333
1	4.26246239431781	-1.24041835313065	4.33333333333333
1	4.34139688310147	-1.22915654111719	4.33333333333333
1	4.42033137188514	-1.214802774164	4.33333333333333
1	4.4992658606688	-1.19735705227107	4.33333333333333
1	4.57820034945246	-1.1768193754384	4.33333333333333
1	4.65713483823613	-1.15318974366599	4.33333333333333
1	4.73606932701979	-1.12646815695385	4.33333333333333
1	4.81500381580345	-1.09665461530197	4.33333333333333
1	4.89393830458712	-1.06374911871036	4.33333333333333
1	4.97287279337078	-1.02775166717901	4.33333333333333
1	5.05180728215444	-0.98866226070792	4.33333333333333
1	5.1307417709381	-0.946480899297096	4.33333333333333
1	5.20967625972177	-0.901207582946535	4.33333333333333
1	5.28861074850543	-0.852842311656237	4.33333333333333
1	5.36754523728909	-0.801385085426202	4.33333333333333
1	5.44647972607276	-0.746835904256432	4.33333333333333
1	5.52541421485642	-0.689194768146924	4.33333333333333
1	5.60434870364008	-0.62846167709768	4.33333333333333
1	5.68328319242375	-0.564636631108698	4.33333333333333
1	5.76221768120741	-0.497719630179981	4.33333333333333
1	5.84115216999107	-0.427710674311526	4.33333333333333
1	5.92008665877474	-0.354609763503336	4.33333333333333
1	5.9990211475584	-0.278416897755408	4.33333333333333
1	6.07795563634206	-0.199132077067744	4.33333333333333
1	6.15689012512573	-0.116755301440342	4.33333333333333
1	6.23582461390939	-0.0312865708732053	4.33333333333333
1	6.31475910269305	0.0572741146336695	4.33333333333333
1	6.39369359147672	0.14892675508028	4.33333333333333
1	6.47262808026038	0.243671350466628	4.33333333333333
1	6.55156256904404	0.341507900792712	4.33333333333333
1	6.6304970578277	0.442436406058533	4.33333333333333
1	6.70943154661137	0.54645686626409	4.33333333333333
1	6.78836603539503	0.653569281409385	4.33333333333333
1	6.86730052417869	0.763773651494415	4.33333333333333
1	6.94623501296236	0.877069976519183	4.33333333333333
1	7.02516950174602	0.993458256483686	4.33333333333333
1	7.10410399052968	1.11293849138793	4.33333333333333
1	7.18303847931335	1.2355106812319	4.33333333333333
1	7.26197296809701	1.36117482601562	4.33333333333333
1	7.34090745688067	1.48993092573907	4.33333333333333
1	7.41984194566434	1.62177898040226	4.33333333333333
1	7.498776434448	1.75671899000518	4.33333333333333
1	7.57771092323166	1.89475095454784	4.33333333333333
1	7.65664541201533	2.03587487403024	4.33333333333333
1	7.73557990079899	2.18009074845237	4.33333333333333
1	7.81451438958265	2.2	4.33333333333333
1	7.89344887836631	2.2	4.33333333333333
1	7.97238336714998	2.2	4.33333333333333
1	8.05131785593364	2.2	4.33333333333333
1	8.1302523447173	2.2	4.33333333333333
1	8.20918683350097	2.2	4.33333333333333
1	8.28812132228463	2.2	4.33333333333333
1	8.36705581106829	2.2	4.33333333333333
1	8.44599029985196	2.2	4.33333333333333
1	8.52492478863562	2.2	4.33333333333333
1	8.60385927741928	2.2	4.33333333333333
1	8.68279376620295	2.2	4.33333333333333
1	8.76172825498661	2.2	4.33333333333333
1	8.84066274377027	2.2	4.33333333333333
1	8.91959723255394	2.2	4.33333333333333
1	8.9985317213376	2.2	4.33333333333333
1	9.07746621012126	2.2	4.33333333333333
1	9.15640069890492	2.2	4.33333333333333
1	9.23533518768859	2.2	4.33333333333333
1	9.31426967647225	2.2	4.33333333333333
1	9.39320416525591	2.2	4.33333333333333
1	9.47213865403958	2.2	4.33333333333333
1	9.55107314282324	2.2	4.33333333333333
1	9.6300076316069	2.2	4.33333333333333
1	9.70894212039057	2.2	4.33333333333333
1	9.78787660917423	2.2	4.33333333333333
1	9.86681109795789	2.2	4.33333333333333
1	9.94574558674156	2.2	4.33333333333333
1	10.0246800755252	2.2	4.33333333333333
1	10.1036145643089	2.2	4.33333333333333
1	10.1825490530925	2.2	4.33333333333333
1	10.2614835418762	2.2	4.33333333333333
1	10.3404180306599	2.2	4.33333333333333
1	10.4193525194435	2.2	4.33333333333333
1	10.4982870082272	2.2	4.33333333333333
1	10.5772214970109	2.2	4.33333333333333
1	10.6561559857945	2.2	4.33333333333333
1	10.7350904745782	2.2	4.33333333333333
1	10.8140249633619	2.2	4.33333333333333
1	10.8929594521455	2.2	4.33333333333333
1	10.9718939409292	2.2	4.33333333333333
1	11.0508284297128	2.2	4.33333333333333
1	11.1297629184965	2.2	4.33333333333333
1	11.2086974072802	2.2	4.33333333333333
1	11.2876318960638	2.2	4.33333333333333
1	11.3665663848475	2.2	4.33333333333333
1	11.4455008736312	2.2	4.33333333333333
1	11.5244353624148	2.2	4.33333333333333
1	11.6033698511985	2.2	4.33333333333333
1	11.6823043399821	2.2	4.33333333333333
1	11.7612388287658	2.2	4.33333333333333
1	11.8401733175495	2.2	4.33333333333333
1	11.9191078063331	2.2	4.33333333333333
1	11.9980422951168	2.2	4.33333333333333
1	12.0769767839005	2.2	4.33333333333333
1	12.1559112726841	2.2	4.33333333333333
1	12.2348457614678	2.2	4.33333333333333
1	12.3137802502515	2.2	4.33333333333333
1	12.3927147390351	2.2	4.33333333333333
1	12.4716492278188	2.2	4.33333333333333
1	12.5505837166024	2.2	4.33333333333333
1	12.6295182053861	2.2	4.33333333333333
1	12.7084526941698	2.2	4.33333333333333
1	12.7873871829534	2.2	4.33333333333333
1	12.8663216717371	2.2	4.33333333333333
1	12.9452561605208	2.2	4.33333333333333
1	13.0241906493044	2.2	4.33333333333333
1	13.1031251380881	2.2	4.33333333333333
1	13.1820596268717	2.2	4.33333333333333
1	13.2609941156554	2.2	4.33333333333333
1	13.3399286044391	2.2	4.33333333333333
1	13.4188630932227	2.2	4.33333333333333
1	13.4977975820064	2.2	4.33333333333333
1	13.5767320707901	2.2	4.33333333333333
1	13.6556665595737	2.2	4.33333333333333
1	13.7346010483574	2.2	4.33333333333333
1	13.8135355371411	2.2	4.33333333333333
1	13.8924700259247	2.2	4.33333333333333
1	13.9714045147084	2.2	4.33333333333333
1	14.050339003492	2.2	4.33333333333333
1	14.1292734922757	2.2	4.33333333333333
1	14.2082079810594	2.2	4.33333333333333
1	14.287142469843	2.2	4.33333333333333
1	14.3660769586267	2.2	4.33333333333333
1	14.4450114474104	2.2	4.33333333333333
1	14.523945936194	2.2	4.33333333333333
1	14.6028804249777	2.2	4.33333333333333
1	14.6818149137613	2.2	4.33333333333333
1	14.760749402545	2.2	4.33333333333333
1	14.8396838913287	2.2	4.33333333333333
1	14.9186183801123	2.2	4.33333333333333
1	14.997552868896	2.2	4.33333333333333
1	15.0764873576797	2.2	4.33333333333333
1	15.1554218464633	2.2	4.33333333333333
1	15.234356335247	2.2	4.33333333333333
1	15.3132908240307	2.2	4.33333333333333
1	15.3922253128143	2.2	4.33333333333333
1	15.471159801598	2.2	4.33333333333333
1	15.5500942903816	2.2	4.33333333333333
1	15.6290287791653	2.2	4.33333333333333
1	15.707963267949	2.2	4.33333333333333
1	0	2.2	5.33333333333333
1	0.0789344887836631	2.2	5.33333333333333
1	0.157868977567326	2.2	5.33333333333333
1	0.236803466350989	2.2	5.33333333333333
1	0.315737955134653	2.2	5.33333333333333
1	0.394672443918316	2.2	5.33333333333333
1	0.473606932701979	2.2	5.33333333333333
1	0.552541421485642	2.2	5.33333333333333
1	0.631475910269305	2.2	5.33333333333333
1	0.710410399052968	2.2	5.33333333333333
1	0.789344887836632	2.2	5.33333333333333
1	0.868279376620295	2.2	5.33333333333333
1	0.947213865403958	2.2	5.33333333333333
1	1.02614835418762	2.2	5.33333333333333
1	1.10508284297128	2.2	5.33333333333333
1	1.18401733175495	2.2	5.33333333333333
1	1.26295182053861	2.2	5.33333333333333
1	1.34188630932227	2.2	5.33333333333333
1	1.42082079810594	2.2	5.33333333333333
1	1.4997552868896	2.2	5.33333333333333
1	1.57868977567326	2.2	5.33333333333333
1	1.65762426445693	2.2	5.33333333333333
1	1.73655875324059	2.2	5.33333333333333
1	1.81549324202425	2.2	5.33333333333333
1	1.89442773080792	2.2	5.33333333333333
1	1.97336221959158	2.14142906058264	5.33333333333333
1	2.05229670837524	1.969652731734	5.33333333333333
1	2.1312311971589	1.80265003982997	5.33333333333333
1	2.21016568594257	1.64042098487057	5.33333333333333
1	2.28910017472623	1.48296556685578	5.33333333333333
1	2.36803466350989	1.33028378578562	5.33333333333333
1	2.44696915229356	1.18237564166008	5.33333333333333
1	2.52590364107722	1.03924113447916	5.33333333333333
1	2.60483812986088	0.900880264242856	5.33333333333333
1	2.68377261864455	0.767293030951176	5.33333333333333
1	2.76270710742821	0.638479434604116	5.33333333333333
1	2.84164159621187	0.514439475201677	5.33333333333333
1	2.92057608499554	0.395173152743858	5.33333333333333
1	2.9995105737792	0.280680467230661	5.33333333333333
1	3.07844506256286	0.170961418662084	5.33333333333333
1	3.15737955134653	0.0660160070381274	5.33333333333333
1	3.23631404013019	-0.0341557676412083	5.33333333333333
1	3.31524852891385	-0.129553905375923	5.33333333333333
1	3.39418301769752	-0.220178406166018	5.33333333333333
1	3.47311750648118	-0.306029270011491	5.33333333333333
1	3.55205199526484	-0.387106496912344	5.33333333333333
1	3.63098648404851	-0.463410086868576	5.33333333333333
1	3.70992097283217	-0.534940039880188	5.33333333333333
1	3.78885546161583	-0.601696355947179	5.33333333333333
1	3.86778995039949	-0.663679035069549	5.33333333333333
1	3.94672443918316	-0.720888077247299	5.33333333333333
1	4.02565892796682	-0.773323482480428	5.33333333333333
1	4.10459341675048	-0.820985250768936	5.33333333333333
1	4.18352790553415	-0.863873382112823	5.33333333333333
1	4.26246239431781	-0.90198787651209	5.33333333333333
1	4.34139688310147	-0.935328733966736	5.33333333333333
1	4.42033137188514	-0.963895954476762	5.33333333333333
1	4.4992658606688	-0.987689538042167	5.33333333333333
1	4.57820034945246	-1.00670948466295	5.33333333333333
1	4.65713483823613	-1.02095579433911	5.33333333333333
1	4.73606932701979	-1.03042846707066	5.33333333333333
1	4.81500381580345	-1.03512750285758	5.33333333333333
1	4.89393830458712	-1.03505290169988	5.33333333333333
1	4.97287279337078	-1.03020466359756	5.33333333333333
1	5.05180728215444	-1.02058278855062	5.33333333333333
1	5.1307417709381	-1.00618727655906	5.33333333333333
1	5.20967625972177	-0.98701812762288	5.33333333333333
1	5.28861074850543	-0.963075341742078	5.33333333333333
1	5.36754523728909	-0.934358918916655	5.33333333333333
1	5.44647972607276	-0.900868859146612	5.33333333333333
1	5.52541421485642	-0.862605162431948	5.33333333333333
1	5.60434870364008	-0.819567828772664	5.33333333333333
1	5.68328319242375	-0.771756858168758	5.33333333333333
1	5.76221768120741	-0.719172250620232	5.33333333333333
1	5.84115216999107	-0.661814006127085	5.33333333333333
1	5.92008665877474	-0.599682124689318	5.33333333333333
1	5.9990211475584	-0.532776606306929	5.33333333333333
1	6.07795563634206	-0.461097450979921	5.33333333333333
1	6.15689012512573	-0.384644658708291	5.33333333333333
1	6.23582461390939	-0.303418229492042	5.33333333333333
1	6.31475910269305	-0.217418163331171	5.33333333333333
1	6.39369359147672	-0.12664446022568	5.33333333333333
1	6.47262808026038	-0.0310971201755668	5.33333333333333
1	6.55156256904404	0.069223856819165	5.33333333333333
1	6.6304970578277	0.174318470758519	5.33333333333333
1	6.70943154661137	0.284186721642493	5.33333333333333
1	6.78836603539503	0.398828609471088	5.33333333333333
1	6.86730052417869	0.518244134244303	5.33333333333333
1	6.94623501296236	0.64243329596214	5.33333333333333
1	7.02516950174602	0.771396094624596	5.33333333333333
1	7.10410399052968	0.905132530231675	5.33333333333333
1	7.18303847931335	1.04364260278337	5.33333333333333
1	7.26197296809701	1.18692631227969	5.33333333333333
1	7.34090745688067	1.33498365872063	5.33333333333333
1	7.41984194566434	1.48781464210619	5.33333333333333
1	7.498776434448	1.64541926243637	5.33333333333333
1	7.57771092323166	1.80779751971117	5.33333333333333
1	7.65664541201533	1.9749494139306	5.33333333333333
1	7.73557990079899	2.14687494509464	5.33333333333333
1	7.81451438958265	2.2	5.33333333333333
1	7.89344887836631	2.2	5.33333333333333
1	7.97238336714998	2.2	5.33333333333333
1	8.05131785593364	2.2	5.33333333333333
1	8.1302523447173	2.2	5.33333333333333
1	8.20918683350097	2.2	5.33333333333333
1	8.28812132228463	2.2	5.33333333333333
1	8.36705581106829	2.2	5.33333333333333
1	8.44599029985196	2.2	5.33333333333333
1	8.52492478863562	2.2	5.33333333333333
1	8.60385927741928	2.2	5.33333333333333
1	8.68279376620295	2.2	5.33333333333333
1	8.76172825498661	2.2	5.33333333333333
1	8.84066274377027	2.2	5.33333333333333
1	8.91959723255394	2.2	5.33333333333333
1	8.9985317213376	2.2	5.33333333333333
1	9.07746621012126	2.2	5.33333333333333
1	9.15640069890492	2.2	5.33333333333333
1	9.23533518768859	2.2	5.33333333333333
1	9.31426967647225	2.2	5.33333333333333
1	9.39320416525591	2.2	5.33333333333333
1	9.47213865403958	2.2	5.33333333333333
1	9.55107314282324	2.2	5.33333333333333
1	9.6300076316069	2.2	5.33333333333333
1	9.70894212039057	2.2	5.33333333333333
1	9.78787660917423	2.2	5.33333333333333
1	9.86681109795789	2.2	5.33333333333333
1	9.94574558674156	2.2	5.33333333333333
1	10.0246800755252	2.2	5.33333333333333
1	10.1036145643089	2.2	5.33333333333333
1	10.1825490530925	2.2	5.33333333333333
1	10.2614835418762	2.2	5.33333333333333
1	10.3404180306599	2.2	5.33333333333333
1	10.4193525194435	2.2	5.33333333333333
1	10.4982870082272	2.2	5.33333333333333
1	10.5772214970109	2.2	5.33333333333333
1	10.6561559857945	2.2	5.33333333333333
1	10.7350904745782	2.2	5.33333333333333
1	10.8140249633619	2.2	5.33333333333333
1	10.8929594521455	2.2	5.33333333333333
1	10.9718939409292	2.2	5.33333333333333
1	11.0508284297128	2.2	5.33333333333333
1	11.1297629184965	2.2	5.33333333333333
1	11.2086974072802	2.2	5.33333333333333
1	11.2876318960638	2.2	5.33333333333333
1	11.3665663848475	2.2	5.33333333333333
1	11.4455008736312	2.2	5.33333333333333
1	11.5244353624148	2.2	5.33333333333333
1	11.6033698511985	2.2	5.33333333333333
1	11.6823043399821	2.2	5.33333333333333
1	11.7612388287658	2.2	5.33333333333333
1	11.8401733175495	2.2	5.33333333333333
1	11.9191078063331	2.2	5.33333333333333
1	11.9980422951168	2.2	5.33333333333333
1	12.0769767839005	2.2	5.33333333333333
1	12.1559112726841	2.2	5.33333333333333
1	12.2348457614678	2.2	5.33333333333333
1	12.3137802502515	2.2	5.33333333333333
1	12.3927147390351	2.2	5.33333333333333
1	12.4716492278188	2.2	5.33333333333333
1	12.5505837166024	2.2	5.33333333333333
1	12.6295182053861	2.2	5.33333333333333
1	12.7084526941698	2.2	5.33333333333333
1	12.7873871829534	2.2	5.33333333333333
1	12.8663216717371	2.2	5.33333333333333
1	12.9452561605208	2.2	5.33333333333333
1	13.0241906493044	2.2	5.33333333333333
1	13.1031251380881	2.2	5.33333333333333
1	13.1820596268717	2.2	5.33333333333333
1	13.2609941156554	2.2	5.33333333333333
1	13.3399286044391	2.2	5.33333333333333
1	13.4188630932227	2.2	5.33333333333333
1	13.4977975820064	2.2	5.33333333333333
1	13.5767320707901	2.2	5.33333333333333
1	13.6556665595737	2.2	5.33333333333333
1	13.7346010483574	2.2	5.33333333333333
1	13.8135355371411	2.2	5.33333333333333
1	13.8924700259247	2.2	5.33333333333333
1	13.9714045147084	2.2	5.33333333333333
1	14.050339003492	2.2	5.33333333333333
1	14.1292734922757	2.2	5.33333333333333
1	14.2082079810594	2.2	5.33333333333333
1	14.287142469843	2.2	5.33333333333333
1	14.3660769586267	2.2	5.33333333333333
1	14.4450114474104	2.2	5.33333333333333
1	14.523945936194	2.2	5.33333333333333
1	14.6028804249777	2.2	5.33333333333333
1	14.6818149137613	2.2	5.33333333333333
1	14.760749402545	2.2	5.33333333333333
1	14.8396838913287	2.2	5.33333333333333
1	14.9186183801123	2.2	5.33333333333333
1	14.997552868896	2.2	5.33333333333333
1	15.0764873576797	2.2	5.33333333333333
1	15.1554218464633	2.2	5.33333333333333
1	15.234356335247	2.2	5.33333333333333
1	15.3132908240307	2.2	5.33333333333333
1	15.3922253128143	2.2	5.33333333333333
1	15.471159801598	2.2	5.33333333333333
1	15.5500942903816	2.2	5.33333333333333
1	15.6290287791653	2.2	5.33333333333333
1	15.707963267949	2.2	5.33333333333333
1	0	2.2	6.33333333333333
1	0.0789344887836631	2.2	6.33333333333333
1	0.157868977567326	2.2	6.33333333333333
1	0.236803466350989	2.2	6.33333333333333
1	0.315737955134653	2.2	6.33333333333333
1	0.394672443918316	2.2	6.33333333333333
1	0.473606932701979	2.2	6.33333333333333
1	0.552541421485642	2.2	6.33333333333333
1	0.631475910269305	2.2	6.33333333333333
1	0.710410399052968	2.2	6.33333333333333
1	0.789344887836632	2.2	6.33333333333333
1	0.868279376620295	2.2	6.33333333333333
1	0.947213865403958	2.2	6.33333333333333
1	1.02614835418762	2.2	6.33333333333333
1	1.10508284297128	2.2	6.33333333333333
1	1.18401733175495	2.2	6.33333333333333
1	1.26295182053861	2.2	6.33333333333333
1	1.34188630932227	2.2	6.33333333333333
1	1.42082079810594	2.2	6.33333333333333
1	1.4997552868896	2.2	6.33333333333333
1	1.57868977567326	2.2	6.33333333333333
1	1.65762426445693	2.2	6.33333333333333
1	1.73655875324059	2.2	6.33333333333333
1	1.81549324202425	2.2	6.33333333333333
1	1.89442773080792	2.2	6.33333333333333
1	1.97336221959158	2.2	6.33333333333333
1	2.05229670837524	2.2	6.33333333333333
1	2.1312311971589	2.2	6.33333333333333
1	2.21016568594257	2.0971844696388	6.33333333333333
1	2.28910017472623	1.90478651516904	6.33333333333333
1	2.36803466350989	1.7185575135258	6.33333333333333
1	2.44696915229356	1.53849746470909	6.33333333333333
1	2.52590364107722	1.36460636871892	6.33333333333333
1	2.60483812986088	1.19688422555527	6.33333333333333
1	2.68377261864455	1.03533103521815	6.33333333333333
1	2.76270710742821	0.879946797707557	6.33333333333333
1	2.84164159621187	0.730731513023496	6.33333333333333
1	2.92057608499554	0.587685181165964	6.33333333333333
1	2.9995105737792	0.450807802134961	6.33333333333333
1	3.07844506256286	0.320099375930487	6.33333333333333
1	3.15737955134653	0.195559902552543	6.33333333333333
1	3.23631404013019	0.0771893820011269	6.33333333333333
1	3.31524852891385	-0.0350121857237595	6.33333333333333
1	3.39418301769752	-0.141044800622117	6.33333333333333
1	3.47311750648118	-0.240908462693945	6.33333333333333
1	3.55205199526484	-0.334603171939245	6.33333333333333
1	3.63098648404851	-0.422128928358015	6.33333333333333
1	3.70992097283217	-0.503485731950256	6.33333333333333
1	3.78885546161583	-0.578673582715967	6.33333333333333
1	3.86778995039949	-0.64769248065515	6.33333333333333
1	3.94672443918316	-0.710542425767804	6.33333333333333
1	4.02565892796682	-0.767223418053929	6.33333333333333
1	4.10459341675048	-0.817735457513524	6.33333333333333
1	4.18352790553415	-0.862078544146591	6.33333333333333
1	4.26246239431781	-0.900252677953128	6.33333333333333
1	4.34139688310147	-0.932257858933136	6.33333333333333
1	4.42033137188514	-0.958094087086615	6.33333333333333
1	4.4992658606688	-0.977761362413565	6.33333333333333
1	4.57820034945246	-0.991259684913986	6.33333333333333
1	4.65713483823613	-0.998589054587878	6.33333333333333
1	4.73606932701979	-0.99974947143524	6.33333333333333
1	4.81500381580345	-0.994740935456074	6.33333333333333
1	4.89393830458712	-0.983563446650379	6.33333333333333
1	4.97287279337078	-0.966217005018154	6.33333333333333
1	5.05180728215444	-0.9427016105594	6.33333333333333
1	5.1307417709381	-0.913017263274118	6.33333333333333
1	5.20967625972177	-0.877163963162306	6.33333333333333
1	5.28861074850543	-0.835141710223965	6.33333333333333
1	5.36754523728909	-0.786950504459095	6.33333333333333
1	5.44647972607276	-0.732590345867696	6.33333333333333
1	5.52541421485642	-0.672061234449767	6.33333333333333
1	5.60434870364008	-0.60536317020531	6.33333333333333
1	5.68328319242375	-0.532496153134323	6.33333333333333
1	5.76221768120741	-0.453460183236808	6.33333333333333
1	5.84115216999107	-0.368255260512763	6.33333333333333
1	5.92008665877474	-0.27688138496219	6.33333333333333
1	5.9990211475584	-0.179338556585086	6.33333333333333
1	6.07795563634206	-0.0756267753814548	6.33333333333333
1	6.15689012512573	0.034253958648707	6.33333333333333
1	6.23582461390939	0.150303645505397	6.33333333333333
1	6.31475910269305	0.272522285188617	6.33333333333333
1	6.39369359147672	0.400909877698364	6.33333333333333
1	6.47262808026038	0.535466423034643	6.33333333333333
1	6.55156256904404	0.676191921197448	6.33333333333333
1	6.6304970578277	0.823086372186785	6.33333333333333
1	6.70943154661137	0.976149776002649	6.33333333333333
1	6.78836603539503	1.13538213264504	6.33333333333333
1	6.86730052417869	1.30078344211397	6.33333333333333
1	6.94623501296236	1.47235370440942	6.33333333333333
1	7.02516950174602	1.6500929195314	6.33333333333333
1	7.10410399052968	1.83400108747991	6.33333333333333
1	7.18303847931335	2.02407820825495	6.33333333333333
1	7.26197296809701	2.2	6.33333333333333
1	7.34090745688067	2.2	6.33333333333333
1	7.41984194566434	2.2	6.33333333333333
1	7.498776434448	2.2	6.33333333333333
1	7.57771092323166	2.2	6.33333333333333
1	7.65664541201533	2.2	6.33333333333333
1	7.73557990079899	2.2	6.33333333333333
1	7.81451438958265	2.2	6.33333333333333
1	7.89344887836631	2.2	6.33333333333333
1	7.97238336714998	2.2	6.33333333333333
1	8.05131785593364	2.2	6.33333333333333
1	8.1302523447173	2.2	6.33333333333333
1	8.20918683350097	2.2	6.33333333333333
1	8.28812132228463	2.2	6.33333333333333
1	8.36705581106829	2.2	6.33333333333333
1	8.44599029985196	2.2	6.33333333333333
1	8.52492478863562	2.2	6.33333333333333
1	8.60385927741928	2.2	6.33333333333333
1	8.68279376620295	2.2	6.33333333333333
1	8.76172825498661	2.2	6.33333333333333
1	8.84066274377027	2.2	6.33333333333333
1	8.91959723255394	2.2	6.33333333333333
1	8.9985317213376	2.2	6.33333333333333
1	9.07746621012126	2.2	6.33333333333333
1	9.15640069890492	2.2	6.33333333333333
1	9.23533518768859	2.2	6.33333333333333
1	9.31426967647225	2.2	6.33333333333333
1	9.39320416525591	2.2	6.33333333333333
1	9.47213865403958	2.2	6.33333333333333
1	9.55107314282324	2.2	6.33333333333333
1	9.6300076316069	2.2	6.33333333333333
1	9.70894212039057	2.2	6.33333333333333
1	9.78787660917423	2.2	6.33333333333333
1	9.86681109795789	2.2	6.33333333333333
1	9.94574558674156	2.2	6.33333333333333
1	10.0246800755252	2.2	6.33333333333333
1	10.1036145643089	2.2	6.33333333333333
1	10.1825490530925	2.2	6.33333333333333
1	10.2614835418762	2.2	6.33333333333333
1	10.3404180306599	2.2	6.33333333333333
1	10.4193525194435	2.2	6.33333333333333
1	10.4982870082272	2.2	6.33333333333333
1	10.5772214970109	2.2	6.33333333333333
1	10.6561559857945	2.2	6.33333333333333
1	10.7350904745782	2.2	6.33333333333333
1	10.8140249633619	2.2	6.33333333333333
1	10.8929594521455	2.2	6.33333333333333
1	10.9718939409292	2.2	6.33333333333333
1	11.0508284297128	2.2	6.33333333333333
1	11.1297629184965	2.2	6.33333333333333
1	11.2086974072802	2.2	6.33333333333333
1	11.2876318960638	2.2	6.33333333333333
1	11.3665663848475	2.2	6.33333333333333
1	11.4455008736312	2.2	6.33333333333333
1	11.5244353624148	2.2	6.33333333333333
1	11.6033698511985	2.2	6.33333333333333
1	11.6823043399821	2.2	6.33333333333333
1	11.7612388287658	2.2	6.33333333333333
1	11.8401733175495	2.2	6.33333333333333
1	11.9191078063331	2.2	6.33333333333333
1	11.9980422951168	2.2	6.33333333333333
1	12.0769767839005	2.2	6.33333333333333
1	12.1559112726841	2.2	6.33333333333333
1	12.2348457614678	2.2	6.33333333333333
1	12.3137802502515	2.2	6.33333333333333
1	12.3927147390351	2.2	6.33333333333333
1	12.4716492278188	2.2	6.33333333333333
1	12.5505837166024	2.2	6.33333333333333
1	12.6295182053861	2.2	6.33333333333333
1	12.7084526941698	2.2	6.33333333333333
1	12.7873871829534	2.2	6.33333333333333
1	12.8663216717371	2.2	6.33333333333333
1	12.9452561605208	2.2	6.33333333333333
1	13.0241906493044	2.2	6.33333333333333
1	13.1031251380881	2.2	6.33333333333333
1	13.1820596268717	2.2	6.33333333333333
1	13.2609941156554	2.2	6.33333333333333
1	13.3399286044391	2.2	6.33333333333333
1	13.4188630932227	2.2	6.33333333333333
1	13.4977975820064	2.2	6.33333333333333
1	13.5767320707901	2.2	6.33333333333333
1	13.6556665595737	2.2	6.33333333333333
1	13.7346010483574	2.2	6.33333333333333
1	13.8135355371411	2.2	6.33333333333333
1	13.8924700259247	2.2	6.33333333333333
1	13.9714045147084	2.2	6.33333333333333
1	14.050339003492	2.2	6.33333333333333
1	14.1292734922757	2.2	6.33333333333333
1	14.2082079810594	2.2	6.33333333333333
1	14.287142469843	2.2	6.33333333333333
1	14.3660769586267	2.2	6.33333333333333
1	14.4450114474104	2.2	6.33333333333333
1	14.523945936194	2.2	6.33333333333333
1	14.6028804249777	2.2	6.33333333333333
1	14.6818149137613	2.2	6.33333333333333
1	14.760749402545	2.2	6.33333333333333
1	14.8396838913287	2.2	6.33333333333333
1	14.9186183801123	2.2	6.33333333333333
1	14.997552868896	2.2	6.33333333333333
1	15.0764873576797	2.2	6.33333333333333
1	15.1554218464633	2.2	6.33333333333333
1	15.234356335247	2.2	6.33333333333333
1	15.3132908240307	2.2	6.33333333333333
1	15.3922253128143	2.2	6.33333333333333
1	15.471159801598	2.2	6.33333333333333
1	15.5500942903816	2.2	6.33333333333333
1	15.6290287791653	2.2	6.33333333333333
1	15.707963267949	2.2	6.33333333333333
1	0	2.2	7.33333333333333
1	0.0789344887836631	2.2	7.33333333333333
1	0.157868977567326	2.2	7.33333333333333
1	0.236803466350989	2.2	7.33333333333333
1	0.315737955134653	2.2	7.33333333333333
1	0.394672443918316	2.2	7.33333333333333
1	0.473606932701979	2.2	7.33333333333333
1	0.552541421485642	2.2	7.33333333333333
1	0.631475910269305	2.2	7.33333333333333
1	0.710410399052968	2.2	7.33333333333333
1	0.789344887836632	2.2	7.33333333333333
1	0.868279376620295	2.2	7.33333333333333
1	0.947213865403958	2.2	7.33333333333333
1	1.02614835418762	2.2	7.33333333333333
1	1.10508284297128	2.2	7.33333333333333
1	1.18401733175495	2.2	7.33333333333333
1	1.26295182053861	2.2	7.33333333333333
1	1.34188630932227	2.2	7.33333333333333
1	1.42082079810594	2.2	7.33333333333333
1	1.4997552868896	2.2	7.33333333333333
1	1.57868977567326	2.2	7.33333333333333
1	1.65762426445693	2.2	7.33333333333333
1	1.73655875324059	2.2	7.33333333333333
1	1.81549324202425	2.2	7.33333333333333
1	1.89442773080792	2.2	7.33333333333333
1	1.97336221959158	2.2	7.33333333333333
1	2.05229670837524	2.2	7.33333333333333
1	2.1312311971589	2.2	7.33333333333333
1	2.21016568594257	2.13055932861709	7.33333333333333
1	2.28910017472623	1.93616302445989	7.33333333333333
1	2.36803466350989	1.74799737107627	7.33333333333333
1	2.44696915229356	1.56606236846622	7.33333333333333
1	2.52590364107722	1.39035801662974	7.33333333333333
1	2.60483812986088	1.22088431556683	7.33333333333333
1	2.68377261864455	1.05764126527749	7.33333333333333
1	2.76270710742821	0.900628865761726	7.33333333333333
1	2.84164159621187	0.749847117019531	7.33333333333333
1	2.92057608499554	0.605296019050906	7.33333333333333
1	2.9995105737792	0.466975571855853	7.33333333333333
1	3.07844506256286	0.334885775434371	7.33333333333333
1	3.15737955134653	0.20902662978646	7.33333333333333
1	3.23631404013019	0.0893981349121198	7.33333333333333
1	3.31524852891385	-0.0239997091886489	7.33333333333333
1	3.39418301769752	-0.131166902515847	7.33333333333333
1	3.47311750648118	-0.232103445069473	7.33333333333333
1	3.55205199526484	-0.326809336849528	7.33333333333333
1	3.63098648404851	-0.415284577856012	7.33333333333333
1	3.70992097283217	-0.497529168088925	7.33333333333333
1	3.78885546161583	-0.573543107548267	7.33333333333333
1	3.86778995039949	-0.643326396234037	7.33333333333333
1	3.94672443918316	-0.706879034146237	7.33333333333333
1	4.02565892796682	-0.764201021284865	7.33333333333333
1	4.10459341675048	-0.815292357649922	7.33333333333333
1	4.18352790553415	-0.860153043241409	7.33333333333333
1	4.26246239431781	-0.898783078059323	7.33333333333333
1	4.34139688310147	-0.931182462103667	7.33333333333333
1	4.42033137188514	-0.95735119537444	7.33333333333333
1	4.4992658606688	-0.977289277871641	7.33333333333333
1	4.57820034945246	-0.990996709595272	7.33333333333333
1	4.65713483823613	-0.998473490545331	7.33333333333333
1	4.73606932701979	-0.999719620721819	7.33333333333333
1	4.81500381580345	-0.994735100124735	7.33333333333333
1	4.89393830458712	-0.983519928754081	7.33333333333333
1	4.97287279337078	-0.966074106609856	7.33333333333333
1	5.05180728215444	-0.942397633692059	7.33333333333333
1	5.1307417709381	-0.912490510000691	7.33333333333333
1	5.20967625972177	-0.876352735535752	7.33333333333333
1	5.28861074850543	-0.833984310297243	7.33333333333333
1	5.36754523728909	-0.785385234285161	7.33333333333333
1	5.44647972607276	-0.730555507499509	7.33333333333333
1	5.52541421485642	-0.669495129940285	7.33333333333333
1	5.60434870364008	-0.602204101607491	7.33333333333333
1	5.68328319242375	-0.528682422501124	7.33333333333333
1	5.76221768120741	-0.448930092621188	7.33333333333333
1	5.84115216999107	-0.362947111967679	7.33333333333333
1	5.92008665877474	-0.270733480540601	7.33333333333333
1	5.9990211475584	-0.17228919833995	7.33333333333333
1	6.07795563634206	-0.0676142653657285	7.33333333333333
1	6.15689012512573	0.0432913183820647	7.33333333333333
1	6.23582461390939	0.160427552903428	7.33333333333333
1	6.31475910269305	0.283794438198364	7.33333333333333
1	6.39369359147672	0.41339197426687	7.33333333333333
1	6.47262808026038	0.549220161108948	7.33333333333333
1	6.55156256904404	0.691278998724595	7.33333333333333
1	6.6304970578277	0.839568487113816	7.33333333333333
1	6.70943154661137	0.994088626276606	7.33333333333333
1	6.78836603539503	1.15483941621297	7.33333333333333
1	6.86730052417869	1.3218208569229	7.33333333333333
1	6.94623501296236	1.49503294840641	7.33333333333333
1	7.02516950174602	1.67447569066348	7.33333333333333
1	7.10410399052968	1.86014908369413	7.33333333333333
1	7.18303847931335	2.05205312749834	7.33333333333333
1	7.26197296809701	2.2	7.33333333333333
1	7.34090745688067	2.2	7.33333333333333
1	7.41984194566434	2.2	7.33333333333333
1	7.498776434448	2.2	7.33333333333333
1	7.57771092323166	2.2	7.33333333333333
1	7.65664541201533	2.2	7.33333333333333
1	7.73557990079899	2.2	7.33333333333333
1	7.81451438958265	2.2	7.33333333333333
1	7.89344887836631	2.2	7.33333333333333
1	7.97238336714998	2.2	7.33333333333333
1	8.05131785593364	2.2	7.33333333333333
1	8.1302523447173	2.2	7.33333333333333
1	8.20918683350097	2.2	7.33333333333333
1	8.28812132228463	2.2	7.33333333333333
1	8.36705581106829	2.2	7.33333333333333
1	8.44599029985196	2.2	7.33333333333333
1	8.52492478863562	2.2	7.33333333333333
1	8.60385927741928	2.2	7.33333333333333
1	8.68279376620295	2.2	7.33333333333333
1	8.76172825498661	2.2	7.33333333333333
1	8.84066274377027	2.2	7.33333333333333
1	8.91959723255394	2.2	7.33333333333333
1	8.9985317213376	2.2	7.33333333333333
1	9.07746621012126	2.2	7.33333333333333
1	9.15640069890492	2.2	7.33333333333333
1	9.23533518768859	2.2	7.33333333333333
1	9.31426967647225	2.2	7.33333333333333
1	9.39320416525591	2.2	7.33333333333333
1	9.47213865403958	2.2	7.33333333333333
1	9.55107314282324	2.2	7.33333333333333
1	9.6300076316069	2.2	7.33333333333333
1	9.70894212039057	2.2	7.33333333333333
1	9.78787660917423	2.2	7.33333333333333
1	9.86681109795789	2.2	7.33333333333333
1	9.94574558674156	2.2	7.33333333333333
1	10.0246800755252	2.2	7.33333333333333
1	10.1036145643089	2.2	7.33333333333333
1	10.1825490530925	2.2	7.33333333333333
1	10.2614835418762	2.2	7.33333333333333
1	10.3404180306599	2.2	7.33333333333333
1	10.4193525194435	2.2	7.33333333333333
1	10.4982870082272	2.2	7.33333333333333
1	10.5772214970109	2.2	7.33333333333333
1	10.6561559857945	2.2	7.33333333333333
1	10.7350904745782	2.2	7.33333333333333
1	10.8140249633619	2.2	7.33333333333333
1	10.8929594521455	2.2	7.33333333333333
1	10.9718939409292	2.2	7.33333333333333
1	11.0508284297128	2.2	7.33333333333333
1	11.1297629184965	2.2	7.33333333333333
1	11.2086974072802	2.2	7.33333333333333
1	11.2876318960638	2.2	7.33333333333333
1	11.3665663848475	2.2	7.33333333333333
1	11.4455008736312	2.2	7.33333333333333
1	11.5244353624148	2.2	7.33333333333333
1	11.6033698511985	2.2	7.33333333333333
1	11.6823043399821	2.2	7.33333333333333
1	11.7612388287658	2.2	7.33333333333333
1	11.8401733175495	2.2	7.33333333333333
1	11.9191078063331	2.2	7.33333333333333
1	11.9980422951168	2.2	7.33333333333333
1	12.0769767839005	2.2	7.33333333333333
1	12.1559112726841	2.2	7.33333333333333
1	12.2348457614678	2.2	7.33333333333333
1	12.3137802502515	2.2	7.33333333333333
1	12.3927147390351	2.2	7.33333333333333
1	12.4716492278188	2.2	7.33333333333333
1	12.5505837166024	2.2	7.33333333333333
1	12.6295182053861	2.2	7.33333333333333
1	12.7084526941698	2.2	7.33333333333333
1	12.7873871829534	2.2	7.33333333333333
1	12.8663216717371	2.2	7.33333333333333
1	12.9452561605208	2.2	7.33333333333333
1	13.0241906493044	2.2	7.33333333333333
1	13.1031251380881	2.2	7.33333333333333
1	13.1820596268717	2.2	7.33333333333333
1	13.2609941156554	2.2	7.33333333333333
1	13.3399286044391	2.2	7.33333333333333
1	13.4188630932227	2.2	7.33333333333333
1	13.4977975820064	2.2	7.33333333333333
1	13.5767320707901	2.2	7.33333333333333
1	13.6556665595737	2.2	7.33333333333333
1	13.7346010483574	2.2	7.33333333333333
1	13.8135355371411	2.2	7.33333333333333
1	13.8924700259247	2.2	7.33333333333333
1	13.9714045147084	2.2	7.33333333333333
1	14.050339003492	2.2	7.33333333333333
1	14.1292734922757	2.2	7.33333333333333
1	14.2082079810594	2.2	7.33333333333333
1	14.287142469843	2.2	7.33333333333333
1	14.3660769586267	2.2	7.33333333333333
1	14.4450114474104	2.2	7.33333333333333
1	14.523945936194	2.2	7.33333333333333
1	14.6028804249777	2.2	7.33333333333333
1	14.6818149137613	2.2	7.33333333333333
1	14.760749402545	2.2	7.33333333333333
1	14.8396838913287	2.2	7.33333333333333
1	14.9186183801123	2.2	7.33333333333333
1	14.997552868896	2.2	7.33333333333333
1	15.0764873576797	2.2	7.33333333333333
1	15.1554218464633	2.2	7.33333333333333
1	15.234356335247	2.2	7.33333333333333
1	15.3132908240307	2.2	7.33333333333333
1	15.3922253128143	2.2	7.33333333333333
1	15.471159801598	2.2	7.33333333333333
1	15.5500942903816	2.2	7.33333333333333
1	15.6290287791653	2.2	7.33333333333333
1	15.707963267949	2.2	7.33333333333333
1	0	2.2	8.33333333333333
1	0.0789344887836631	2.2	8.33333333333333
1	0.157868977567326	2.2	8.33333333333333
1	0.236803466350989	2.2	8.33333333333333
1	0.315737955134653	2.2	8.33333333333333
1	0.394672443918316	2.2	8.33333333333333
1	0.473606932701979	2.2	8.33333333333333
1	0.552541421485642	2.2	8.33333333333333
1	0.631475910269305	2.2	8.33333333333333
1	0.710410399052968	2.2	8.33333333333333
1	0.789344887836632	2.2	8.33333333333333
1	0.868279376620295	2.2	8.33333333333333
1	0.947213865403958	2.2	8.33333333333333
1	1.02614835418762	2.2	8.33333333333333
1	1.10508284297128	2.2	8.33333333333333
1	1.18401733175495	2.2	8.33333333333333
1	1.26295182053861	2.2	8.33333333333333
1	1.34188630932227	2.2	8.33333333333333
1	1.42082079810594	2.2	8.33333333333333
1	1.4997552868896	2.2	8.33333333333333
1	1.57868977567326	2.2	8.33333333333333
1	1.65762426445693	2.2	8.33333333333333
1	1.73655875324059	2.2	8.33333333333333
1	1.81549324202425	2.2	8.33333333333333
1	1.89442773080792	2.2	8.33333333333333
1	1.97336221959158	2.2	8.33333333333333
1	2.05229670837524	2.2	8.33333333333333
1	2.1312311971589	2.2	8.33333333333333
1	2.21016568594257	2.13056070762439	8.33333333333333
1	2.28910017472623	1.9361643178148	8.33333333333333
1	2.36803466350989	1.74799858152474	8.33333333333333
1	2.44696915229356	1.56606349875423	8.33333333333333
1	2.52590364107722	1.39035906950325	8.33333333333333
1	2.60483812986088	1.22088529377181	8.33333333333333
1	2.68377261864455	1.05764217155991	8.33333333333333
1	2.76270710742821	0.900629702867543	8.33333333333333
1	2.84164159621187	0.749847887694718	8.33333333333333
1	2.92057608499554	0.605296726041431	8.33333333333333
1	2.9995105737792	0.466976217907682	8.33333333333333
1	3.07844506256286	0.334886363293471	8.33333333333333
1	3.15737955134653	0.209027162198798	8.33333333333333
1	3.23631404013019	0.0893986146236641	8.33333333333333
1	3.31524852891385	-0.0239992794319319	8.33333333333333
1	3.39418301769752	-0.13116651996799	8.33333333333333
1	3.47311750648118	-0.232103106984509	8.33333333333333
1	3.55205199526484	-0.326809040481491	8.33333333333333
1	3.63098648404851	-0.415284320458934	8.33333333333333
1	3.70992097283217	-0.497528946916838	8.33333333333333
1	3.78885546161583	-0.573542919855205	8.33333333333333
1	3.86778995039949	-0.643326239274033	8.33333333333333
1	3.94672443918316	-0.706878905173323	8.33333333333333
1	4.02565892796682	-0.764200917553075	8.33333333333333
1	4.10459341675048	-0.815292276413289	8.33333333333333
1	4.18352790553415	-0.860152981753964	8.33333333333333
1	4.26246239431781	-0.898783033575101	8.33333333333333
1	4.34139688310147	-0.9311824318767	8.33333333333333
1	4.42033137188514	-0.957351176658761	8.33333333333333
1	4.4992658606688	-0.977289267921283	8.33333333333333
1	4.57820034945246	-0.990996705664267	8.33333333333333
1	4.65713483823613	-0.998473489887713	8.33333333333333
1	4.73606932701979	-0.999719620591621	8.33333333333333
1	4.81500381580345	-0.99473509777599	8.33333333333333
1	4.89393830458712	-0.983519921440821	8.33333333333333
1	4.97287279337078	-0.966074091586114	8.33333333333333
1	5.05180728215444	-0.942397608211869	8.33333333333333
1	5.1307417709381	-0.912490471318086	8.33333333333333
1	5.20967625972177	-0.876352680904764	8.33333333333333
1	5.28861074850543	-0.833984236971904	8.33333333333333
1	5.36754523728909	-0.785385139519505	8.33333333333333
1	5.44647972607276	-0.730555388547569	8.33333333333333
1	5.52541421485642	-0.669494984056094	8.33333333333333
1	5.60434870364008	-0.602203926045081	8.33333333333333
1	5.68328319242375	-0.52868221451453	8.33333333333333
1	5.76221768120741	-0.448929849464441	8.33333333333333
1	5.84115216999107	-0.362946830894812	8.33333333333333
1	5.92008665877474	-0.270733158805647	8.33333333333333
1	5.9990211475584	-0.172288833196942	8.33333333333333
1	6.07795563634206	-0.0676138540687	8.33333333333333
1	6.15689012512573	0.0432917785790813	8.33333333333333
1	6.23582461390939	0.1604280647464	8.33333333333333
1	6.31475910269305	0.283795004433258	8.33333333333333
1	6.39369359147672	0.413392597639652	8.33333333333333
1	6.47262808026038	0.549220844365587	8.33333333333333
1	6.55156256904404	0.691279744611058	8.33333333333333
1	6.6304970578277	0.839569298376069	8.33333333333333
1	6.70943154661137	0.994089505660617	8.33333333333333
1	6.78836603539503	1.1548403664647	8.33333333333333
1	6.86730052417869	1.32182188078833	8.33333333333333
1	6.94623501296236	1.49503404863149	8.33333333333333
1	7.02516950174602	1.67447686999419	8.33333333333333
1	7.10410399052968	1.86015034487643	8.33333333333333
1	7.18303847931335	2.05205447327821	8.33333333333333
1	7.26197296809701	2.2	8.33333333333333
1	7.34090745688067	2.2	8.33333333333333
1	7.41984194566434	2.2	8.33333333333333
1	7.498776434448	2.2	8.33333333333333
1	7.57771092323166	2.2	8.33333333333333
1	7.65664541201533	2.2	8.33333333333333
1	7.73557990079899	2.2	8.33333333333333
1	7.81451438958265	2.2	8.33333333333333
1	7.89344887836631	2.2	8.33333333333333
1	7.97238336714998	2.2	8.33333333333333
1	8.05131785593364	2.2	8.33333333333333
1	8.1302523447173	2.2	8.33333333333333
1	8.20918683350097	2.2	8.33333333333333
1	8.28812132228463	2.2	8.33333333333333
1	8.36705581106829	2.2	8.33333333333333
1	8.44599029985196	2.2	8.33333333333333
1	8.52492478863562	2.2	8.33333333333333
1	8.60385927741928	2.2	8.33333333333333
1	8.68279376620295	2.2	8.33333333333333
1	8.76172825498661	2.2	8.33333333333333
1	8.84066274377027	2.2	8.33333333333333
1	8.91959723255394	2.2	8.33333333333333
1	8.9985317213376	2.2	8.33333333333333
1	9.07746621012126	2.2	8.33333333333333
1	9.15640069890492	2.2	8.33333333333333
1	9.23533518768859	2.2	8.33333333333333
1	9.31426967647225	2.2	8.33333333333333
1	9.39320416525591	2.2	8.33333333333333
1	9.47213865403958	2.2	8.33333333333333
1	9.55107314282324	2.2	8.33333333333333
1	9.6300076316069	2.2	8.33333333333333
1	9.70894212039057	2.2	8.33333333333333
1	9.78787660917423	2.2	8.33333333333333
1	9.86681109795789	2.2	8.33333333333333
1	9.94574558674156	2.2	8.33333333333333
1	10.0246800755252	2.2	8.33333333333333
1	10.1036145643089	2.2	8.33333333333333
1	10.1825490530925	2.2	8.33333333333333
1	10.2614835418762	2.2	8.33333333333333
1	10.3404180306599	2.2	8.33333333333333
1	10.4193525194435	2.2	8.33333333333333
1	10.4982870082272	2.2	8.33333333333333
1	10.5772214970109	2.2	8.33333333333333
1	10.6561559857945	2.2	8.33333333333333
1	10.7350904745782	2.2	8.33333333333333
1	10.8140249633619	2.2	8.33333333333333
1	10.8929594521455	2.2	8.33333333333333
1	10.9718939409292	2.2	8.33333333333333
1	11.0508284297128	2.2	8.33333333333333
1	11.1297629184965	2.2	8.33333333333333
1	11.2086974072802	2.2	8.33333333333333
1	11.2876318960638	2.2	8.33333333333333
1	11.3665663848475	2.2	8.33333333333333
1	11.4455008736312	2.2	8.33333333333333
1	11.5244353624148	2.2	8.33333333333333
1	11.6033698511985	2.2	8.33333333333333
1	11.6823043399821	2.2	8.33333333333333
1	11.7612388287658	2.2	8.33333333333333
1	11.8401733175495	2.2	8.33333333333333
1	11.9191078063331	2.2	8.33333333333333
1	11.9980422951168	2.2	8.33333333333333
1	12.0769767839005	2.2	8.33333333333333
1	12.1559112726841	2.2	8.33333333333333
1	12.2348457614678	2.2	8.33333333333333
1	12.3137802502515	2.2	8.33333333333333
1	12.3927147390351	2.2	8.33333333333333
1	12.4716492278188	2.2	8.33333333333333
1	12.5505837166024	2.2	8.33333333333333
1	12.6295182053861	2.2	8.33333333333333
1	12.7084526941698	2.2	8.33333333333333
1	12.7873871829534	2.2	8.33333333333333
1	12.8663216717371	2.2	8.33333333333333
1	12.9452561605208	2.2	8.33333333333333
1	13.0241906493044	2.2	8.33333333333333
1	13.1031251380881	2.2	8.33333333333333
1	13.1820596268717	2.2	8.33333333333333
1	13.2609941156554	2.2	8.33333333333333
1	13.3399286044391	2.2	8.33333333333333
1	13.4188630932227	2.2	8.33333333333333
1	13.4977975820064	2.2	8.33333333333333
1	13.5767320707901	2.2	8.33333333333333
1	13.6556665595737	2.2	8.33333333333333
1	13.7346010483574	2.2	8.33333333333333
1	13.8135355371411	2.2	8.33333333333333
1	13.8924700259247	2.2	8.33333333333333
1	13.9714045147084	2.2	8.33333333333333
1	14.050339003492	2.2	8.33333333333333
1	14.1292734922757	2.2	8.33333333333333
1	14.2082079810594	2.2	8.33333333333333
1	14.287142469843	2.2	8.33333333333333
1	14.3660769586267	2.2	8.33333333333333
1	14.4450114474104	2.2	8.33333333333333
1	14.523945936194	2.2	8.33333333333333
1	14.6028804249777	2.2	8.33333333333333
1	14.6818149137613	2.2	8.33333333333333
1	14.760749402545	2.2	8.33333333333333
1	14.8396838913287	2.2	8.33333333333333
1	14.9186183801123	2.2	8.33333333333333
1	14.997552868896	2.2	8.33333333333333
1	15.0764873576797	2.2	8.33333333333333
1	15.1554218464633	2.2	8.33333333333333
1	15.234356335247	2.2	8.33333333333333
1	15.3132908240307	2.2	8.33333333333333
1	15.3922253128143	2.2	8.33333333333333
1	15.471159801598	2.2	8.33333333333333
1	15.5500942903816	2.2	8.33333333333333
1	15.6290287791653	2.2	8.33333333333333
1	15.707963267949	2.2	8.33333333333333
1	0	2.2	9.33333333333333
1	0.0789344887836631	2.2	9.33333333333333
1	0.157868977567326	2.2	9.33333333333333
1	0.236803466350989	2.2	9.33333333333333
1	0.315737955134653	2.2	9.33333333333333
1	0.394672443918316	2.2	9.33333333333333
1	0.473606932701979	2.2	9.33333333333333
1	0.552541421485642	2.2	9.33333333333333
1	0.631475910269305	2.2	9.33333333333333
1	0.710410399052968	2.2	9.33333333333333
1	0.789344887836632	2.2	9.33333333333333
1	0.868279376620295	2.2	9.33333333333333
1	0.947213865403958	2.2	9.33333333333333
1	1.02614835418762	2.2	9.33333333333333
1	1.10508284297128	2.2	9.33333333333333
1	1.18401733175495	2.2	9.33333333333333
1	1.26295182053861	2.2	9.33333333333333
1	1.34188630932227	2.2	9.33333333333333
1	1.42082079810594	2.2	9.33333333333333
1	1.4997552868896	2.2	9.33333333333333
1	1.57868977567326	2.2	9.33333333333333
1	1.65762426445693	2.2	9.33333333333333
1	1.73655875324059	2.2	9.33333333333333
1	1.81549324202425	2.2	9.33333333333333
1	1.89442773080792	2.2	9.33333333333333
1	1.97336221959158	2.2	9.33333333333333
1	2.05229670837524	2.2	9.33333333333333
1	2.1312311971589	2.2	9.33333333333333
1	2.21016568594257	2.13056070762439	9.33333333333333
1	2.28910017472623	1.9361643178148	9.33333333333333
1	2.36803466350989	1.74799858152474	9.33333333333333
1	2.44696915229356	1.56606349875423	9.33333333333333
1	2.52590364107722	1.39035906950325	9.33333333333333
1	2.60483812986088	1.22088529377181	9.33333333333333
1	2.68377261864455	1.05764217155991	9.33333333333333
1	2.76270710742821	0.900629702867543	9.33333333333333
1	2.84164159621187	0.749847887694718	9.33333333333333
1	2.92057608499554	0.605296726041431	9.33333333333333
1	2.9995105737792	0.466976217907682	9.33333333333333
1	3.07844506256286	0.334886363293471	9.33333333333333
1	3.15737955134653	0.209027162198798	9.33333333333333
1	3.23631404013019	0.0893986146236641	9.33333333333333
1	3.31524852891385	-0.023999279431932	9.33333333333333
1	3.39418301769752	-0.13116651996799	9.33333333333333
1	3.47311750648118	-0.232103106984509	9.33333333333333
1	3.55205199526484	-0.326809040481491	9.33333333333333
1	3.63098648404851	-0.415284320458934	9.33333333333333
1	3.70992097283217	-0.497528946916838	9.33333333333333
1	3.78885546161583	-0.573542919855205	9.33333333333333
1	3.86778995039949	-0.643326239274033	9.33333333333333
1	3.94672443918316	-0.706878905173323	9.33333333333333
1	4.02565892796682	-0.764200917553075	9.33333333333333
1	4.10459341675048	-0.815292276413289	9.33333333333333
1	4.18352790553415	-0.860152981753964	9.33333333333333
1	4.26246239431781	-0.898783033575101	9.33333333333333
1	4.34139688310147	-0.9311824318767	9.33333333333333
1	4.42033137188514	-0.957351176658761	9.33333333333333
1	4.4992658606688	-0.977289267921283	9.33333333333333
1	4.57820034945246	-0.990996705664267	9.33333333333333
1	4.65713483823613	-0.998473489887713	9.33333333333333
1	4.73606932701979	-0.999719620591621	9.33333333333333
1	4.81500381580345	-0.99473509777599	9.33333333333333
1	4.89393830458712	-0.983519921440821	9.33333333333333
1	4.97287279337078	-0.966074091586114	9.33333333333333
1	5.05180728215444	-0.942397608211869	9.33333333333333
1	5.1307417709381	-0.912490471318085	9.33333333333333
1	5.20967625972177	-0.876352680904764	9.33333333333333
1	5.28861074850543	-0.833984236971904	9.33333333333333
1	5.36754523728909	-0.785385139519505	9.33333333333333
1	5.44647972607276	-0.730555388547569	9.33333333333333
1	5.52541421485642	-0.669494984056094	9.33333333333333
1	5.60434870364008	-0.602203926045081	9.33333333333333
1	5.68328319242375	-0.52868221451453	9.33333333333333
1	5.76221768120741	-0.448929849464441	9.33333333333333
1	5.84115216999107	-0.362946830894812	9.33333333333333
1	5.92008665877474	-0.270733158805647	9.33333333333333
1	5.9990211475584	-0.172288833196942	9.33333333333333
1	6.07795563634206	-0.0676138540687001	9.33333333333333
1	6.15689012512573	0.0432917785790814	9.33333333333333
1	6.23582461390939	0.1604280647464	9.33333333333333
1	6.31475910269305	0.283795004433258	9.33333333333333
1	6.39369359147672	0.413392597639652	9.33333333333333
1	6.47262808026038	0.549220844365587	9.33333333333333
1	6.55156256904404	0.691279744611058	9.33333333333333
1	6.6304970578277	0.839569298376069	9.33333333333333
1	6.70943154661137	0.994089505660616	9.33333333333333
1	6.78836603539503	1.1548403664647	9.33333333333333
1	6.86730052417869	1.32182188078833	9.33333333333333
1	6.94623501296236	1.49503404863149	9.33333333333333
1	7.02516950174602	1.67447686999419	9.33333333333333
1	7.10410399052968	1.86015034487643	9.33333333333333
1	7.18303847931335	2.05205447327821	9.33333333333333
1	7.26197296809701	2.2	9.33333333333333
1	7.34090745688067	2.2	9.33333333333333
1	7.41984194566434	2.2	9.33333333333333
1	7.498776434448	2.2	9.33333333333333
1	7.57771092323166	2.2	9.33333333333333
1	7.65664541201533	2.2	9.33333333333333
1	7.73557990079899	2.2	9.33333333333333
1	7.81451438958265	2.2	9.33333333333333
1	7.89344887836631	2.2	9.33333333333333
1	7.97238336714998	2.2	9.33333333333333
1	8.05131785593364	2.2	9.33333333333333
1	8.1302523447173	2.2	9.33333333333333
1	8.20918683350097	2.2	9.33333333333333
1	8.28812132228463	2.2	9.33333333333333
1	8.36705581106829	2.2	9.33333333333333
1	8.44599029985196	2.2	9.33333333333333
1	8.52492478863562	2.2	9.33333333333333
1	8.60385927741928	2.2	9.33333333333333
1	8.68279376620295	2.2	9.33333333333333
1	8.76172825498661	2.2	9.33333333333333
1	8.84066274377027	2.2	9.33333333333333
1	8.91959723255394	2.2	9.33333333333333
1	8.9985317213376	2.2	9.33333333333333
1	9.07746621012126	2.2	9.33333333333333
1	9.15640069890492	2.2	9.33333333333333
1	9.23533518768859	2.2	9.33333333333333
1	9.31426967647225	2.2	9.33333333333333
1	9.39320416525591	2.2	9.33333333333333
1	9.47213865403958	2.2	9.33333333333333
1	9.55107314282324	2.2	9.33333333333333
1	9.6300076316069	2.2	9.33333333333333
1	9.70894212039057	2.2	9.33333333333333
1	9.78787660917423	2.2	9.33333333333333
1	9.86681109795789	2.2	9.33333333333333
1	9.94574558674156	2.2	9.33333333333333
1	10.0246800755252	2.2	9.33333333333333
1	10.1036145643089	2.2	9.33333333333333
1	10.1825490530925	2.2	9.33333333333333
1	10.2614835418762	2.2	9.33333333333333
1	10.3404180306599	2.2	9.33333333333333
1	10.4193525194435	2.2	9.33333333333333
1	10.4982870082272	2.2	9.33333333333333
1	10.5772214970109	2.2	9.33333333333333
1	10.6561559857945	2.2	9.33333333333333
1	10.7350904745782	2.2	9.33333333333333
1	10.8140249633619	2.2	9.33333333333333
1	10.8929594521455	2.2	9.33333333333333
1	10.9718939409292	2.2	9.33333333333333
1	11.0508284297128	2.2	9.33333333333333
1	11.1297629184965	2.2	9.33333333333333
1	11.2086974072802	2.2	9.33333333333333
1	11.2876318960638	2.2	9.33333333333333
1	11.3665663848475	2.2	9.33333333333333
1	11.4455008736312	2.2	9.33333333333333
1	11.5244353624148	2.2	9.33333333333333
1	11.6033698511985	2.2	9.33333333333333
1	11.6823043399821	2.2	9.33333333333333
1	11.7612388287658	2.2	9.33333333333333
1	11.8401733175495	2.2	9.33333333333333
1	11.9191078063331	2.2	9.33333333333333
1	11.9980422951168	2.2	9.33333333333333
1	12.0769767839005	2.2	9.33333333333333
1	12.1559112726841	2.2	9.33333333333333
1	12.2348457614678	2.2	9.33333333333333
1	12.3137802502515	2.2	9.33333333333333
1	12.3927147390351	2.2	9.33333333333333
1	12.4716492278188	2.2	9.33333333333333
1	12.5505837166024	2.2	9.33333333333333
1	12.6295182053861	2.2	9.33333333333333
1	12.7084526941698	2.2	9.33333333333333
1	12.7873871829534	2.2	9.33333333333333
1	12.8663216717371	2.2	9.33333333333333
1	12.9452561605208	2.2	9.33333333333333
1	13.0241906493044	2.2	9.33333333333333
1	13.1031251380881	2.2	9.33333333333333
1	13.1820596268717	2.2	9.33333333333333
1	13.2609941156554	2.2	9.33333333333333
1	13.3399286044391	2.2	9.33333333333333
1	13.4188630932227	2.2	9.33333333333333
1	13.4977975820064	2.2	9.33333333333333
1	13.5767320707901	2.2	9.33333333333333
1	13.6556665595737	2.2	9.33333333333333
1	13.7346010483574	2.2	9.33333333333333
1	13.8135355371411	2.2	9.33333333333333
1	13.8924700259247	2.2	9.33333333333333
1	13.9714045147084	2.2	9.33333333333333
1	14.050339003492	2.2	9.33333333333333
1	14.1292734922757	2.2	9.33333333333333
1	14.2082079810594	2.2	9.33333333333333
1	14.287142469843	2.2	9.33333333333333
1	14.3660769586267	2.2	9.33333333333333
1	14.4450114474104	2.2	9.33333333333333
1	14.523945936194	2.2	9.33333333333333
1	14.6028804249777	2.2	9.33333333333333
1	14.6818149137613	2.2	9.33333333333333
1	14.760749402545	2.2	9.33333333333333
1	14.8396838913287	2.2	9.33333333333333
1	14.9186183801123	2.2	9.33333333333333
1	14.997552868896	2.2	9.33333333333333
1	15.0764873576797	2.2	9.33333333333333
1	15.1554218464633	2.2	9.33333333333333
1	15.234356335247	2.2	9.33333333333333
1	15.3132908240307	2.2	9.33333333333333
1	15.3922253128143	2.2	9.33333333333333
1	15.471159801598	2.2	9.33333333333333
1	15.5500942903816	2.2	9.33333333333333
1	15.6290287791653	2.2	9.33333333333333
1	15.707963267949	2.2	9.33333333333333
1	0	-2.2	1.66666666666667
1	0.0789344887836631	-2.2	1.66666666666667
1	0.157868977567326	-2.2	1.66666666666667
1	0.236803466350989	-2.2	1.66666666666667
1	0.315737955134653	-2.2	1.66666666666667
1	0.394672443918316	-2.2	1.66666666666667
1	0.473606932701979	-2.2	1.66666666666667
1	0.552541421485642	-2.2	1.66666666666667
1	0.631475910269305	-2.2	1.66666666666667
1	0.710410399052968	-2.2	1.66666666666667
1	0.789344887836632	-2.2	1.66666666666667
1	0.868279376620295	-2.2	1.66666666666667
1	0.947213865403958	-2.2	1.66666666666667
1	1.02614835418762	-2.2	1.66666666666667
1	1.10508284297128	-2.2	1.66666666666667
1	1.18401733175495	-2.2	1.66666666666667
1	1.26295182053861	-2.2	1.66666666666667
1	1.34188630932227	-2.2	1.66666666666667
1	1.42082079810594	-2.2	1.66666666666667
1	1.4997552868896	-2.2	1.66666666666667
1	1.57868977567326	-2.2	1.66666666666667
1	1.65762426445693	-2.2	1.66666666666667
1	1.73655875324059	-2.2	1.66666666666667
1	1.81549324202425	-2.2	1.66666666666667
1	1.89442773080792	-2.2	1.66666666666667
1	1.97336221959158	-2.2	1.66666666666667
1	2.05229670837524	-2.2	1.66666666666667
1	2.1312311971589	-2.2	1.66666666666667
1	2.21016568594257	-2.2	1.66666666666667
1	2.28910017472623	-2.2	1.66666666666667
1	2.36803466350989	-2.2	1.66666666666667
1	2.44696915229356	-2.2	1.66666666666667
1	2.52590364107722	-2.2	1.66666666666667
1	2.60483812986088	-2.2	1.66666666666667
1	2.68377261864455	-2.2	1.66666666666667
1	2.76270710742821	-2.2	1.66666666666667
1	2.84164159621187	-2.2	1.66666666666667
1	2.92057608499554	-2.2	1.66666666666667
1	2.9995105737792	-2.2	1.66666666666667
1	3.07844506256286	-2.2	1.66666666666667
1	3.15737955134653	-2.2	1.66666666666667
1	3.23631404013019	-2.2	1.66666666666667
1	3.31524852891385	-2.2	1.66666666666667
1	3.39418301769752	-2.2	1.66666666666667
1	3.47311750648118	-2.2	1.66666666666667
1	3.55205199526484	-2.2	1.66666666666667
1	3.63098648404851	-2.2	1.66666666666667
1	3.70992097283217	-2.2	1.66666666666667
1	3.78885546161583	-2.2	1.66666666666667
1	3.86778995039949	-2.2	1.66666666666667
1	3.94672443918316	-2.2	1.66666666666667
1	4.02565892796682	-2.2	1.66666666666667
1	4.10459341675048	-2.2	1.66666666666667
1	4.18352790553415	-2.2	1.66666666666667
1	4.26246239431781	-2.2	1.66666666666667
1	4.34139688310147	-2.2	1.66666666666667
1	4.42033137188514	-2.2	1.66666666666667
1	4.4992658606688	-2.2	1.66666666666667
1	4.57820034945246	-2.2	1.66666666666667
1	4.65713483823613	-2.2	1.66666666666667
1	4.73606932701979	-2.2	1.66666666666667
1	4.81500381580345	-2.2	1.66666666666667
1	4.89393830458712	-2.2	1.66666666666667
1	4.97287279337078	-2.2	1.66666666666667
1	5.05180728215444	-2.2	1.66666666666667
1	5.1307417709381	-2.2	1.66666666666667
1	5.20967625972177	-2.2	1.66666666666667
1	5.28861074850543	-2.2	1.66666666666667
1	5.36754523728909	-2.2	1.66666666666667
1	5.44647972607276	-2.2	1.66666666666667
1	5.52541421485642	-2.2	1.66666666666667
1	5.60434870364008	-2.2	1.66666666666667
1	5.68328319242375	-2.2	1.66666666666667
1	5.76221768120741	-2.2	1.66666666666667
1	5.84115216999107	-2.2	1.66666666666667
1	5.92008665877474	-2.2	1.66666666666667
1	5.9990211475584	-2.2	1.66666666666667
1	6.07795563634206	-2.2	1.66666666666667
1	6.15689012512573	-2.2	1.66666666666667
1	6.23582461390939	-2.2	1.66666666666667
1	6.31475910269305	-2.2	1.66666666666667
1	6.39369359147672	-2.2	1.66666666666667
1	6.47262808026038	-2.2	1.66666666666667
1	6.55156256904404	-2.2	1.66666666666667
1	6.6304970578277	-2.2	1.66666666666667
1	6.70943154661137	-2.2	1.66666666666667
1	6.78836603539503	-2.2	1.66666666666667
1	6.86730052417869	-2.2	1.66666666666667
1	6.94623501296236	-2.2	1.66666666666667
1	7.02516950174602	-2.2	1.66666666666667
1	7.10410399052968	-2.2	1.66666666666667
1	7.18303847931335	-2.0995460063826	1.66666666666667
1	7.26197296809701	-1.97910810199065	1.66666666666667
1	7.34090745688067	-1.860558823055	1.66666666666667
1	7.41984194566434	-1.74389816957565	1.66666666666667
1	7.498776434448	-1.62912614155259	1.66666666666667
1	7.57771092323166	-1.51624273898583	1.66666666666667
1	7.65664541201533	-1.40524796187536	1.66666666666667
1	7.73557990079899	-1.29614181022118	1.66666666666667
1	7.81451438958265	-1.1889242840233	1.66666666666667
1	7.89344887836631	-1.08359538328171	1.66666666666667
1	7.97238336714998	-0.980155107996414	1.66666666666667
1	8.05131785593364	-0.878603458167416	1.66666666666667
1	8.1302523447173	-0.77894043379471	1.66666666666667
1	8.20918683350097	-0.6811660348783	1.66666666666667
1	8.28812132228463	-0.585280261418183	1.66666666666667
1	8.36705581106829	-0.491283113414359	1.66666666666667
1	8.44599029985196	-0.399174590866831	1.66666666666667
1	8.52492478863562	-0.3089546937756	1.66666666666667
1	8.60385927741928	-0.220623422140659	1.66666666666667
1	8.68279376620295	-0.134180775962012	1.66666666666667
1	8.76172825498661	-0.049626755239661	1.66666666666667
1	8.84066274377027	0.0330386400263949	1.66666666666667
1	8.91959723255394	0.113815409836157	1.66666666666667
1	8.9985317213376	0.192703554189627	1.66666666666667
1	9.07746621012126	0.269703073086802	1.66666666666667
1	9.15640069890492	0.344813966527681	1.66666666666667
1	9.23533518768859	0.418036234512266	1.66666666666667
1	9.31426967647225	0.489369877040558	1.66666666666667
1	9.39320416525591	0.558814894112556	1.66666666666667
1	9.47213865403958	0.626371285728258	1.66666666666667
1	9.55107314282324	0.692039051887667	1.66666666666667
1	9.6300076316069	0.755818192590782	1.66666666666667
1	9.70894212039057	0.817708707837602	1.66666666666667
1	9.78787660917423	0.877710597628127	1.66666666666667
1	9.86681109795789	0.935823861962358	1.66666666666667
1	9.94574558674156	0.992048500840297	1.66666666666667
1	10.0246800755252	1.04638451426194	1.66666666666667
1	10.1036145643089	1.09883190222729	1.66666666666667
1	10.1825490530925	1.14939066473634	1.66666666666667
1	10.2614835418762	1.1980608017891	1.66666666666667
1	10.3404180306599	1.24484231338557	1.66666666666667
1	10.4193525194435	1.28973519952574	1.66666666666667
1	10.4982870082272	1.33273946020962	1.66666666666667
1	10.5772214970109	1.3738550954372	1.66666666666667
1	10.6561559857945	1.41308210520849	1.66666666666667
1	10.7350904745782	1.45042048952349	1.66666666666667
1	10.8140249633619	1.48587024838219	1.66666666666667
1	10.8929594521455	1.51943138178459	1.66666666666667
1	10.9718939409292	1.5511038897307	1.66666666666667
1	11.0508284297128	1.58088777222052	1.66666666666667
1	11.1297629184965	1.60878302925405	1.66666666666667
1	11.2086974072802	1.63478966083128	1.66666666666667
1	11.2876318960638	1.65890766695221	1.66666666666667
1	11.3665663848475	1.68113704761685	1.66666666666667
1	11.4455008736312	1.7014778028252	1.66666666666667
1	11.5244353624148	1.71992993257725	1.66666666666667
1	11.6033698511985	1.73649343687301	1.66666666666667
1	11.6823043399821	1.75116831571247	1.66666666666667
1	11.7612388287658	1.76395456909564	1.66666666666667
1	11.8401733175495	1.77485219702252	1.66666666666667
1	11.9191078063331	1.7838611994931	1.66666666666667
1	11.9980422951168	1.79098157650738	1.66666666666667
1	12.0769767839005	1.79621332806538	1.66666666666667
1	12.1559112726841	1.79955645416707	1.66666666666667
1	12.2348457614678	1.80101095481248	1.66666666666667
1	12.3137802502515	1.80057683000159	1.66666666666667
1	12.3927147390351	1.7982540797344	1.66666666666667
1	12.4716492278188	1.79404270401092	1.66666666666667
1	12.5505837166024	1.78794270283115	1.66666666666667
1	12.6295182053861	1.77995407619508	1.66666666666667
1	12.7084526941698	1.77007682410272	1.66666666666667
1	12.7873871829534	1.75831094655407	1.66666666666667
1	12.8663216717371	1.74465644354912	1.66666666666667
1	12.9452561605208	1.72911331508787	1.66666666666667
1	13.0241906493044	1.71168156117033	1.66666666666667
1	13.1031251380881	1.6923611817965	1.66666666666667
1	13.1820596268717	1.67115217696637	1.66666666666667
1	13.2609941156554	1.64805454667995	1.66666666666667
1	13.3399286044391	1.62306829093723	1.66666666666667
1	13.4188630932227	1.59619340973822	1.66666666666667
1	13.4977975820064	1.56742990308292	1.66666666666667
1	13.5767320707901	1.53677777097132	1.66666666666667
1	13.6556665595737	1.50423701340343	1.66666666666667
1	13.7346010483574	1.46980763037924	1.66666666666667
1	13.8135355371411	1.43348962189876	1.66666666666667
1	13.8924700259247	1.39528298796198	1.66666666666667
1	13.9714045147084	1.35518772856891	1.66666666666667
1	14.050339003492	1.31320384371955	1.66666666666667
1	14.1292734922757	1.26933133341389	1.66666666666667
1	14.2082079810594	1.22357019765194	1.66666666666667
1	14.287142469843	1.17592043643369	1.66666666666667
1	14.3660769586267	1.12638204975915	1.66666666666667
1	14.4450114474104	1.07495503762832	1.66666666666667
1	14.523945936194	1.02163940004119	1.66666666666667
1	14.6028804249777	0.966435136997763	1.66666666666667
1	14.6818149137613	0.909342248498045	1.66666666666667
1	14.760749402545	0.850360734542033	1.66666666666667
1	14.8396838913287	0.789490595129725	1.66666666666667
1	14.9186183801123	0.726731830261124	1.66666666666667
1	14.997552868896	0.66208443993623	1.66666666666667
1	15.0764873576797	0.595548424155041	1.66666666666667
1	15.1554218464633	0.527123782917557	1.66666666666667
1	15.234356335247	0.456810516223778	1.66666666666667
1	15.3132908240307	0.384608624073706	1.66666666666667
1	15.3922253128143	0.31051810646734	1.66666666666667
1	15.471159801598	0.23453896340468	1.66666666666667
1	15.5500942903816	0.156671194885724	1.66666666666667
1	15.6290287791653	0.0769148009104747	1.66666666666667
1	15.707963267949	-0.00473021852106839	1.66666666666667
1	0	2.2	2.66666666666667
1	0.0789344887836631	2.2	2.66666666666667
1	0.157868977567326	2.2	2.66666666666667
1	0.236803466350989	2.2	2.66666666666667
1	0.315737955134653	2.2	2.66666666666667
1	0.394672443918316	2.2	2.66666666666667
1	0.473606932701979	2.2	2.66666666666667
1	0.552541421485642	2.2	2.66666666666667
1	0.631475910269305	2.2	2.66666666666667
1	0.710410399052968	2.2	2.66666666666667
1	0.789344887836632	2.2	2.66666666666667
1	0.868279376620295	2.2	2.66666666666667
1	0.947213865403958	2.2	2.66666666666667
1	1.02614835418762	2.2	2.66666666666667
1	1.10508284297128	2.2	2.66666666666667
1	1.18401733175495	2.2	2.66666666666667
1	1.26295182053861	2.2	2.66666666666667
1	1.34188630932227	2.2	2.66666666666667
1	1.42082079810594	2.2	2.66666666666667
1	1.4997552868896	2.2	2.66666666666667
1	1.57868977567326	2.2	2.66666666666667
1	1.65762426445693	2.2	2.66666666666667
1	1.73655875324059	2.2	2.66666666666667
1	1.81549324202425	2.2	2.66666666666667
1	1.89442773080792	2.2	2.66666666666667
1	1.97336221959158	2.2	2.66666666666667
1	2.05229670837524	2.2	2.66666666666667
1	2.1312311971589	2.2	2.66666666666667
1	2.21016568594257	2.2	2.66666666666667
1	2.28910017472623	2.2	2.66666666666667
1	2.36803466350989	2.2	2.66666666666667
1	2.44696915229356	2.2	2.66666666666667
1	2.52590364107722	2.2	2.66666666666667
1	2.60483812986088	2.2	2.66666666666667
1	2.68377261864455	2.2	2.66666666666667
1	2.76270710742821	2.2	2.66666666666667
1	2.84164159621187	2.2	2.66666666666667
1	2.92057608499554	2.2	2.66666666666667
1	2.9995105737792	2.2	2.66666666666667
1	3.07844506256286	2.2	2.66666666666667
1	3.15737955134653	2.2	2.66666666666667
1	3.23631404013019	2.2	2.66666666666667
1	3.31524852891385	2.2	2.66666666666667
1	3.39418301769752	2.2	2.66666666666667
1	3.47311750648118	2.2	2.66666666666667
1	3.55205199526484	2.2	2.66666666666667
1	3.63098648404851	2.2	2.66666666666667
1	3.70992097283217	2.2	2.66666666666667
1	3.78885546161583	2.2	2.66666666666667
1	3.86778995039949	2.2	2.66666666666667
1	3.94672443918316	2.2	2.66666666666667
1	4.02565892796682	2.19610471446364	2.66666666666667
1	4.10459341675048	2.07391019866749	2.66666666666667
1	4.18352790553415	1.95361759440341	2.66666666666667
1	4.26246239431781	1.8352269016714	2.66666666666667
1	4.34139688310147	1.71873812047146	2.66666666666667
1	4.42033137188514	1.60415125080359	2.66666666666667
1	4.4992658606688	1.49146629266778	2.66666666666667
1	4.57820034945246	1.38068324606404	2.66666666666667
1	4.65713483823613	1.27180211099237	2.66666666666667
1	4.73606932701979	1.16482288745277	2.66666666666667
1	4.81500381580345	1.05974557544524	2.66666666666667
1	4.89393830458712	0.956570174969773	2.66666666666667
1	4.97287279337078	0.855296686026377	2.66666666666667
1	5.05180728215444	0.755925108615049	2.66666666666667
1	5.1307417709381	0.658455442735789	2.66666666666667
1	5.20967625972177	0.562887688388596	2.66666666666667
1	5.28861074850543	0.469221845573472	2.66666666666667
1	5.36754523728909	0.377457914290416	2.66666666666667
1	5.44647972607276	0.287595894539429	2.66666666666667
1	5.52541421485642	0.199635786320508	2.66666666666667
1	5.60434870364008	0.113577589633657	2.66666666666667
1	5.68328319242375	0.0294213044788725	2.66666666666667
1	5.76221768120741	-0.0528330691438415	2.66666666666667
1	5.84115216999107	-0.133185531234489	2.66666666666667
1	5.92008665877474	-0.211636081793068	2.66666666666667
1	5.9990211475584	-0.288184720819578	2.66666666666667
1	6.07795563634206	-0.362831448314021	2.66666666666667
1	6.15689012512573	-0.435576264276396	2.66666666666667
1	6.23582461390939	-0.506419168706702	2.66666666666667
1	6.31475910269305	-0.575360161604941	2.66666666666667
1	6.39369359147672	-0.64239924297111	2.66666666666667
1	6.47262808026038	-0.707536412805212	2.66666666666667
1	6.55156256904404	-0.770771671107245	2.66666666666667
1	6.6304970578277	-0.832105017877211	2.66666666666667
1	6.70943154661137	-0.891536453115108	2.66666666666667
1	6.78836603539503	-0.949065976820937	2.66666666666667
1	6.86730052417869	-1.0046935889947	2.66666666666667
1	6.94623501296236	-1.05841928963639	2.66666666666667
1	7.02516950174602	-1.11024307874602	2.66666666666667
1	7.10410399052968	-1.16016495632357	2.66666666666667
1	7.18303847931335	-1.20818492236906	2.66666666666667
1	7.26197296809701	-1.25430297688248	2.66666666666667
1	7.34090745688067	-1.29851911986383	2.66666666666667
1	7.41984194566434	-1.34083335131312	2.66666666666667
1	7.498776434448	-1.38124567123033	2.66666666666667
1	7.57771092323166	-1.41975607961548	2.66666666666667
1	7.65664541201533	-1.45636457646856	2.66666666666667
1	7.73557990079899	-1.49107116178957	2.66666666666667
1	7.81451438958265	-1.52387583557851	2.66666666666667
1	7.89344887836631	-1.55477859783539	2.66666666666667
1	7.97238336714998	-1.5837794485602	2.66666666666667
1	8.05131785593364	-1.61087838775293	2.66666666666667
1	8.1302523447173	-1.6360754154136	2.66666666666667
1	8.20918683350097	-1.65937053154221	2.66666666666667
1	8.28812132228463	-1.68076373613874	2.66666666666667
1	8.36705581106829	-1.70025502920321	2.66666666666667
1	8.44599029985196	-1.7178444107356	2.66666666666667
1	8.52492478863562	-1.73353188073593	2.66666666666667
1	8.60385927741928	-1.7473174392042	2.66666666666667
1	8.68279376620295	-1.75920108614039	2.66666666666667
1	8.76172825498661	-1.76918282154451	2.66666666666667
1	8.84066274377027	-1.77726264541657	2.66666666666667
1	8.91959723255394	-1.78344055775656	2.66666666666667
1	8.9985317213376	-1.78771655856448	2.66666666666667
1	9.07746621012126	-1.79009064784033	2.66666666666667
1	9.15640069890492	-1.79056282558412	2.66666666666667
1	9.23533518768859	-1.78913309179583	2.66666666666667
1	9.31426967647225	-1.78580144647548	2.66666666666667
1	9.39320416525591	-1.78056788962306	2.66666666666667
1	9.47213865403958	-1.77343242123857	2.66666666666667
1	9.55107314282324	-1.76439504132202	2.66666666666667
1	9.6300076316069	-1.75345574987339	2.66666666666667
1	9.70894212039057	-1.7406145468927	2.66666666666667
1	9.78787660917423	-1.72587143237994	2.66666666666667
1	9.86681109795789	-1.70922640633511	2.66666666666667
1	9.94574558674156	-1.69067946875821	2.66666666666667
1	10.0246800755252	-1.67023061964925	2.66666666666667
1	10.1036145643089	-1.64787985900821	2.66666666666667
1	10.1825490530925	-1.62362718683511	2.66666666666667
1	10.2614835418762	-1.59747260312994	2.66666666666667
1	10.3404180306599	-1.5694161078927	2.66666666666667
1	10.4193525194435	-1.5394577011234	2.66666666666667
1	10.4982870082272	-1.50759738282202	2.66666666666667
1	10.5772214970109	-1.47383515298858	2.66666666666667
1	10.6561559857945	-1.43817101162307	2.66666666666667
1	10.7350904745782	-1.40060495872549	2.66666666666667
1	10.8140249633619	-1.36113699429584	2.66666666666667
1	10.8929594521455	-1.31976711833413	2.66666666666667
1	10.9718939409292	-1.27649533084034	2.66666666666667
1	11.0508284297128	-1.23132163181449	2.66666666666667
1	11.1297629184965	-1.18424602125657	2.66666666666667
1	11.2086974072802	-1.13526849916659	2.66666666666667
1	11.2876318960638	-1.08438906554453	2.66666666666667
1	11.3665663848475	-1.0316077203904	2.66666666666667
1	11.4455008736312	-0.976924463704212	2.66666666666667
1	11.5244353624148	-0.920339295485952	2.66666666666667
1	11.6033698511985	-0.861852215735623	2.66666666666667
1	11.6823043399821	-0.801463224453226	2.66666666666667
1	11.7612388287658	-0.739172321638762	2.66666666666667
1	11.8401733175495	-0.674979507292229	2.66666666666667
1	11.9191078063331	-0.608884781413627	2.66666666666667
1	11.9980422951168	-0.540888144002958	2.66666666666667
1	12.0769767839005	-0.47098959506022	2.66666666666667
1	12.1559112726841	-0.399189134585415	2.66666666666667
1	12.2348457614678	-0.32548676257854	2.66666666666667
1	12.3137802502515	-0.249882479039598	2.66666666666667
1	12.3927147390351	-0.172376283968588	2.66666666666667
1	12.4716492278188	-0.0929681773655102	2.66666666666667
1	12.5505837166024	-0.0116581592303622	2.66666666666667
1	12.6295182053861	0.071553770436852	2.66666666666667
1	12.7084526941698	0.156667611636134	2.66666666666667
1	12.7873871829534	0.243683364367485	2.66666666666667
1	12.8663216717371	0.332601028630904	2.66666666666667
1	12.9452561605208	0.423420604426393	2.66666666666667
1	13.0241906493044	0.516142091753948	2.66666666666667
1	13.1031251380881	0.610765490613571	2.66666666666667
1	13.1820596268717	0.707290801005262	2.66666666666667
1	13.2609941156554	0.805718022929024	2.66666666666667
1	13.3399286044391	0.906047156384851	2.66666666666667
1	13.4188630932227	1.00827820137275	2.66666666666667
1	13.4977975820064	1.11241115789271	2.66666666666667
1	13.5767320707901	1.21844602594475	2.66666666666667
1	13.6556665595737	1.32638280552885	2.66666666666667
1	13.7346010483574	1.43622149664501	2.66666666666667
1	13.8135355371411	1.54796209929325	2.66666666666667
1	13.8924700259247	1.66160461347356	2.66666666666667
1	13.9714045147084	1.77714903918593	2.66666666666667
1	14.050339003492	1.89459537643037	2.66666666666667
1	14.1292734922757	2.01394362520688	2.66666666666667
1	14.2082079810594	2.13519378551546	2.66666666666667
1	14.287142469843	2.2	2.66666666666667
1	14.3660769586267	2.2	2.66666666666667
1	14.4450114474104	2.2	2.66666666666667
1	14.523945936194	2.2	2.66666666666667
1	14.6028804249777	2.2	2.66666666666667
1	14.6818149137613	2.2	2.66666666666667
1	14.760749402545	2.2	2.66666666666667
1	14.8396838913287	2.2	2.66666666666667
1	14.9186183801123	2.2	2.66666666666667
1	14.997552868896	2.2	2.66666666666667
1	15.0764873576797	2.2	2.66666666666667
1	15.1554218464633	2.2	2.66666666666667
1	15.234356335247	2.2	2.66666666666667
1	15.3132908240307	2.2	2.66666666666667
1	15.3922253128143	2.2	2.66666666666667
1	15.471159801598	2.2	2.66666666666667
1	15.5500942903816	2.2	2.66666666666667
1	15.6290287791653	2.2	2.66666666666667
1	15.707963267949	2.2	2.66666666666667
1	0	-2.2	3.66666666666667
1	0.0789344887836631	-2.2	3.66666666666667
1	0.157868977567326	-2.2	3.66666666666667
1	0.236803466350989	-2.2	3.66666666666667
1	0.315737955134653	-2.2	3.66666666666667
1	0.394672443918316	-2.19660291863006	3.66666666666667
1	0.473606932701979	-2.07700852900939	3.66666666666667
1	0.552541421485642	-1.95918534470343	3.66666666666667
1	0.631475910269305	-1.84313336571219	3.66666666666667
1	0.710410399052968	-1.72885259203567	3.66666666666667
1	0.789344887836632	-1.61634302367387	3.66666666666667
1	0.868279376620295	-1.50560466062678	3.66666666666667
1	0.947213865403958	-1.39663750289442	3.66666666666667
1	1.02614835418762	-1.28944155047677	3.66666666666667
1	1.10508284297128	-1.18401680337384	3.66666666666667
1	1.18401733175495	-1.08036326158564	3.66666666666667
1	1.26295182053861	-0.978480925112146	3.66666666666667
1	1.34188630932227	-0.878369793953377	3.66666666666667
1	1.42082079810594	-0.780029868109325	3.66666666666667
1	1.4997552868896	-0.683461147579992	3.66666666666667
1	1.57868977567326	-0.588663632365377	3.66666666666667
1	1.65762426445693	-0.495637322465482	3.66666666666667
1	1.73655875324059	-0.404382217880305	3.66666666666667
1	1.81549324202425	-0.314898318609848	3.66666666666667
1	1.89442773080792	-0.227185624654109	3.66666666666667
1	1.97336221959158	-0.141244136013089	3.66666666666667
1	2.05229670837524	-0.0570738526867887	3.66666666666667
1	2.1312311971589	0.025325225324794	3.66666666666667
1	2.21016568594257	0.105953098021658	3.66666666666667
1	2.28910017472623	0.184809765403803	3.66666666666667
1	2.36803466350989	0.261895227471229	3.66666666666667
1	2.44696915229356	0.337209484223937	3.66666666666667
1	2.52590364107722	0.410752535661926	3.66666666666667
1	2.60483812986088	0.482524381785195	3.66666666666667
1	2.68377261864455	0.552525022593746	3.66666666666667
1	2.76270710742821	0.620754458087579	3.66666666666667
1	2.84164159621187	0.687212688266692	3.66666666666667
1	2.92057608499554	0.751899713131087	3.66666666666667
1	2.9995105737792	0.814815532680762	3.66666666666667
1	3.07844506256286	0.87596014691572	3.66666666666667
1	3.15737955134653	0.935333555835958	3.66666666666667
1	3.23631404013019	0.992935759441477	3.66666666666667
1	3.31524852891385	1.04876675773228	3.66666666666667
1	3.39418301769752	1.10282655070836	3.66666666666667
1	3.47311750648118	1.15511513836972	3.66666666666667
1	3.55205199526484	1.20563252071637	3.66666666666667
1	3.63098648404851	1.25437869774829	3.66666666666667
1	3.70992097283217	1.3013536694655	3.66666666666667
1	3.78885546161583	1.34655743586799	3.66666666666667
1	3.86778995039949	1.38998999695576	3.66666666666667
1	3.94672443918316	1.43165135272881	3.66666666666667
1	4.02565892796682	1.47154150318714	3.66666666666667
1	4.10459341675048	1.50966044833075	3.66666666666667
1	4.18352790553415	1.54600818815964	3.66666666666667
1	4.26246239431781	1.58058472267382	3.66666666666667
1	4.34139688310147	1.61339005187328	3.66666666666667
1	4.42033137188514	1.64442417575801	3.66666666666667
1	4.4992658606688	1.67368709432803	3.66666666666667
1	4.57820034945246	1.70117880758333	3.66666666666667
1	4.65713483823613	1.72689931552391	3.66666666666667
1	4.73606932701979	1.75084861814977	3.66666666666667
1	4.81500381580345	1.77302671546092	3.66666666666667
1	4.89393830458712	1.79343360745734	3.66666666666667
1	4.97287279337078	1.81206929413905	3.66666666666667
1	5.05180728215444	1.82893377550604	3.66666666666667
1	5.1307417709381	1.8440270515583	3.66666666666667
1	5.20967625972177	1.85734912229585	3.66666666666667
1	5.28861074850543	1.86889998771868	3.66666666666667
1	5.36754523728909	1.8786796478268	3.66666666666667
1	5.44647972607276	1.88668810262019	3.66666666666667
1	5.52541421485642	1.89292535209886	3.66666666666667
1	5.60434870364008	1.89739139626282	3.66666666666667
1	5.68328319242375	1.90008623511206	3.66666666666667
1	5.76221768120741	1.90100986864657	3.66666666666667
1	5.84115216999107	1.90016229686637	3.66666666666667
1	5.92008665877474	1.89754351977145	3.66666666666667
1	5.9990211475584	1.89315353736181	3.66666666666667
1	6.07795563634206	1.88699234963746	3.66666666666667
1	6.15689012512573	1.87905995659838	3.66666666666667
1	6.23582461390939	1.86935635824459	3.66666666666667
1	6.31475910269305	1.85788155457607	3.66666666666667
1	6.39369359147672	1.84463554559284	3.66666666666667
1	6.47262808026038	1.82961833129489	3.66666666666667
1	6.55156256904404	1.81282991168222	3.66666666666667
1	6.6304970578277	1.79427028675483	3.66666666666667
1	6.70943154661137	1.77393945651272	3.66666666666667
1	6.78836603539503	1.7518374209559	3.66666666666667
1	6.86730052417869	1.72796418008435	3.66666666666667
1	6.94623501296236	1.70231973389809	3.66666666666667
1	7.02516950174602	1.6749040823971	3.66666666666667
1	7.10410399052968	1.6457172255814	3.66666666666667
1	7.18303847931335	1.61475916345098	3.66666666666667
1	7.26197296809701	1.58202989600584	3.66666666666667
1	7.34090745688067	1.54752942324598	3.66666666666667
1	7.41984194566434	1.51125774517141	3.66666666666667
1	7.498776434448	1.47321486178211	3.66666666666667
1	7.57771092323166	1.4334007730781	3.66666666666667
1	7.65664541201533	1.39181547905936	3.66666666666667
1	7.73557990079899	1.34845897972591	3.66666666666667
1	7.81451438958265	1.30333127507774	3.66666666666667
1	7.89344887836631	1.25643236511485	3.66666666666667
1	7.97238336714998	1.20776224983724	3.66666666666667
1	8.05131785593364	1.15732092924492	3.66666666666667
1	8.1302523447173	1.10510840333787	3.66666666666667
1	8.20918683350097	1.05112467211611	3.66666666666667
1	8.28812132228463	0.995369735579623	3.66666666666667
1	8.36705581106829	0.937843593728419	3.66666666666667
1	8.44599029985196	0.878546246562499	3.66666666666667
1	8.52492478863562	0.817477694081859	3.66666666666667
1	8.60385927741928	0.754637936286501	3.66666666666667
1	8.68279376620295	0.690026973176422	3.66666666666667
1	8.76172825498661	0.623644804751626	3.66666666666667
1	8.84066274377027	0.555491431012111	3.66666666666667
1	8.91959723255394	0.485566851957877	3.66666666666667
1	8.9985317213376	0.413871067588923	3.66666666666667
1	9.07746621012126	0.340404077905252	3.66666666666667
1	9.15640069890492	0.265165882906862	3.66666666666667
1	9.23533518768859	0.188156482593754	3.66666666666667
1	9.31426967647225	0.109375876965924	3.66666666666667
1	9.39320416525591	0.0288240660233781	3.66666666666667
1	9.47213865403958	-0.0534989502338869	3.66666666666667
1	9.55107314282324	-0.137593171805871	3.66666666666667
1	9.6300076316069	-0.223458598692575	3.66666666666667
1	9.70894212039057	-0.311095230893997	3.66666666666667
1	9.78787660917423	-0.400503068410137	3.66666666666667
1	9.86681109795789	-0.491682111240996	3.66666666666667
1	9.94574558674156	-0.584632359386576	3.66666666666667
1	10.0246800755252	-0.679353812846872	3.66666666666667
1	10.1036145643089	-0.775846471621888	3.66666666666667
1	10.1825490530925	-0.874110335711622	3.66666666666667
1	10.2614835418762	-0.974145405116075	3.66666666666667
1	10.3404180306599	-1.07595167983525	3.66666666666667
1	10.4193525194435	-1.17952915986914	3.66666666666667
1	10.4982870082272	-1.28487784521775	3.66666666666667
1	10.5772214970109	-1.39199773588108	3.66666666666667
1	10.6561559857945	-1.50088883185913	3.66666666666667
1	10.7350904745782	-1.61155113315189	3.66666666666667
1	10.8140249633619	-1.72398463975938	3.66666666666667
1	10.8929594521455	-1.83818935168158	3.66666666666667
1	10.9718939409292	-1.9541652689185	3.66666666666667
1	11.0508284297128	-2.07191239147015	3.66666666666667
1	11.1297629184965	-2.1914307193365	3.66666666666667
1	11.2086974072802	-2.2	3.66666666666667
1	11.2876318960638	-2.2	3.66666666666667
1	11.3665663848475	-2.2	3.66666666666667
1	11.4455008736312	-2.2	3.66666666666667
1	11.5244353624148	-2.2	3.66666666666667
1	11.6033698511985	-2.2	3.66666666666667
1	11.6823043399821	-2.2	3.66666666666667
1	11.7612388287658	-2.2	3.66666666666667
1	11.8401733175495	-2.2	3.66666666666667
1	11.9191078063331	-2.2	3.66666666666667
1	11.9980422951168	-2.2	3.66666666666667
1	12.0769767839005	-2.2	3.66666666666667
1	12.1559112726841	-2.2	3.66666666666667
1	12.2348457614678	-2.2	3.66666666666667
1	12.3137802502515	-2.2	3.66666666666667
1	12.3927147390351	-2.2	3.66666666666667
1	12.4716492278188	-2.2	3.66666666666667
1	12.5505837166024	-2.2	3.66666666666667
1	12.6295182053861	-2.2	3.66666666666667
1	12.7084526941698	-2.2	3.66666666666667
1	12.7873871829534	-2.2	3.66666666666667
1	12.8663216717371	-2.2	3.66666666666667
1	12.9452561605208	-2.2	3.66666666666667
1	13.0241906493044	-2.2	3.66666666666667
1	13.1031251380881	-2.2	3.66666666666667
1	13.1820596268717	-2.2	3.66666666666667
1	13.2609941156554	-2.2	3.66666666666667
1	13.3399286044391	-2.2	3.66666666666667
1	13.4188630932227	-2.2	3.66666666666667
1	13.4977975820064	-2.2	3.66666666666667
1	13.5767320707901	-2.2	3.66666666666667
1	13.6556665595737	-2.2	3.66666666666667
1	13.7346010483574	-2.2	3.66666666666667
1	13.8135355371411	-2.2	3.66666666666667
1	13.8924700259247	-2.2	3.66666666666667
1	13.9714045147084	-2.2	3.66666666666667
1	14.050339003492	-2.2	3.66666666666667
1	14.1292734922757	-2.2	3.66666666666667
1	14.2082079810594	-2.2	3.66666666666667
1	14.287142469843	-2.2	3.66666666666667
1	14.3660769586267	-2.2	3.66666666666667
1	14.4450114474104	-2.2	3.66666666666667
1	14.523945936194	-2.2	3.66666666666667
1	14.6028804249777	-2.2	3.66666666666667
1	14.6818149137613	-2.2	3.66666666666667
1	14.760749402545	-2.2	3.66666666666667
1	14.8396838913287	-2.2	3.66666666666667
1	14.9186183801123	-2.2	3.66666666666667
1	14.997552868896	-2.2	3.66666666666667
1	15.0764873576797	-2.2	3.66666666666667
1	15.1554218464633	-2.2	3.66666666666667
1	15.234356335247	-2.2	3.66666666666667
1	15.3132908240307	-2.2	3.66666666666667
1	15.3922253128143	-2.2	3.66666666666667
1	15.471159801598	-2.2	3.66666666666667
1	15.5500942903816	-2.2	3.66666666666667
1	15.6290287791653	-2.2	3.66666666666667
1	15.707963267949	-2.2	3.66666666666667
1	0	2.2	4.66666666666667
1	0.0789344887836631	2.2	4.66666666666667
1	0.157868977567326	2.2	4.66666666666667
1	0.236803466350989	2.2	4.66666666666667
1	0.315737955134653	2.13873359436069	4.66666666666667
1	0.394672443918316	1.99539765938731	4.66666666666667
1	0.473606932701979	1.85515367935367	4.66666666666667
1	0.552541421485642	1.71800165425977	4.66666666666667
1	0.631475910269305	1.58394158410561	4.66666666666667
1	0.710410399052968	1.45297346889118	4.66666666666667
1	0.789344887836632	1.32509730861649	4.66666666666667
1	0.868279376620295	1.20031310328153	4.66666666666667
1	0.947213865403958	1.07862085288632	4.66666666666667
1	1.02614835418762	0.960020557430834	4.66666666666667
1	1.10508284297128	0.844512216915089	4.66666666666667
1	1.18401733175495	0.732095831339081	4.66666666666667
1	1.26295182053861	0.622771400702809	4.66666666666667
1	1.34188630932227	0.516538925006275	4.66666666666667
1	1.42082079810594	0.413398404249477	4.66666666666667
1	1.4997552868896	0.313349838432416	4.66666666666667
1	1.57868977567326	0.21639322755509	4.66666666666667
1	1.65762426445693	0.122528571617502	4.66666666666667
1	1.73655875324059	0.0317558706196492	4.66666666666667
1	1.81549324202425	-0.0559248754384649	4.66666666666667
1	1.89442773080792	-0.140513666556843	4.66666666666667
1	1.97336221959158	-0.222010502735485	4.66666666666667
1	2.05229670837524	-0.30041538397439	4.66666666666667
1	2.1312311971589	-0.375728310273558	4.66666666666667
1	2.21016568594257	-0.44794928163299	4.66666666666667
1	2.28910017472623	-0.517078298052685	4.66666666666667
1	2.36803466350989	-0.583115359532644	4.66666666666667
1	2.44696915229356	-0.646060466072865	4.66666666666667
1	2.52590364107722	-0.705913617673351	4.66666666666667
1	2.60483812986088	-0.762674814334099	4.66666666666667
1	2.68377261864455	-0.81634405605511	4.66666666666667
1	2.76270710742821	-0.866921342836386	4.66666666666667
1	2.84164159621187	-0.914406674677924	4.66666666666667
1	2.92057608499554	-0.958800051579726	4.66666666666667
1	2.9995105737792	-1.00010147354179	4.66666666666667
1	3.07844506256286	-1.03831094056412	4.66666666666667
1	3.15737955134653	-1.07342845264671	4.66666666666667
1	3.23631404013019	-1.10545400978957	4.66666666666667
1	3.31524852891385	-1.13438761199269	4.66666666666667
1	3.39418301769752	-1.16022925925607	4.66666666666667
1	3.47311750648118	-1.18297895157971	4.66666666666667
1	3.55205199526484	-1.20263668896362	4.66666666666667
1	3.63098648404851	-1.21920247140779	4.66666666666667
1	3.70992097283217	-1.23267629891223	4.66666666666667
1	3.78885546161583	-1.24305817147693	4.66666666666667
1	3.86778995039949	-1.25034808910189	4.66666666666667
1	3.94672443918316	-1.25454605178711	4.66666666666667
1	4.02565892796682	-1.2556520595326	4.66666666666667
1	4.10459341675048	-1.25366611233835	4.66666666666667
1	4.18352790553415	-1.24858821020437	4.66666666666667
1	4.26246239431781	-1.24041835313065	4.66666666666667
1	4.34139688310147	-1.22915654111719	4.66666666666667
1	4.42033137188514	-1.214802774164	4.66666666666667
1	4.4992658606688	-1.19735705227107	4.66666666666667
1	4.57820034945246	-1.1768193754384	4.66666666666667
1	4.65713483823613	-1.15318974366599	4.66666666666667
1	4.73606932701979	-1.12646815695385	4.66666666666667
1	4.81500381580345	-1.09665461530197	4.66666666666667
1	4.89393830458712	-1.06374911871036	4.66666666666667
1	4.97287279337078	-1.02775166717901	4.66666666666667
1	5.05180728215444	-0.98866226070792	4.66666666666667
1	5.1307417709381	-0.946480899297096	4.66666666666667
1	5.20967625972177	-0.901207582946535	4.66666666666667
1	5.28861074850543	-0.852842311656237	4.66666666666667
1	5.36754523728909	-0.801385085426202	4.66666666666667
1	5.44647972607276	-0.746835904256432	4.66666666666667
1	5.52541421485642	-0.689194768146924	4.66666666666667
1	5.60434870364008	-0.62846167709768	4.66666666666667
1	5.68328319242375	-0.564636631108698	4.66666666666667
1	5.76221768120741	-0.497719630179981	4.66666666666667
1	5.84115216999107	-0.427710674311526	4.66666666666667
1	5.92008665877474	-0.354609763503336	4.66666666666667
1	5.9990211475584	-0.278416897755408	4.66666666666667
1	6.07795563634206	-0.199132077067744	4.66666666666667
1	6.15689012512573	-0.116755301440342	4.66666666666667
1	6.23582461390939	-0.0312865708732053	4.66666666666667
1	6.31475910269305	0.0572741146336695	4.66666666666667
1	6.39369359147672	0.14892675508028	4.66666666666667
1	6.47262808026038	0.243671350466628	4.66666666666667
1	6.55156256904404	0.341507900792712	4.66666666666667
1	6.6304970578277	0.442436406058533	4.66666666666667
1	6.70943154661137	0.54645686626409	4.66666666666667
1	6.78836603539503	0.653569281409385	4.66666666666667
1	6.86730052417869	0.763773651494415	4.66666666666667
1	6.94623501296236	0.877069976519183	4.66666666666667
1	7.02516950174602	0.993458256483686	4.66666666666667
1	7.10410399052968	1.11293849138793	4.66666666666667
1	7.18303847931335	1.2355106812319	4.66666666666667
1	7.26197296809701	1.36117482601562	4.66666666666667
1	7.34090745688067	1.48993092573907	4.66666666666667
1	7.41984194566434	1.62177898040226	4.66666666666667
1	7.498776434448	1.75671899000518	4.66666666666667
1	7.57771092323166	1.89475095454784	4.66666666666667
1	7.65664541201533	2.03587487403024	4.66666666666667
1	7.73557990079899	2.18009074845237	4.66666666666667
1	7.81451438958265	2.2	4.66666666666667
1	7.89344887836631	2.2	4.66666666666667
1	7.97238336714998	2.2	4.66666666666667
1	8.05131785593364	2.2	4.66666666666667
1	8.1302523447173	2.2	4.66666666666667
1	8.20918683350097	2.2	4.66666666666667
1	8.28812132228463	2.2	4.66666666666667
1	8.36705581106829	2.2	4.66666666666667
1	8.44599029985196	2.2	4.66666666666667
1	8.52492478863562	2.2	4.66666666666667
1	8.60385927741928	2.2	4.66666666666667
1	8.68279376620295	2.2	4.66666666666667
1	8.76172825498661	2.2	4.66666666666667
1	8.84066274377027	2.2	4.66666666666667
1	8.91959723255394	2.2	4.66666666666667
1	8.9985317213376	2.2	4.66666666666667
1	9.07746621012126	2.2	4.66666666666667
1	9.15640069890492	2.2	4.66666666666667
1	9.23533518768859	2.2	4.66666666666667
1	9.31426967647225	2.2	4.66666666666667
1	9.39320416525591	2.2	4.66666666666667
1	9.47213865403958	2.2	4.66666666666667
1	9.55107314282324	2.2	4.66666666666667
1	9.6300076316069	2.2	4.66666666666667
1	9.70894212039057	2.2	4.66666666666667
1	9.78787660917423	2.2	4.66666666666667
1	9.86681109795789	2.2	4.66666666666667
1	9.94574558674156	2.2	4.66666666666667
1	10.0246800755252	2.2	4.66666666666667
1	10.1036145643089	2.2	4.66666666666667
1	10.1825490530925	2.2	4.66666666666667
1	10.2614835418762	2.2	4.66666666666667
1	10.3404180306599	2.2	4.66666666666667
1	10.4193525194435	2.2	4.66666666666667
1	10.4982870082272	2.2	4.66666666666667
1	10.5772214970109	2.2	4.66666666666667
1	10.6561559857945	2.2	4.66666666666667
1	10.7350904745782	2.2	4.66666666666667
1	10.8140249633619	2.2	4.66666666666667
1	10.8929594521455	2.2	4.66666666666667
1	10.9718939409292	2.2	4.66666666666667
1	11.0508284297128	2.2	4.66666666666667
1	11.1297629184965	2.2	4.66666666666667
1	11.2086974072802	2.2	4.66666666666667
1	11.2876318960638	2.2	4.66666666666667
1	11.3665663848475	2.2	4.66666666666667
1	11.4455008736312	2.2	4.66666666666667
1	11.5244353624148	2.2	4.66666666666667
1	11.6033698511985	2.2	4.66666666666667
1	11.6823043399821	2.2	4.66666666666667
1	11.7612388287658	2.2	4.66666666666667
1	11.8401733175495	2.2	4.66666666666667
1	11.9191078063331	2.2	4.66666666666667
1	11.9980422951168	2.2	4.66666666666667
1	12.0769767839005	2.2	4.66666666666667
1	12.1559112726841	2.2	4.66666666666667
1	12.2348457614678	2.2	4.66666666666667
1	12.3137802502515	2.2	4.66666666666667
1	12.3927147390351	2.2	4.66666666666667
1	12.4716492278188	2.2	4.66666666666667
1	12.5505837166024	2.2	4.66666666666667
1	12.6295182053861	2.2	4.66666666666667
1	12.7084526941698	2.2	4.66666666666667
1	12.7873871829534	2.2	4.66666666666667
1	12.8663216717371	2.2	4.66666666666667
1	12.9452561605208	2.2	4.66666666666667
1	13.0241906493044	2.2	4.66666666666667
1	13.1031251380881	2.2	4.66666666666667
1	13.1820596268717	2.2	4.66666666666667
1	13.2609941156554	2.2	4.66666666666667
1	13.3399286044391	2.2	4.66666666666667
1	13.4188630932227	2.2	4.66666666666667
1	13.4977975820064	2.2	4.66666666666667
1	13.5767320707901	2.2	4.66666666666667
1	13.6556665595737	2.2	4.66666666666667
1	13.7346010483574	2.2	4.66666666666667
1	13.8135355371411	2.2	4.66666666666667
1	13.8924700259247	2.2	4.66666666666667
1	13.9714045147084	2.2	4.66666666666667
1	14.050339003492	2.2	4.66666666666667
1	14.1292734922757	2.2	4.66666666666667
1	14.2082079810594	2.2	4.66666666666667
1	14.287142469843	2.2	4.66666666666667
1	14.3660769586267	2.2	4.66666666666667
1	14.4450114474104	2.2	4.66666666666667
1	14.523945936194	2.2	4.66666666666667
1	14.6028804249777	2.2	4.66666666666667
1	14.6818149137613	2.2	4.66666666666667
1	14.760749402545	2.2	4.66666666666667
1	14.8396838913287	2.2	4.66666666666667
1	14.9186183801123	2.2	4.66666666666667
1	14.997552868896	2.2	4.66666666666667
1	15.0764873576797	2.2	4.66666666666667
1	15.1554218464633	2.2	4.66666666666667
1	15.234356335247	2.2	4.66666666666667
1	15.3132908240307	2.2	4.66666666666667
1	15.3922253128143	2.2	4.66666666666667
1	15.471159801598	2.2	4.66666666666667
1	15.5500942903816	2.2	4.66666666666667
1	15.6290287791653	2.2	4.66666666666667
1	15.707963267949	2.2	4.66666666666667
1	0	2.2	5.66666666666667
1	0.0789344887836631	2.2	5.66666666666667
1	0.157868977567326	2.2	5.66666666666667
1	0.236803466350989	2.2	5.66666666666667
1	0.315737955134653	2.2	5.66666666666667
1	0.394672443918316	2.2	5.66666666666667
1	0.473606932701979	2.2	5.66666666666667
1	0.552541421485642	2.2	5.66666666666667
1	0.631475910269305	2.2	5.66666666666667
1	0.710410399052968	2.2	5.66666666666667
1	0.789344887836632	2.2	5.66666666666667
1	0.868279376620295	2.2	5.66666666666667
1	0.947213865403958	2.2	5.66666666666667
1	1.02614835418762	2.2	5.66666666666667
1	1.10508284297128	2.2	5.66666666666667
1	1.18401733175495	2.2	5.66666666666667
1	1.26295182053861	2.2	5.66666666666667
1	1.34188630932227	2.2	5.66666666666667
1	1.42082079810594	2.2	5.66666666666667
1	1.4997552868896	2.2	5.66666666666667
1	1.57868977567326	2.2	5.66666666666667
1	1.65762426445693	2.2	5.66666666666667
1	1.73655875324059	2.2	5.66666666666667
1	1.81549324202425	2.2	5.66666666666667
1	1.89442773080792	2.2	5.66666666666667
1	1.97336221959158	2.14142906058264	5.66666666666667
1	2.05229670837524	1.969652731734	5.66666666666667
1	2.1312311971589	1.80265003982997	5.66666666666667
1	2.21016568594257	1.64042098487057	5.66666666666667
1	2.28910017472623	1.48296556685578	5.66666666666667
1	2.36803466350989	1.33028378578562	5.66666666666667
1	2.44696915229356	1.18237564166008	5.66666666666667
1	2.52590364107722	1.03924113447916	5.66666666666667
1	2.60483812986088	0.900880264242856	5.66666666666667
1	2.68377261864455	0.767293030951176	5.66666666666667
1	2.76270710742821	0.638479434604116	5.66666666666667
1	2.84164159621187	0.514439475201677	5.66666666666667
1	2.92057608499554	0.395173152743858	5.66666666666667
1	2.9995105737792	0.280680467230661	5.66666666666667
1	3.07844506256286	0.170961418662084	5.66666666666667
1	3.15737955134653	0.0660160070381274	5.66666666666667
1	3.23631404013019	-0.0341557676412083	5.66666666666667
1	3.31524852891385	-0.129553905375923	5.66666666666667
1	3.39418301769752	-0.220178406166018	5.66666666666667
1	3.47311750648118	-0.306029270011491	5.66666666666667
1	3.55205199526484	-0.387106496912344	5.66666666666667
1	3.63098648404851	-0.463410086868576	5.66666666666667
1	3.70992097283217	-0.534940039880188	5.66666666666667
1	3.78885546161583	-0.601696355947179	5.66666666666667
1	3.86778995039949	-0.663679035069549	5.66666666666667
1	3.94672443918316	-0.720888077247299	5.66666666666667
1	4.02565892796682	-0.773323482480428	5.66666666666667
1	4.10459341675048	-0.820985250768936	5.66666666666667
1	4.18352790553415	-0.863873382112823	5.66666666666667
1	4.26246239431781	-0.90198787651209	5.66666666666667
1	4.34139688310147	-0.935328733966736	5.66666666666667
1	4.42033137188514	-0.963895954476762	5.66666666666667
1	4.4992658606688	-0.987689538042167	5.66666666666667
1	4.57820034945246	-1.00670948466295	5.66666666666667
1	4.65713483823613	-1.02095579433911	5.66666666666667
1	4.73606932701979	-1.03042846707066	5.66666666666667
1	4.81500381580345	-1.03512750285758	5.66666666666667
1	4.89393830458712	-1.03505290169988	5.66666666666667
1	4.97287279337078	-1.03020466359756	5.66666666666667
1	5.05180728215444	-1.02058278855062	5.66666666666667
1	5.1307417709381	-1.00618727655906	5.66666666666667
1	5.20967625972177	-0.98701812762288	5.66666666666667
1	5.28861074850543	-0.963075341742078	5.66666666666667
1	5.36754523728909	-0.934358918916655	5.66666666666667
1	5.44647972607276	-0.900868859146612	5.66666666666667
1	5.52541421485642	-0.862605162431948	5.66666666666667
1	5.60434870364008	-0.819567828772664	5.66666666666667
1	5.68328319242375	-0.771756858168758	5.66666666666667
1	5.76221768120741	-0.719172250620232	5.66666666666667
1	5.84115216999107	-0.661814006127085	5.66666666666667
1	5.92008665877474	-0.599682124689318	5.66666666666667
1	5.9990211475584	-0.532776606306929	5.66666666666667
1	6.07795563634206	-0.461097450979921	5.66666666666667
1	6.15689012512573	-0.384644658708291	5.66666666666667
1	6.23582461390939	-0.303418229492042	5.66666666666667
1	6.31475910269305	-0.217418163331171	5.66666666666667
1	6.39369359147672	-0.12664446022568	5.66666666666667
1	6.47262808026038	-0.0310971201755668	5.66666666666667
1	6.55156256904404	0.069223856819165	5.66666666666667
1	6.6304970578277	0.174318470758519	5.66666666666667
1	6.70943154661137	0.284186721642493	5.66666666666667
1	6.78836603539503	0.398828609471088	5.66666666666667
1	6.86730052417869	0.518244134244303	5.66666666666667
1	6.94623501296236	0.64243329596214	5.66666666666667
1	7.02516950174602	0.771396094624596	5.66666666666667
1	7.10410399052968	0.905132530231675	5.66666666666667
1	7.18303847931335	1.04364260278337	5.66666666666667
1	7.26197296809701	1.18692631227969	5.66666666666667
1	7.34090745688067	1.33498365872063	5.66666666666667
1	7.41984194566434	1.48781464210619	5.66666666666667
1	7.498776434448	1.64541926243637	5.66666666666667
1	7.57771092323166	1.80779751971117	5.66666666666667
1	7.65664541201533	1.9749494139306	5.66666666666667
1	7.73557990079899	2.14687494509464	5.66666666666667
1	7.81451438958265	2.2	5.66666666666667
1	7.89344887836631	2.2	5.66666666666667
1	7.97238336714998	2.2	5.66666666666667
1	8.05131785593364	2.2	5.66666666666667
1	8.1302523447173	2.2	5.66666666666667
1	8.20918683350097	2.2	5.66666666666667
1	8.28812132228463	2.2	5.66666666666667
1	8.36705581106829	2.2	5.66666666666667
1	8.44599029985196	2.2	5.66666666666667
1	8.52492478863562	2.2	5.66666666666667
1	8.60385927741928	2.2	5.66666666666667
1	8.68279376620295	2.2	5.66666666666667
1	8.76172825498661	2.2	5.66666666666667
1	8.84066274377027	2.2	5.66666666666667
1	8.91959723255394	2.2	5.66666666666667
1	8.9985317213376	2.2	5.66666666666667
1	9.07746621012126	2.2	5.66666666666667
1	9.15640069890492	2.2	5.66666666666667
1	9.23533518768859	2.2	5.66666666666667
1	9.31426967647225	2.2	5.66666666666667
1	9.39320416525591	2.2	5.66666666666667
1	9.47213865403958	2.2	5.66666666666667
1	9.55107314282324	2.2	5.66666666666667
1	9.6300076316069	2.2	5.66666666666667
1	9.70894212039057	2.2	5.66666666666667
1	9.78787660917423	2.2	5.66666666666667
1	9.86681109795789	2.2	5.66666666666667
1	9.94574558674156	2.2	5.66666666666667
1	10.0246800755252	2.2	5.66666666666667
1	10.1036145643089	2.2	5.66666666666667
1	10.1825490530925	2.2	5.66666666666667
1	10.2614835418762	2.2	5.66666666666667
1	10.3404180306599	2.2	5.66666666666667
1	10.4193525194435	2.2	5.66666666666667
1	10.4982870082272	2.2	5.66666666666667
1	10.5772214970109	2.2	5.66666666666667
1	10.6561559857945	2.2	5.66666666666667
1	10.7350904745782	2.2	5.66666666666667
1	10.8140249633619	2.2	5.66666666666667
1	10.8929594521455	2.2	5.66666666666667
1	10.9718939409292	2.2	5.66666666666667
1	11.0508284297128	2.2	5.66666666666667
1	11.1297629184965	2.2	5.66666666666667
1	11.2086974072802	2.2	5.66666666666667
1	11.2876318960638	2.2	5.66666666666667
1	11.3665663848475	2.2	5.66666666666667
1	11.4455008736312	2.2	5.66666666666667
1	11.5244353624148	2.2	5.66666666666667
1	11.6033698511985	2.2	5.66666666666667
1	11.6823043399821	2.2	5.66666666666667
1	11.7612388287658	2.2	5.66666666666667
1	11.8401733175495	2.2	5.66666666666667
1	11.9191078063331	2.2	5.66666666666667
1	11.9980422951168	2.2	5.66666666666667
1	12.0769767839005	2.2	5.66666666666667
1	12.1559112726841	2.2	5.66666666666667
1	12.2348457614678	2.2	5.66666666666667
1	12.3137802502515	2.2	5.66666666666667
1	12.3927147390351	2.2	5.66666666666667
1	12.4716492278188	2.2	5.66666666666667
1	12.5505837166024	2.2	5.66666666666667
1	12.6295182053861	2.2	5.66666666666667
1	12.7084526941698	2.2	5.66666666666667
1	12.7873871829534	2.2	5.66666666666667
1	12.8663216717371	2.2	5.66666666666667
1	12.9452561605208	2.2	5.66666666666667
1	13.0241906493044	2.2	5.66666666666667
1	13.1031251380881	2.2	5.66666666666667
1	13.1820596268717	2.2	5.66666666666667
1	13.2609941156554	2.2	5.66666666666667
1	13.3399286044391	2.2	5.66666666666667
1	13.4188630932227	2.2	5.66666666666667
1	13.4977975820064	2.2	5.66666666666667
1	13.5767320707901	2.2	5.66666666666667
1	13.6556665595737	2.2	5.66666666666667
1	13.7346010483574	2.2	5.66666666666667
1	13.8135355371411	2.2	5.66666666666667
1	13.8924700259247	2.2	5.66666666666667
1	13.9714045147084	2.2	5.66666666666667
1	14.050339003492	2.2	5.66666666666667
1	14.1292734922757	2.2	5.66666666666667
1	14.2082079810594	2.2	5.66666666666667
1	14.287142469843	2.2	5.66666666666667
1	14.3660769586267	2.2	5.66666666666667
1	14.4450114474104	2.2	5.66666666666667
1	14.523945936194	2.2	5.66666666666667
1	14.6028804249777	2.2	5.66666666666667
1	14.6818149137613	2.2	5.66666666666667
1	14.760749402545	2.2	5.66666666666667
1	14.8396838913287	2.2	5.66666666666667
1	14.9186183801123	2.2	5.66666666666667
1	14.997552868896	2.2	5.66666666666667
1	15.0764873576797	2.2	5.66666666666667
1	15.1554218464633	2.2	5.66666666666667
1	15.234356335247	2.2	5.66666666666667
1	15.3132908240307	2.2	5.66666666666667
1	15.3922253128143	2.2	5.66666666666667
1	15.471159801598	2.2	5.66666666666667
1	15.5500942903816	2.2	5.66666666666667
1	15.6290287791653	2.2	5.66666666666667
1	15.707963267949	2.2	5.66666666666667
1	0	2.2	6.66666666666667
1	0.0789344887836631	2.2	6.66666666666667
1	0.157868977567326	2.2	6.66666666666667
1	0.236803466350989	2.2	6.66666666666667
1	0.315737955134653	2.2	6.66666666666667
1	0.394672443918316	2.2	6.66666666666667
1	0.473606932701979	2.2	6.66666666666667
1	0.552541421485642	2.2	6.66666666666667
1	0.631475910269305	2.2	6.66666666666667
1	0.710410399052968	2.2	6.66666666666667
1	0.789344887836632	2.2	6.66666666666667
1	0.868279376620295	2.2	6.66666666666667
1	0.947213865403958	2.2	6.66666666666667
1	1.02614835418762	2.2	6.66666666666667
1	1.10508284297128	2.2	6.66666666666667
1	1.18401733175495	2.2	6.66666666666667
1	1.26295182053861	2.2	6.66666666666667
1	1.34188630932227	2.2	6.66666666666667
1	1.42082079810594	2.2	6.66666666666667
1	1.4997552868896	2.2	6.66666666666667
1	1.57868977567326	2.2	6.66666666666667
1	1.65762426445693	2.2	6.66666666666667
1	1.73655875324059	2.2	6.66666666666667
1	1.81549324202425	2.2	6.66666666666667
1	1.89442773080792	2.2	6.66666666666667
1	1.97336221959158	2.2	6.66666666666667
1	2.05229670837524	2.2	6.66666666666667
1	2.1312311971589	2.2	6.66666666666667
1	2.21016568594257	2.0971844696388	6.66666666666667
1	2.28910017472623	1.90478651516904	6.66666666666667
1	2.36803466350989	1.7185575135258	6.66666666666667
1	2.44696915229356	1.53849746470909	6.66666666666667
1	2.52590364107722	1.36460636871892	6.66666666666667
1	2.60483812986088	1.19688422555527	6.66666666666667
1	2.68377261864455	1.03533103521815	6.66666666666667
1	2.76270710742821	0.879946797707557	6.66666666666667
1	2.84164159621187	0.730731513023496	6.66666666666667
1	2.92057608499554	0.587685181165964	6.66666666666667
1	2.9995105737792	0.450807802134961	6.66666666666667
1	3.07844506256286	0.320099375930487	6.66666666666667
1	3.15737955134653	0.195559902552543	6.66666666666667
1	3.23631404013019	0.0771893820011269	6.66666666666667
1	3.31524852891385	-0.0350121857237595	6.66666666666667
1	3.39418301769752	-0.141044800622117	6.66666666666667
1	3.47311750648118	-0.240908462693945	6.66666666666667
1	3.55205199526484	-0.334603171939245	6.66666666666667
1	3.63098648404851	-0.422128928358015	6.66666666666667
1	3.70992097283217	-0.503485731950256	6.66666666666667
1	3.78885546161583	-0.578673582715967	6.66666666666667
1	3.86778995039949	-0.64769248065515	6.66666666666667
1	3.94672443918316	-0.710542425767804	6.66666666666667
1	4.02565892796682	-0.767223418053929	6.66666666666667
1	4.10459341675048	-0.817735457513524	6.66666666666667
1	4.18352790553415	-0.862078544146591	6.66666666666667
1	4.26246239431781	-0.900252677953128	6.66666666666667
1	4.34139688310147	-0.932257858933136	6.66666666666667
1	4.42033137188514	-0.958094087086615	6.66666666666667
1	4.4992658606688	-0.977761362413565	6.66666666666667
1	4.57820034945246	-0.991259684913986	6.66666666666667
1	4.65713483823613	-0.998589054587878	6.66666666666667
1	4.73606932701979	-0.99974947143524	6.66666666666667
1	4.81500381580345	-0.994740935456074	6.66666666666667
1	4.89393830458712	-0.983563446650379	6.66666666666667
1	4.97287279337078	-0.966217005018154	6.66666666666667
1	5.05180728215444	-0.9427016105594	6.66666666666667
1	5.1307417709381	-0.913017263274118	6.66666666666667
1	5.20967625972177	-0.877163963162306	6.66666666666667
1	5.28861074850543	-0.835141710223965	6.66666666666667
1	5.36754523728909	-0.786950504459095	6.66666666666667
1	5.44647972607276	-0.732590345867696	6.66666666666667
1	5.52541421485642	-0.672061234449767	6.66666666666667
1	5.60434870364008	-0.60536317020531	6.66666666666667
1	5.68328319242375	-0.532496153134323	6.66666666666667
1	5.76221768120741	-0.453460183236808	6.66666666666667
1	5.84115216999107	-0.368255260512763	6.66666666666667
1	5.92008665877474	-0.27688138496219	6.66666666666667
1	5.9990211475584	-0.179338556585086	6.66666666666667
1	6.07795563634206	-0.0756267753814548	6.66666666666667
1	6.15689012512573	0.034253958648707	6.66666666666667
1	6.23582461390939	0.150303645505397	6.66666666666667
1	6.31475910269305	0.272522285188617	6.66666666666667
1	6.39369359147672	0.400909877698364	6.66666666666667
1	6.47262808026038	0.535466423034643	6.66666666666667
1	6.55156256904404	0.676191921197448	6.66666666666667
1	6.6304970578277	0.823086372186785	6.66666666666667
1	6.70943154661137	0.976149776002649	6.66666666666667
1	6.78836603539503	1.13538213264504	6.66666666666667
1	6.86730052417869	1.30078344211397	6.66666666666667
1	6.94623501296236	1.47235370440942	6.66666666666667
1	7.02516950174602	1.6500929195314	6.66666666666667
1	7.10410399052968	1.83400108747991	6.66666666666667
1	7.18303847931335	2.02407820825495	6.66666666666667
1	7.26197296809701	2.2	6.66666666666667
1	7.34090745688067	2.2	6.66666666666667
1	7.41984194566434	2.2	6.66666666666667
1	7.498776434448	2.2	6.66666666666667
1	7.57771092323166	2.2	6.66666666666667
1	7.65664541201533	2.2	6.66666666666667
1	7.73557990079899	2.2	6.66666666666667
1	7.81451438958265	2.2	6.66666666666667
1	7.89344887836631	2.2	6.66666666666667
1	7.97238336714998	2.2	6.66666666666667
1	8.05131785593364	2.2	6.66666666666667
1	8.1302523447173	2.2	6.66666666666667
1	8.20918683350097	2.2	6.66666666666667
1	8.28812132228463	2.2	6.66666666666667
1	8.36705581106829	2.2	6.66666666666667
1	8.44599029985196	2.2	6.66666666666667
1	8.52492478863562	2.2	6.66666666666667
1	8.60385927741928	2.2	6.66666666666667
1	8.68279376620295	2.2	6.66666666666667
1	8.76172825498661	2.2	6.66666666666667
1	8.84066274377027	2.2	6.66666666666667
1	8.91959723255394	2.2	6.66666666666667
1	8.9985317213376	2.2	6.66666666666667
1	9.07746621012126	2.2	6.66666666666667
1	9.15640069890492	2.2	6.66666666666667
1	9.23533518768859	2.2	6.66666666666667
1	9.31426967647225	2.2	6.66666666666667
1	9.39320416525591	2.2	6.66666666666667
1	9.47213865403958	2.2	6.66666666666667
1	9.55107314282324	2.2	6.66666666666667
1	9.6300076316069	2.2	6.66666666666667
1	9.70894212039057	2.2	6.66666666666667
1	9.78787660917423	2.2	6.66666666666667
1	9.86681109795789	2.2	6.66666666666667
1	9.94574558674156	2.2	6.66666666666667
1	10.0246800755252	2.2	6.66666666666667
1	10.1036145643089	2.2	6.66666666666667
1	10.1825490530925	2.2	6.66666666666667
1	10.2614835418762	2.2	6.66666666666667
1	10.3404180306599	2.2	6.66666666666667
1	10.4193525194435	2.2	6.66666666666667
1	10.4982870082272	2.2	6.66666666666667
1	10.5772214970109	2.2	6.66666666666667
1	10.6561559857945	2.2	6.66666666666667
1	10.7350904745782	2.2	6.66666666666667
1	10.8140249633619	2.2	6.66666666666667
1	10.8929594521455	2.2	6.66666666666667
1	10.9718939409292	2.2	6.66666666666667
1	11.0508284297128	2.2	6.66666666666667
1	11.1297629184965	2.2	6.66666666666667
1	11.2086974072802	2.2	6.66666666666667
1	11.2876318960638	2.2	6.66666666666667
1	11.3665663848475	2.2	6.66666666666667
1	11.4455008736312	2.2	6.66666666666667
1	11.5244353624148	2.2	6.66666666666667
1	11.6033698511985	2.2	6.66666666666667
1	11.6823043399821	2.2	6.66666666666667
1	11.7612388287658	2.2	6.66666666666667
1	11.8401733175495	2.2	6.66666666666667
1	11.9191078063331	2.2	6.66666666666667
1	11.9980422951168	2.2	6.66666666666667
1	12.0769767839005	2.2	6.66666666666667
1	12.1559112726841	2.2	6.66666666666667
1	12.2348457614678	2.2	6.66666666666667
1	12.3137802502515	2.2	6.66666666666667
1	12.3927147390351	2.2	6.66666666666667
1	12.4716492278188	2.2	6.66666666666667
1	12.5505837166024	2.2	6.66666666666667
1	12.6295182053861	2.2	6.66666666666667
1	12.7084526941698	2.2	6.66666666666667
1	12.7873871829534	2.2	6.66666666666667
1	12.8663216717371	2.2	6.66666666666667
1	12.9452561605208	2.2	6.66666666666667
1	13.0241906493044	2.2	6.66666666666667
1	13.1031251380881	2.2	6.66666666666667
1	13.1820596268717	2.2	6.66666666666667
1	13.2609941156554	2.2	6.66666666666667
1	13.3399286044391	2.2	6.66666666666667
1	13.4188630932227	2.2	6.66666666666667
1	13.4977975820064	2.2	6.66666666666667
1	13.5767320707901	2.2	6.66666666666667
1	13.6556665595737	2.2	6.66666666666667
1	13.7346010483574	2.2	6.66666666666667
1	13.8135355371411	2.2	6.66666666666667
1	13.8924700259247	2.2	6.66666666666667
1	13.9714045147084	2.2	6.66666666666667
1	14.050339003492	2.2	6.66666666666667
1	14.1292734922757	2.2	6.66666666666667
1	14.2082079810594	2.2	6.66666666666667
1	14.287142469843	2.2	6.66666666666667
1	14.3660769586267	2.2	6.66666666666667
1	14.4450114474104	2.2	6.66666666666667
1	14.523945936194	2.2	6.66666666666667
1	14.6028804249777	2.2	6.66666666666667
1	14.6818149137613	2.2	6.66666666666667
1	14.760749402545	2.2	6.66666666666667
1	14.8396838913287	2.2	6.66666666666667
1	14.9186183801123	2.2	6.66666666666667
1	14.997552868896	2.2	6.66666666666667
1	15.0764873576797	2.2	6.66666666666667
1	15.1554218464633	2.2	6.66666666666667
1	15.234356335247	2.2	6.66666666666667
1	15.3132908240307	2.2	6.66666666666667
1	15.3922253128143	2.2	6.66666666666667
1	15.471159801598	2.2	6.66666666666667
1	15.5500942903816	2.2	6.66666666666667
1	15.6290287791653	2.2	6.66666666666667
1	15.707963267949	2.2	6.66666666666667
1	0	2.2	7.66666666666667
1	0.0789344887836631	2.2	7.66666666666667
1	0.157868977567326	2.2	7.66666666666667
1	0.236803466350989	2.2	7.66666666666667
1	0.315737955134653	2.2	7.66666666666667
1	0.394672443918316	2.2	7.66666666666667
1	0.473606932701979	2.2	7.66666666666667
1	0.552541421485642	2.2	7.66666666666667
1	0.631475910269305	2.2	7.66666666666667
1	0.710410399052968	2.2	7.66666666666667
1	0.789344887836632	2.2	7.66666666666667
1	0.868279376620295	2.2	7.66666666666667
1	0.947213865403958	2.2	7.66666666666667
1	1.02614835418762	2.2	7.66666666666667
1	1.10508284297128	2.2	7.66666666666667
1	1.18401733175495	2.2	7.66666666666667
1	1.26295182053861	2.2	7.66666666666667
1	1.34188630932227	2.2	7.66666666666667
1	1.42082079810594	2.2	7.66666666666667
1	1.4997552868896	2.2	7.66666666666667
1	1.57868977567326	2.2	7.66666666666667
1	1.65762426445693	2.2	7.66666666666667
1	1.73655875324059	2.2	7.66666666666667
1	1.81549324202425	2.2	7.66666666666667
1	1.89442773080792	2.2	7.66666666666667
1	1.97336221959158	2.2	7.66666666666667
1	2.05229670837524	2.2	7.66666666666667
1	2.1312311971589	2.2	7.66666666666667
1	2.21016568594257	2.13055932861709	7.66666666666667
1	2.28910017472623	1.93616302445989	7.66666666666667
1	2.36803466350989	1.74799737107627	7.66666666666667
1	2.44696915229356	1.56606236846622	7.66666666666667
1	2.52590364107722	1.39035801662974	7.66666666666667
1	2.60483812986088	1.22088431556683	7.66666666666667
1	2.68377261864455	1.05764126527749	7.66666666666667
1	2.76270710742821	0.900628865761726	7.66666666666667
1	2.84164159621187	0.749847117019531	7.66666666666667
1	2.92057608499554	0.605296019050906	7.66666666666667
1	2.9995105737792	0.466975571855853	7.66666666666667
1	3.07844506256286	0.334885775434371	7.66666666666667
1	3.15737955134653	0.20902662978646	7.66666666666667
1	3.23631404013019	0.0893981349121198	7.66666666666667
1	3.31524852891385	-0.0239997091886489	7.66666666666667
1	3.39418301769752	-0.131166902515847	7.66666666666667
1	3.47311750648118	-0.232103445069473	7.66666666666667
1	3.55205199526484	-0.326809336849528	7.66666666666667
1	3.63098648404851	-0.415284577856012	7.66666666666667
1	3.70992097283217	-0.497529168088925	7.66666666666667
1	3.78885546161583	-0.573543107548267	7.66666666666667
1	3.86778995039949	-0.643326396234037	7.66666666666667
1	3.94672443918316	-0.706879034146237	7.66666666666667
1	4.02565892796682	-0.764201021284865	7.66666666666667
1	4.10459341675048	-0.815292357649922	7.66666666666667
1	4.18352790553415	-0.860153043241409	7.66666666666667
1	4.26246239431781	-0.898783078059323	7.66666666666667
1	4.34139688310147	-0.931182462103667	7.66666666666667
1	4.42033137188514	-0.95735119537444	7.66666666666667
1	4.4992658606688	-0.977289277871641	7.66666666666667
1	4.57820034945246	-0.990996709595272	7.66666666666667
1	4.65713483823613	-0.998473490545331	7.66666666666667
1	4.73606932701979	-0.999719620721819	7.66666666666667
1	4.81500381580345	-0.994735100124735	7.66666666666667
1	4.89393830458712	-0.983519928754081	7.66666666666667
1	4.97287279337078	-0.966074106609856	7.66666666666667
1	5.05180728215444	-0.942397633692059	7.66666666666667
1	5.1307417709381	-0.912490510000691	7.66666666666667
1	5.20967625972177	-0.876352735535752	7.66666666666667
1	5.28861074850543	-0.833984310297243	7.66666666666667
1	5.36754523728909	-0.785385234285161	7.66666666666667
1	5.44647972607276	-0.730555507499509	7.66666666666667
1	5.52541421485642	-0.669495129940285	7.66666666666667
1	5.60434870364008	-0.602204101607491	7.66666666666667
1	5.68328319242375	-0.528682422501124	7.66666666666667
1	5.76221768120741	-0.448930092621188	7.66666666666667
1	5.84115216999107	-0.362947111967679	7.66666666666667
1	5.92008665877474	-0.270733480540601	7.66666666666667
1	5.9990211475584	-0.17228919833995	7.66666666666667
1	6.07795563634206	-0.0676142653657285	7.66666666666667
1	6.15689012512573	0.0432913183820647	7.66666666666667
1	6.23582461390939	0.160427552903428	7.66666666666667
1	6.31475910269305	0.283794438198364	7.66666666666667
1	6.39369359147672	0.41339197426687	7.66666666666667
1	6.47262808026038	0.549220161108948	7.66666666666667
1	6.55156256904404	0.691278998724595	7.66666666666667
1	6.6304970578277	0.839568487113816	7.66666666666667
1	6.70943154661137	0.994088626276606	7.66666666666667
1	6.78836603539503	1.15483941621297	7.66666666666667
1	6.86730052417869	1.3218208569229	7.66666666666667
1	6.94623501296236	1.49503294840641	7.66666666666667
1	7.02516950174602	1.67447569066348	7.66666666666667
1	7.10410399052968	1.86014908369413	7.66666666666667
1	7.18303847931335	2.05205312749834	7.66666666666667
1	7.26197296809701	2.2	7.66666666666667
1	7.34090745688067	2.2	7.66666666666667
1	7.41984194566434	2.2	7.66666666666667
1	7.498776434448	2.2	7.66666666666667
1	7.57771092323166	2.2	7.66666666666667
1	7.65664541201533	2.2	7.66666666666667
1	7.73557990079899	2.2	7.66666666666667
1	7.81451438958265	2.2	7.66666666666667
1	7.89344887836631	2.2	7.66666666666667
1	7.97238336714998	2.2	7.66666666666667
1	8.05131785593364	2.2	7.66666666666667
1	8.1302523447173	2.2	7.66666666666667
1	8.20918683350097	2.2	7.66666666666667
1	8.28812132228463	2.2	7.66666666666667
1	8.36705581106829	2.2	7.66666666666667
1	8.44599029985196	2.2	7.66666666666667
1	8.52492478863562	2.2	7.66666666666667
1	8.60385927741928	2.2	7.66666666666667
1	8.68279376620295	2.2	7.66666666666667
1	8.76172825498661	2.2	7.66666666666667
1	8.84066274377027	2.2	7.66666666666667
1	8.91959723255394	2.2	7.66666666666667
1	8.9985317213376	2.2	7.66666666666667
1	9.07746621012126	2.2	7.66666666666667
1	9.15640069890492	2.2	7.66666666666667
1	9.23533518768859	2.2	7.66666666666667
1	9.31426967647225	2.2	7.66666666666667
1	9.39320416525591	2.2	7.66666666666667
1	9.47213865403958	2.2	7.66666666666667
1	9.55107314282324	2.2	7.66666666666667
1	9.6300076316069	2.2	7.66666666666667
1	9.70894212039057	2.2	7.66666666666667
1	9.78787660917423	2.2	7.66666666666667
1	9.86681109795789	2.2	7.66666666666667
1	9.94574558674156	2.2	7.66666666666667
1	10.0246800755252	2.2	7.66666666666667
1	10.1036145643089	2.2	7.66666666666667
1	10.1825490530925	2.2	7.66666666666667
1	10.2614835418762	2.2	7.66666666666667
1	10.3404180306599	2.2	7.66666666666667
1	10.4193525194435	2.2	7.66666666666667
1	10.4982870082272	2.2	7.66666666666667
1	10.5772214970109	2.2	7.66666666666667
1	10.6561559857945	2.2	7.66666666666667
1	10.7350904745782	2.2	7.66666666666667
1	10.8140249633619	2.2	7.66666666666667
1	10.8929594521455	2.2	7.66666666666667
1	10.9718939409292	2.2	7.66666666666667
1	11.0508284297128	2.2	7.66666666666667
1	11.1297629184965	2.2	7.66666666666667
1	11.2086974072802	2.2	7.66666666666667
1	11.2876318960638	2.2	7.66666666666667
1	11.3665663848475	2.2	7.66666666666667
1	11.4455008736312	2.2	7.66666666666667
1	11.5244353624148	2.2	7.66666666666667
1	11.6033698511985	2.2	7.66666666666667
1	11.6823043399821	2.2	7.66666666666667
1	11.7612388287658	2.2	7.66666666666667
1	11.8401733175495	2.2	7.66666666666667
1	11.9191078063331	2.2	7.66666666666667
1	11.9980422951168	2.2	7.66666666666667
1	12.0769767839005	2.2	7.66666666666667
1	12.1559112726841	2.2	7.66666666666667
1	12.2348457614678	2.2	7.66666666666667
1	12.3137802502515	2.2	7.66666666666667
1	12.3927147390351	2.2	7.66666666666667
1	12.4716492278188	2.2	7.66666666666667
1	12.5505837166024	2.2	7.66666666666667
1	12.6295182053861	2.2	7.66666666666667
1	12.7084526941698	2.2	7.66666666666667
1	12.7873871829534	2.2	7.66666666666667
1	12.8663216717371	2.2	7.66666666666667
1	12.9452561605208	2.2	7.66666666666667
1	13.0241906493044	2.2	7.66666666666667
1	13.1031251380881	2.2	7.66666666666667
1	13.1820596268717	2.2	7.66666666666667
1	13.2609941156554	2.2	7.66666666666667
1	13.3399286044391	2.2	7.66666666666667
1	13.4188630932227	2.2	7.66666666666667
1	13.4977975820064	2.2	7.66666666666667
1	13.5767320707901	2.2	7.66666666666667
1	13.6556665595737	2.2	7.66666666666667
1	13.7346010483574	2.2	7.66666666666667
1	13.8135355371411	2.2	7.66666666666667
1	13.8924700259247	2.2	7.66666666666667
1	13.9714045147084	2.2	7.66666666666667
1	14.050339003492	2.2	7.66666666666667
1	14.1292734922757	2.2	7.66666666666667
1	14.2082079810594	2.2	7.66666666666667
1	14.287142469843	2.2	7.66666666666667
1	14.3660769586267	2.2	7.66666666666667
1	14.4450114474104	2.2	7.66666666666667
1	14.523945936194	2.2	7.66666666666667
1	14.6028804249777	2.2	7.66666666666667
1	14.6818149137613	2.2	7.66666666666667
1	14.760749402545	2.2	7.66666666666667
1	14.8396838913287	2.2	7.66666666666667
1	14.9186183801123	2.2	7.66666666666667
1	14.997552868896	2.2	7.66666666666667
1	15.0764873576797	2.2	7.66666666666667
1	15.1554218464633	2.2	7.66666666666667
1	15.234356335247	2.2	7.66666666666667
1	15.3132908240307	2.2	7.66666666666667
1	15.3922253128143	2.2	7.66666666666667
1	15.471159801598	2.2	7.66666666666667
1	15.5500942903816	2.2	7.66666666666667
1	15.6290287791653	2.2	7.66666666666667
1	15.707963267949	2.2	7.66666666666667
1	0	2.2	8.66666666666667
1	0.0789344887836631	2.2	8.66666666666667
1	0.157868977567326	2.2	8.66666666666667
1	0.236803466350989	2.2	8.66666666666667
1	0.315737955134653	2.2	8.66666666666667
1	0.394672443918316	2.2	8.66666666666667
1	0.473606932701979	2.2	8.66666666666667
1	0.552541421485642	2.2	8.66666666666667
1	0.631475910269305	2.2	8.66666666666667
1	0.710410399052968	2.2	8.66666666666667
1	0.789344887836632	2.2	8.66666666666667
1	0.868279376620295	2.2	8.66666666666667
1	0.947213865403958	2.2	8.66666666666667
1	1.02614835418762	2.2	8.66666666666667
1	1.10508284297128	2.2	8.66666666666667
1	1.18401733175495	2.2	8.66666666666667
1	1.26295182053861	2.2	8.66666666666667
1	1.34188630932227	2.2	8.66666666666667
1	1.42082079810594	2.2	8.66666666666667
1	1.4997552868896	2.2	8.66666666666667
1	1.57868977567326	2.2	8.66666666666667
1	1.65762426445693	2.2	8.66666666666667
1	1.73655875324059	2.2	8.66666666666667
1	1.81549324202425	2.2	8.66666666666667
1	1.89442773080792	2.2	8.66666666666667
1	1.97336221959158	2.2	8.66666666666667
1	2.05229670837524	2.2	8.66666666666667
1	2.1312311971589	2.2	8.66666666666667
1	2.21016568594257	2.13056070762439	8.66666666666667
1	2.28910017472623	1.9361643178148	8.66666666666667
1	2.36803466350989	1.74799858152474	8.66666666666667
1	2.44696915229356	1.56606349875423	8.66666666666667
1	2.52590364107722	1.39035906950325	8.66666666666667
1	2.60483812986088	1.22088529377181	8.66666666666667
1	2.68377261864455	1.05764217155991	8.66666666666667
1	2.76270710742821	0.900629702867543	8.66666666666667
1	2.84164159621187	0.749847887694718	8.66666666666667
1	2.92057608499554	0.605296726041431	8.66666666666667
1	2.9995105737792	0.466976217907682	8.66666666666667
1	3.07844506256286	0.334886363293471	8.66666666666667
1	3.15737955134653	0.209027162198798	8.66666666666667
1	3.23631404013019	0.0893986146236641	8.66666666666667
1	3.31524852891385	-0.0239992794319319	8.66666666666667
1	3.39418301769752	-0.13116651996799	8.66666666666667
1	3.47311750648118	-0.232103106984509	8.66666666666667
1	3.55205199526484	-0.326809040481491	8.66666666666667
1	3.63098648404851	-0.415284320458934	8.66666666666667
1	3.70992097283217	-0.497528946916838	8.66666666666667
1	3.78885546161583	-0.573542919855205	8.66666666666667
1	3.86778995039949	-0.643326239274033	8.66666666666667
1	3.94672443918316	-0.706878905173323	8.66666666666667
1	4.02565892796682	-0.764200917553075	8.66666666666667
1	4.10459341675048	-0.815292276413289	8.66666666666667
1	4.18352790553415	-0.860152981753964	8.66666666666667
1	4.26246239431781	-0.898783033575101	8.66666666666667
1	4.34139688310147	-0.9311824318767	8.66666666666667
1	4.42033137188514	-0.957351176658761	8.66666666666667
1	4.4992658606688	-0.977289267921283	8.66666666666667
1	4.57820034945246	-0.990996705664267	8.66666666666667
1	4.65713483823613	-0.998473489887713	8.66666666666667
1	4.73606932701979	-0.999719620591621	8.66666666666667
1	4.81500381580345	-0.99473509777599	8.66666666666667
1	4.89393830458712	-0.983519921440821	8.66666666666667
1	4.97287279337078	-0.966074091586114	8.66666666666667
1	5.05180728215444	-0.942397608211869	8.66666666666667
1	5.1307417709381	-0.912490471318086	8.66666666666667
1	5.20967625972177	-0.876352680904764	8.66666666666667
1	5.28861074850543	-0.833984236971904	8.66666666666667
1	5.36754523728909	-0.785385139519505	8.66666666666667
1	5.44647972607276	-0.730555388547569	8.66666666666667
1	5.52541421485642	-0.669494984056094	8.66666666666667
1	5.60434870364008	-0.602203926045081	8.66666666666667
1	5.68328319242375	-0.52868221451453	8.66666666666667
1	5.76221768120741	-0.448929849464441	8.66666666666667
1	5.84115216999107	-0.362946830894812	8.66666666666667
1	5.92008665877474	-0.270733158805647	8.66666666666667
1	5.9990211475584	-0.172288833196942	8.66666666666667
1	6.07795563634206	-0.0676138540687	8.66666666666667
1	6.15689012512573	0.0432917785790813	8.66666666666667
1	6.23582461390939	0.1604280647464	8.66666666666667
1	6.31475910269305	0.283795004433258	8.66666666666667
1	6.39369359147672	0.413392597639652	8.66666666666667
1	6.47262808026038	0.549220844365587	8.66666666666667
1	6.55156256904404	0.691279744611058	8.66666666666667
1	6.6304970578277	0.839569298376069	8.66666666666667
1	6.70943154661137	0.994089505660617	8.66666666666667
1	6.78836603539503	1.1548403664647	8.66666666666667
1	6.86730052417869	1.32182188078833	8.66666666666667
1	6.94623501296236	1.49503404863149	8.66666666666667
1	7.02516950174602	1.67447686999419	8.66666666666667
1	7.10410399052968	1.86015034487643	8.66666666666667
1	7.18303847931335	2.05205447327821	8.66666666666667
1	7.26197296809701	2.2	8.66666666666667
1	7.34090745688067	2.2	8.66666666666667
1	7.41984194566434	2.2	8.66666666666667
1	7.498776434448	2.2	8.66666666666667
1	7.57771092323166	2.2	8.66666666666667
1	7.65664541201533	2.2	8.66666666666667
1	7.73557990079899	2.2	8.66666666666667
1	7.81451438958265	2.2	8.66666666666667
1	7.89344887836631	2.2	8.66666666666667
1	7.97238336714998	2.2	8.66666666666667
1	8.05131785593364	2.2	8.66666666666667
1	8.1302523447173	2.2	8.66666666666667
1	8.20918683350097	2.2	8.66666666666667
1	8.28812132228463	2.2	8.66666666666667
1	8.36705581106829	2.2	8.66666666666667
1	8.44599029985196	2.2	8.66666666666667
1	8.52492478863562	2.2	8.66666666666667
1	8.60385927741928	2.2	8.66666666666667
1	8.68279376620295	2.2	8.66666666666667
1	8.76172825498661	2.2	8.66666666666667
1	8.84066274377027	2.2	8.66666666666667
1	8.91959723255394	2.2	8.66666666666667
1	8.9985317213376	2.2	8.66666666666667
1	9.07746621012126	2.2	8.66666666666667
1	9.15640069890492	2.2	8.66666666666667
1	9.23533518768859	2.2	8.66666666666667
1	9.31426967647225	2.2	8.66666666666667
1	9.39320416525591	2.2	8.66666666666667
1	9.47213865403958	2.2	8.66666666666667
1	9.55107314282324	2.2	8.66666666666667
1	9.6300076316069	2.2	8.66666666666667
1	9.70894212039057	2.2	8.66666666666667
1	9.78787660917423	2.2	8.66666666666667
1	9.86681109795789	2.2	8.66666666666667
1	9.94574558674156	2.2	8.66666666666667
1	10.0246800755252	2.2	8.66666666666667
1	10.1036145643089	2.2	8.66666666666667
1	10.1825490530925	2.2	8.66666666666667
1	10.2614835418762	2.2	8.66666666666667
1	10.3404180306599	2.2	8.66666666666667
1	10.4193525194435	2.2	8.66666666666667
1	10.4982870082272	2.2	8.66666666666667
1	10.5772214970109	2.2	8.66666666666667
1	10.6561559857945	2.2	8.66666666666667
1	10.7350904745782	2.2	8.66666666666667
1	10.8140249633619	2.2	8.66666666666667
1	10.8929594521455	2.2	8.66666666666667
1	10.9718939409292	2.2	8.66666666666667
1	11.0508284297128	2.2	8.66666666666667
1	11.1297629184965	2.2	8.66666666666667
1	11.2086974072802	2.2	8.66666666666667
1	11.2876318960638	2.2	8.66666666666667
1	11.3665663848475	2.2	8.66666666666667
1	11.4455008736312	2.2	8.66666666666667
1	11.5244353624148	2.2	8.66666666666667
1	11.6033698511985	2.2	8.66666666666667
1	11.6823043399821	2.2	8.66666666666667
1	11.7612388287658	2.2	8.66666666666667
1	11.8401733175495	2.2	8.66666666666667
1	11.9191078063331	2.2	8.66666666666667
1	11.9980422951168	2.2	8.66666666666667
1	12.0769767839005	2.2	8.66666666666667
1	12.1559112726841	2.2	8.66666666666667
1	12.2348457614678	2.2	8.66666666666667
1	12.3137802502515	2.2	8.66666666666667
1	12.3927147390351	2.2	8.66666666666667
1	12.4716492278188	2.2	8.66666666666667
1	12.5505837166024	2.2	8.66666666666667
1	12.6295182053861	2.2	8.66666666666667
1	12.7084526941698	2.2	8.66666666666667
1	12.7873871829534	2.2	8.66666666666667
1	12.8663216717371	2.2	8.66666666666667
1	12.9452561605208	2.2	8.66666666666667
1	13.0241906493044	2.2	8.66666666666667
1	13.1031251380881	2.2	8.66666666666667
1	13.1820596268717	2.2	8.66666666666667
1	13.2609941156554	2.2	8.66666666666667
1	13.3399286044391	2.2	8.66666666666667
1	13.4188630932227	2.2	8.66666666666667
1	13.4977975820064	2.2	8.66666666666667
1	13.5767320707901	2.2	8.66666666666667
1	13.6556665595737	2.2	8.66666666666667
1	13.7346010483574	2.2	8.66666666666667
1	13.8135355371411	2.2	8.66666666666667
1	13.8924700259247	2.2	8.66666666666667
1	13.9714045147084	2.2	8.66666666666667
1	14.050339003492	2.2	8.66666666666667
1	14.1292734922757	2.2	8.66666666666667
1	14.2082079810594	2.2	8.66666666666667
1	14.287142469843	2.2	8.66666666666667
1	14.3660769586267	2.2	8.66666666666667
1	14.4450114474104	2.2	8.66666666666667
1	14.523945936194	2.2	8.66666666666667
1	14.6028804249777	2.2	8.66666666666667
1	14.6818149137613	2.2	8.66666666666667
1	14.760749402545	2.2	8.66666666666667
1	14.8396838913287	2.2	8.66666666666667
1	14.9186183801123	2.2	8.66666666666667
1	14.997552868896	2.2	8.66666666666667
1	15.0764873576797	2.2	8.66666666666667
1	15.1554218464633	2.2	8.66666666666667
1	15.234356335247	2.2	8.66666666666667
1	15.3132908240307	2.2	8.66666666666667
1	15.3922253128143	2.2	8.66666666666667
1	15.471159801598	2.2	8.66666666666667
1	15.5500942903816	2.2	8.66666666666667
1	15.6290287791653	2.2	8.66666666666667
1	15.707963267949	2.2	8.66666666666667
1	0	2.2	9.66666666666667
1	0.0789344887836631	2.2	9.66666666666667
1	0.157868977567326	2.2	9.66666666666667
1	0.236803466350989	2.2	9.66666666666667
1	0.315737955134653	2.2	9.66666666666667
1	0.394672443918316	2.2	9.66666666666667
1	0.473606932701979	2.2	9.66666666666667
1	0.552541421485642	2.2	9.66666666666667
1	0.631475910269305	2.2	9.66666666666667
1	0.710410399052968	2.2	9.66666666666667
1	0.789344887836632	2.2	9.66666666666667
1	0.868279376620295	2.2	9.66666666666667
1	0.947213865403958	2.2	9.66666666666667
1	1.02614835418762	2.2	9.66666666666667
1	1.10508284297128	2.2	9.66666666666667
1	1.18401733175495	2.2	9.66666666666667
1	1.26295182053861	2.2	9.66666666666667
1	1.34188630932227	2.2	9.66666666666667
1	1.42082079810594	2.2	9.66666666666667
1	1.4997552868896	2.2	9.66666666666667
1	1.57868977567326	2.2	9.66666666666667
1	1.65762426445693	2.2	9.66666666666667
1	1.73655875324059	2.2	9.66666666666667
1	1.81549324202425	2.2	9.66666666666667
1	1.89442773080792	2.2	9.66666666666667
1	1.97336221959158	2.2	9.66666666666667
1	2.05229670837524	2.2	9.66666666666667
1	2.1312311971589	2.2	9.66666666666667
1	2.21016568594257	2.13056070762439	9.66666666666667
1	2.28910017472623	1.9361643178148	9.66666666666667
1	2.36803466350989	1.74799858152474	9.66666666666667
1	2.44696915229356	1.56606349875423	9.66666666666667
1	2.52590364107722	1.39035906950325	9.66666666666667
1	2.60483812986088	1.22088529377181	9.66666666666667
1	2.68377261864455	1.05764217155991	9.66666666666667
1	2.76270710742821	0.900629702867543	9.66666666666667
1	2.84164159621187	0.749847887694718	9.66666666666667
1	2.92057608499554	0.605296726041431	9.66666666666667
1	2.9995105737792	0.466976217907682	9.66666666666667
1	3.07844506256286	0.334886363293471	9.66666666666667
1	3.15737955134653	0.209027162198798	9.66666666666667
1	3.23631404013019	0.0893986146236641	9.66666666666667
1	3.31524852891385	-0.023999279431932	9.66666666666667
1	3.39418301769752	-0.13116651996799	9.66666666666667
1	3.47311750648118	-0.232103106984509	9.66666666666667
1	3.55205199526484	-0.326809040481491	9.66666666666667
1	3.63098648404851	-0.415284320458934	9.66666666666667
1	3.70992097283217	-0.497528946916838	9.66666666666667
1	3.78885546161583	-0.573542919855205	9.66666666666667
1	3.86778995039949	-0.643326239274033	9.66666666666667
1	3.94672443918316	-0.706878905173323	9.66666666666667
1	4.02565892796682	-0.764200917553075	9.66666666666667
1	4.10459341675048	-0.815292276413289	9.66666666666667
1	4.18352790553415	-0.860152981753964	9.66666666666667
1	4.26246239431781	-0.898783033575101	9.66666666666667
1	4.34139688310147	-0.9311824318767	9.66666666666667
1	4.42033137188514	-0.957351176658761	9.66666666666667
1	4.4992658606688	-0.977289267921283	9.66666666666667
1	4.57820034945246	-0.990996705664267	9.66666666666667
1	4.65713483823613	-0.998473489887713	9.66666666666667
1	4.73606932701979	-0.999719620591621	9.66666666666667
1	4.81500381580345	-0.99473509777599	9.66666666666667
1	4.89393830458712	-0.983519921440821	9.66666666666667
1	4.97287279337078	-0.966074091586114	9.66666666666667
1	5.05180728215444	-0.942397608211869	9.66666666666667
1	5.1307417709381	-0.912490471318085	9.66666666666667
1	5.20967625972177	-0.876352680904764	9.66666666666667
1	5.28861074850543	-0.833984236971904	9.66666666666667
1	5.36754523728909	-0.785385139519505	9.66666666666667
1	5.44647972607276	-0.730555388547569	9.66666666666667
1	5.52541421485642	-0.669494984056094	9.66666666666667
1	5.60434870364008	-0.602203926045081	9.66666666666667
1	5.68328319242375	-0.52868221451453	9.66666666666667
1	5.76221768120741	-0.448929849464441	9.66666666666667
1	5.84115216999107	-0.362946830894812	9.66666666666667
1	5.92008665877474	-0.270733158805647	9.66666666666667
1	5.9990211475584	-0.172288833196942	9.66666666666667
1	6.07795563634206	-0.0676138540687001	9.66666666666667
1	6.15689012512573	0.0432917785790814	9.66666666666667
1	6.23582461390939	0.1604280647464	9.66666666666667
1	6.31475910269305	0.283795004433258	9.66666666666667
1	6.39369359147672	0.413392597639652	9.66666666666667
1	6.47262808026038	0.549220844365587	9.66666666666667
1	6.55156256904404	0.691279744611058	9.66666666666667
1	6.6304970578277	0.839569298376069	9.66666666666667
1	6.70943154661137	0.994089505660616	9.66666666666667
1	6.78836603539503	1.1548403664647	9.66666666666667
1	6.86730052417869	1.32182188078833	9.66666666666667
1	6.94623501296236	1.49503404863149	9.66666666666667
1	7.02516950174602	1.67447686999419	9.66666666666667
1	7.10410399052968	1.86015034487643	9.66666666666667
1	7.18303847931335	2.05205447327821	9.66666666666667
1	7.26197296809701	2.2	9.66666666666667
1	7.34090745688067	2.2	9.66666666666667
1	7.41984194566434	2.2	9.66666666666667
1	7.498776434448	2.2	9.66666666666667
1	7.57771092323166	2.2	9.66666666666667
1	7.65664541201533	2.2	9.66666666666667
1	7.73557990079899	2.2	9.66666666666667
1	7.81451438958265	2.2	9.66666666666667
1	7.89344887836631	2.2	9.66666666666667
1	7.97238336714998	2.2	9.66666666666667
1	8.05131785593364	2.2	9.66666666666667
1	8.1302523447173	2.2	9.66666666666667
1	8.20918683350097	2.2	9.66666666666667
1	8.28812132228463	2.2	9.66666666666667
1	8.36705581106829	2.2	9.66666666666667
1	8.44599029985196	2.2	9.66666666666667
1	8.52492478863562	2.2	9.66666666666667
1	8.60385927741928	2.2	9.66666666666667
1	8.68279376620295	2.2	9.66666666666667
1	8.76172825498661	2.2	9.66666666666667
1	8.84066274377027	2.2	9.66666666666667
1	8.91959723255394	2.2	9.66666666666667
1	8.9985317213376	2.2	9.66666666666667
1	9.07746621012126	2.2	9.66666666666667
1	9.15640069890492	2.2	9.66666666666667
1	9.23533518768859	2.2	9.66666666666667
1	9.31426967647225	2.2	9.66666666666667
1	9.39320416525591	2.2	9.66666666666667
1	9.47213865403958	2.2	9.66666666666667
1	9.55107314282324	2.2	9.66666666666667
1	9.6300076316069	2.2	9.66666666666667
1	9.70894212039057	2.2	9.66666666666667
1	9.78787660917423	2.2	9.66666666666667
1	9.86681109795789	2.2	9.66666666666667
1	9.94574558674156	2.2	9.66666666666667
1	10.0246800755252	2.2	9.66666666666667
1	10.1036145643089	2.2	9.66666666666667
1	10.1825490530925	2.2	9.66666666666667
1	10.2614835418762	2.2	9.66666666666667
1	10.3404180306599	2.2	9.66666666666667
1	10.4193525194435	2.2	9.66666666666667
1	10.4982870082272	2.2	9.66666666666667
1	10.5772214970109	2.2	9.66666666666667
1	10.6561559857945	2.2	9.66666666666667
1	10.7350904745782	2.2	9.66666666666667
1	10.8140249633619	2.2	9.66666666666667
1	10.8929594521455	2.2	9.66666666666667
1	10.9718939409292	2.2	9.66666666666667
1	11.0508284297128	2.2	9.66666666666667
1	11.1297629184965	2.2	9.66666666666667
1	11.2086974072802	2.2	9.66666666666667
1	11.2876318960638	2.2	9.66666666666667
1	11.3665663848475	2.2	9.66666666666667
1	11.4455008736312	2.2	9.66666666666667
1	11.5244353624148	2.2	9.66666666666667
1	11.6033698511985	2.2	9.66666666666667
1	11.6823043399821	2.2	9.66666666666667
1	11.7612388287658	2.2	9.66666666666667
1	11.8401733175495	2.2	9.66666666666667
1	11.9191078063331	2.2	9.66666666666667
1	11.9980422951168	2.2	9.66666666666667
1	12.0769767839005	2.2	9.66666666666667
1	12.1559112726841	2.2	9.66666666666667
1	12.2348457614678	2.2	9.66666666666667
1	12.3137802502515	2.2	9.66666666666667
1	12.3927147390351	2.2	9.66666666666667
1	12.4716492278188	2.2	9.66666666666667
1	12.5505837166024	2.2	9.66666666666667
1	12.6295182053861	2.2	9.66666666666667
1	12.7084526941698	2.2	9.66666666666667
1	12.7873871829534	2.2	9.66666666666667
1	12.8663216717371	2.2	9.66666666666667
1	12.9452561605208	2.2	9.66666666666667
1	13.0241906493044	2.2	9.66666666666667
1	13.1031251380881	2.2	9.66666666666667
1	13.1820596268717	2.2	9.66666666666667
1	13.2609941156554	2.2	9.66666666666667
1	13.3399286044391	2.2	9.66666666666667
1	13.4188630932227	2.2	9.66666666666667
1	13.4977975820064	2.2	9.66666666666667
1	13.5767320707901	2.2	9.66666666666667
1	13.6556665595737	2.2	9.66666666666667
1	13.7346010483574	2.2	9.66666666666667
1	13.8135355371411	2.2	9.66666666666667
1	13.8924700259247	2.2	9.66666666666667
1	13.9714045147084	2.2	9.66666666666667
1	14.050339003492	2.2	9.66666666666667
1	14.1292734922757	2.2	9.66666666666667
1	14.2082079810594	2.2	9.66666666666667
1	14.287142469843	2.2	9.66666666666667
1	14.3660769586267	2.2	9.66666666666667
1	14.4450114474104	2.2	9.66666666666667
1	14.523945936194	2.2	9.66666666666667
1	14.6028804249777	2.2	9.66666666666667
1	14.6818149137613	2.2	9.66666666666667
1	14.760749402545	2.2	9.66666666666667
1	14.8396838913287	2.2	9.66666666666667
1	14.9186183801123	2.2	9.66666666666667
1	14.997552868896	2.2	9.66666666666667
1	15.0764873576797	2.2	9.66666666666667
1	15.1554218464633	2.2	9.66666666666667
1	15.234356335247	2.2	9.66666666666667
1	15.3132908240307	2.2	9.66666666666667
1	15.3922253128143	2.2	9.66666666666667
1	15.471159801598	2.2	9.66666666666667
1	15.5500942903816	2.2	9.66666666666667
1	15.6290287791653	2.2	9.66666666666667
1	15.707963267949	2.2	9.66666666666667
