group	x	y	showSelected2
1	0	-2.2	1.33333333333333
1	0.0789344887836631	-2.2	1.33333333333333
1	0.157868977567326	-2.2	1.33333333333333
1	0.236803466350989	-2.2	1.33333333333333
1	0.315737955134653	-2.2	1.33333333333333
1	0.394672443918316	-2.2	1.33333333333333
1	0.473606932701979	-2.2	1.33333333333333
1	0.552541421485642	-2.2	1.33333333333333
1	0.631475910269305	-2.2	1.33333333333333
1	0.710410399052968	-2.2	1.33333333333333
1	0.789344887836632	-2.2	1.33333333333333
1	0.868279376620295	-2.2	1.33333333333333
1	0.947213865403958	-2.2	1.33333333333333
1	1.02614835418762	-2.2	1.33333333333333
1	1.10508284297128	-2.2	1.33333333333333
1	1.18401733175495	-2.2	1.33333333333333
1	1.26295182053861	-2.2	1.33333333333333
1	1.34188630932227	-2.2	1.33333333333333
1	1.42082079810594	-2.2	1.33333333333333
1	1.4997552868896	-2.2	1.33333333333333
1	1.57868977567326	-2.2	1.33333333333333
1	1.65762426445693	-2.2	1.33333333333333
1	1.73655875324059	-2.2	1.33333333333333
1	1.81549324202425	-2.2	1.33333333333333
1	1.89442773080792	-2.2	1.33333333333333
1	1.97336221959158	-2.2	1.33333333333333
1	2.05229670837524	-2.2	1.33333333333333
1	2.1312311971589	-2.2	1.33333333333333
1	2.21016568594257	-2.2	1.33333333333333
1	2.28910017472623	-2.2	1.33333333333333
1	2.36803466350989	-2.2	1.33333333333333
1	2.44696915229356	-2.2	1.33333333333333
1	2.52590364107722	-2.2	1.33333333333333
1	2.60483812986088	-2.2	1.33333333333333
1	2.68377261864455	-2.2	1.33333333333333
1	2.76270710742821	-2.2	1.33333333333333
1	2.84164159621187	-2.2	1.33333333333333
1	2.92057608499554	-2.2	1.33333333333333
1	2.9995105737792	-2.2	1.33333333333333
1	3.07844506256286	-2.2	1.33333333333333
1	3.15737955134653	-2.2	1.33333333333333
1	3.23631404013019	-2.2	1.33333333333333
1	3.31524852891385	-2.2	1.33333333333333
1	3.39418301769752	-2.2	1.33333333333333
1	3.47311750648118	-2.2	1.33333333333333
1	3.55205199526484	-2.2	1.33333333333333
1	3.63098648404851	-2.2	1.33333333333333
1	3.70992097283217	-2.2	1.33333333333333
1	3.78885546161583	-2.2	1.33333333333333
1	3.86778995039949	-2.2	1.33333333333333
1	3.94672443918316	-2.2	1.33333333333333
1	4.02565892796682	-2.2	1.33333333333333
1	4.10459341675048	-2.2	1.33333333333333
1	4.18352790553415	-2.2	1.33333333333333
1	4.26246239431781	-2.2	1.33333333333333
1	4.34139688310147	-2.2	1.33333333333333
1	4.42033137188514	-2.2	1.33333333333333
1	4.4992658606688	-2.2	1.33333333333333
1	4.57820034945246	-2.2	1.33333333333333
1	4.65713483823613	-2.2	1.33333333333333
1	4.73606932701979	-2.2	1.33333333333333
1	4.81500381580345	-2.2	1.33333333333333
1	4.89393830458712	-2.2	1.33333333333333
1	4.97287279337078	-2.2	1.33333333333333
1	5.05180728215444	-2.2	1.33333333333333
1	5.1307417709381	-2.2	1.33333333333333
1	5.20967625972177	-2.2	1.33333333333333
1	5.28861074850543	-2.2	1.33333333333333
1	5.36754523728909	-2.2	1.33333333333333
1	5.44647972607276	-2.2	1.33333333333333
1	5.52541421485642	-2.2	1.33333333333333
1	5.60434870364008	-2.2	1.33333333333333
1	5.68328319242375	-2.2	1.33333333333333
1	5.76221768120741	-2.2	1.33333333333333
1	5.84115216999107	-2.2	1.33333333333333
1	5.92008665877474	-2.2	1.33333333333333
1	5.9990211475584	-2.2	1.33333333333333
1	6.07795563634206	-2.2	1.33333333333333
1	6.15689012512573	-2.2	1.33333333333333
1	6.23582461390939	-2.2	1.33333333333333
1	6.31475910269305	-2.2	1.33333333333333
1	6.39369359147672	-2.2	1.33333333333333
1	6.47262808026038	-2.2	1.33333333333333
1	6.55156256904404	-2.2	1.33333333333333
1	6.6304970578277	-2.2	1.33333333333333
1	6.70943154661137	-2.2	1.33333333333333
1	6.78836603539503	-2.2	1.33333333333333
1	6.86730052417869	-2.2	1.33333333333333
1	6.94623501296236	-2.2	1.33333333333333
1	7.02516950174602	-2.2	1.33333333333333
1	7.10410399052968	-2.2	1.33333333333333
1	7.18303847931335	-2.2	1.33333333333333
1	7.26197296809701	-2.2	1.33333333333333
1	7.34090745688067	-2.2	1.33333333333333
1	7.41984194566434	-2.2	1.33333333333333
1	7.498776434448	-2.2	1.33333333333333
1	7.57771092323166	-2.2	1.33333333333333
1	7.65664541201533	-2.2	1.33333333333333
1	7.73557990079899	-2.2	1.33333333333333
1	7.81451438958265	-2.2	1.33333333333333
1	7.89344887836631	-2.2	1.33333333333333
1	7.97238336714998	-2.2	1.33333333333333
1	8.05131785593364	-2.2	1.33333333333333
1	8.1302523447173	-2.2	1.33333333333333
1	8.20918683350097	-2.2	1.33333333333333
1	8.28812132228463	-2.2	1.33333333333333
1	8.36705581106829	-2.2	1.33333333333333
1	8.44599029985196	-2.2	1.33333333333333
1	8.52492478863562	-2.2	1.33333333333333
1	8.60385927741928	-2.2	1.33333333333333
1	8.68279376620295	-2.2	1.33333333333333
1	8.76172825498661	-2.2	1.33333333333333
1	8.84066274377027	-2.2	1.33333333333333
1	8.91959723255394	-2.2	1.33333333333333
1	8.9985317213376	-2.2	1.33333333333333
1	9.07746621012126	-2.2	1.33333333333333
1	9.15640069890492	-2.2	1.33333333333333
1	9.23533518768859	-2.2	1.33333333333333
1	9.31426967647225	-2.2	1.33333333333333
1	9.39320416525591	-2.2	1.33333333333333
1	9.47213865403958	-2.2	1.33333333333333
1	9.55107314282324	-2.2	1.33333333333333
1	9.6300076316069	-2.2	1.33333333333333
1	9.70894212039057	-2.2	1.33333333333333
1	9.78787660917423	-2.2	1.33333333333333
1	9.86681109795789	-2.2	1.33333333333333
1	9.94574558674156	-2.2	1.33333333333333
1	10.0246800755252	-2.2	1.33333333333333
1	10.1036145643089	-2.2	1.33333333333333
1	10.1825490530925	-2.2	1.33333333333333
1	10.2614835418762	-2.13374171466049	1.33333333333333
1	10.3404180306599	-2.066493227275	1.33333333333333
1	10.4193525194435	-1.99883151112635	1.33333333333333
1	10.4982870082272	-1.93075656621455	1.33333333333333
1	10.5772214970109	-1.86226839253959	1.33333333333333
1	10.6561559857945	-1.79336699010148	1.33333333333333
1	10.7350904745782	-1.72405235890022	1.33333333333333
1	10.8140249633619	-1.6543244989358	1.33333333333333
1	10.8929594521455	-1.58418341020823	1.33333333333333
1	10.9718939409292	-1.51362909271751	1.33333333333333
1	11.0508284297128	-1.44266154646363	1.33333333333333
1	11.1297629184965	-1.3712807714466	1.33333333333333
1	11.2086974072802	-1.29948676766641	1.33333333333333
1	11.2876318960638	-1.22727953512307	1.33333333333333
1	11.3665663848475	-1.15465907381658	1.33333333333333
1	11.4455008736312	-1.08162538374693	1.33333333333333
1	11.5244353624148	-1.00817846491413	1.33333333333333
1	11.6033698511985	-0.934318317318179	1.33333333333333
1	11.6823043399821	-0.860044940959072	1.33333333333333
1	11.7612388287658	-0.785358335836811	1.33333333333333
1	11.8401733175495	-0.710258501951396	1.33333333333333
1	11.9191078063331	-0.634745439302826	1.33333333333333
1	11.9980422951168	-0.558819147891104	1.33333333333333
1	12.0769767839005	-0.482479627716229	1.33333333333333
1	12.1559112726841	-0.405726878778199	1.33333333333333
1	12.2348457614678	-0.328560901077014	1.33333333333333
1	12.3137802502515	-0.250981694612678	1.33333333333333
1	12.3927147390351	-0.172989259385187	1.33333333333333
1	12.4716492278188	-0.0945835953945427	1.33333333333333
1	12.5505837166024	-0.015764702640743	1.33333333333333
1	12.6295182053861	0.0634674188762087	1.33333333333333
1	12.7084526941698	0.143112769156314	1.33333333333333
1	12.7873871829534	0.223171348199573	1.33333333333333
1	12.8663216717371	0.303643156005986	1.33333333333333
1	12.9452561605208	0.384528192575554	1.33333333333333
1	13.0241906493044	0.465826457908275	1.33333333333333
1	13.1031251380881	0.547537952004149	1.33333333333333
1	13.1820596268717	0.629662674863176	1.33333333333333
1	13.2609941156554	0.712200626485359	1.33333333333333
1	13.3399286044391	0.795151806870695	1.33333333333333
1	13.4188630932227	0.878516216019184	1.33333333333333
1	13.4977975820064	0.962293853930826	1.33333333333333
1	13.5767320707901	1.04648472060562	1.33333333333333
1	13.6556665595737	1.13108881604357	1.33333333333333
1	13.7346010483574	1.21610614024468	1.33333333333333
1	13.8135355371411	1.30153669320893	1.33333333333333
1	13.8924700259247	1.38738047493635	1.33333333333333
1	13.9714045147084	1.47363748542691	1.33333333333333
1	14.050339003492	1.56030772468063	1.33333333333333
1	14.1292734922757	1.6473911926975	1.33333333333333
1	14.2082079810594	1.73488788947753	1.33333333333333
1	14.287142469843	1.82279781502071	1.33333333333333
1	14.3660769586267	1.91112096932704	1.33333333333333
1	14.4450114474104	1.99985735239653	1.33333333333333
1	14.523945936194	2.08900696422917	1.33333333333333
1	14.6028804249777	2.17856980482497	1.33333333333333
1	14.6818149137613	2.2	1.33333333333333
1	14.760749402545	2.2	1.33333333333333
1	14.8396838913287	2.2	1.33333333333333
1	14.9186183801123	2.2	1.33333333333333
1	14.997552868896	2.2	1.33333333333333
1	15.0764873576797	2.2	1.33333333333333
1	15.1554218464633	2.2	1.33333333333333
1	15.234356335247	2.2	1.33333333333333
1	15.3132908240307	2.2	1.33333333333333
1	15.3922253128143	2.2	1.33333333333333
1	15.471159801598	2.2	1.33333333333333
1	15.5500942903816	2.2	1.33333333333333
1	15.6290287791653	2.2	1.33333333333333
1	15.707963267949	2.2	1.33333333333333
1	0	-0.84711423387001	2.33333333333333
1	0.0789344887836631	-0.797761118592132	2.33333333333333
1	0.157868977567326	-0.744906314211419	2.33333333333333
1	0.236803466350989	-0.688549820727872	2.33333333333333
1	0.315737955134653	-0.62869163814149	2.33333333333333
1	0.394672443918316	-0.565331766452273	2.33333333333333
1	0.473606932701979	-0.49847020566022	2.33333333333333
1	0.552541421485642	-0.428106955765334	2.33333333333333
1	0.631475910269305	-0.354242016767611	2.33333333333333
1	0.710410399052968	-0.276875388667055	2.33333333333333
1	0.789344887836632	-0.196007071463663	2.33333333333333
1	0.868279376620295	-0.111637065157437	2.33333333333333
1	0.947213865403958	-0.0237653697483755	2.33333333333333
1	1.02614835418762	0.0676080147635205	2.33333333333333
1	1.10508284297128	0.162483088378252	2.33333333333333
1	1.18401733175495	0.260859851095817	2.33333333333333
1	1.26295182053861	0.362738302916219	2.33333333333333
1	1.34188630932227	0.468118443839453	2.33333333333333
1	1.42082079810594	0.577000273865525	2.33333333333333
1	1.4997552868896	0.68938379299443	2.33333333333333
1	1.57868977567326	0.805269001226171	2.33333333333333
1	1.65762426445693	0.924655898560744	2.33333333333333
1	1.73655875324059	1.04754448499815	2.33333333333333
1	1.81549324202425	1.1739347605384	2.33333333333333
1	1.89442773080792	1.30382672518148	2.33333333333333
1	1.97336221959158	1.43722037892739	2.33333333333333
1	2.05229670837524	1.57411572177614	2.33333333333333
1	2.1312311971589	1.71451275372773	2.33333333333333
1	2.21016568594257	1.85841147478215	2.33333333333333
1	2.28910017472623	2.0058118849394	2.33333333333333
1	2.36803466350989	2.15671398419949	2.33333333333333
1	2.44696915229356	2.2	2.33333333333333
1	2.52590364107722	2.2	2.33333333333333
1	2.60483812986088	2.2	2.33333333333333
1	2.68377261864455	2.2	2.33333333333333
1	2.76270710742821	2.2	2.33333333333333
1	2.84164159621187	2.2	2.33333333333333
1	2.92057608499554	2.2	2.33333333333333
1	2.9995105737792	2.2	2.33333333333333
1	3.07844506256286	2.2	2.33333333333333
1	3.15737955134653	2.2	2.33333333333333
1	3.23631404013019	2.2	2.33333333333333
1	3.31524852891385	2.2	2.33333333333333
1	3.39418301769752	2.2	2.33333333333333
1	3.47311750648118	2.2	2.33333333333333
1	3.55205199526484	2.2	2.33333333333333
1	3.63098648404851	2.2	2.33333333333333
1	3.70992097283217	2.2	2.33333333333333
1	3.78885546161583	2.2	2.33333333333333
1	3.86778995039949	2.2	2.33333333333333
1	3.94672443918316	2.2	2.33333333333333
1	4.02565892796682	2.2	2.33333333333333
1	4.10459341675048	2.2	2.33333333333333
1	4.18352790553415	2.2	2.33333333333333
1	4.26246239431781	2.2	2.33333333333333
1	4.34139688310147	2.2	2.33333333333333
1	4.42033137188514	2.2	2.33333333333333
1	4.4992658606688	2.2	2.33333333333333
1	4.57820034945246	2.2	2.33333333333333
1	4.65713483823613	2.2	2.33333333333333
1	4.73606932701979	2.2	2.33333333333333
1	4.81500381580345	2.2	2.33333333333333
1	4.89393830458712	2.2	2.33333333333333
1	4.97287279337078	2.2	2.33333333333333
1	5.05180728215444	2.2	2.33333333333333
1	5.1307417709381	2.2	2.33333333333333
1	5.20967625972177	2.2	2.33333333333333
1	5.28861074850543	2.2	2.33333333333333
1	5.36754523728909	2.2	2.33333333333333
1	5.44647972607276	2.2	2.33333333333333
1	5.52541421485642	2.2	2.33333333333333
1	5.60434870364008	2.2	2.33333333333333
1	5.68328319242375	2.2	2.33333333333333
1	5.76221768120741	2.2	2.33333333333333
1	5.84115216999107	2.2	2.33333333333333
1	5.92008665877474	2.2	2.33333333333333
1	5.9990211475584	2.2	2.33333333333333
1	6.07795563634206	2.2	2.33333333333333
1	6.15689012512573	2.2	2.33333333333333
1	6.23582461390939	2.2	2.33333333333333
1	6.31475910269305	2.2	2.33333333333333
1	6.39369359147672	2.2	2.33333333333333
1	6.47262808026038	2.2	2.33333333333333
1	6.55156256904404	2.2	2.33333333333333
1	6.6304970578277	2.2	2.33333333333333
1	6.70943154661137	2.2	2.33333333333333
1	6.78836603539503	2.2	2.33333333333333
1	6.86730052417869	2.2	2.33333333333333
1	6.94623501296236	2.2	2.33333333333333
1	7.02516950174602	2.2	2.33333333333333
1	7.10410399052968	2.2	2.33333333333333
1	7.18303847931335	2.2	2.33333333333333
1	7.26197296809701	2.2	2.33333333333333
1	7.34090745688067	2.2	2.33333333333333
1	7.41984194566434	2.2	2.33333333333333
1	7.498776434448	2.2	2.33333333333333
1	7.57771092323166	2.2	2.33333333333333
1	7.65664541201533	2.2	2.33333333333333
1	7.73557990079899	2.2	2.33333333333333
1	7.81451438958265	2.2	2.33333333333333
1	7.89344887836631	2.2	2.33333333333333
1	7.97238336714998	2.2	2.33333333333333
1	8.05131785593364	2.2	2.33333333333333
1	8.1302523447173	2.2	2.33333333333333
1	8.20918683350097	2.2	2.33333333333333
1	8.28812132228463	2.2	2.33333333333333
1	8.36705581106829	2.2	2.33333333333333
1	8.44599029985196	2.2	2.33333333333333
1	8.52492478863562	2.2	2.33333333333333
1	8.60385927741928	2.2	2.33333333333333
1	8.68279376620295	2.2	2.33333333333333
1	8.76172825498661	2.2	2.33333333333333
1	8.84066274377027	2.2	2.33333333333333
1	8.91959723255394	2.2	2.33333333333333
1	8.9985317213376	2.2	2.33333333333333
1	9.07746621012126	2.2	2.33333333333333
1	9.15640069890492	2.2	2.33333333333333
1	9.23533518768859	2.2	2.33333333333333
1	9.31426967647225	2.2	2.33333333333333
1	9.39320416525591	2.2	2.33333333333333
1	9.47213865403958	2.2	2.33333333333333
1	9.55107314282324	2.2	2.33333333333333
1	9.6300076316069	2.2	2.33333333333333
1	9.70894212039057	2.2	2.33333333333333
1	9.78787660917423	2.2	2.33333333333333
1	9.86681109795789	2.2	2.33333333333333
1	9.94574558674156	2.2	2.33333333333333
1	10.0246800755252	2.2	2.33333333333333
1	10.1036145643089	2.2	2.33333333333333
1	10.1825490530925	2.2	2.33333333333333
1	10.2614835418762	2.2	2.33333333333333
1	10.3404180306599	2.2	2.33333333333333
1	10.4193525194435	2.2	2.33333333333333
1	10.4982870082272	2.2	2.33333333333333
1	10.5772214970109	2.2	2.33333333333333
1	10.6561559857945	2.2	2.33333333333333
1	10.7350904745782	2.2	2.33333333333333
1	10.8140249633619	2.2	2.33333333333333
1	10.8929594521455	2.2	2.33333333333333
1	10.9718939409292	2.2	2.33333333333333
1	11.0508284297128	2.2	2.33333333333333
1	11.1297629184965	2.2	2.33333333333333
1	11.2086974072802	2.2	2.33333333333333
1	11.2876318960638	2.2	2.33333333333333
1	11.3665663848475	2.2	2.33333333333333
1	11.4455008736312	2.2	2.33333333333333
1	11.5244353624148	2.2	2.33333333333333
1	11.6033698511985	2.2	2.33333333333333
1	11.6823043399821	2.2	2.33333333333333
1	11.7612388287658	2.2	2.33333333333333
1	11.8401733175495	2.2	2.33333333333333
1	11.9191078063331	2.2	2.33333333333333
1	11.9980422951168	2.2	2.33333333333333
1	12.0769767839005	2.2	2.33333333333333
1	12.1559112726841	2.2	2.33333333333333
1	12.2348457614678	2.2	2.33333333333333
1	12.3137802502515	2.2	2.33333333333333
1	12.3927147390351	2.2	2.33333333333333
1	12.4716492278188	2.2	2.33333333333333
1	12.5505837166024	2.2	2.33333333333333
1	12.6295182053861	2.2	2.33333333333333
1	12.7084526941698	2.2	2.33333333333333
1	12.7873871829534	2.2	2.33333333333333
1	12.8663216717371	2.2	2.33333333333333
1	12.9452561605208	2.2	2.33333333333333
1	13.0241906493044	2.2	2.33333333333333
1	13.1031251380881	2.2	2.33333333333333
1	13.1820596268717	2.2	2.33333333333333
1	13.2609941156554	2.2	2.33333333333333
1	13.3399286044391	2.2	2.33333333333333
1	13.4188630932227	2.2	2.33333333333333
1	13.4977975820064	2.2	2.33333333333333
1	13.5767320707901	2.2	2.33333333333333
1	13.6556665595737	2.2	2.33333333333333
1	13.7346010483574	2.2	2.33333333333333
1	13.8135355371411	2.2	2.33333333333333
1	13.8924700259247	2.2	2.33333333333333
1	13.9714045147084	2.2	2.33333333333333
1	14.050339003492	2.2	2.33333333333333
1	14.1292734922757	2.2	2.33333333333333
1	14.2082079810594	2.2	2.33333333333333
1	14.287142469843	2.2	2.33333333333333
1	14.3660769586267	2.2	2.33333333333333
1	14.4450114474104	2.2	2.33333333333333
1	14.523945936194	2.2	2.33333333333333
1	14.6028804249777	2.2	2.33333333333333
1	14.6818149137613	2.2	2.33333333333333
1	14.760749402545	2.2	2.33333333333333
1	14.8396838913287	2.2	2.33333333333333
1	14.9186183801123	2.2	2.33333333333333
1	14.997552868896	2.2	2.33333333333333
1	15.0764873576797	2.2	2.33333333333333
1	15.1554218464633	2.2	2.33333333333333
1	15.234356335247	2.2	2.33333333333333
1	15.3132908240307	2.2	2.33333333333333
1	15.3922253128143	2.2	2.33333333333333
1	15.471159801598	2.2	2.33333333333333
1	15.5500942903816	2.2	2.33333333333333
1	15.6290287791653	2.2	2.33333333333333
1	15.707963267949	2.2	2.33333333333333
1	0	0.139522092074282	3.33333333333333
1	0.0789344887836631	0.254369231435792	3.33333333333333
1	0.157868977567326	0.374690979221685	3.33333333333333
1	0.236803466350989	0.500487335431961	3.33333333333333
1	0.315737955134653	0.63175830006662	3.33333333333333
1	0.394672443918316	0.768503873125661	3.33333333333333
1	0.473606932701979	0.910724054609085	3.33333333333333
1	0.552541421485642	1.05841884451689	3.33333333333333
1	0.631475910269305	1.21158824284908	3.33333333333333
1	0.710410399052968	1.37023224960565	3.33333333333333
1	0.789344887836632	1.53435086478661	3.33333333333333
1	0.868279376620295	1.70394408839195	3.33333333333333
1	0.947213865403958	1.87901192042167	3.33333333333333
1	1.02614835418762	2.05955436087577	3.33333333333333
1	1.10508284297128	2.2	3.33333333333333
1	1.18401733175495	2.2	3.33333333333333
1	1.26295182053861	2.2	3.33333333333333
1	1.34188630932227	2.2	3.33333333333333
1	1.42082079810594	2.2	3.33333333333333
1	1.4997552868896	2.2	3.33333333333333
1	1.57868977567326	2.2	3.33333333333333
1	1.65762426445693	2.2	3.33333333333333
1	1.73655875324059	2.2	3.33333333333333
1	1.81549324202425	2.2	3.33333333333333
1	1.89442773080792	2.2	3.33333333333333
1	1.97336221959158	2.2	3.33333333333333
1	2.05229670837524	2.2	3.33333333333333
1	2.1312311971589	2.2	3.33333333333333
1	2.21016568594257	2.2	3.33333333333333
1	2.28910017472623	2.2	3.33333333333333
1	2.36803466350989	2.2	3.33333333333333
1	2.44696915229356	2.2	3.33333333333333
1	2.52590364107722	2.2	3.33333333333333
1	2.60483812986088	2.2	3.33333333333333
1	2.68377261864455	2.2	3.33333333333333
1	2.76270710742821	2.2	3.33333333333333
1	2.84164159621187	2.2	3.33333333333333
1	2.92057608499554	2.2	3.33333333333333
1	2.9995105737792	2.2	3.33333333333333
1	3.07844506256286	2.2	3.33333333333333
1	3.15737955134653	2.2	3.33333333333333
1	3.23631404013019	2.2	3.33333333333333
1	3.31524852891385	2.2	3.33333333333333
1	3.39418301769752	2.2	3.33333333333333
1	3.47311750648118	2.2	3.33333333333333
1	3.55205199526484	2.2	3.33333333333333
1	3.63098648404851	2.2	3.33333333333333
1	3.70992097283217	2.2	3.33333333333333
1	3.78885546161583	2.2	3.33333333333333
1	3.86778995039949	2.2	3.33333333333333
1	3.94672443918316	2.2	3.33333333333333
1	4.02565892796682	2.2	3.33333333333333
1	4.10459341675048	2.2	3.33333333333333
1	4.18352790553415	2.2	3.33333333333333
1	4.26246239431781	2.2	3.33333333333333
1	4.34139688310147	2.2	3.33333333333333
1	4.42033137188514	2.2	3.33333333333333
1	4.4992658606688	2.2	3.33333333333333
1	4.57820034945246	2.2	3.33333333333333
1	4.65713483823613	2.2	3.33333333333333
1	4.73606932701979	2.2	3.33333333333333
1	4.81500381580345	2.2	3.33333333333333
1	4.89393830458712	2.2	3.33333333333333
1	4.97287279337078	2.2	3.33333333333333
1	5.05180728215444	2.2	3.33333333333333
1	5.1307417709381	2.2	3.33333333333333
1	5.20967625972177	2.2	3.33333333333333
1	5.28861074850543	2.2	3.33333333333333
1	5.36754523728909	2.2	3.33333333333333
1	5.44647972607276	2.2	3.33333333333333
1	5.52541421485642	2.2	3.33333333333333
1	5.60434870364008	2.2	3.33333333333333
1	5.68328319242375	2.2	3.33333333333333
1	5.76221768120741	2.2	3.33333333333333
1	5.84115216999107	2.2	3.33333333333333
1	5.92008665877474	2.2	3.33333333333333
1	5.9990211475584	2.2	3.33333333333333
1	6.07795563634206	2.2	3.33333333333333
1	6.15689012512573	2.2	3.33333333333333
1	6.23582461390939	2.2	3.33333333333333
1	6.31475910269305	2.2	3.33333333333333
1	6.39369359147672	2.2	3.33333333333333
1	6.47262808026038	2.2	3.33333333333333
1	6.55156256904404	2.2	3.33333333333333
1	6.6304970578277	2.2	3.33333333333333
1	6.70943154661137	2.2	3.33333333333333
1	6.78836603539503	2.2	3.33333333333333
1	6.86730052417869	2.2	3.33333333333333
1	6.94623501296236	2.2	3.33333333333333
1	7.02516950174602	2.2	3.33333333333333
1	7.10410399052968	2.2	3.33333333333333
1	7.18303847931335	2.2	3.33333333333333
1	7.26197296809701	2.2	3.33333333333333
1	7.34090745688067	2.2	3.33333333333333
1	7.41984194566434	2.2	3.33333333333333
1	7.498776434448	2.2	3.33333333333333
1	7.57771092323166	2.2	3.33333333333333
1	7.65664541201533	2.2	3.33333333333333
1	7.73557990079899	2.2	3.33333333333333
1	7.81451438958265	2.2	3.33333333333333
1	7.89344887836631	2.2	3.33333333333333
1	7.97238336714998	2.2	3.33333333333333
1	8.05131785593364	2.2	3.33333333333333
1	8.1302523447173	2.2	3.33333333333333
1	8.20918683350097	2.2	3.33333333333333
1	8.28812132228463	2.2	3.33333333333333
1	8.36705581106829	2.2	3.33333333333333
1	8.44599029985196	2.2	3.33333333333333
1	8.52492478863562	2.2	3.33333333333333
1	8.60385927741928	2.2	3.33333333333333
1	8.68279376620295	2.2	3.33333333333333
1	8.76172825498661	2.2	3.33333333333333
1	8.84066274377027	2.2	3.33333333333333
1	8.91959723255394	2.2	3.33333333333333
1	8.9985317213376	2.2	3.33333333333333
1	9.07746621012126	2.2	3.33333333333333
1	9.15640069890492	2.2	3.33333333333333
1	9.23533518768859	2.2	3.33333333333333
1	9.31426967647225	2.2	3.33333333333333
1	9.39320416525591	2.2	3.33333333333333
1	9.47213865403958	2.2	3.33333333333333
1	9.55107314282324	2.2	3.33333333333333
1	9.6300076316069	2.2	3.33333333333333
1	9.70894212039057	2.2	3.33333333333333
1	9.78787660917423	2.2	3.33333333333333
1	9.86681109795789	2.2	3.33333333333333
1	9.94574558674156	2.2	3.33333333333333
1	10.0246800755252	2.2	3.33333333333333
1	10.1036145643089	2.2	3.33333333333333
1	10.1825490530925	2.2	3.33333333333333
1	10.2614835418762	2.2	3.33333333333333
1	10.3404180306599	2.2	3.33333333333333
1	10.4193525194435	2.2	3.33333333333333
1	10.4982870082272	2.2	3.33333333333333
1	10.5772214970109	2.2	3.33333333333333
1	10.6561559857945	2.2	3.33333333333333
1	10.7350904745782	2.2	3.33333333333333
1	10.8140249633619	2.2	3.33333333333333
1	10.8929594521455	2.2	3.33333333333333
1	10.9718939409292	2.2	3.33333333333333
1	11.0508284297128	2.2	3.33333333333333
1	11.1297629184965	2.2	3.33333333333333
1	11.2086974072802	2.2	3.33333333333333
1	11.2876318960638	2.2	3.33333333333333
1	11.3665663848475	2.2	3.33333333333333
1	11.4455008736312	2.2	3.33333333333333
1	11.5244353624148	2.2	3.33333333333333
1	11.6033698511985	2.2	3.33333333333333
1	11.6823043399821	2.2	3.33333333333333
1	11.7612388287658	2.2	3.33333333333333
1	11.8401733175495	2.2	3.33333333333333
1	11.9191078063331	2.2	3.33333333333333
1	11.9980422951168	2.2	3.33333333333333
1	12.0769767839005	2.2	3.33333333333333
1	12.1559112726841	2.2	3.33333333333333
1	12.2348457614678	2.2	3.33333333333333
1	12.3137802502515	2.2	3.33333333333333
1	12.3927147390351	2.2	3.33333333333333
1	12.4716492278188	2.2	3.33333333333333
1	12.5505837166024	2.2	3.33333333333333
1	12.6295182053861	2.2	3.33333333333333
1	12.7084526941698	2.2	3.33333333333333
1	12.7873871829534	2.2	3.33333333333333
1	12.8663216717371	2.2	3.33333333333333
1	12.9452561605208	2.2	3.33333333333333
1	13.0241906493044	2.2	3.33333333333333
1	13.1031251380881	2.2	3.33333333333333
1	13.1820596268717	2.2	3.33333333333333
1	13.2609941156554	2.2	3.33333333333333
1	13.3399286044391	2.2	3.33333333333333
1	13.4188630932227	2.2	3.33333333333333
1	13.4977975820064	2.2	3.33333333333333
1	13.5767320707901	2.2	3.33333333333333
1	13.6556665595737	2.2	3.33333333333333
1	13.7346010483574	2.2	3.33333333333333
1	13.8135355371411	2.2	3.33333333333333
1	13.8924700259247	2.2	3.33333333333333
1	13.9714045147084	2.2	3.33333333333333
1	14.050339003492	2.2	3.33333333333333
1	14.1292734922757	2.2	3.33333333333333
1	14.2082079810594	2.2	3.33333333333333
1	14.287142469843	2.2	3.33333333333333
1	14.3660769586267	2.2	3.33333333333333
1	14.4450114474104	2.2	3.33333333333333
1	14.523945936194	2.2	3.33333333333333
1	14.6028804249777	2.2	3.33333333333333
1	14.6818149137613	2.2	3.33333333333333
1	14.760749402545	2.2	3.33333333333333
1	14.8396838913287	2.2	3.33333333333333
1	14.9186183801123	2.2	3.33333333333333
1	14.997552868896	2.2	3.33333333333333
1	15.0764873576797	2.2	3.33333333333333
1	15.1554218464633	2.2	3.33333333333333
1	15.234356335247	2.2	3.33333333333333
1	15.3132908240307	2.2	3.33333333333333
1	15.3922253128143	2.2	3.33333333333333
1	15.471159801598	2.2	3.33333333333333
1	15.5500942903816	2.2	3.33333333333333
1	15.6290287791653	2.2	3.33333333333333
1	15.707963267949	2.2	3.33333333333333
1	0	0.23236581329361	4.33333333333333
1	0.0789344887836631	0.359336311877432	4.33333333333333
1	0.157868977567326	0.492530977066948	4.33333333333333
1	0.236803466350989	0.631949808862157	4.33333333333333
1	0.315737955134653	0.77759280726306	4.33333333333333
1	0.394672443918316	0.929459972269655	4.33333333333333
1	0.473606932701979	1.08755130388195	4.33333333333333
1	0.552541421485642	1.25186680209993	4.33333333333333
1	0.631475910269305	1.4224064669236	4.33333333333333
1	0.710410399052968	1.59917029835297	4.33333333333333
1	0.789344887836632	1.78215829638804	4.33333333333333
1	0.868279376620295	1.9713704610288	4.33333333333333
1	0.947213865403958	2.16680679227525	4.33333333333333
1	1.02614835418762	2.2	4.33333333333333
1	1.10508284297128	2.2	4.33333333333333
1	1.18401733175495	2.2	4.33333333333333
1	1.26295182053861	2.2	4.33333333333333
1	1.34188630932227	2.2	4.33333333333333
1	1.42082079810594	2.2	4.33333333333333
1	1.4997552868896	2.2	4.33333333333333
1	1.57868977567326	2.2	4.33333333333333
1	1.65762426445693	2.2	4.33333333333333
1	1.73655875324059	2.2	4.33333333333333
1	1.81549324202425	2.2	4.33333333333333
1	1.89442773080792	2.2	4.33333333333333
1	1.97336221959158	2.2	4.33333333333333
1	2.05229670837524	2.2	4.33333333333333
1	2.1312311971589	2.2	4.33333333333333
1	2.21016568594257	2.2	4.33333333333333
1	2.28910017472623	2.2	4.33333333333333
1	2.36803466350989	2.2	4.33333333333333
1	2.44696915229356	2.2	4.33333333333333
1	2.52590364107722	2.2	4.33333333333333
1	2.60483812986088	2.2	4.33333333333333
1	2.68377261864455	2.2	4.33333333333333
1	2.76270710742821	2.2	4.33333333333333
1	2.84164159621187	2.2	4.33333333333333
1	2.92057608499554	2.2	4.33333333333333
1	2.9995105737792	2.2	4.33333333333333
1	3.07844506256286	2.2	4.33333333333333
1	3.15737955134653	2.2	4.33333333333333
1	3.23631404013019	2.2	4.33333333333333
1	3.31524852891385	2.2	4.33333333333333
1	3.39418301769752	2.2	4.33333333333333
1	3.47311750648118	2.2	4.33333333333333
1	3.55205199526484	2.2	4.33333333333333
1	3.63098648404851	2.2	4.33333333333333
1	3.70992097283217	2.2	4.33333333333333
1	3.78885546161583	2.2	4.33333333333333
1	3.86778995039949	2.2	4.33333333333333
1	3.94672443918316	2.2	4.33333333333333
1	4.02565892796682	2.2	4.33333333333333
1	4.10459341675048	2.2	4.33333333333333
1	4.18352790553415	2.2	4.33333333333333
1	4.26246239431781	2.2	4.33333333333333
1	4.34139688310147	2.2	4.33333333333333
1	4.42033137188514	2.2	4.33333333333333
1	4.4992658606688	2.2	4.33333333333333
1	4.57820034945246	2.2	4.33333333333333
1	4.65713483823613	2.2	4.33333333333333
1	4.73606932701979	2.2	4.33333333333333
1	4.81500381580345	2.2	4.33333333333333
1	4.89393830458712	2.2	4.33333333333333
1	4.97287279337078	2.2	4.33333333333333
1	5.05180728215444	2.2	4.33333333333333
1	5.1307417709381	2.2	4.33333333333333
1	5.20967625972177	2.2	4.33333333333333
1	5.28861074850543	2.2	4.33333333333333
1	5.36754523728909	2.2	4.33333333333333
1	5.44647972607276	2.2	4.33333333333333
1	5.52541421485642	2.2	4.33333333333333
1	5.60434870364008	2.2	4.33333333333333
1	5.68328319242375	2.2	4.33333333333333
1	5.76221768120741	2.2	4.33333333333333
1	5.84115216999107	2.2	4.33333333333333
1	5.92008665877474	2.2	4.33333333333333
1	5.9990211475584	2.2	4.33333333333333
1	6.07795563634206	2.2	4.33333333333333
1	6.15689012512573	2.2	4.33333333333333
1	6.23582461390939	2.2	4.33333333333333
1	6.31475910269305	2.2	4.33333333333333
1	6.39369359147672	2.2	4.33333333333333
1	6.47262808026038	2.2	4.33333333333333
1	6.55156256904404	2.2	4.33333333333333
1	6.6304970578277	2.2	4.33333333333333
1	6.70943154661137	2.2	4.33333333333333
1	6.78836603539503	2.2	4.33333333333333
1	6.86730052417869	2.2	4.33333333333333
1	6.94623501296236	2.2	4.33333333333333
1	7.02516950174602	2.2	4.33333333333333
1	7.10410399052968	2.2	4.33333333333333
1	7.18303847931335	2.2	4.33333333333333
1	7.26197296809701	2.2	4.33333333333333
1	7.34090745688067	2.2	4.33333333333333
1	7.41984194566434	2.2	4.33333333333333
1	7.498776434448	2.2	4.33333333333333
1	7.57771092323166	2.2	4.33333333333333
1	7.65664541201533	2.2	4.33333333333333
1	7.73557990079899	2.2	4.33333333333333
1	7.81451438958265	2.2	4.33333333333333
1	7.89344887836631	2.2	4.33333333333333
1	7.97238336714998	2.2	4.33333333333333
1	8.05131785593364	2.2	4.33333333333333
1	8.1302523447173	2.2	4.33333333333333
1	8.20918683350097	2.2	4.33333333333333
1	8.28812132228463	2.2	4.33333333333333
1	8.36705581106829	2.2	4.33333333333333
1	8.44599029985196	2.2	4.33333333333333
1	8.52492478863562	2.2	4.33333333333333
1	8.60385927741928	2.2	4.33333333333333
1	8.68279376620295	2.2	4.33333333333333
1	8.76172825498661	2.2	4.33333333333333
1	8.84066274377027	2.2	4.33333333333333
1	8.91959723255394	2.2	4.33333333333333
1	8.9985317213376	2.2	4.33333333333333
1	9.07746621012126	2.2	4.33333333333333
1	9.15640069890492	2.2	4.33333333333333
1	9.23533518768859	2.2	4.33333333333333
1	9.31426967647225	2.2	4.33333333333333
1	9.39320416525591	2.2	4.33333333333333
1	9.47213865403958	2.2	4.33333333333333
1	9.55107314282324	2.2	4.33333333333333
1	9.6300076316069	2.2	4.33333333333333
1	9.70894212039057	2.2	4.33333333333333
1	9.78787660917423	2.2	4.33333333333333
1	9.86681109795789	2.2	4.33333333333333
1	9.94574558674156	2.2	4.33333333333333
1	10.0246800755252	2.2	4.33333333333333
1	10.1036145643089	2.2	4.33333333333333
1	10.1825490530925	2.2	4.33333333333333
1	10.2614835418762	2.2	4.33333333333333
1	10.3404180306599	2.2	4.33333333333333
1	10.4193525194435	2.2	4.33333333333333
1	10.4982870082272	2.2	4.33333333333333
1	10.5772214970109	2.2	4.33333333333333
1	10.6561559857945	2.2	4.33333333333333
1	10.7350904745782	2.2	4.33333333333333
1	10.8140249633619	2.2	4.33333333333333
1	10.8929594521455	2.2	4.33333333333333
1	10.9718939409292	2.2	4.33333333333333
1	11.0508284297128	2.2	4.33333333333333
1	11.1297629184965	2.2	4.33333333333333
1	11.2086974072802	2.2	4.33333333333333
1	11.2876318960638	2.2	4.33333333333333
1	11.3665663848475	2.2	4.33333333333333
1	11.4455008736312	2.2	4.33333333333333
1	11.5244353624148	2.2	4.33333333333333
1	11.6033698511985	2.2	4.33333333333333
1	11.6823043399821	2.2	4.33333333333333
1	11.7612388287658	2.2	4.33333333333333
1	11.8401733175495	2.2	4.33333333333333
1	11.9191078063331	2.2	4.33333333333333
1	11.9980422951168	2.2	4.33333333333333
1	12.0769767839005	2.2	4.33333333333333
1	12.1559112726841	2.2	4.33333333333333
1	12.2348457614678	2.2	4.33333333333333
1	12.3137802502515	2.2	4.33333333333333
1	12.3927147390351	2.2	4.33333333333333
1	12.4716492278188	2.2	4.33333333333333
1	12.5505837166024	2.2	4.33333333333333
1	12.6295182053861	2.2	4.33333333333333
1	12.7084526941698	2.2	4.33333333333333
1	12.7873871829534	2.2	4.33333333333333
1	12.8663216717371	2.2	4.33333333333333
1	12.9452561605208	2.2	4.33333333333333
1	13.0241906493044	2.2	4.33333333333333
1	13.1031251380881	2.2	4.33333333333333
1	13.1820596268717	2.2	4.33333333333333
1	13.2609941156554	2.2	4.33333333333333
1	13.3399286044391	2.2	4.33333333333333
1	13.4188630932227	2.2	4.33333333333333
1	13.4977975820064	2.2	4.33333333333333
1	13.5767320707901	2.2	4.33333333333333
1	13.6556665595737	2.2	4.33333333333333
1	13.7346010483574	2.2	4.33333333333333
1	13.8135355371411	2.2	4.33333333333333
1	13.8924700259247	2.2	4.33333333333333
1	13.9714045147084	2.2	4.33333333333333
1	14.050339003492	2.2	4.33333333333333
1	14.1292734922757	2.2	4.33333333333333
1	14.2082079810594	2.2	4.33333333333333
1	14.287142469843	2.2	4.33333333333333
1	14.3660769586267	2.2	4.33333333333333
1	14.4450114474104	2.2	4.33333333333333
1	14.523945936194	2.2	4.33333333333333
1	14.6028804249777	2.2	4.33333333333333
1	14.6818149137613	2.2	4.33333333333333
1	14.760749402545	2.2	4.33333333333333
1	14.8396838913287	2.2	4.33333333333333
1	14.9186183801123	2.2	4.33333333333333
1	14.997552868896	2.2	4.33333333333333
1	15.0764873576797	2.2	4.33333333333333
1	15.1554218464633	2.2	4.33333333333333
1	15.234356335247	2.2	4.33333333333333
1	15.3132908240307	2.2	4.33333333333333
1	15.3922253128143	2.2	4.33333333333333
1	15.471159801598	2.2	4.33333333333333
1	15.5500942903816	2.2	4.33333333333333
1	15.6290287791653	2.2	4.33333333333333
1	15.707963267949	2.2	4.33333333333333
1	0	0.233700549516045	5.33333333333333
1	0.0789344887836631	0.360805881250734	5.33333333333333
1	0.157868977567326	0.49414186650183	5.33333333333333
1	0.236803466350989	0.633708505269332	5.33333333333333
1	0.315737955134653	0.77950579755324	5.33333333333333
1	0.394672443918316	0.931533743353554	5.33333333333333
1	0.473606932701979	1.08979234267027	5.33333333333333
1	0.552541421485642	1.2542815955034	5.33333333333333
1	0.631475910269305	1.42500150185293	5.33333333333333
1	0.710410399052968	1.60195206171887	5.33333333333333
1	0.789344887836632	1.78513327510122	5.33333333333333
1	0.868279376620295	1.97454514199997	5.33333333333333
1	0.947213865403958	2.17018766241513	5.33333333333333
1	1.02614835418762	2.2	5.33333333333333
1	1.10508284297128	2.2	5.33333333333333
1	1.18401733175495	2.2	5.33333333333333
1	1.26295182053861	2.2	5.33333333333333
1	1.34188630932227	2.2	5.33333333333333
1	1.42082079810594	2.2	5.33333333333333
1	1.4997552868896	2.2	5.33333333333333
1	1.57868977567326	2.2	5.33333333333333
1	1.65762426445693	2.2	5.33333333333333
1	1.73655875324059	2.2	5.33333333333333
1	1.81549324202425	2.2	5.33333333333333
1	1.89442773080792	2.2	5.33333333333333
1	1.97336221959158	2.2	5.33333333333333
1	2.05229670837524	2.2	5.33333333333333
1	2.1312311971589	2.2	5.33333333333333
1	2.21016568594257	2.2	5.33333333333333
1	2.28910017472623	2.2	5.33333333333333
1	2.36803466350989	2.2	5.33333333333333
1	2.44696915229356	2.2	5.33333333333333
1	2.52590364107722	2.2	5.33333333333333
1	2.60483812986088	2.2	5.33333333333333
1	2.68377261864455	2.2	5.33333333333333
1	2.76270710742821	2.2	5.33333333333333
1	2.84164159621187	2.2	5.33333333333333
1	2.92057608499554	2.2	5.33333333333333
1	2.9995105737792	2.2	5.33333333333333
1	3.07844506256286	2.2	5.33333333333333
1	3.15737955134653	2.2	5.33333333333333
1	3.23631404013019	2.2	5.33333333333333
1	3.31524852891385	2.2	5.33333333333333
1	3.39418301769752	2.2	5.33333333333333
1	3.47311750648118	2.2	5.33333333333333
1	3.55205199526484	2.2	5.33333333333333
1	3.63098648404851	2.2	5.33333333333333
1	3.70992097283217	2.2	5.33333333333333
1	3.78885546161583	2.2	5.33333333333333
1	3.86778995039949	2.2	5.33333333333333
1	3.94672443918316	2.2	5.33333333333333
1	4.02565892796682	2.2	5.33333333333333
1	4.10459341675048	2.2	5.33333333333333
1	4.18352790553415	2.2	5.33333333333333
1	4.26246239431781	2.2	5.33333333333333
1	4.34139688310147	2.2	5.33333333333333
1	4.42033137188514	2.2	5.33333333333333
1	4.4992658606688	2.2	5.33333333333333
1	4.57820034945246	2.2	5.33333333333333
1	4.65713483823613	2.2	5.33333333333333
1	4.73606932701979	2.2	5.33333333333333
1	4.81500381580345	2.2	5.33333333333333
1	4.89393830458712	2.2	5.33333333333333
1	4.97287279337078	2.2	5.33333333333333
1	5.05180728215444	2.2	5.33333333333333
1	5.1307417709381	2.2	5.33333333333333
1	5.20967625972177	2.2	5.33333333333333
1	5.28861074850543	2.2	5.33333333333333
1	5.36754523728909	2.2	5.33333333333333
1	5.44647972607276	2.2	5.33333333333333
1	5.52541421485642	2.2	5.33333333333333
1	5.60434870364008	2.2	5.33333333333333
1	5.68328319242375	2.2	5.33333333333333
1	5.76221768120741	2.2	5.33333333333333
1	5.84115216999107	2.2	5.33333333333333
1	5.92008665877474	2.2	5.33333333333333
1	5.9990211475584	2.2	5.33333333333333
1	6.07795563634206	2.2	5.33333333333333
1	6.15689012512573	2.2	5.33333333333333
1	6.23582461390939	2.2	5.33333333333333
1	6.31475910269305	2.2	5.33333333333333
1	6.39369359147672	2.2	5.33333333333333
1	6.47262808026038	2.2	5.33333333333333
1	6.55156256904404	2.2	5.33333333333333
1	6.6304970578277	2.2	5.33333333333333
1	6.70943154661137	2.2	5.33333333333333
1	6.78836603539503	2.2	5.33333333333333
1	6.86730052417869	2.2	5.33333333333333
1	6.94623501296236	2.2	5.33333333333333
1	7.02516950174602	2.2	5.33333333333333
1	7.10410399052968	2.2	5.33333333333333
1	7.18303847931335	2.2	5.33333333333333
1	7.26197296809701	2.2	5.33333333333333
1	7.34090745688067	2.2	5.33333333333333
1	7.41984194566434	2.2	5.33333333333333
1	7.498776434448	2.2	5.33333333333333
1	7.57771092323166	2.2	5.33333333333333
1	7.65664541201533	2.2	5.33333333333333
1	7.73557990079899	2.2	5.33333333333333
1	7.81451438958265	2.2	5.33333333333333
1	7.89344887836631	2.2	5.33333333333333
1	7.97238336714998	2.2	5.33333333333333
1	8.05131785593364	2.2	5.33333333333333
1	8.1302523447173	2.2	5.33333333333333
1	8.20918683350097	2.2	5.33333333333333
1	8.28812132228463	2.2	5.33333333333333
1	8.36705581106829	2.2	5.33333333333333
1	8.44599029985196	2.2	5.33333333333333
1	8.52492478863562	2.2	5.33333333333333
1	8.60385927741928	2.2	5.33333333333333
1	8.68279376620295	2.2	5.33333333333333
1	8.76172825498661	2.2	5.33333333333333
1	8.84066274377027	2.2	5.33333333333333
1	8.91959723255394	2.2	5.33333333333333
1	8.9985317213376	2.2	5.33333333333333
1	9.07746621012126	2.2	5.33333333333333
1	9.15640069890492	2.2	5.33333333333333
1	9.23533518768859	2.2	5.33333333333333
1	9.31426967647225	2.2	5.33333333333333
1	9.39320416525591	2.2	5.33333333333333
1	9.47213865403958	2.2	5.33333333333333
1	9.55107314282324	2.2	5.33333333333333
1	9.6300076316069	2.2	5.33333333333333
1	9.70894212039057	2.2	5.33333333333333
1	9.78787660917423	2.2	5.33333333333333
1	9.86681109795789	2.2	5.33333333333333
1	9.94574558674156	2.2	5.33333333333333
1	10.0246800755252	2.2	5.33333333333333
1	10.1036145643089	2.2	5.33333333333333
1	10.1825490530925	2.2	5.33333333333333
1	10.2614835418762	2.2	5.33333333333333
1	10.3404180306599	2.2	5.33333333333333
1	10.4193525194435	2.2	5.33333333333333
1	10.4982870082272	2.2	5.33333333333333
1	10.5772214970109	2.2	5.33333333333333
1	10.6561559857945	2.2	5.33333333333333
1	10.7350904745782	2.2	5.33333333333333
1	10.8140249633619	2.2	5.33333333333333
1	10.8929594521455	2.2	5.33333333333333
1	10.9718939409292	2.2	5.33333333333333
1	11.0508284297128	2.2	5.33333333333333
1	11.1297629184965	2.2	5.33333333333333
1	11.2086974072802	2.2	5.33333333333333
1	11.2876318960638	2.2	5.33333333333333
1	11.3665663848475	2.2	5.33333333333333
1	11.4455008736312	2.2	5.33333333333333
1	11.5244353624148	2.2	5.33333333333333
1	11.6033698511985	2.2	5.33333333333333
1	11.6823043399821	2.2	5.33333333333333
1	11.7612388287658	2.2	5.33333333333333
1	11.8401733175495	2.2	5.33333333333333
1	11.9191078063331	2.2	5.33333333333333
1	11.9980422951168	2.2	5.33333333333333
1	12.0769767839005	2.2	5.33333333333333
1	12.1559112726841	2.2	5.33333333333333
1	12.2348457614678	2.2	5.33333333333333
1	12.3137802502515	2.2	5.33333333333333
1	12.3927147390351	2.2	5.33333333333333
1	12.4716492278188	2.2	5.33333333333333
1	12.5505837166024	2.2	5.33333333333333
1	12.6295182053861	2.2	5.33333333333333
1	12.7084526941698	2.2	5.33333333333333
1	12.7873871829534	2.2	5.33333333333333
1	12.8663216717371	2.2	5.33333333333333
1	12.9452561605208	2.2	5.33333333333333
1	13.0241906493044	2.2	5.33333333333333
1	13.1031251380881	2.2	5.33333333333333
1	13.1820596268717	2.2	5.33333333333333
1	13.2609941156554	2.2	5.33333333333333
1	13.3399286044391	2.2	5.33333333333333
1	13.4188630932227	2.2	5.33333333333333
1	13.4977975820064	2.2	5.33333333333333
1	13.5767320707901	2.2	5.33333333333333
1	13.6556665595737	2.2	5.33333333333333
1	13.7346010483574	2.2	5.33333333333333
1	13.8135355371411	2.2	5.33333333333333
1	13.8924700259247	2.2	5.33333333333333
1	13.9714045147084	2.2	5.33333333333333
1	14.050339003492	2.2	5.33333333333333
1	14.1292734922757	2.2	5.33333333333333
1	14.2082079810594	2.2	5.33333333333333
1	14.287142469843	2.2	5.33333333333333
1	14.3660769586267	2.2	5.33333333333333
1	14.4450114474104	2.2	5.33333333333333
1	14.523945936194	2.2	5.33333333333333
1	14.6028804249777	2.2	5.33333333333333
1	14.6818149137613	2.2	5.33333333333333
1	14.760749402545	2.2	5.33333333333333
1	14.8396838913287	2.2	5.33333333333333
1	14.9186183801123	2.2	5.33333333333333
1	14.997552868896	2.2	5.33333333333333
1	15.0764873576797	2.2	5.33333333333333
1	15.1554218464633	2.2	5.33333333333333
1	15.234356335247	2.2	5.33333333333333
1	15.3132908240307	2.2	5.33333333333333
1	15.3922253128143	2.2	5.33333333333333
1	15.471159801598	2.2	5.33333333333333
1	15.5500942903816	2.2	5.33333333333333
1	15.6290287791653	2.2	5.33333333333333
1	15.707963267949	2.2	5.33333333333333
1	0	0.23370055013617	6.33333333333333
1	0.0789344887836631	0.36080588193475	6.33333333333333
1	0.157868977567326	0.494141867252869	6.33333333333333
1	0.236803466350989	0.633708506090525	6.33333333333333
1	0.315737955134653	0.77950579844772	6.33333333333333
1	0.394672443918316	0.931533744324453	6.33333333333333
1	0.473606932701979	1.08979234372072	6.33333333333333
1	0.552541421485642	1.25428159663653	6.33333333333333
1	0.631475910269305	1.42500150307188	6.33333333333333
1	0.710410399052968	1.60195206302677	6.33333333333333
1	0.789344887836632	1.78513327650119	6.33333333333333
1	0.868279376620295	1.97454514349516	6.33333333333333
1	0.947213865403958	2.17018766400866	6.33333333333333
1	1.02614835418762	2.2	6.33333333333333
1	1.10508284297128	2.2	6.33333333333333
1	1.18401733175495	2.2	6.33333333333333
1	1.26295182053861	2.2	6.33333333333333
1	1.34188630932227	2.2	6.33333333333333
1	1.42082079810594	2.2	6.33333333333333
1	1.4997552868896	2.2	6.33333333333333
1	1.57868977567326	2.2	6.33333333333333
1	1.65762426445693	2.2	6.33333333333333
1	1.73655875324059	2.2	6.33333333333333
1	1.81549324202425	2.2	6.33333333333333
1	1.89442773080792	2.2	6.33333333333333
1	1.97336221959158	2.2	6.33333333333333
1	2.05229670837524	2.2	6.33333333333333
1	2.1312311971589	2.2	6.33333333333333
1	2.21016568594257	2.2	6.33333333333333
1	2.28910017472623	2.2	6.33333333333333
1	2.36803466350989	2.2	6.33333333333333
1	2.44696915229356	2.2	6.33333333333333
1	2.52590364107722	2.2	6.33333333333333
1	2.60483812986088	2.2	6.33333333333333
1	2.68377261864455	2.2	6.33333333333333
1	2.76270710742821	2.2	6.33333333333333
1	2.84164159621187	2.2	6.33333333333333
1	2.92057608499554	2.2	6.33333333333333
1	2.9995105737792	2.2	6.33333333333333
1	3.07844506256286	2.2	6.33333333333333
1	3.15737955134653	2.2	6.33333333333333
1	3.23631404013019	2.2	6.33333333333333
1	3.31524852891385	2.2	6.33333333333333
1	3.39418301769752	2.2	6.33333333333333
1	3.47311750648118	2.2	6.33333333333333
1	3.55205199526484	2.2	6.33333333333333
1	3.63098648404851	2.2	6.33333333333333
1	3.70992097283217	2.2	6.33333333333333
1	3.78885546161583	2.2	6.33333333333333
1	3.86778995039949	2.2	6.33333333333333
1	3.94672443918316	2.2	6.33333333333333
1	4.02565892796682	2.2	6.33333333333333
1	4.10459341675048	2.2	6.33333333333333
1	4.18352790553415	2.2	6.33333333333333
1	4.26246239431781	2.2	6.33333333333333
1	4.34139688310147	2.2	6.33333333333333
1	4.42033137188514	2.2	6.33333333333333
1	4.4992658606688	2.2	6.33333333333333
1	4.57820034945246	2.2	6.33333333333333
1	4.65713483823613	2.2	6.33333333333333
1	4.73606932701979	2.2	6.33333333333333
1	4.81500381580345	2.2	6.33333333333333
1	4.89393830458712	2.2	6.33333333333333
1	4.97287279337078	2.2	6.33333333333333
1	5.05180728215444	2.2	6.33333333333333
1	5.1307417709381	2.2	6.33333333333333
1	5.20967625972177	2.2	6.33333333333333
1	5.28861074850543	2.2	6.33333333333333
1	5.36754523728909	2.2	6.33333333333333
1	5.44647972607276	2.2	6.33333333333333
1	5.52541421485642	2.2	6.33333333333333
1	5.60434870364008	2.2	6.33333333333333
1	5.68328319242375	2.2	6.33333333333333
1	5.76221768120741	2.2	6.33333333333333
1	5.84115216999107	2.2	6.33333333333333
1	5.92008665877474	2.2	6.33333333333333
1	5.9990211475584	2.2	6.33333333333333
1	6.07795563634206	2.2	6.33333333333333
1	6.15689012512573	2.2	6.33333333333333
1	6.23582461390939	2.2	6.33333333333333
1	6.31475910269305	2.2	6.33333333333333
1	6.39369359147672	2.2	6.33333333333333
1	6.47262808026038	2.2	6.33333333333333
1	6.55156256904404	2.2	6.33333333333333
1	6.6304970578277	2.2	6.33333333333333
1	6.70943154661137	2.2	6.33333333333333
1	6.78836603539503	2.2	6.33333333333333
1	6.86730052417869	2.2	6.33333333333333
1	6.94623501296236	2.2	6.33333333333333
1	7.02516950174602	2.2	6.33333333333333
1	7.10410399052968	2.2	6.33333333333333
1	7.18303847931335	2.2	6.33333333333333
1	7.26197296809701	2.2	6.33333333333333
1	7.34090745688067	2.2	6.33333333333333
1	7.41984194566434	2.2	6.33333333333333
1	7.498776434448	2.2	6.33333333333333
1	7.57771092323166	2.2	6.33333333333333
1	7.65664541201533	2.2	6.33333333333333
1	7.73557990079899	2.2	6.33333333333333
1	7.81451438958265	2.2	6.33333333333333
1	7.89344887836631	2.2	6.33333333333333
1	7.97238336714998	2.2	6.33333333333333
1	8.05131785593364	2.2	6.33333333333333
1	8.1302523447173	2.2	6.33333333333333
1	8.20918683350097	2.2	6.33333333333333
1	8.28812132228463	2.2	6.33333333333333
1	8.36705581106829	2.2	6.33333333333333
1	8.44599029985196	2.2	6.33333333333333
1	8.52492478863562	2.2	6.33333333333333
1	8.60385927741928	2.2	6.33333333333333
1	8.68279376620295	2.2	6.33333333333333
1	8.76172825498661	2.2	6.33333333333333
1	8.84066274377027	2.2	6.33333333333333
1	8.91959723255394	2.2	6.33333333333333
1	8.9985317213376	2.2	6.33333333333333
1	9.07746621012126	2.2	6.33333333333333
1	9.15640069890492	2.2	6.33333333333333
1	9.23533518768859	2.2	6.33333333333333
1	9.31426967647225	2.2	6.33333333333333
1	9.39320416525591	2.2	6.33333333333333
1	9.47213865403958	2.2	6.33333333333333
1	9.55107314282324	2.2	6.33333333333333
1	9.6300076316069	2.2	6.33333333333333
1	9.70894212039057	2.2	6.33333333333333
1	9.78787660917423	2.2	6.33333333333333
1	9.86681109795789	2.2	6.33333333333333
1	9.94574558674156	2.2	6.33333333333333
1	10.0246800755252	2.2	6.33333333333333
1	10.1036145643089	2.2	6.33333333333333
1	10.1825490530925	2.2	6.33333333333333
1	10.2614835418762	2.2	6.33333333333333
1	10.3404180306599	2.2	6.33333333333333
1	10.4193525194435	2.2	6.33333333333333
1	10.4982870082272	2.2	6.33333333333333
1	10.5772214970109	2.2	6.33333333333333
1	10.6561559857945	2.2	6.33333333333333
1	10.7350904745782	2.2	6.33333333333333
1	10.8140249633619	2.2	6.33333333333333
1	10.8929594521455	2.2	6.33333333333333
1	10.9718939409292	2.2	6.33333333333333
1	11.0508284297128	2.2	6.33333333333333
1	11.1297629184965	2.2	6.33333333333333
1	11.2086974072802	2.2	6.33333333333333
1	11.2876318960638	2.2	6.33333333333333
1	11.3665663848475	2.2	6.33333333333333
1	11.4455008736312	2.2	6.33333333333333
1	11.5244353624148	2.2	6.33333333333333
1	11.6033698511985	2.2	6.33333333333333
1	11.6823043399821	2.2	6.33333333333333
1	11.7612388287658	2.2	6.33333333333333
1	11.8401733175495	2.2	6.33333333333333
1	11.9191078063331	2.2	6.33333333333333
1	11.9980422951168	2.2	6.33333333333333
1	12.0769767839005	2.2	6.33333333333333
1	12.1559112726841	2.2	6.33333333333333
1	12.2348457614678	2.2	6.33333333333333
1	12.3137802502515	2.2	6.33333333333333
1	12.3927147390351	2.2	6.33333333333333
1	12.4716492278188	2.2	6.33333333333333
1	12.5505837166024	2.2	6.33333333333333
1	12.6295182053861	2.2	6.33333333333333
1	12.7084526941698	2.2	6.33333333333333
1	12.7873871829534	2.2	6.33333333333333
1	12.8663216717371	2.2	6.33333333333333
1	12.9452561605208	2.2	6.33333333333333
1	13.0241906493044	2.2	6.33333333333333
1	13.1031251380881	2.2	6.33333333333333
1	13.1820596268717	2.2	6.33333333333333
1	13.2609941156554	2.2	6.33333333333333
1	13.3399286044391	2.2	6.33333333333333
1	13.4188630932227	2.2	6.33333333333333
1	13.4977975820064	2.2	6.33333333333333
1	13.5767320707901	2.2	6.33333333333333
1	13.6556665595737	2.2	6.33333333333333
1	13.7346010483574	2.2	6.33333333333333
1	13.8135355371411	2.2	6.33333333333333
1	13.8924700259247	2.2	6.33333333333333
1	13.9714045147084	2.2	6.33333333333333
1	14.050339003492	2.2	6.33333333333333
1	14.1292734922757	2.2	6.33333333333333
1	14.2082079810594	2.2	6.33333333333333
1	14.287142469843	2.2	6.33333333333333
1	14.3660769586267	2.2	6.33333333333333
1	14.4450114474104	2.2	6.33333333333333
1	14.523945936194	2.2	6.33333333333333
1	14.6028804249777	2.2	6.33333333333333
1	14.6818149137613	2.2	6.33333333333333
1	14.760749402545	2.2	6.33333333333333
1	14.8396838913287	2.2	6.33333333333333
1	14.9186183801123	2.2	6.33333333333333
1	14.997552868896	2.2	6.33333333333333
1	15.0764873576797	2.2	6.33333333333333
1	15.1554218464633	2.2	6.33333333333333
1	15.234356335247	2.2	6.33333333333333
1	15.3132908240307	2.2	6.33333333333333
1	15.3922253128143	2.2	6.33333333333333
1	15.471159801598	2.2	6.33333333333333
1	15.5500942903816	2.2	6.33333333333333
1	15.6290287791653	2.2	6.33333333333333
1	15.707963267949	2.2	6.33333333333333
1	0	0.23370055013617	7.33333333333333
1	0.0789344887836631	0.36080588193475	7.33333333333333
1	0.157868977567326	0.494141867252869	7.33333333333333
1	0.236803466350989	0.633708506090525	7.33333333333333
1	0.315737955134653	0.77950579844772	7.33333333333333
1	0.394672443918316	0.931533744324453	7.33333333333333
1	0.473606932701979	1.08979234372072	7.33333333333333
1	0.552541421485642	1.25428159663653	7.33333333333333
1	0.631475910269305	1.42500150307188	7.33333333333333
1	0.710410399052968	1.60195206302677	7.33333333333333
1	0.789344887836632	1.78513327650119	7.33333333333333
1	0.868279376620295	1.97454514349516	7.33333333333333
1	0.947213865403958	2.17018766400866	7.33333333333333
1	1.02614835418762	2.2	7.33333333333333
1	1.10508284297128	2.2	7.33333333333333
1	1.18401733175495	2.2	7.33333333333333
1	1.26295182053861	2.2	7.33333333333333
1	1.34188630932227	2.2	7.33333333333333
1	1.42082079810594	2.2	7.33333333333333
1	1.4997552868896	2.2	7.33333333333333
1	1.57868977567326	2.2	7.33333333333333
1	1.65762426445693	2.2	7.33333333333333
1	1.73655875324059	2.2	7.33333333333333
1	1.81549324202425	2.2	7.33333333333333
1	1.89442773080792	2.2	7.33333333333333
1	1.97336221959158	2.2	7.33333333333333
1	2.05229670837524	2.2	7.33333333333333
1	2.1312311971589	2.2	7.33333333333333
1	2.21016568594257	2.2	7.33333333333333
1	2.28910017472623	2.2	7.33333333333333
1	2.36803466350989	2.2	7.33333333333333
1	2.44696915229356	2.2	7.33333333333333
1	2.52590364107722	2.2	7.33333333333333
1	2.60483812986088	2.2	7.33333333333333
1	2.68377261864455	2.2	7.33333333333333
1	2.76270710742821	2.2	7.33333333333333
1	2.84164159621187	2.2	7.33333333333333
1	2.92057608499554	2.2	7.33333333333333
1	2.9995105737792	2.2	7.33333333333333
1	3.07844506256286	2.2	7.33333333333333
1	3.15737955134653	2.2	7.33333333333333
1	3.23631404013019	2.2	7.33333333333333
1	3.31524852891385	2.2	7.33333333333333
1	3.39418301769752	2.2	7.33333333333333
1	3.47311750648118	2.2	7.33333333333333
1	3.55205199526484	2.2	7.33333333333333
1	3.63098648404851	2.2	7.33333333333333
1	3.70992097283217	2.2	7.33333333333333
1	3.78885546161583	2.2	7.33333333333333
1	3.86778995039949	2.2	7.33333333333333
1	3.94672443918316	2.2	7.33333333333333
1	4.02565892796682	2.2	7.33333333333333
1	4.10459341675048	2.2	7.33333333333333
1	4.18352790553415	2.2	7.33333333333333
1	4.26246239431781	2.2	7.33333333333333
1	4.34139688310147	2.2	7.33333333333333
1	4.42033137188514	2.2	7.33333333333333
1	4.4992658606688	2.2	7.33333333333333
1	4.57820034945246	2.2	7.33333333333333
1	4.65713483823613	2.2	7.33333333333333
1	4.73606932701979	2.2	7.33333333333333
1	4.81500381580345	2.2	7.33333333333333
1	4.89393830458712	2.2	7.33333333333333
1	4.97287279337078	2.2	7.33333333333333
1	5.05180728215444	2.2	7.33333333333333
1	5.1307417709381	2.2	7.33333333333333
1	5.20967625972177	2.2	7.33333333333333
1	5.28861074850543	2.2	7.33333333333333
1	5.36754523728909	2.2	7.33333333333333
1	5.44647972607276	2.2	7.33333333333333
1	5.52541421485642	2.2	7.33333333333333
1	5.60434870364008	2.2	7.33333333333333
1	5.68328319242375	2.2	7.33333333333333
1	5.76221768120741	2.2	7.33333333333333
1	5.84115216999107	2.2	7.33333333333333
1	5.92008665877474	2.2	7.33333333333333
1	5.9990211475584	2.2	7.33333333333333
1	6.07795563634206	2.2	7.33333333333333
1	6.15689012512573	2.2	7.33333333333333
1	6.23582461390939	2.2	7.33333333333333
1	6.31475910269305	2.2	7.33333333333333
1	6.39369359147672	2.2	7.33333333333333
1	6.47262808026038	2.2	7.33333333333333
1	6.55156256904404	2.2	7.33333333333333
1	6.6304970578277	2.2	7.33333333333333
1	6.70943154661137	2.2	7.33333333333333
1	6.78836603539503	2.2	7.33333333333333
1	6.86730052417869	2.2	7.33333333333333
1	6.94623501296236	2.2	7.33333333333333
1	7.02516950174602	2.2	7.33333333333333
1	7.10410399052968	2.2	7.33333333333333
1	7.18303847931335	2.2	7.33333333333333
1	7.26197296809701	2.2	7.33333333333333
1	7.34090745688067	2.2	7.33333333333333
1	7.41984194566434	2.2	7.33333333333333
1	7.498776434448	2.2	7.33333333333333
1	7.57771092323166	2.2	7.33333333333333
1	7.65664541201533	2.2	7.33333333333333
1	7.73557990079899	2.2	7.33333333333333
1	7.81451438958265	2.2	7.33333333333333
1	7.89344887836631	2.2	7.33333333333333
1	7.97238336714998	2.2	7.33333333333333
1	8.05131785593364	2.2	7.33333333333333
1	8.1302523447173	2.2	7.33333333333333
1	8.20918683350097	2.2	7.33333333333333
1	8.28812132228463	2.2	7.33333333333333
1	8.36705581106829	2.2	7.33333333333333
1	8.44599029985196	2.2	7.33333333333333
1	8.52492478863562	2.2	7.33333333333333
1	8.60385927741928	2.2	7.33333333333333
1	8.68279376620295	2.2	7.33333333333333
1	8.76172825498661	2.2	7.33333333333333
1	8.84066274377027	2.2	7.33333333333333
1	8.91959723255394	2.2	7.33333333333333
1	8.9985317213376	2.2	7.33333333333333
1	9.07746621012126	2.2	7.33333333333333
1	9.15640069890492	2.2	7.33333333333333
1	9.23533518768859	2.2	7.33333333333333
1	9.31426967647225	2.2	7.33333333333333
1	9.39320416525591	2.2	7.33333333333333
1	9.47213865403958	2.2	7.33333333333333
1	9.55107314282324	2.2	7.33333333333333
1	9.6300076316069	2.2	7.33333333333333
1	9.70894212039057	2.2	7.33333333333333
1	9.78787660917423	2.2	7.33333333333333
1	9.86681109795789	2.2	7.33333333333333
1	9.94574558674156	2.2	7.33333333333333
1	10.0246800755252	2.2	7.33333333333333
1	10.1036145643089	2.2	7.33333333333333
1	10.1825490530925	2.2	7.33333333333333
1	10.2614835418762	2.2	7.33333333333333
1	10.3404180306599	2.2	7.33333333333333
1	10.4193525194435	2.2	7.33333333333333
1	10.4982870082272	2.2	7.33333333333333
1	10.5772214970109	2.2	7.33333333333333
1	10.6561559857945	2.2	7.33333333333333
1	10.7350904745782	2.2	7.33333333333333
1	10.8140249633619	2.2	7.33333333333333
1	10.8929594521455	2.2	7.33333333333333
1	10.9718939409292	2.2	7.33333333333333
1	11.0508284297128	2.2	7.33333333333333
1	11.1297629184965	2.2	7.33333333333333
1	11.2086974072802	2.2	7.33333333333333
1	11.2876318960638	2.2	7.33333333333333
1	11.3665663848475	2.2	7.33333333333333
1	11.4455008736312	2.2	7.33333333333333
1	11.5244353624148	2.2	7.33333333333333
1	11.6033698511985	2.2	7.33333333333333
1	11.6823043399821	2.2	7.33333333333333
1	11.7612388287658	2.2	7.33333333333333
1	11.8401733175495	2.2	7.33333333333333
1	11.9191078063331	2.2	7.33333333333333
1	11.9980422951168	2.2	7.33333333333333
1	12.0769767839005	2.2	7.33333333333333
1	12.1559112726841	2.2	7.33333333333333
1	12.2348457614678	2.2	7.33333333333333
1	12.3137802502515	2.2	7.33333333333333
1	12.3927147390351	2.2	7.33333333333333
1	12.4716492278188	2.2	7.33333333333333
1	12.5505837166024	2.2	7.33333333333333
1	12.6295182053861	2.2	7.33333333333333
1	12.7084526941698	2.2	7.33333333333333
1	12.7873871829534	2.2	7.33333333333333
1	12.8663216717371	2.2	7.33333333333333
1	12.9452561605208	2.2	7.33333333333333
1	13.0241906493044	2.2	7.33333333333333
1	13.1031251380881	2.2	7.33333333333333
1	13.1820596268717	2.2	7.33333333333333
1	13.2609941156554	2.2	7.33333333333333
1	13.3399286044391	2.2	7.33333333333333
1	13.4188630932227	2.2	7.33333333333333
1	13.4977975820064	2.2	7.33333333333333
1	13.5767320707901	2.2	7.33333333333333
1	13.6556665595737	2.2	7.33333333333333
1	13.7346010483574	2.2	7.33333333333333
1	13.8135355371411	2.2	7.33333333333333
1	13.8924700259247	2.2	7.33333333333333
1	13.9714045147084	2.2	7.33333333333333
1	14.050339003492	2.2	7.33333333333333
1	14.1292734922757	2.2	7.33333333333333
1	14.2082079810594	2.2	7.33333333333333
1	14.287142469843	2.2	7.33333333333333
1	14.3660769586267	2.2	7.33333333333333
1	14.4450114474104	2.2	7.33333333333333
1	14.523945936194	2.2	7.33333333333333
1	14.6028804249777	2.2	7.33333333333333
1	14.6818149137613	2.2	7.33333333333333
1	14.760749402545	2.2	7.33333333333333
1	14.8396838913287	2.2	7.33333333333333
1	14.9186183801123	2.2	7.33333333333333
1	14.997552868896	2.2	7.33333333333333
1	15.0764873576797	2.2	7.33333333333333
1	15.1554218464633	2.2	7.33333333333333
1	15.234356335247	2.2	7.33333333333333
1	15.3132908240307	2.2	7.33333333333333
1	15.3922253128143	2.2	7.33333333333333
1	15.471159801598	2.2	7.33333333333333
1	15.5500942903816	2.2	7.33333333333333
1	15.6290287791653	2.2	7.33333333333333
1	15.707963267949	2.2	7.33333333333333
1	0	-2.2	1.66666666666667
1	0.0789344887836631	-2.2	1.66666666666667
1	0.157868977567326	-2.2	1.66666666666667
1	0.236803466350989	-2.2	1.66666666666667
1	0.315737955134653	-2.2	1.66666666666667
1	0.394672443918316	-2.2	1.66666666666667
1	0.473606932701979	-2.2	1.66666666666667
1	0.552541421485642	-2.2	1.66666666666667
1	0.631475910269305	-2.2	1.66666666666667
1	0.710410399052968	-2.2	1.66666666666667
1	0.789344887836632	-2.2	1.66666666666667
1	0.868279376620295	-2.2	1.66666666666667
1	0.947213865403958	-2.2	1.66666666666667
1	1.02614835418762	-2.2	1.66666666666667
1	1.10508284297128	-2.2	1.66666666666667
1	1.18401733175495	-2.2	1.66666666666667
1	1.26295182053861	-2.2	1.66666666666667
1	1.34188630932227	-2.2	1.66666666666667
1	1.42082079810594	-2.2	1.66666666666667
1	1.4997552868896	-2.2	1.66666666666667
1	1.57868977567326	-2.2	1.66666666666667
1	1.65762426445693	-2.2	1.66666666666667
1	1.73655875324059	-2.2	1.66666666666667
1	1.81549324202425	-2.2	1.66666666666667
1	1.89442773080792	-2.2	1.66666666666667
1	1.97336221959158	-2.2	1.66666666666667
1	2.05229670837524	-2.2	1.66666666666667
1	2.1312311971589	-2.2	1.66666666666667
1	2.21016568594257	-2.2	1.66666666666667
1	2.28910017472623	-2.2	1.66666666666667
1	2.36803466350989	-2.2	1.66666666666667
1	2.44696915229356	-2.2	1.66666666666667
1	2.52590364107722	-2.2	1.66666666666667
1	2.60483812986088	-2.2	1.66666666666667
1	2.68377261864455	-2.2	1.66666666666667
1	2.76270710742821	-2.2	1.66666666666667
1	2.84164159621187	-2.2	1.66666666666667
1	2.92057608499554	-2.2	1.66666666666667
1	2.9995105737792	-2.2	1.66666666666667
1	3.07844506256286	-2.2	1.66666666666667
1	3.15737955134653	-2.2	1.66666666666667
1	3.23631404013019	-2.2	1.66666666666667
1	3.31524852891385	-2.2	1.66666666666667
1	3.39418301769752	-2.2	1.66666666666667
1	3.47311750648118	-2.2	1.66666666666667
1	3.55205199526484	-2.2	1.66666666666667
1	3.63098648404851	-2.2	1.66666666666667
1	3.70992097283217	-2.2	1.66666666666667
1	3.78885546161583	-2.2	1.66666666666667
1	3.86778995039949	-2.2	1.66666666666667
1	3.94672443918316	-2.2	1.66666666666667
1	4.02565892796682	-2.2	1.66666666666667
1	4.10459341675048	-2.2	1.66666666666667
1	4.18352790553415	-2.2	1.66666666666667
1	4.26246239431781	-2.2	1.66666666666667
1	4.34139688310147	-2.2	1.66666666666667
1	4.42033137188514	-2.2	1.66666666666667
1	4.4992658606688	-2.2	1.66666666666667
1	4.57820034945246	-2.2	1.66666666666667
1	4.65713483823613	-2.2	1.66666666666667
1	4.73606932701979	-2.2	1.66666666666667
1	4.81500381580345	-2.2	1.66666666666667
1	4.89393830458712	-2.2	1.66666666666667
1	4.97287279337078	-2.2	1.66666666666667
1	5.05180728215444	-2.2	1.66666666666667
1	5.1307417709381	-2.2	1.66666666666667
1	5.20967625972177	-2.2	1.66666666666667
1	5.28861074850543	-2.2	1.66666666666667
1	5.36754523728909	-2.2	1.66666666666667
1	5.44647972607276	-2.2	1.66666666666667
1	5.52541421485642	-2.2	1.66666666666667
1	5.60434870364008	-2.2	1.66666666666667
1	5.68328319242375	-2.2	1.66666666666667
1	5.76221768120741	-2.2	1.66666666666667
1	5.84115216999107	-2.2	1.66666666666667
1	5.92008665877474	-2.2	1.66666666666667
1	5.9990211475584	-2.2	1.66666666666667
1	6.07795563634206	-2.2	1.66666666666667
1	6.15689012512573	-2.2	1.66666666666667
1	6.23582461390939	-2.2	1.66666666666667
1	6.31475910269305	-2.2	1.66666666666667
1	6.39369359147672	-2.2	1.66666666666667
1	6.47262808026038	-2.2	1.66666666666667
1	6.55156256904404	-2.2	1.66666666666667
1	6.6304970578277	-2.2	1.66666666666667
1	6.70943154661137	-2.2	1.66666666666667
1	6.78836603539503	-2.2	1.66666666666667
1	6.86730052417869	-2.2	1.66666666666667
1	6.94623501296236	-2.2	1.66666666666667
1	7.02516950174602	-2.2	1.66666666666667
1	7.10410399052968	-2.2	1.66666666666667
1	7.18303847931335	-2.2	1.66666666666667
1	7.26197296809701	-2.2	1.66666666666667
1	7.34090745688067	-2.2	1.66666666666667
1	7.41984194566434	-2.2	1.66666666666667
1	7.498776434448	-2.2	1.66666666666667
1	7.57771092323166	-2.2	1.66666666666667
1	7.65664541201533	-2.2	1.66666666666667
1	7.73557990079899	-2.2	1.66666666666667
1	7.81451438958265	-2.2	1.66666666666667
1	7.89344887836631	-2.2	1.66666666666667
1	7.97238336714998	-2.2	1.66666666666667
1	8.05131785593364	-2.2	1.66666666666667
1	8.1302523447173	-2.2	1.66666666666667
1	8.20918683350097	-2.2	1.66666666666667
1	8.28812132228463	-2.2	1.66666666666667
1	8.36705581106829	-2.2	1.66666666666667
1	8.44599029985196	-2.2	1.66666666666667
1	8.52492478863562	-2.2	1.66666666666667
1	8.60385927741928	-2.2	1.66666666666667
1	8.68279376620295	-2.2	1.66666666666667
1	8.76172825498661	-2.2	1.66666666666667
1	8.84066274377027	-2.2	1.66666666666667
1	8.91959723255394	-2.2	1.66666666666667
1	8.9985317213376	-2.2	1.66666666666667
1	9.07746621012126	-2.2	1.66666666666667
1	9.15640069890492	-2.2	1.66666666666667
1	9.23533518768859	-2.2	1.66666666666667
1	9.31426967647225	-2.2	1.66666666666667
1	9.39320416525591	-2.2	1.66666666666667
1	9.47213865403958	-2.2	1.66666666666667
1	9.55107314282324	-2.2	1.66666666666667
1	9.6300076316069	-2.2	1.66666666666667
1	9.70894212039057	-2.2	1.66666666666667
1	9.78787660917423	-2.2	1.66666666666667
1	9.86681109795789	-2.2	1.66666666666667
1	9.94574558674156	-2.2	1.66666666666667
1	10.0246800755252	-2.2	1.66666666666667
1	10.1036145643089	-2.2	1.66666666666667
1	10.1825490530925	-2.2	1.66666666666667
1	10.2614835418762	-2.13374171466049	1.66666666666667
1	10.3404180306599	-2.066493227275	1.66666666666667
1	10.4193525194435	-1.99883151112635	1.66666666666667
1	10.4982870082272	-1.93075656621455	1.66666666666667
1	10.5772214970109	-1.86226839253959	1.66666666666667
1	10.6561559857945	-1.79336699010148	1.66666666666667
1	10.7350904745782	-1.72405235890022	1.66666666666667
1	10.8140249633619	-1.6543244989358	1.66666666666667
1	10.8929594521455	-1.58418341020823	1.66666666666667
1	10.9718939409292	-1.51362909271751	1.66666666666667
1	11.0508284297128	-1.44266154646363	1.66666666666667
1	11.1297629184965	-1.3712807714466	1.66666666666667
1	11.2086974072802	-1.29948676766641	1.66666666666667
1	11.2876318960638	-1.22727953512307	1.66666666666667
1	11.3665663848475	-1.15465907381658	1.66666666666667
1	11.4455008736312	-1.08162538374693	1.66666666666667
1	11.5244353624148	-1.00817846491413	1.66666666666667
1	11.6033698511985	-0.934318317318179	1.66666666666667
1	11.6823043399821	-0.860044940959072	1.66666666666667
1	11.7612388287658	-0.785358335836811	1.66666666666667
1	11.8401733175495	-0.710258501951396	1.66666666666667
1	11.9191078063331	-0.634745439302826	1.66666666666667
1	11.9980422951168	-0.558819147891104	1.66666666666667
1	12.0769767839005	-0.482479627716229	1.66666666666667
1	12.1559112726841	-0.405726878778199	1.66666666666667
1	12.2348457614678	-0.328560901077014	1.66666666666667
1	12.3137802502515	-0.250981694612678	1.66666666666667
1	12.3927147390351	-0.172989259385187	1.66666666666667
1	12.4716492278188	-0.0945835953945427	1.66666666666667
1	12.5505837166024	-0.015764702640743	1.66666666666667
1	12.6295182053861	0.0634674188762087	1.66666666666667
1	12.7084526941698	0.143112769156314	1.66666666666667
1	12.7873871829534	0.223171348199573	1.66666666666667
1	12.8663216717371	0.303643156005986	1.66666666666667
1	12.9452561605208	0.384528192575554	1.66666666666667
1	13.0241906493044	0.465826457908275	1.66666666666667
1	13.1031251380881	0.547537952004149	1.66666666666667
1	13.1820596268717	0.629662674863176	1.66666666666667
1	13.2609941156554	0.712200626485359	1.66666666666667
1	13.3399286044391	0.795151806870695	1.66666666666667
1	13.4188630932227	0.878516216019184	1.66666666666667
1	13.4977975820064	0.962293853930826	1.66666666666667
1	13.5767320707901	1.04648472060562	1.66666666666667
1	13.6556665595737	1.13108881604357	1.66666666666667
1	13.7346010483574	1.21610614024468	1.66666666666667
1	13.8135355371411	1.30153669320893	1.66666666666667
1	13.8924700259247	1.38738047493635	1.66666666666667
1	13.9714045147084	1.47363748542691	1.66666666666667
1	14.050339003492	1.56030772468063	1.66666666666667
1	14.1292734922757	1.6473911926975	1.66666666666667
1	14.2082079810594	1.73488788947753	1.66666666666667
1	14.287142469843	1.82279781502071	1.66666666666667
1	14.3660769586267	1.91112096932704	1.66666666666667
1	14.4450114474104	1.99985735239653	1.66666666666667
1	14.523945936194	2.08900696422917	1.66666666666667
1	14.6028804249777	2.17856980482497	1.66666666666667
1	14.6818149137613	2.2	1.66666666666667
1	14.760749402545	2.2	1.66666666666667
1	14.8396838913287	2.2	1.66666666666667
1	14.9186183801123	2.2	1.66666666666667
1	14.997552868896	2.2	1.66666666666667
1	15.0764873576797	2.2	1.66666666666667
1	15.1554218464633	2.2	1.66666666666667
1	15.234356335247	2.2	1.66666666666667
1	15.3132908240307	2.2	1.66666666666667
1	15.3922253128143	2.2	1.66666666666667
1	15.471159801598	2.2	1.66666666666667
1	15.5500942903816	2.2	1.66666666666667
1	15.6290287791653	2.2	1.66666666666667
1	15.707963267949	2.2	1.66666666666667
1	0	-0.84711423387001	2.66666666666667
1	0.0789344887836631	-0.797761118592132	2.66666666666667
1	0.157868977567326	-0.744906314211419	2.66666666666667
1	0.236803466350989	-0.688549820727872	2.66666666666667
1	0.315737955134653	-0.62869163814149	2.66666666666667
1	0.394672443918316	-0.565331766452273	2.66666666666667
1	0.473606932701979	-0.49847020566022	2.66666666666667
1	0.552541421485642	-0.428106955765334	2.66666666666667
1	0.631475910269305	-0.354242016767611	2.66666666666667
1	0.710410399052968	-0.276875388667055	2.66666666666667
1	0.789344887836632	-0.196007071463663	2.66666666666667
1	0.868279376620295	-0.111637065157437	2.66666666666667
1	0.947213865403958	-0.0237653697483755	2.66666666666667
1	1.02614835418762	0.0676080147635205	2.66666666666667
1	1.10508284297128	0.162483088378252	2.66666666666667
1	1.18401733175495	0.260859851095817	2.66666666666667
1	1.26295182053861	0.362738302916219	2.66666666666667
1	1.34188630932227	0.468118443839453	2.66666666666667
1	1.42082079810594	0.577000273865525	2.66666666666667
1	1.4997552868896	0.68938379299443	2.66666666666667
1	1.57868977567326	0.805269001226171	2.66666666666667
1	1.65762426445693	0.924655898560744	2.66666666666667
1	1.73655875324059	1.04754448499815	2.66666666666667
1	1.81549324202425	1.1739347605384	2.66666666666667
1	1.89442773080792	1.30382672518148	2.66666666666667
1	1.97336221959158	1.43722037892739	2.66666666666667
1	2.05229670837524	1.57411572177614	2.66666666666667
1	2.1312311971589	1.71451275372773	2.66666666666667
1	2.21016568594257	1.85841147478215	2.66666666666667
1	2.28910017472623	2.0058118849394	2.66666666666667
1	2.36803466350989	2.15671398419949	2.66666666666667
1	2.44696915229356	2.2	2.66666666666667
1	2.52590364107722	2.2	2.66666666666667
1	2.60483812986088	2.2	2.66666666666667
1	2.68377261864455	2.2	2.66666666666667
1	2.76270710742821	2.2	2.66666666666667
1	2.84164159621187	2.2	2.66666666666667
1	2.92057608499554	2.2	2.66666666666667
1	2.9995105737792	2.2	2.66666666666667
1	3.07844506256286	2.2	2.66666666666667
1	3.15737955134653	2.2	2.66666666666667
1	3.23631404013019	2.2	2.66666666666667
1	3.31524852891385	2.2	2.66666666666667
1	3.39418301769752	2.2	2.66666666666667
1	3.47311750648118	2.2	2.66666666666667
1	3.55205199526484	2.2	2.66666666666667
1	3.63098648404851	2.2	2.66666666666667
1	3.70992097283217	2.2	2.66666666666667
1	3.78885546161583	2.2	2.66666666666667
1	3.86778995039949	2.2	2.66666666666667
1	3.94672443918316	2.2	2.66666666666667
1	4.02565892796682	2.2	2.66666666666667
1	4.10459341675048	2.2	2.66666666666667
1	4.18352790553415	2.2	2.66666666666667
1	4.26246239431781	2.2	2.66666666666667
1	4.34139688310147	2.2	2.66666666666667
1	4.42033137188514	2.2	2.66666666666667
1	4.4992658606688	2.2	2.66666666666667
1	4.57820034945246	2.2	2.66666666666667
1	4.65713483823613	2.2	2.66666666666667
1	4.73606932701979	2.2	2.66666666666667
1	4.81500381580345	2.2	2.66666666666667
1	4.89393830458712	2.2	2.66666666666667
1	4.97287279337078	2.2	2.66666666666667
1	5.05180728215444	2.2	2.66666666666667
1	5.1307417709381	2.2	2.66666666666667
1	5.20967625972177	2.2	2.66666666666667
1	5.28861074850543	2.2	2.66666666666667
1	5.36754523728909	2.2	2.66666666666667
1	5.44647972607276	2.2	2.66666666666667
1	5.52541421485642	2.2	2.66666666666667
1	5.60434870364008	2.2	2.66666666666667
1	5.68328319242375	2.2	2.66666666666667
1	5.76221768120741	2.2	2.66666666666667
1	5.84115216999107	2.2	2.66666666666667
1	5.92008665877474	2.2	2.66666666666667
1	5.9990211475584	2.2	2.66666666666667
1	6.07795563634206	2.2	2.66666666666667
1	6.15689012512573	2.2	2.66666666666667
1	6.23582461390939	2.2	2.66666666666667
1	6.31475910269305	2.2	2.66666666666667
1	6.39369359147672	2.2	2.66666666666667
1	6.47262808026038	2.2	2.66666666666667
1	6.55156256904404	2.2	2.66666666666667
1	6.6304970578277	2.2	2.66666666666667
1	6.70943154661137	2.2	2.66666666666667
1	6.78836603539503	2.2	2.66666666666667
1	6.86730052417869	2.2	2.66666666666667
1	6.94623501296236	2.2	2.66666666666667
1	7.02516950174602	2.2	2.66666666666667
1	7.10410399052968	2.2	2.66666666666667
1	7.18303847931335	2.2	2.66666666666667
1	7.26197296809701	2.2	2.66666666666667
1	7.34090745688067	2.2	2.66666666666667
1	7.41984194566434	2.2	2.66666666666667
1	7.498776434448	2.2	2.66666666666667
1	7.57771092323166	2.2	2.66666666666667
1	7.65664541201533	2.2	2.66666666666667
1	7.73557990079899	2.2	2.66666666666667
1	7.81451438958265	2.2	2.66666666666667
1	7.89344887836631	2.2	2.66666666666667
1	7.97238336714998	2.2	2.66666666666667
1	8.05131785593364	2.2	2.66666666666667
1	8.1302523447173	2.2	2.66666666666667
1	8.20918683350097	2.2	2.66666666666667
1	8.28812132228463	2.2	2.66666666666667
1	8.36705581106829	2.2	2.66666666666667
1	8.44599029985196	2.2	2.66666666666667
1	8.52492478863562	2.2	2.66666666666667
1	8.60385927741928	2.2	2.66666666666667
1	8.68279376620295	2.2	2.66666666666667
1	8.76172825498661	2.2	2.66666666666667
1	8.84066274377027	2.2	2.66666666666667
1	8.91959723255394	2.2	2.66666666666667
1	8.9985317213376	2.2	2.66666666666667
1	9.07746621012126	2.2	2.66666666666667
1	9.15640069890492	2.2	2.66666666666667
1	9.23533518768859	2.2	2.66666666666667
1	9.31426967647225	2.2	2.66666666666667
1	9.39320416525591	2.2	2.66666666666667
1	9.47213865403958	2.2	2.66666666666667
1	9.55107314282324	2.2	2.66666666666667
1	9.6300076316069	2.2	2.66666666666667
1	9.70894212039057	2.2	2.66666666666667
1	9.78787660917423	2.2	2.66666666666667
1	9.86681109795789	2.2	2.66666666666667
1	9.94574558674156	2.2	2.66666666666667
1	10.0246800755252	2.2	2.66666666666667
1	10.1036145643089	2.2	2.66666666666667
1	10.1825490530925	2.2	2.66666666666667
1	10.2614835418762	2.2	2.66666666666667
1	10.3404180306599	2.2	2.66666666666667
1	10.4193525194435	2.2	2.66666666666667
1	10.4982870082272	2.2	2.66666666666667
1	10.5772214970109	2.2	2.66666666666667
1	10.6561559857945	2.2	2.66666666666667
1	10.7350904745782	2.2	2.66666666666667
1	10.8140249633619	2.2	2.66666666666667
1	10.8929594521455	2.2	2.66666666666667
1	10.9718939409292	2.2	2.66666666666667
1	11.0508284297128	2.2	2.66666666666667
1	11.1297629184965	2.2	2.66666666666667
1	11.2086974072802	2.2	2.66666666666667
1	11.2876318960638	2.2	2.66666666666667
1	11.3665663848475	2.2	2.66666666666667
1	11.4455008736312	2.2	2.66666666666667
1	11.5244353624148	2.2	2.66666666666667
1	11.6033698511985	2.2	2.66666666666667
1	11.6823043399821	2.2	2.66666666666667
1	11.7612388287658	2.2	2.66666666666667
1	11.8401733175495	2.2	2.66666666666667
1	11.9191078063331	2.2	2.66666666666667
1	11.9980422951168	2.2	2.66666666666667
1	12.0769767839005	2.2	2.66666666666667
1	12.1559112726841	2.2	2.66666666666667
1	12.2348457614678	2.2	2.66666666666667
1	12.3137802502515	2.2	2.66666666666667
1	12.3927147390351	2.2	2.66666666666667
1	12.4716492278188	2.2	2.66666666666667
1	12.5505837166024	2.2	2.66666666666667
1	12.6295182053861	2.2	2.66666666666667
1	12.7084526941698	2.2	2.66666666666667
1	12.7873871829534	2.2	2.66666666666667
1	12.8663216717371	2.2	2.66666666666667
1	12.9452561605208	2.2	2.66666666666667
1	13.0241906493044	2.2	2.66666666666667
1	13.1031251380881	2.2	2.66666666666667
1	13.1820596268717	2.2	2.66666666666667
1	13.2609941156554	2.2	2.66666666666667
1	13.3399286044391	2.2	2.66666666666667
1	13.4188630932227	2.2	2.66666666666667
1	13.4977975820064	2.2	2.66666666666667
1	13.5767320707901	2.2	2.66666666666667
1	13.6556665595737	2.2	2.66666666666667
1	13.7346010483574	2.2	2.66666666666667
1	13.8135355371411	2.2	2.66666666666667
1	13.8924700259247	2.2	2.66666666666667
1	13.9714045147084	2.2	2.66666666666667
1	14.050339003492	2.2	2.66666666666667
1	14.1292734922757	2.2	2.66666666666667
1	14.2082079810594	2.2	2.66666666666667
1	14.287142469843	2.2	2.66666666666667
1	14.3660769586267	2.2	2.66666666666667
1	14.4450114474104	2.2	2.66666666666667
1	14.523945936194	2.2	2.66666666666667
1	14.6028804249777	2.2	2.66666666666667
1	14.6818149137613	2.2	2.66666666666667
1	14.760749402545	2.2	2.66666666666667
1	14.8396838913287	2.2	2.66666666666667
1	14.9186183801123	2.2	2.66666666666667
1	14.997552868896	2.2	2.66666666666667
1	15.0764873576797	2.2	2.66666666666667
1	15.1554218464633	2.2	2.66666666666667
1	15.234356335247	2.2	2.66666666666667
1	15.3132908240307	2.2	2.66666666666667
1	15.3922253128143	2.2	2.66666666666667
1	15.471159801598	2.2	2.66666666666667
1	15.5500942903816	2.2	2.66666666666667
1	15.6290287791653	2.2	2.66666666666667
1	15.707963267949	2.2	2.66666666666667
1	0	0.139522092074282	3.66666666666667
1	0.0789344887836631	0.254369231435792	3.66666666666667
1	0.157868977567326	0.374690979221685	3.66666666666667
1	0.236803466350989	0.500487335431961	3.66666666666667
1	0.315737955134653	0.63175830006662	3.66666666666667
1	0.394672443918316	0.768503873125661	3.66666666666667
1	0.473606932701979	0.910724054609085	3.66666666666667
1	0.552541421485642	1.05841884451689	3.66666666666667
1	0.631475910269305	1.21158824284908	3.66666666666667
1	0.710410399052968	1.37023224960565	3.66666666666667
1	0.789344887836632	1.53435086478661	3.66666666666667
1	0.868279376620295	1.70394408839195	3.66666666666667
1	0.947213865403958	1.87901192042167	3.66666666666667
1	1.02614835418762	2.05955436087577	3.66666666666667
1	1.10508284297128	2.2	3.66666666666667
1	1.18401733175495	2.2	3.66666666666667
1	1.26295182053861	2.2	3.66666666666667
1	1.34188630932227	2.2	3.66666666666667
1	1.42082079810594	2.2	3.66666666666667
1	1.4997552868896	2.2	3.66666666666667
1	1.57868977567326	2.2	3.66666666666667
1	1.65762426445693	2.2	3.66666666666667
1	1.73655875324059	2.2	3.66666666666667
1	1.81549324202425	2.2	3.66666666666667
1	1.89442773080792	2.2	3.66666666666667
1	1.97336221959158	2.2	3.66666666666667
1	2.05229670837524	2.2	3.66666666666667
1	2.1312311971589	2.2	3.66666666666667
1	2.21016568594257	2.2	3.66666666666667
1	2.28910017472623	2.2	3.66666666666667
1	2.36803466350989	2.2	3.66666666666667
1	2.44696915229356	2.2	3.66666666666667
1	2.52590364107722	2.2	3.66666666666667
1	2.60483812986088	2.2	3.66666666666667
1	2.68377261864455	2.2	3.66666666666667
1	2.76270710742821	2.2	3.66666666666667
1	2.84164159621187	2.2	3.66666666666667
1	2.92057608499554	2.2	3.66666666666667
1	2.9995105737792	2.2	3.66666666666667
1	3.07844506256286	2.2	3.66666666666667
1	3.15737955134653	2.2	3.66666666666667
1	3.23631404013019	2.2	3.66666666666667
1	3.31524852891385	2.2	3.66666666666667
1	3.39418301769752	2.2	3.66666666666667
1	3.47311750648118	2.2	3.66666666666667
1	3.55205199526484	2.2	3.66666666666667
1	3.63098648404851	2.2	3.66666666666667
1	3.70992097283217	2.2	3.66666666666667
1	3.78885546161583	2.2	3.66666666666667
1	3.86778995039949	2.2	3.66666666666667
1	3.94672443918316	2.2	3.66666666666667
1	4.02565892796682	2.2	3.66666666666667
1	4.10459341675048	2.2	3.66666666666667
1	4.18352790553415	2.2	3.66666666666667
1	4.26246239431781	2.2	3.66666666666667
1	4.34139688310147	2.2	3.66666666666667
1	4.42033137188514	2.2	3.66666666666667
1	4.4992658606688	2.2	3.66666666666667
1	4.57820034945246	2.2	3.66666666666667
1	4.65713483823613	2.2	3.66666666666667
1	4.73606932701979	2.2	3.66666666666667
1	4.81500381580345	2.2	3.66666666666667
1	4.89393830458712	2.2	3.66666666666667
1	4.97287279337078	2.2	3.66666666666667
1	5.05180728215444	2.2	3.66666666666667
1	5.1307417709381	2.2	3.66666666666667
1	5.20967625972177	2.2	3.66666666666667
1	5.28861074850543	2.2	3.66666666666667
1	5.36754523728909	2.2	3.66666666666667
1	5.44647972607276	2.2	3.66666666666667
1	5.52541421485642	2.2	3.66666666666667
1	5.60434870364008	2.2	3.66666666666667
1	5.68328319242375	2.2	3.66666666666667
1	5.76221768120741	2.2	3.66666666666667
1	5.84115216999107	2.2	3.66666666666667
1	5.92008665877474	2.2	3.66666666666667
1	5.9990211475584	2.2	3.66666666666667
1	6.07795563634206	2.2	3.66666666666667
1	6.15689012512573	2.2	3.66666666666667
1	6.23582461390939	2.2	3.66666666666667
1	6.31475910269305	2.2	3.66666666666667
1	6.39369359147672	2.2	3.66666666666667
1	6.47262808026038	2.2	3.66666666666667
1	6.55156256904404	2.2	3.66666666666667
1	6.6304970578277	2.2	3.66666666666667
1	6.70943154661137	2.2	3.66666666666667
1	6.78836603539503	2.2	3.66666666666667
1	6.86730052417869	2.2	3.66666666666667
1	6.94623501296236	2.2	3.66666666666667
1	7.02516950174602	2.2	3.66666666666667
1	7.10410399052968	2.2	3.66666666666667
1	7.18303847931335	2.2	3.66666666666667
1	7.26197296809701	2.2	3.66666666666667
1	7.34090745688067	2.2	3.66666666666667
1	7.41984194566434	2.2	3.66666666666667
1	7.498776434448	2.2	3.66666666666667
1	7.57771092323166	2.2	3.66666666666667
1	7.65664541201533	2.2	3.66666666666667
1	7.73557990079899	2.2	3.66666666666667
1	7.81451438958265	2.2	3.66666666666667
1	7.89344887836631	2.2	3.66666666666667
1	7.97238336714998	2.2	3.66666666666667
1	8.05131785593364	2.2	3.66666666666667
1	8.1302523447173	2.2	3.66666666666667
1	8.20918683350097	2.2	3.66666666666667
1	8.28812132228463	2.2	3.66666666666667
1	8.36705581106829	2.2	3.66666666666667
1	8.44599029985196	2.2	3.66666666666667
1	8.52492478863562	2.2	3.66666666666667
1	8.60385927741928	2.2	3.66666666666667
1	8.68279376620295	2.2	3.66666666666667
1	8.76172825498661	2.2	3.66666666666667
1	8.84066274377027	2.2	3.66666666666667
1	8.91959723255394	2.2	3.66666666666667
1	8.9985317213376	2.2	3.66666666666667
1	9.07746621012126	2.2	3.66666666666667
1	9.15640069890492	2.2	3.66666666666667
1	9.23533518768859	2.2	3.66666666666667
1	9.31426967647225	2.2	3.66666666666667
1	9.39320416525591	2.2	3.66666666666667
1	9.47213865403958	2.2	3.66666666666667
1	9.55107314282324	2.2	3.66666666666667
1	9.6300076316069	2.2	3.66666666666667
1	9.70894212039057	2.2	3.66666666666667
1	9.78787660917423	2.2	3.66666666666667
1	9.86681109795789	2.2	3.66666666666667
1	9.94574558674156	2.2	3.66666666666667
1	10.0246800755252	2.2	3.66666666666667
1	10.1036145643089	2.2	3.66666666666667
1	10.1825490530925	2.2	3.66666666666667
1	10.2614835418762	2.2	3.66666666666667
1	10.3404180306599	2.2	3.66666666666667
1	10.4193525194435	2.2	3.66666666666667
1	10.4982870082272	2.2	3.66666666666667
1	10.5772214970109	2.2	3.66666666666667
1	10.6561559857945	2.2	3.66666666666667
1	10.7350904745782	2.2	3.66666666666667
1	10.8140249633619	2.2	3.66666666666667
1	10.8929594521455	2.2	3.66666666666667
1	10.9718939409292	2.2	3.66666666666667
1	11.0508284297128	2.2	3.66666666666667
1	11.1297629184965	2.2	3.66666666666667
1	11.2086974072802	2.2	3.66666666666667
1	11.2876318960638	2.2	3.66666666666667
1	11.3665663848475	2.2	3.66666666666667
1	11.4455008736312	2.2	3.66666666666667
1	11.5244353624148	2.2	3.66666666666667
1	11.6033698511985	2.2	3.66666666666667
1	11.6823043399821	2.2	3.66666666666667
1	11.7612388287658	2.2	3.66666666666667
1	11.8401733175495	2.2	3.66666666666667
1	11.9191078063331	2.2	3.66666666666667
1	11.9980422951168	2.2	3.66666666666667
1	12.0769767839005	2.2	3.66666666666667
1	12.1559112726841	2.2	3.66666666666667
1	12.2348457614678	2.2	3.66666666666667
1	12.3137802502515	2.2	3.66666666666667
1	12.3927147390351	2.2	3.66666666666667
1	12.4716492278188	2.2	3.66666666666667
1	12.5505837166024	2.2	3.66666666666667
1	12.6295182053861	2.2	3.66666666666667
1	12.7084526941698	2.2	3.66666666666667
1	12.7873871829534	2.2	3.66666666666667
1	12.8663216717371	2.2	3.66666666666667
1	12.9452561605208	2.2	3.66666666666667
1	13.0241906493044	2.2	3.66666666666667
1	13.1031251380881	2.2	3.66666666666667
1	13.1820596268717	2.2	3.66666666666667
1	13.2609941156554	2.2	3.66666666666667
1	13.3399286044391	2.2	3.66666666666667
1	13.4188630932227	2.2	3.66666666666667
1	13.4977975820064	2.2	3.66666666666667
1	13.5767320707901	2.2	3.66666666666667
1	13.6556665595737	2.2	3.66666666666667
1	13.7346010483574	2.2	3.66666666666667
1	13.8135355371411	2.2	3.66666666666667
1	13.8924700259247	2.2	3.66666666666667
1	13.9714045147084	2.2	3.66666666666667
1	14.050339003492	2.2	3.66666666666667
1	14.1292734922757	2.2	3.66666666666667
1	14.2082079810594	2.2	3.66666666666667
1	14.287142469843	2.2	3.66666666666667
1	14.3660769586267	2.2	3.66666666666667
1	14.4450114474104	2.2	3.66666666666667
1	14.523945936194	2.2	3.66666666666667
1	14.6028804249777	2.2	3.66666666666667
1	14.6818149137613	2.2	3.66666666666667
1	14.760749402545	2.2	3.66666666666667
1	14.8396838913287	2.2	3.66666666666667
1	14.9186183801123	2.2	3.66666666666667
1	14.997552868896	2.2	3.66666666666667
1	15.0764873576797	2.2	3.66666666666667
1	15.1554218464633	2.2	3.66666666666667
1	15.234356335247	2.2	3.66666666666667
1	15.3132908240307	2.2	3.66666666666667
1	15.3922253128143	2.2	3.66666666666667
1	15.471159801598	2.2	3.66666666666667
1	15.5500942903816	2.2	3.66666666666667
1	15.6290287791653	2.2	3.66666666666667
1	15.707963267949	2.2	3.66666666666667
1	0	0.23236581329361	4.66666666666667
1	0.0789344887836631	0.359336311877432	4.66666666666667
1	0.157868977567326	0.492530977066948	4.66666666666667
1	0.236803466350989	0.631949808862157	4.66666666666667
1	0.315737955134653	0.77759280726306	4.66666666666667
1	0.394672443918316	0.929459972269655	4.66666666666667
1	0.473606932701979	1.08755130388195	4.66666666666667
1	0.552541421485642	1.25186680209993	4.66666666666667
1	0.631475910269305	1.4224064669236	4.66666666666667
1	0.710410399052968	1.59917029835297	4.66666666666667
1	0.789344887836632	1.78215829638804	4.66666666666667
1	0.868279376620295	1.9713704610288	4.66666666666667
1	0.947213865403958	2.16680679227525	4.66666666666667
1	1.02614835418762	2.2	4.66666666666667
1	1.10508284297128	2.2	4.66666666666667
1	1.18401733175495	2.2	4.66666666666667
1	1.26295182053861	2.2	4.66666666666667
1	1.34188630932227	2.2	4.66666666666667
1	1.42082079810594	2.2	4.66666666666667
1	1.4997552868896	2.2	4.66666666666667
1	1.57868977567326	2.2	4.66666666666667
1	1.65762426445693	2.2	4.66666666666667
1	1.73655875324059	2.2	4.66666666666667
1	1.81549324202425	2.2	4.66666666666667
1	1.89442773080792	2.2	4.66666666666667
1	1.97336221959158	2.2	4.66666666666667
1	2.05229670837524	2.2	4.66666666666667
1	2.1312311971589	2.2	4.66666666666667
1	2.21016568594257	2.2	4.66666666666667
1	2.28910017472623	2.2	4.66666666666667
1	2.36803466350989	2.2	4.66666666666667
1	2.44696915229356	2.2	4.66666666666667
1	2.52590364107722	2.2	4.66666666666667
1	2.60483812986088	2.2	4.66666666666667
1	2.68377261864455	2.2	4.66666666666667
1	2.76270710742821	2.2	4.66666666666667
1	2.84164159621187	2.2	4.66666666666667
1	2.92057608499554	2.2	4.66666666666667
1	2.9995105737792	2.2	4.66666666666667
1	3.07844506256286	2.2	4.66666666666667
1	3.15737955134653	2.2	4.66666666666667
1	3.23631404013019	2.2	4.66666666666667
1	3.31524852891385	2.2	4.66666666666667
1	3.39418301769752	2.2	4.66666666666667
1	3.47311750648118	2.2	4.66666666666667
1	3.55205199526484	2.2	4.66666666666667
1	3.63098648404851	2.2	4.66666666666667
1	3.70992097283217	2.2	4.66666666666667
1	3.78885546161583	2.2	4.66666666666667
1	3.86778995039949	2.2	4.66666666666667
1	3.94672443918316	2.2	4.66666666666667
1	4.02565892796682	2.2	4.66666666666667
1	4.10459341675048	2.2	4.66666666666667
1	4.18352790553415	2.2	4.66666666666667
1	4.26246239431781	2.2	4.66666666666667
1	4.34139688310147	2.2	4.66666666666667
1	4.42033137188514	2.2	4.66666666666667
1	4.4992658606688	2.2	4.66666666666667
1	4.57820034945246	2.2	4.66666666666667
1	4.65713483823613	2.2	4.66666666666667
1	4.73606932701979	2.2	4.66666666666667
1	4.81500381580345	2.2	4.66666666666667
1	4.89393830458712	2.2	4.66666666666667
1	4.97287279337078	2.2	4.66666666666667
1	5.05180728215444	2.2	4.66666666666667
1	5.1307417709381	2.2	4.66666666666667
1	5.20967625972177	2.2	4.66666666666667
1	5.28861074850543	2.2	4.66666666666667
1	5.36754523728909	2.2	4.66666666666667
1	5.44647972607276	2.2	4.66666666666667
1	5.52541421485642	2.2	4.66666666666667
1	5.60434870364008	2.2	4.66666666666667
1	5.68328319242375	2.2	4.66666666666667
1	5.76221768120741	2.2	4.66666666666667
1	5.84115216999107	2.2	4.66666666666667
1	5.92008665877474	2.2	4.66666666666667
1	5.9990211475584	2.2	4.66666666666667
1	6.07795563634206	2.2	4.66666666666667
1	6.15689012512573	2.2	4.66666666666667
1	6.23582461390939	2.2	4.66666666666667
1	6.31475910269305	2.2	4.66666666666667
1	6.39369359147672	2.2	4.66666666666667
1	6.47262808026038	2.2	4.66666666666667
1	6.55156256904404	2.2	4.66666666666667
1	6.6304970578277	2.2	4.66666666666667
1	6.70943154661137	2.2	4.66666666666667
1	6.78836603539503	2.2	4.66666666666667
1	6.86730052417869	2.2	4.66666666666667
1	6.94623501296236	2.2	4.66666666666667
1	7.02516950174602	2.2	4.66666666666667
1	7.10410399052968	2.2	4.66666666666667
1	7.18303847931335	2.2	4.66666666666667
1	7.26197296809701	2.2	4.66666666666667
1	7.34090745688067	2.2	4.66666666666667
1	7.41984194566434	2.2	4.66666666666667
1	7.498776434448	2.2	4.66666666666667
1	7.57771092323166	2.2	4.66666666666667
1	7.65664541201533	2.2	4.66666666666667
1	7.73557990079899	2.2	4.66666666666667
1	7.81451438958265	2.2	4.66666666666667
1	7.89344887836631	2.2	4.66666666666667
1	7.97238336714998	2.2	4.66666666666667
1	8.05131785593364	2.2	4.66666666666667
1	8.1302523447173	2.2	4.66666666666667
1	8.20918683350097	2.2	4.66666666666667
1	8.28812132228463	2.2	4.66666666666667
1	8.36705581106829	2.2	4.66666666666667
1	8.44599029985196	2.2	4.66666666666667
1	8.52492478863562	2.2	4.66666666666667
1	8.60385927741928	2.2	4.66666666666667
1	8.68279376620295	2.2	4.66666666666667
1	8.76172825498661	2.2	4.66666666666667
1	8.84066274377027	2.2	4.66666666666667
1	8.91959723255394	2.2	4.66666666666667
1	8.9985317213376	2.2	4.66666666666667
1	9.07746621012126	2.2	4.66666666666667
1	9.15640069890492	2.2	4.66666666666667
1	9.23533518768859	2.2	4.66666666666667
1	9.31426967647225	2.2	4.66666666666667
1	9.39320416525591	2.2	4.66666666666667
1	9.47213865403958	2.2	4.66666666666667
1	9.55107314282324	2.2	4.66666666666667
1	9.6300076316069	2.2	4.66666666666667
1	9.70894212039057	2.2	4.66666666666667
1	9.78787660917423	2.2	4.66666666666667
1	9.86681109795789	2.2	4.66666666666667
1	9.94574558674156	2.2	4.66666666666667
1	10.0246800755252	2.2	4.66666666666667
1	10.1036145643089	2.2	4.66666666666667
1	10.1825490530925	2.2	4.66666666666667
1	10.2614835418762	2.2	4.66666666666667
1	10.3404180306599	2.2	4.66666666666667
1	10.4193525194435	2.2	4.66666666666667
1	10.4982870082272	2.2	4.66666666666667
1	10.5772214970109	2.2	4.66666666666667
1	10.6561559857945	2.2	4.66666666666667
1	10.7350904745782	2.2	4.66666666666667
1	10.8140249633619	2.2	4.66666666666667
1	10.8929594521455	2.2	4.66666666666667
1	10.9718939409292	2.2	4.66666666666667
1	11.0508284297128	2.2	4.66666666666667
1	11.1297629184965	2.2	4.66666666666667
1	11.2086974072802	2.2	4.66666666666667
1	11.2876318960638	2.2	4.66666666666667
1	11.3665663848475	2.2	4.66666666666667
1	11.4455008736312	2.2	4.66666666666667
1	11.5244353624148	2.2	4.66666666666667
1	11.6033698511985	2.2	4.66666666666667
1	11.6823043399821	2.2	4.66666666666667
1	11.7612388287658	2.2	4.66666666666667
1	11.8401733175495	2.2	4.66666666666667
1	11.9191078063331	2.2	4.66666666666667
1	11.9980422951168	2.2	4.66666666666667
1	12.0769767839005	2.2	4.66666666666667
1	12.1559112726841	2.2	4.66666666666667
1	12.2348457614678	2.2	4.66666666666667
1	12.3137802502515	2.2	4.66666666666667
1	12.3927147390351	2.2	4.66666666666667
1	12.4716492278188	2.2	4.66666666666667
1	12.5505837166024	2.2	4.66666666666667
1	12.6295182053861	2.2	4.66666666666667
1	12.7084526941698	2.2	4.66666666666667
1	12.7873871829534	2.2	4.66666666666667
1	12.8663216717371	2.2	4.66666666666667
1	12.9452561605208	2.2	4.66666666666667
1	13.0241906493044	2.2	4.66666666666667
1	13.1031251380881	2.2	4.66666666666667
1	13.1820596268717	2.2	4.66666666666667
1	13.2609941156554	2.2	4.66666666666667
1	13.3399286044391	2.2	4.66666666666667
1	13.4188630932227	2.2	4.66666666666667
1	13.4977975820064	2.2	4.66666666666667
1	13.5767320707901	2.2	4.66666666666667
1	13.6556665595737	2.2	4.66666666666667
1	13.7346010483574	2.2	4.66666666666667
1	13.8135355371411	2.2	4.66666666666667
1	13.8924700259247	2.2	4.66666666666667
1	13.9714045147084	2.2	4.66666666666667
1	14.050339003492	2.2	4.66666666666667
1	14.1292734922757	2.2	4.66666666666667
1	14.2082079810594	2.2	4.66666666666667
1	14.287142469843	2.2	4.66666666666667
1	14.3660769586267	2.2	4.66666666666667
1	14.4450114474104	2.2	4.66666666666667
1	14.523945936194	2.2	4.66666666666667
1	14.6028804249777	2.2	4.66666666666667
1	14.6818149137613	2.2	4.66666666666667
1	14.760749402545	2.2	4.66666666666667
1	14.8396838913287	2.2	4.66666666666667
1	14.9186183801123	2.2	4.66666666666667
1	14.997552868896	2.2	4.66666666666667
1	15.0764873576797	2.2	4.66666666666667
1	15.1554218464633	2.2	4.66666666666667
1	15.234356335247	2.2	4.66666666666667
1	15.3132908240307	2.2	4.66666666666667
1	15.3922253128143	2.2	4.66666666666667
1	15.471159801598	2.2	4.66666666666667
1	15.5500942903816	2.2	4.66666666666667
1	15.6290287791653	2.2	4.66666666666667
1	15.707963267949	2.2	4.66666666666667
1	0	0.233700549516045	5.66666666666667
1	0.0789344887836631	0.360805881250734	5.66666666666667
1	0.157868977567326	0.49414186650183	5.66666666666667
1	0.236803466350989	0.633708505269332	5.66666666666667
1	0.315737955134653	0.77950579755324	5.66666666666667
1	0.394672443918316	0.931533743353554	5.66666666666667
1	0.473606932701979	1.08979234267027	5.66666666666667
1	0.552541421485642	1.2542815955034	5.66666666666667
1	0.631475910269305	1.42500150185293	5.66666666666667
1	0.710410399052968	1.60195206171887	5.66666666666667
1	0.789344887836632	1.78513327510122	5.66666666666667
1	0.868279376620295	1.97454514199997	5.66666666666667
1	0.947213865403958	2.17018766241513	5.66666666666667
1	1.02614835418762	2.2	5.66666666666667
1	1.10508284297128	2.2	5.66666666666667
1	1.18401733175495	2.2	5.66666666666667
1	1.26295182053861	2.2	5.66666666666667
1	1.34188630932227	2.2	5.66666666666667
1	1.42082079810594	2.2	5.66666666666667
1	1.4997552868896	2.2	5.66666666666667
1	1.57868977567326	2.2	5.66666666666667
1	1.65762426445693	2.2	5.66666666666667
1	1.73655875324059	2.2	5.66666666666667
1	1.81549324202425	2.2	5.66666666666667
1	1.89442773080792	2.2	5.66666666666667
1	1.97336221959158	2.2	5.66666666666667
1	2.05229670837524	2.2	5.66666666666667
1	2.1312311971589	2.2	5.66666666666667
1	2.21016568594257	2.2	5.66666666666667
1	2.28910017472623	2.2	5.66666666666667
1	2.36803466350989	2.2	5.66666666666667
1	2.44696915229356	2.2	5.66666666666667
1	2.52590364107722	2.2	5.66666666666667
1	2.60483812986088	2.2	5.66666666666667
1	2.68377261864455	2.2	5.66666666666667
1	2.76270710742821	2.2	5.66666666666667
1	2.84164159621187	2.2	5.66666666666667
1	2.92057608499554	2.2	5.66666666666667
1	2.9995105737792	2.2	5.66666666666667
1	3.07844506256286	2.2	5.66666666666667
1	3.15737955134653	2.2	5.66666666666667
1	3.23631404013019	2.2	5.66666666666667
1	3.31524852891385	2.2	5.66666666666667
1	3.39418301769752	2.2	5.66666666666667
1	3.47311750648118	2.2	5.66666666666667
1	3.55205199526484	2.2	5.66666666666667
1	3.63098648404851	2.2	5.66666666666667
1	3.70992097283217	2.2	5.66666666666667
1	3.78885546161583	2.2	5.66666666666667
1	3.86778995039949	2.2	5.66666666666667
1	3.94672443918316	2.2	5.66666666666667
1	4.02565892796682	2.2	5.66666666666667
1	4.10459341675048	2.2	5.66666666666667
1	4.18352790553415	2.2	5.66666666666667
1	4.26246239431781	2.2	5.66666666666667
1	4.34139688310147	2.2	5.66666666666667
1	4.42033137188514	2.2	5.66666666666667
1	4.4992658606688	2.2	5.66666666666667
1	4.57820034945246	2.2	5.66666666666667
1	4.65713483823613	2.2	5.66666666666667
1	4.73606932701979	2.2	5.66666666666667
1	4.81500381580345	2.2	5.66666666666667
1	4.89393830458712	2.2	5.66666666666667
1	4.97287279337078	2.2	5.66666666666667
1	5.05180728215444	2.2	5.66666666666667
1	5.1307417709381	2.2	5.66666666666667
1	5.20967625972177	2.2	5.66666666666667
1	5.28861074850543	2.2	5.66666666666667
1	5.36754523728909	2.2	5.66666666666667
1	5.44647972607276	2.2	5.66666666666667
1	5.52541421485642	2.2	5.66666666666667
1	5.60434870364008	2.2	5.66666666666667
1	5.68328319242375	2.2	5.66666666666667
1	5.76221768120741	2.2	5.66666666666667
1	5.84115216999107	2.2	5.66666666666667
1	5.92008665877474	2.2	5.66666666666667
1	5.9990211475584	2.2	5.66666666666667
1	6.07795563634206	2.2	5.66666666666667
1	6.15689012512573	2.2	5.66666666666667
1	6.23582461390939	2.2	5.66666666666667
1	6.31475910269305	2.2	5.66666666666667
1	6.39369359147672	2.2	5.66666666666667
1	6.47262808026038	2.2	5.66666666666667
1	6.55156256904404	2.2	5.66666666666667
1	6.6304970578277	2.2	5.66666666666667
1	6.70943154661137	2.2	5.66666666666667
1	6.78836603539503	2.2	5.66666666666667
1	6.86730052417869	2.2	5.66666666666667
1	6.94623501296236	2.2	5.66666666666667
1	7.02516950174602	2.2	5.66666666666667
1	7.10410399052968	2.2	5.66666666666667
1	7.18303847931335	2.2	5.66666666666667
1	7.26197296809701	2.2	5.66666666666667
1	7.34090745688067	2.2	5.66666666666667
1	7.41984194566434	2.2	5.66666666666667
1	7.498776434448	2.2	5.66666666666667
1	7.57771092323166	2.2	5.66666666666667
1	7.65664541201533	2.2	5.66666666666667
1	7.73557990079899	2.2	5.66666666666667
1	7.81451438958265	2.2	5.66666666666667
1	7.89344887836631	2.2	5.66666666666667
1	7.97238336714998	2.2	5.66666666666667
1	8.05131785593364	2.2	5.66666666666667
1	8.1302523447173	2.2	5.66666666666667
1	8.20918683350097	2.2	5.66666666666667
1	8.28812132228463	2.2	5.66666666666667
1	8.36705581106829	2.2	5.66666666666667
1	8.44599029985196	2.2	5.66666666666667
1	8.52492478863562	2.2	5.66666666666667
1	8.60385927741928	2.2	5.66666666666667
1	8.68279376620295	2.2	5.66666666666667
1	8.76172825498661	2.2	5.66666666666667
1	8.84066274377027	2.2	5.66666666666667
1	8.91959723255394	2.2	5.66666666666667
1	8.9985317213376	2.2	5.66666666666667
1	9.07746621012126	2.2	5.66666666666667
1	9.15640069890492	2.2	5.66666666666667
1	9.23533518768859	2.2	5.66666666666667
1	9.31426967647225	2.2	5.66666666666667
1	9.39320416525591	2.2	5.66666666666667
1	9.47213865403958	2.2	5.66666666666667
1	9.55107314282324	2.2	5.66666666666667
1	9.6300076316069	2.2	5.66666666666667
1	9.70894212039057	2.2	5.66666666666667
1	9.78787660917423	2.2	5.66666666666667
1	9.86681109795789	2.2	5.66666666666667
1	9.94574558674156	2.2	5.66666666666667
1	10.0246800755252	2.2	5.66666666666667
1	10.1036145643089	2.2	5.66666666666667
1	10.1825490530925	2.2	5.66666666666667
1	10.2614835418762	2.2	5.66666666666667
1	10.3404180306599	2.2	5.66666666666667
1	10.4193525194435	2.2	5.66666666666667
1	10.4982870082272	2.2	5.66666666666667
1	10.5772214970109	2.2	5.66666666666667
1	10.6561559857945	2.2	5.66666666666667
1	10.7350904745782	2.2	5.66666666666667
1	10.8140249633619	2.2	5.66666666666667
1	10.8929594521455	2.2	5.66666666666667
1	10.9718939409292	2.2	5.66666666666667
1	11.0508284297128	2.2	5.66666666666667
1	11.1297629184965	2.2	5.66666666666667
1	11.2086974072802	2.2	5.66666666666667
1	11.2876318960638	2.2	5.66666666666667
1	11.3665663848475	2.2	5.66666666666667
1	11.4455008736312	2.2	5.66666666666667
1	11.5244353624148	2.2	5.66666666666667
1	11.6033698511985	2.2	5.66666666666667
1	11.6823043399821	2.2	5.66666666666667
1	11.7612388287658	2.2	5.66666666666667
1	11.8401733175495	2.2	5.66666666666667
1	11.9191078063331	2.2	5.66666666666667
1	11.9980422951168	2.2	5.66666666666667
1	12.0769767839005	2.2	5.66666666666667
1	12.1559112726841	2.2	5.66666666666667
1	12.2348457614678	2.2	5.66666666666667
1	12.3137802502515	2.2	5.66666666666667
1	12.3927147390351	2.2	5.66666666666667
1	12.4716492278188	2.2	5.66666666666667
1	12.5505837166024	2.2	5.66666666666667
1	12.6295182053861	2.2	5.66666666666667
1	12.7084526941698	2.2	5.66666666666667
1	12.7873871829534	2.2	5.66666666666667
1	12.8663216717371	2.2	5.66666666666667
1	12.9452561605208	2.2	5.66666666666667
1	13.0241906493044	2.2	5.66666666666667
1	13.1031251380881	2.2	5.66666666666667
1	13.1820596268717	2.2	5.66666666666667
1	13.2609941156554	2.2	5.66666666666667
1	13.3399286044391	2.2	5.66666666666667
1	13.4188630932227	2.2	5.66666666666667
1	13.4977975820064	2.2	5.66666666666667
1	13.5767320707901	2.2	5.66666666666667
1	13.6556665595737	2.2	5.66666666666667
1	13.7346010483574	2.2	5.66666666666667
1	13.8135355371411	2.2	5.66666666666667
1	13.8924700259247	2.2	5.66666666666667
1	13.9714045147084	2.2	5.66666666666667
1	14.050339003492	2.2	5.66666666666667
1	14.1292734922757	2.2	5.66666666666667
1	14.2082079810594	2.2	5.66666666666667
1	14.287142469843	2.2	5.66666666666667
1	14.3660769586267	2.2	5.66666666666667
1	14.4450114474104	2.2	5.66666666666667
1	14.523945936194	2.2	5.66666666666667
1	14.6028804249777	2.2	5.66666666666667
1	14.6818149137613	2.2	5.66666666666667
1	14.760749402545	2.2	5.66666666666667
1	14.8396838913287	2.2	5.66666666666667
1	14.9186183801123	2.2	5.66666666666667
1	14.997552868896	2.2	5.66666666666667
1	15.0764873576797	2.2	5.66666666666667
1	15.1554218464633	2.2	5.66666666666667
1	15.234356335247	2.2	5.66666666666667
1	15.3132908240307	2.2	5.66666666666667
1	15.3922253128143	2.2	5.66666666666667
1	15.471159801598	2.2	5.66666666666667
1	15.5500942903816	2.2	5.66666666666667
1	15.6290287791653	2.2	5.66666666666667
1	15.707963267949	2.2	5.66666666666667
1	0	0.23370055013617	6.66666666666667
1	0.0789344887836631	0.36080588193475	6.66666666666667
1	0.157868977567326	0.494141867252869	6.66666666666667
1	0.236803466350989	0.633708506090525	6.66666666666667
1	0.315737955134653	0.77950579844772	6.66666666666667
1	0.394672443918316	0.931533744324453	6.66666666666667
1	0.473606932701979	1.08979234372072	6.66666666666667
1	0.552541421485642	1.25428159663653	6.66666666666667
1	0.631475910269305	1.42500150307188	6.66666666666667
1	0.710410399052968	1.60195206302677	6.66666666666667
1	0.789344887836632	1.78513327650119	6.66666666666667
1	0.868279376620295	1.97454514349516	6.66666666666667
1	0.947213865403958	2.17018766400866	6.66666666666667
1	1.02614835418762	2.2	6.66666666666667
1	1.10508284297128	2.2	6.66666666666667
1	1.18401733175495	2.2	6.66666666666667
1	1.26295182053861	2.2	6.66666666666667
1	1.34188630932227	2.2	6.66666666666667
1	1.42082079810594	2.2	6.66666666666667
1	1.4997552868896	2.2	6.66666666666667
1	1.57868977567326	2.2	6.66666666666667
1	1.65762426445693	2.2	6.66666666666667
1	1.73655875324059	2.2	6.66666666666667
1	1.81549324202425	2.2	6.66666666666667
1	1.89442773080792	2.2	6.66666666666667
1	1.97336221959158	2.2	6.66666666666667
1	2.05229670837524	2.2	6.66666666666667
1	2.1312311971589	2.2	6.66666666666667
1	2.21016568594257	2.2	6.66666666666667
1	2.28910017472623	2.2	6.66666666666667
1	2.36803466350989	2.2	6.66666666666667
1	2.44696915229356	2.2	6.66666666666667
1	2.52590364107722	2.2	6.66666666666667
1	2.60483812986088	2.2	6.66666666666667
1	2.68377261864455	2.2	6.66666666666667
1	2.76270710742821	2.2	6.66666666666667
1	2.84164159621187	2.2	6.66666666666667
1	2.92057608499554	2.2	6.66666666666667
1	2.9995105737792	2.2	6.66666666666667
1	3.07844506256286	2.2	6.66666666666667
1	3.15737955134653	2.2	6.66666666666667
1	3.23631404013019	2.2	6.66666666666667
1	3.31524852891385	2.2	6.66666666666667
1	3.39418301769752	2.2	6.66666666666667
1	3.47311750648118	2.2	6.66666666666667
1	3.55205199526484	2.2	6.66666666666667
1	3.63098648404851	2.2	6.66666666666667
1	3.70992097283217	2.2	6.66666666666667
1	3.78885546161583	2.2	6.66666666666667
1	3.86778995039949	2.2	6.66666666666667
1	3.94672443918316	2.2	6.66666666666667
1	4.02565892796682	2.2	6.66666666666667
1	4.10459341675048	2.2	6.66666666666667
1	4.18352790553415	2.2	6.66666666666667
1	4.26246239431781	2.2	6.66666666666667
1	4.34139688310147	2.2	6.66666666666667
1	4.42033137188514	2.2	6.66666666666667
1	4.4992658606688	2.2	6.66666666666667
1	4.57820034945246	2.2	6.66666666666667
1	4.65713483823613	2.2	6.66666666666667
1	4.73606932701979	2.2	6.66666666666667
1	4.81500381580345	2.2	6.66666666666667
1	4.89393830458712	2.2	6.66666666666667
1	4.97287279337078	2.2	6.66666666666667
1	5.05180728215444	2.2	6.66666666666667
1	5.1307417709381	2.2	6.66666666666667
1	5.20967625972177	2.2	6.66666666666667
1	5.28861074850543	2.2	6.66666666666667
1	5.36754523728909	2.2	6.66666666666667
1	5.44647972607276	2.2	6.66666666666667
1	5.52541421485642	2.2	6.66666666666667
1	5.60434870364008	2.2	6.66666666666667
1	5.68328319242375	2.2	6.66666666666667
1	5.76221768120741	2.2	6.66666666666667
1	5.84115216999107	2.2	6.66666666666667
1	5.92008665877474	2.2	6.66666666666667
1	5.9990211475584	2.2	6.66666666666667
1	6.07795563634206	2.2	6.66666666666667
1	6.15689012512573	2.2	6.66666666666667
1	6.23582461390939	2.2	6.66666666666667
1	6.31475910269305	2.2	6.66666666666667
1	6.39369359147672	2.2	6.66666666666667
1	6.47262808026038	2.2	6.66666666666667
1	6.55156256904404	2.2	6.66666666666667
1	6.6304970578277	2.2	6.66666666666667
1	6.70943154661137	2.2	6.66666666666667
1	6.78836603539503	2.2	6.66666666666667
1	6.86730052417869	2.2	6.66666666666667
1	6.94623501296236	2.2	6.66666666666667
1	7.02516950174602	2.2	6.66666666666667
1	7.10410399052968	2.2	6.66666666666667
1	7.18303847931335	2.2	6.66666666666667
1	7.26197296809701	2.2	6.66666666666667
1	7.34090745688067	2.2	6.66666666666667
1	7.41984194566434	2.2	6.66666666666667
1	7.498776434448	2.2	6.66666666666667
1	7.57771092323166	2.2	6.66666666666667
1	7.65664541201533	2.2	6.66666666666667
1	7.73557990079899	2.2	6.66666666666667
1	7.81451438958265	2.2	6.66666666666667
1	7.89344887836631	2.2	6.66666666666667
1	7.97238336714998	2.2	6.66666666666667
1	8.05131785593364	2.2	6.66666666666667
1	8.1302523447173	2.2	6.66666666666667
1	8.20918683350097	2.2	6.66666666666667
1	8.28812132228463	2.2	6.66666666666667
1	8.36705581106829	2.2	6.66666666666667
1	8.44599029985196	2.2	6.66666666666667
1	8.52492478863562	2.2	6.66666666666667
1	8.60385927741928	2.2	6.66666666666667
1	8.68279376620295	2.2	6.66666666666667
1	8.76172825498661	2.2	6.66666666666667
1	8.84066274377027	2.2	6.66666666666667
1	8.91959723255394	2.2	6.66666666666667
1	8.9985317213376	2.2	6.66666666666667
1	9.07746621012126	2.2	6.66666666666667
1	9.15640069890492	2.2	6.66666666666667
1	9.23533518768859	2.2	6.66666666666667
1	9.31426967647225	2.2	6.66666666666667
1	9.39320416525591	2.2	6.66666666666667
1	9.47213865403958	2.2	6.66666666666667
1	9.55107314282324	2.2	6.66666666666667
1	9.6300076316069	2.2	6.66666666666667
1	9.70894212039057	2.2	6.66666666666667
1	9.78787660917423	2.2	6.66666666666667
1	9.86681109795789	2.2	6.66666666666667
1	9.94574558674156	2.2	6.66666666666667
1	10.0246800755252	2.2	6.66666666666667
1	10.1036145643089	2.2	6.66666666666667
1	10.1825490530925	2.2	6.66666666666667
1	10.2614835418762	2.2	6.66666666666667
1	10.3404180306599	2.2	6.66666666666667
1	10.4193525194435	2.2	6.66666666666667
1	10.4982870082272	2.2	6.66666666666667
1	10.5772214970109	2.2	6.66666666666667
1	10.6561559857945	2.2	6.66666666666667
1	10.7350904745782	2.2	6.66666666666667
1	10.8140249633619	2.2	6.66666666666667
1	10.8929594521455	2.2	6.66666666666667
1	10.9718939409292	2.2	6.66666666666667
1	11.0508284297128	2.2	6.66666666666667
1	11.1297629184965	2.2	6.66666666666667
1	11.2086974072802	2.2	6.66666666666667
1	11.2876318960638	2.2	6.66666666666667
1	11.3665663848475	2.2	6.66666666666667
1	11.4455008736312	2.2	6.66666666666667
1	11.5244353624148	2.2	6.66666666666667
1	11.6033698511985	2.2	6.66666666666667
1	11.6823043399821	2.2	6.66666666666667
1	11.7612388287658	2.2	6.66666666666667
1	11.8401733175495	2.2	6.66666666666667
1	11.9191078063331	2.2	6.66666666666667
1	11.9980422951168	2.2	6.66666666666667
1	12.0769767839005	2.2	6.66666666666667
1	12.1559112726841	2.2	6.66666666666667
1	12.2348457614678	2.2	6.66666666666667
1	12.3137802502515	2.2	6.66666666666667
1	12.3927147390351	2.2	6.66666666666667
1	12.4716492278188	2.2	6.66666666666667
1	12.5505837166024	2.2	6.66666666666667
1	12.6295182053861	2.2	6.66666666666667
1	12.7084526941698	2.2	6.66666666666667
1	12.7873871829534	2.2	6.66666666666667
1	12.8663216717371	2.2	6.66666666666667
1	12.9452561605208	2.2	6.66666666666667
1	13.0241906493044	2.2	6.66666666666667
1	13.1031251380881	2.2	6.66666666666667
1	13.1820596268717	2.2	6.66666666666667
1	13.2609941156554	2.2	6.66666666666667
1	13.3399286044391	2.2	6.66666666666667
1	13.4188630932227	2.2	6.66666666666667
1	13.4977975820064	2.2	6.66666666666667
1	13.5767320707901	2.2	6.66666666666667
1	13.6556665595737	2.2	6.66666666666667
1	13.7346010483574	2.2	6.66666666666667
1	13.8135355371411	2.2	6.66666666666667
1	13.8924700259247	2.2	6.66666666666667
1	13.9714045147084	2.2	6.66666666666667
1	14.050339003492	2.2	6.66666666666667
1	14.1292734922757	2.2	6.66666666666667
1	14.2082079810594	2.2	6.66666666666667
1	14.287142469843	2.2	6.66666666666667
1	14.3660769586267	2.2	6.66666666666667
1	14.4450114474104	2.2	6.66666666666667
1	14.523945936194	2.2	6.66666666666667
1	14.6028804249777	2.2	6.66666666666667
1	14.6818149137613	2.2	6.66666666666667
1	14.760749402545	2.2	6.66666666666667
1	14.8396838913287	2.2	6.66666666666667
1	14.9186183801123	2.2	6.66666666666667
1	14.997552868896	2.2	6.66666666666667
1	15.0764873576797	2.2	6.66666666666667
1	15.1554218464633	2.2	6.66666666666667
1	15.234356335247	2.2	6.66666666666667
1	15.3132908240307	2.2	6.66666666666667
1	15.3922253128143	2.2	6.66666666666667
1	15.471159801598	2.2	6.66666666666667
1	15.5500942903816	2.2	6.66666666666667
1	15.6290287791653	2.2	6.66666666666667
1	15.707963267949	2.2	6.66666666666667
1	0	0.23370055013617	7.66666666666667
1	0.0789344887836631	0.36080588193475	7.66666666666667
1	0.157868977567326	0.494141867252869	7.66666666666667
1	0.236803466350989	0.633708506090525	7.66666666666667
1	0.315737955134653	0.77950579844772	7.66666666666667
1	0.394672443918316	0.931533744324453	7.66666666666667
1	0.473606932701979	1.08979234372072	7.66666666666667
1	0.552541421485642	1.25428159663653	7.66666666666667
1	0.631475910269305	1.42500150307188	7.66666666666667
1	0.710410399052968	1.60195206302677	7.66666666666667
1	0.789344887836632	1.78513327650119	7.66666666666667
1	0.868279376620295	1.97454514349516	7.66666666666667
1	0.947213865403958	2.17018766400866	7.66666666666667
1	1.02614835418762	2.2	7.66666666666667
1	1.10508284297128	2.2	7.66666666666667
1	1.18401733175495	2.2	7.66666666666667
1	1.26295182053861	2.2	7.66666666666667
1	1.34188630932227	2.2	7.66666666666667
1	1.42082079810594	2.2	7.66666666666667
1	1.4997552868896	2.2	7.66666666666667
1	1.57868977567326	2.2	7.66666666666667
1	1.65762426445693	2.2	7.66666666666667
1	1.73655875324059	2.2	7.66666666666667
1	1.81549324202425	2.2	7.66666666666667
1	1.89442773080792	2.2	7.66666666666667
1	1.97336221959158	2.2	7.66666666666667
1	2.05229670837524	2.2	7.66666666666667
1	2.1312311971589	2.2	7.66666666666667
1	2.21016568594257	2.2	7.66666666666667
1	2.28910017472623	2.2	7.66666666666667
1	2.36803466350989	2.2	7.66666666666667
1	2.44696915229356	2.2	7.66666666666667
1	2.52590364107722	2.2	7.66666666666667
1	2.60483812986088	2.2	7.66666666666667
1	2.68377261864455	2.2	7.66666666666667
1	2.76270710742821	2.2	7.66666666666667
1	2.84164159621187	2.2	7.66666666666667
1	2.92057608499554	2.2	7.66666666666667
1	2.9995105737792	2.2	7.66666666666667
1	3.07844506256286	2.2	7.66666666666667
1	3.15737955134653	2.2	7.66666666666667
1	3.23631404013019	2.2	7.66666666666667
1	3.31524852891385	2.2	7.66666666666667
1	3.39418301769752	2.2	7.66666666666667
1	3.47311750648118	2.2	7.66666666666667
1	3.55205199526484	2.2	7.66666666666667
1	3.63098648404851	2.2	7.66666666666667
1	3.70992097283217	2.2	7.66666666666667
1	3.78885546161583	2.2	7.66666666666667
1	3.86778995039949	2.2	7.66666666666667
1	3.94672443918316	2.2	7.66666666666667
1	4.02565892796682	2.2	7.66666666666667
1	4.10459341675048	2.2	7.66666666666667
1	4.18352790553415	2.2	7.66666666666667
1	4.26246239431781	2.2	7.66666666666667
1	4.34139688310147	2.2	7.66666666666667
1	4.42033137188514	2.2	7.66666666666667
1	4.4992658606688	2.2	7.66666666666667
1	4.57820034945246	2.2	7.66666666666667
1	4.65713483823613	2.2	7.66666666666667
1	4.73606932701979	2.2	7.66666666666667
1	4.81500381580345	2.2	7.66666666666667
1	4.89393830458712	2.2	7.66666666666667
1	4.97287279337078	2.2	7.66666666666667
1	5.05180728215444	2.2	7.66666666666667
1	5.1307417709381	2.2	7.66666666666667
1	5.20967625972177	2.2	7.66666666666667
1	5.28861074850543	2.2	7.66666666666667
1	5.36754523728909	2.2	7.66666666666667
1	5.44647972607276	2.2	7.66666666666667
1	5.52541421485642	2.2	7.66666666666667
1	5.60434870364008	2.2	7.66666666666667
1	5.68328319242375	2.2	7.66666666666667
1	5.76221768120741	2.2	7.66666666666667
1	5.84115216999107	2.2	7.66666666666667
1	5.92008665877474	2.2	7.66666666666667
1	5.9990211475584	2.2	7.66666666666667
1	6.07795563634206	2.2	7.66666666666667
1	6.15689012512573	2.2	7.66666666666667
1	6.23582461390939	2.2	7.66666666666667
1	6.31475910269305	2.2	7.66666666666667
1	6.39369359147672	2.2	7.66666666666667
1	6.47262808026038	2.2	7.66666666666667
1	6.55156256904404	2.2	7.66666666666667
1	6.6304970578277	2.2	7.66666666666667
1	6.70943154661137	2.2	7.66666666666667
1	6.78836603539503	2.2	7.66666666666667
1	6.86730052417869	2.2	7.66666666666667
1	6.94623501296236	2.2	7.66666666666667
1	7.02516950174602	2.2	7.66666666666667
1	7.10410399052968	2.2	7.66666666666667
1	7.18303847931335	2.2	7.66666666666667
1	7.26197296809701	2.2	7.66666666666667
1	7.34090745688067	2.2	7.66666666666667
1	7.41984194566434	2.2	7.66666666666667
1	7.498776434448	2.2	7.66666666666667
1	7.57771092323166	2.2	7.66666666666667
1	7.65664541201533	2.2	7.66666666666667
1	7.73557990079899	2.2	7.66666666666667
1	7.81451438958265	2.2	7.66666666666667
1	7.89344887836631	2.2	7.66666666666667
1	7.97238336714998	2.2	7.66666666666667
1	8.05131785593364	2.2	7.66666666666667
1	8.1302523447173	2.2	7.66666666666667
1	8.20918683350097	2.2	7.66666666666667
1	8.28812132228463	2.2	7.66666666666667
1	8.36705581106829	2.2	7.66666666666667
1	8.44599029985196	2.2	7.66666666666667
1	8.52492478863562	2.2	7.66666666666667
1	8.60385927741928	2.2	7.66666666666667
1	8.68279376620295	2.2	7.66666666666667
1	8.76172825498661	2.2	7.66666666666667
1	8.84066274377027	2.2	7.66666666666667
1	8.91959723255394	2.2	7.66666666666667
1	8.9985317213376	2.2	7.66666666666667
1	9.07746621012126	2.2	7.66666666666667
1	9.15640069890492	2.2	7.66666666666667
1	9.23533518768859	2.2	7.66666666666667
1	9.31426967647225	2.2	7.66666666666667
1	9.39320416525591	2.2	7.66666666666667
1	9.47213865403958	2.2	7.66666666666667
1	9.55107314282324	2.2	7.66666666666667
1	9.6300076316069	2.2	7.66666666666667
1	9.70894212039057	2.2	7.66666666666667
1	9.78787660917423	2.2	7.66666666666667
1	9.86681109795789	2.2	7.66666666666667
1	9.94574558674156	2.2	7.66666666666667
1	10.0246800755252	2.2	7.66666666666667
1	10.1036145643089	2.2	7.66666666666667
1	10.1825490530925	2.2	7.66666666666667
1	10.2614835418762	2.2	7.66666666666667
1	10.3404180306599	2.2	7.66666666666667
1	10.4193525194435	2.2	7.66666666666667
1	10.4982870082272	2.2	7.66666666666667
1	10.5772214970109	2.2	7.66666666666667
1	10.6561559857945	2.2	7.66666666666667
1	10.7350904745782	2.2	7.66666666666667
1	10.8140249633619	2.2	7.66666666666667
1	10.8929594521455	2.2	7.66666666666667
1	10.9718939409292	2.2	7.66666666666667
1	11.0508284297128	2.2	7.66666666666667
1	11.1297629184965	2.2	7.66666666666667
1	11.2086974072802	2.2	7.66666666666667
1	11.2876318960638	2.2	7.66666666666667
1	11.3665663848475	2.2	7.66666666666667
1	11.4455008736312	2.2	7.66666666666667
1	11.5244353624148	2.2	7.66666666666667
1	11.6033698511985	2.2	7.66666666666667
1	11.6823043399821	2.2	7.66666666666667
1	11.7612388287658	2.2	7.66666666666667
1	11.8401733175495	2.2	7.66666666666667
1	11.9191078063331	2.2	7.66666666666667
1	11.9980422951168	2.2	7.66666666666667
1	12.0769767839005	2.2	7.66666666666667
1	12.1559112726841	2.2	7.66666666666667
1	12.2348457614678	2.2	7.66666666666667
1	12.3137802502515	2.2	7.66666666666667
1	12.3927147390351	2.2	7.66666666666667
1	12.4716492278188	2.2	7.66666666666667
1	12.5505837166024	2.2	7.66666666666667
1	12.6295182053861	2.2	7.66666666666667
1	12.7084526941698	2.2	7.66666666666667
1	12.7873871829534	2.2	7.66666666666667
1	12.8663216717371	2.2	7.66666666666667
1	12.9452561605208	2.2	7.66666666666667
1	13.0241906493044	2.2	7.66666666666667
1	13.1031251380881	2.2	7.66666666666667
1	13.1820596268717	2.2	7.66666666666667
1	13.2609941156554	2.2	7.66666666666667
1	13.3399286044391	2.2	7.66666666666667
1	13.4188630932227	2.2	7.66666666666667
1	13.4977975820064	2.2	7.66666666666667
1	13.5767320707901	2.2	7.66666666666667
1	13.6556665595737	2.2	7.66666666666667
1	13.7346010483574	2.2	7.66666666666667
1	13.8135355371411	2.2	7.66666666666667
1	13.8924700259247	2.2	7.66666666666667
1	13.9714045147084	2.2	7.66666666666667
1	14.050339003492	2.2	7.66666666666667
1	14.1292734922757	2.2	7.66666666666667
1	14.2082079810594	2.2	7.66666666666667
1	14.287142469843	2.2	7.66666666666667
1	14.3660769586267	2.2	7.66666666666667
1	14.4450114474104	2.2	7.66666666666667
1	14.523945936194	2.2	7.66666666666667
1	14.6028804249777	2.2	7.66666666666667
1	14.6818149137613	2.2	7.66666666666667
1	14.760749402545	2.2	7.66666666666667
1	14.8396838913287	2.2	7.66666666666667
1	14.9186183801123	2.2	7.66666666666667
1	14.997552868896	2.2	7.66666666666667
1	15.0764873576797	2.2	7.66666666666667
1	15.1554218464633	2.2	7.66666666666667
1	15.234356335247	2.2	7.66666666666667
1	15.3132908240307	2.2	7.66666666666667
1	15.3922253128143	2.2	7.66666666666667
1	15.471159801598	2.2	7.66666666666667
1	15.5500942903816	2.2	7.66666666666667
1	15.6290287791653	2.2	7.66666666666667
1	15.707963267949	2.2	7.66666666666667
