x	y	key	showSelected1	showSelected2
0.1	0.0998334166468281	1	0.1	1
0.1	0.0998334166468281	1	0.1	2
10.0666444232592	-0.598691481919261	1	0.1	2
0.1	0.0998334166468281	1	0.1	3
10.0666444232592	-0.598691481919261	1	0.1	3
11.4045283629979	-0.91753723638326	1	0.1	3
0.1	0.0998334166468281	1	0.1	4
10.0666444232592	-0.598691481919261	1	0.1	4
11.4045283629979	-0.91753723638326	1	0.1	4
10.9711400980193	-0.999701500042192	1	0.1	4
0.1	0.0998334166468281	1	0.1	5
10.0666444232592	-0.598691481919261	1	0.1	5
11.4045283629979	-0.91753723638326	1	0.1	5
10.9711400980193	-0.999701500042192	1	0.1	5
10.9955791513708	-0.999999999988172	1	0.1	5
0.1	0.0998334166468281	1	0.1	6
10.0666444232592	-0.598691481919261	1	0.1	6
11.4045283629979	-0.91753723638326	1	0.1	6
10.9711400980193	-0.999701500042192	1	0.1	6
10.9955791513708	-0.999999999988172	1	0.1	6
10.9955742875643	-1	1	0.1	6
0.2	0.198669330795061	1	0.2	1
0.2	0.198669330795061	1	0.2	2
5.13315487558689	-0.912776370761293	1	0.2	2
0.2	0.198669330795061	1	0.2	3
5.13315487558689	-0.912776370761293	1	0.2	3
4.68566337940159	-0.999642892382379	1	0.2	3
0.2	0.198669330795061	1	0.2	4
5.13315487558689	-0.912776370761293	1	0.2	4
4.68566337940159	-0.999642892382379	1	0.2	4
4.71239534519233	-0.999999999979745	1	0.2	4
0.2	0.198669330795061	1	0.2	5
5.13315487558689	-0.912776370761293	1	0.2	5
4.68566337940159	-0.999642892382379	1	0.2	5
4.71239534519233	-0.999999999979745	1	0.2	5
4.71238898038469	-1	1	0.2	5
0.3	0.29552020666134	1	0.3	1
0.3	0.29552020666134	1	0.3	2
3.53272814376583	-0.381238394953024	1	0.3	2
0.3	0.29552020666134	1	0.3	3
3.53272814376583	-0.381238394953024	1	0.3	3
5.95765904190759	-0.319807457284175	1	0.3	3
0.3	0.29552020666134	1	0.3	4
3.53272814376583	-0.381238394953024	1	0.3	4
5.95765904190759	-0.319807457284175	1	0.3	4
2.99499343643595	0.146074679085186	1	0.3	4
0.3	0.29552020666134	1	0.3	5
3.53272814376583	-0.381238394953024	1	0.3	5
5.95765904190759	-0.319807457284175	1	0.3	5
2.99499343643595	0.146074679085186	1	0.3	5
-0.785398163397448	0.59381830349462	1	0.3	5
0.3	0.29552020666134	1	0.3	6
3.53272814376583	-0.381238394953024	1	0.3	6
5.95765904190759	-0.319807457284175	1	0.3	6
2.99499343643595	0.146074679085186	1	0.3	6
-0.785398163397448	0.59381830349462	1	0.3	6
-0.785398163397448	0.913105916282793	1	0.3	6
0.3	0.29552020666134	1	0.3	7
3.53272814376583	-0.381238394953024	1	0.3	7
5.95765904190759	-0.319807457284175	1	0.3	7
2.99499343643595	0.146074679085186	1	0.3	7
-0.785398163397448	0.59381830349462	1	0.3	7
-0.785398163397448	0.913105916282793	1	0.3	7
-0.785398163397448	0.99964719121169	1	0.3	7
0.3	0.29552020666134	1	0.3	8
3.53272814376583	-0.381238394953024	1	0.3	8
5.95765904190759	-0.319807457284175	1	0.3	8
2.99499343643595	0.146074679085186	1	0.3	8
-0.785398163397448	0.59381830349462	1	0.3	8
-0.785398163397448	0.913105916282793	1	0.3	8
-0.785398163397448	0.99964719121169	1	0.3	8
-0.785398163397448	0.999999999980468	1	0.3	8
0.3	0.29552020666134	1	0.3	9
3.53272814376583	-0.381238394953024	1	0.3	9
5.95765904190759	-0.319807457284175	1	0.3	9
2.99499343643595	0.146074679085186	1	0.3	9
-0.785398163397448	0.59381830349462	1	0.3	9
-0.785398163397448	0.913105916282793	1	0.3	9
-0.785398163397448	0.99964719121169	1	0.3	9
-0.785398163397448	0.999999999980468	1	0.3	9
-0.785398163397448	1	1	0.3	9
0.4	0.389418342308651	1	0.4	1
0.4	0.389418342308651	1	0.4	2
2.76522242003911	0.367547197604172	1	0.4	2
0.4	0.389418342308651	1	0.4	3
2.76522242003911	0.367547197604172	1	0.4	3
0.23492188805033	0.232767019810867	1	0.4	3
0.4	0.389418342308651	1	0.4	4
2.76522242003911	0.367547197604172	1	0.4	4
0.23492188805033	0.232767019810867	1	0.4	4
4.41305900977628	-0.955534281890982	1	0.4	4
0.4	0.389418342308651	1	0.4	5
2.76522242003911	0.367547197604172	1	0.4	5
0.23492188805033	0.232767019810867	1	0.4	5
4.41305900977628	-0.955534281890982	1	0.4	5
4.7216612676291	-0.999957012652617	1	0.4	5
0.4	0.389418342308651	1	0.4	6
2.76522242003911	0.367547197604172	1	0.4	6
0.23492188805033	0.232767019810867	1	0.4	6
4.41305900977628	-0.955534281890982	1	0.4	6
4.7216612676291	-0.999957012652617	1	0.4	6
4.71238871464629	-0.999999999999965	1	0.4	6
0.4	0.389418342308651	1	0.4	7
2.76522242003911	0.367547197604172	1	0.4	7
0.23492188805033	0.232767019810867	1	0.4	7
4.41305900977628	-0.955534281890982	1	0.4	7
4.7216612676291	-0.999957012652617	1	0.4	7
4.71238871464629	-0.999999999999965	1	0.4	7
4.71238898038469	-1	1	0.4	7
0.5	0.479425538604203	1	0.5	1
0.5	0.479425538604203	1	0.5	2
2.33048772171245	0.725048580881258	1	0.5	2
0.5	0.479425538604203	1	0.5	3
2.33048772171245	0.725048580881258	1	0.5	3
1.38062347483022	0.981971575816325	1	0.5	3
0.5	0.479425538604203	1	0.5	4
2.33048772171245	0.725048580881258	1	0.5	4
1.38062347483022	0.981971575816325	1	0.5	4
1.57312256357271	0.999997294312447	1	0.5	4
0.5	0.479425538604203	1	0.5	5
2.33048772171245	0.725048580881258	1	0.5	5
1.38062347483022	0.981971575816325	1	0.5	5
1.57312256357271	0.999997294312447	1	0.5	5
1.57079632259884	1	1	0.5	5
0.5	0.479425538604203	1	0.5	6
2.33048772171245	0.725048580881258	1	0.5	6
1.38062347483022	0.981971575816325	1	0.5	6
1.57312256357271	0.999997294312447	1	0.5	6
1.57079632259884	1	1	0.5	6
1.5707963267949	1	1	0.5	6
0.6	0.564642473395035	1	0.6	1
0.6	0.564642473395035	1	0.6	2
2.0616959470781	0.881909117029116	1	0.6	2
0.6	0.564642473395035	1	0.6	3
2.0616959470781	0.881909117029116	1	0.6	3
1.52715168049241	0.999047723601347	1	0.6	3
0.6	0.564642473395035	1	0.6	4
2.0616959470781	0.881909117029116	1	0.6	4
1.52715168049241	0.999047723601347	1	0.6	4
1.57082406016942	0.99999999961543	1	0.6	4
0.6	0.564642473395035	1	0.6	5
2.0616959470781	0.881909117029116	1	0.6	5
1.52715168049241	0.999047723601347	1	0.6	5
1.57082406016942	0.99999999961543	1	0.6	5
1.57079632679489	1	1	0.6	5
0.6	0.564642473395035	1	0.6	6
2.0616959470781	0.881909117029116	1	0.6	6
1.52715168049241	0.999047723601347	1	0.6	6
1.57082406016942	0.99999999961543	1	0.6	6
1.57079632679489	1	1	0.6	6
1.5707963267949	1	1	0.6	6
0.7	0.644217687237691	1	0.7	1
0.7	0.644217687237691	1	0.7	2
1.88724183212668	0.950347544371451	1	0.7	2
0.7	0.644217687237691	1	0.7	3
1.88724183212668	0.950347544371451	1	0.7	3
1.55979264772175	0.999939460134283	1	0.7	3
0.7	0.644217687237691	1	0.7	4
1.88724183212668	0.950347544371451	1	0.7	4
1.55979264772175	0.999939460134283	1	0.7	4
1.57079677092839	0.999999999999901	1	0.7	4
0.7	0.644217687237691	1	0.7	5
1.88724183212668	0.950347544371451	1	0.7	5
1.55979264772175	0.999939460134283	1	0.7	5
1.57079677092839	0.999999999999901	1	0.7	5
1.5707963267949	1	1	0.7	5
0.8	0.717356090899523	1	0.8	1
0.8	0.717356090899523	1	0.8	2
1.77121460065047	0.979983393923886	1	0.8	2
0.8	0.717356090899523	1	0.8	3
1.77121460065047	0.979983393923886	1	0.8	3
1.56806906689472	0.999996281029024	1	0.8	3
0.8	0.717356090899523	1	0.8	4
1.77121460065047	0.979983393923886	1	0.8	4
1.56806906689472	0.999996281029024	1	0.8	4
1.57079633355665	1	1	0.8	4
0.8	0.717356090899523	1	0.8	5
1.77121460065047	0.979983393923886	1	0.8	5
1.56806906689472	0.999996281029024	1	0.8	5
1.57079633355665	1	1	0.8	5
1.5707963267949	1	1	0.8	5
0.9	0.783326909627483	1	0.9	1
0.9	0.783326909627483	1	0.9	2
1.69355114784232	0.992475083333372	1	0.9	2
0.9	0.783326909627483	1	0.9	3
1.69355114784232	0.992475083333372	1	0.9	3
1.57017600043367	0.999999807597609	1	0.9	3
0.9	0.783326909627483	1	0.9	4
1.69355114784232	0.992475083333372	1	0.9	4
1.57017600043367	0.999999807597609	1	0.9	4
1.57079632687447	1	1	0.9	4
0.9	0.783326909627483	1	0.9	5
1.69355114784232	0.992475083333372	1	0.9	5
1.57017600043367	0.999999807597609	1	0.9	5
1.57079632687447	1	1	0.9	5
1.5707963267949	1	1	0.9	5
1	0.841470984807897	1	1	1
1	0.841470984807897	1	1	2
1.64209261593433	0.997459496000245	1	1	2
1	0.841470984807897	1	1	3
1.64209261593433	0.997459496000245	1	1	3
1.57067527716125	0.999999992673493	1	1	3
1	0.841470984807897	1	1	4
1.64209261593433	0.997459496000245	1	1	4
1.57067527716125	0.999999992673493	1	1	4
1.57079632679549	1	1	1	4
1	0.841470984807897	1	1	5
1.64209261593433	0.997459496000245	1	1	5
1.57067527716125	0.999999992673493	1	1	5
1.57079632679549	1	1	1	5
1.5707963267949	1	1	1	5
1.1	0.891207360061435	1	1.1	1
1.1	0.891207360061435	1	1.1	2
1.60896810523906	0.99927154612323	1	1.1	2
1.1	0.891207360061435	1	1.1	3
1.60896810523906	0.99927154612323	1	1.1	3
1.57077777614515	0.999999999827937	1	1.1	3
1.1	0.891207360061435	1	1.1	4
1.60896810523906	0.99927154612323	1	1.1	4
1.57077777614515	0.999999999827937	1	1.1	4
1.5707963267949	1	1	1.1	4
1.1	0.891207360061435	1	1.1	5
1.60896810523906	0.99927154612323	1	1.1	5
1.57077777614515	0.999999999827937	1	1.1	5
1.5707963267949	1	1	1.1	5
1.5707963267949	1	1	1.1	5
1.2	0.932039085967226	1	1.2	1
1.2	0.932039085967226	1	1.2	2
1.5887795693682	0.999838305850962	1	1.2	2
1.2	0.932039085967226	1	1.2	3
1.5887795693682	0.999838305850962	1	1.2	3
1.57079438796845	0.99999999999812	1	1.2	3
1.2	0.932039085967226	1	1.2	4
1.5887795693682	0.999838305850962	1	1.2	4
1.57079438796845	0.99999999999812	1	1.2	4
1.5707963267949	1	1	1.2	4
1.3	0.963558185417193	1	1.3	1
1.3	0.963558185417193	1	1.3	2
1.57761564654113	0.999976748529205	1	1.3	2
1.3	0.963558185417193	1	1.3	3
1.57761564654113	0.999976748529205	1	1.3	3
1.57079622108638	0.999999999999994	1	1.3	3
1.3	0.963558185417193	1	1.3	4
1.57761564654113	0.999976748529205	1	1.3	4
1.57079622108638	0.999999999999994	1	1.3	4
1.5707963267949	1	1	1.3	4
1.4	0.98544972998846	1	1.4	1
1.4	0.98544972998846	1	1.4	2
1.5724767258318	0.999998588129871	1	1.4	2
1.4	0.98544972998846	1	1.4	3
1.5724767258318	0.999998588129871	1	1.4	3
1.57079632521322	1	1	1.4	3
1.4	0.98544972998846	1	1.4	4
1.5724767258318	0.999998588129871	1	1.4	4
1.57079632521322	1	1	1.4	4
1.5707963267949	1	1	1.4	4
1.5	0.997494986604054	1	1.5	1
1.5	0.997494986604054	1	1.5	2
1.57091484430265	0.9999999929768	1	1.5	2
1.5	0.997494986604054	1	1.5	3
1.57091484430265	0.9999999929768	1	1.5	3
1.57079632679434	1	1	1.5	3
1.5	0.997494986604054	1	1.5	4
1.57091484430265	0.9999999929768	1	1.5	4
1.57079632679434	1	1	1.5	4
1.5707963267949	1	1	1.5	4
1.6	0.999573603041505	1	1.6	1
1.6	0.999573603041505	1	1.6	2
1.57078802180006	0.999999999965513	1	1.6	2
1.6	0.999573603041505	1	1.6	3
1.57078802180006	0.999999999965513	1	1.6	3
1.5707963267949	1	1	1.6	3
1.6	0.999573603041505	1	1.6	4
1.57078802180006	0.999999999965513	1	1.6	4
1.5707963267949	1	1	1.6	4
1.5707963267949	1	1	1.6	4
1.7	0.991664810452469	1	1.7	1
1.7	0.991664810452469	1	1.7	2
1.57007253566179	0.999999738063209	1	1.7	2
1.7	0.991664810452469	1	1.7	3
1.57007253566179	0.999999738063209	1	1.7	3
1.57079632692129	1	1	1.7	3
1.7	0.991664810452469	1	1.7	4
1.57007253566179	0.999999738063209	1	1.7	4
1.57079632692129	1	1	1.7	4
1.5707963267949	1	1	1.7	4
1.8	0.973847630878195	1	1.8	1
1.8	0.973847630878195	1	1.8	2
1.56669646514599	0.999991595579002	1	1.8	2
1.8	0.973847630878195	1	1.8	3
1.56669646514599	0.999991595579002	1	1.8	3
1.57079634976639	1	1	1.8	3
1.8	0.973847630878195	1	1.8	4
1.56669646514599	0.999991595579002	1	1.8	4
1.57079634976639	1	1	1.8	4
1.5707963267949	1	1	1.8	4
1.9	0.946300087687414	1	1.9	1
1.9	0.946300087687414	1	1.9	2
1.55836464450345	0.999922727632893	1	1.9	2
1.9	0.946300087687414	1	1.9	3
1.55836464450345	0.999922727632893	1	1.9	3
1.57079696725975	0.999999999999795	1	1.9	3
1.9	0.946300087687414	1	1.9	4
1.55836464450345	0.999922727632893	1	1.9	4
1.57079696725975	0.999999999999795	1	1.9	4
1.5707963267949	1	1	1.9	4
2	0.909297426825682	1	2	1
2	0.909297426825682	1	2	2
1.54234244563971	0.999595215634949	1	2	2
2	0.909297426825682	1	2	3
1.54234244563971	0.999595215634949	1	2	3
1.5708040082581	0.999999999970498	1	2	3
2	0.909297426825682	1	2	4
1.54234244563971	0.999595215634949	1	2	4
1.5708040082581	0.999999999970498	1	2	4
1.5707963267949	1	1	2	4
2.1	0.863209366648874	1	2.1	1
2.1	0.863209366648874	1	2.1	2
1.51515219354054	0.998452264629512	1	2.1	2
2.1	0.863209366648874	1	2.1	3
1.51515219354054	0.998452264629512	1	2.1	3
1.57085382775677	0.99999999834682	1	2.1	3
2.1	0.863209366648874	1	2.1	4
1.51515219354054	0.998452264629512	1	2.1	4
1.57085382775677	0.99999999834682	1	2.1	4
1.57079632679483	1	1	2.1	4
2.1	0.863209366648874	1	2.1	5
1.51515219354054	0.998452264629512	1	2.1	5
1.57085382775677	0.99999999834682	1	2.1	5
1.57079632679483	1	1	2.1	5
1.5707963267949	1	1	2.1	5
2.2	0.80849640381959	1	2.2	1
2.2	0.80849640381959	1	2.2	2
1.47210422399521	0.995133886062433	1	2.2	2
2.2	0.80849640381959	1	2.2	3
1.47210422399521	0.995133886062433	1	2.2	3
1.57111800480252	0.99999994826163	1	2.2	3
2.2	0.80849640381959	1	2.2	4
1.47210422399521	0.995133886062433	1	2.2	4
1.57111800480252	0.99999994826163	1	2.2	4
1.5707963267838	1	1	2.2	4
2.2	0.80849640381959	1	2.2	5
1.47210422399521	0.995133886062433	1	2.2	5
1.57111800480252	0.99999994826163	1	2.2	5
1.5707963267838	1	1	2.2	5
1.5707963267949	1	1	2.2	5
2.3	0.74570521217672	1	2.3	1
2.3	0.74570521217672	1	2.3	2
1.40651553670255	0.986536232121173	1	2.3	2
2.3	0.74570521217672	1	2.3	3
1.40651553670255	0.986536232121173	1	2.3	3
1.57229033684844	0.999998883967188	1	2.3	3
2.3	0.74570521217672	1	2.3	4
1.40651553670255	0.986536232121173	1	2.3	4
1.57229033684844	0.999998883967188	1	2.3	4
1.57079632568332	1	1	2.3	4
2.3	0.74570521217672	1	2.3	5
1.40651553670255	0.986536232121173	1	2.3	5
1.57229033684844	0.999998883967188	1	2.3	5
1.57079632568332	1	1	2.3	5
1.5707963267949	1	1	2.3	5
2.4	0.675463180551151	1	2.4	1
2.4	0.675463180551151	1	2.4	2
1.30831397362094	0.96574883658263	1	2.4	2
2.4	0.675463180551151	1	2.4	3
1.30831397362094	0.96574883658263	1	2.4	3
1.57699530022902	0.999980786425709	1	2.4	3
2.4	0.675463180551151	1	2.4	4
1.30831397362094	0.96574883658263	1	2.4	4
1.57699530022902	0.999980786425709	1	2.4	4
1.57079624739046	0.999999999999997	1	2.4	4
2.4	0.675463180551151	1	2.4	5
1.30831397362094	0.96574883658263	1	2.4	5
1.57699530022902	0.999980786425709	1	2.4	5
1.57079624739046	0.999999999999997	1	2.4	5
1.5707963267949	1	1	2.4	5
2.5	0.598472144103957	1	2.5	1
2.5	0.598472144103957	1	2.5	2
1.16135187169585	0.917342126659289	1	2.5	2
2.5	0.598472144103957	1	2.5	3
1.16135187169585	0.917342126659289	1	2.5	3
1.59532274595658	0.999699242458612	1	2.5	3
2.5	0.598472144103957	1	2.5	4
1.16135187169585	0.917342126659289	1	2.5	4
1.59532274595658	0.999699242458612	1	2.5	4
1.57079140769439	0.999999999987901	1	2.5	4
2.5	0.598472144103957	1	2.5	5
1.16135187169585	0.917342126659289	1	2.5	5
1.59532274595658	0.999699242458612	1	2.5	5
1.57079140769439	0.999999999987901	1	2.5	5
1.5707963267949	1	1	2.5	5
2.6	0.515501371821464	1	2.6	1
2.6	0.515501371821464	1	2.6	2
0.937756599286573	0.806232938481609	1	2.6	2
2.6	0.515501371821464	1	2.6	3
0.937756599286573	0.806232938481609	1	2.6	3
1.67153735610909	0.994929912605982	1	2.6	3
2.6	0.515501371821464	1	2.6	4
0.937756599286573	0.806232938481609	1	2.6	4
1.67153735610909	0.994929912605982	1	2.6	4
1.5704541389409	0.999999941453737	1	2.6	4
2.6	0.515501371821464	1	2.6	5
0.937756599286573	0.806232938481609	1	2.6	5
1.67153735610909	0.994929912605982	1	2.6	5
1.5704541389409	0.999999941453737	1	2.6	5
1.57079632680825	1	1	2.6	5
2.6	0.515501371821464	1	2.6	6
0.937756599286573	0.806232938481609	1	2.6	6
1.67153735610909	0.994929912605982	1	2.6	6
1.5704541389409	0.999999941453737	1	2.6	6
1.57079632680825	1	1	2.6	6
1.5707963267949	1	1	2.6	6
2.7	0.42737988023383	1	2.7	1
2.7	0.42737988023383	1	2.7	2
0.584616979343011	0.551880012882003	1	2.7	2
2.7	0.42737988023383	1	2.7	3
0.584616979343011	0.551880012882003	1	2.7	3
2.09567646515842	0.865384011617785	1	2.7	3
2.7	0.42737988023383	1	2.7	4
0.584616979343011	0.551880012882003	1	2.7	4
2.09567646515842	0.865384011617785	1	2.7	4
1.51661644648173	0.998532629287915	1	2.7	4
2.7	0.42737988023383	1	2.7	5
0.584616979343011	0.551880012882003	1	2.7	5
2.09567646515842	0.865384011617785	1	2.7	5
1.51661644648173	0.998532629287915	1	2.7	5
1.57084940339766	0.999999998591437	1	2.7	5
2.7	0.42737988023383	1	2.7	6
0.584616979343011	0.551880012882003	1	2.7	6
2.09567646515842	0.865384011617785	1	2.7	6
1.51661644648173	0.998532629287915	1	2.7	6
1.57084940339766	0.999999998591437	1	2.7	6
1.57079632679485	1	1	2.7	6
2.7	0.42737988023383	1	2.7	7
0.584616979343011	0.551880012882003	1	2.7	7
2.09567646515842	0.865384011617785	1	2.7	7
1.51661644648173	0.998532629287915	1	2.7	7
1.57084940339766	0.999999998591437	1	2.7	7
1.57079632679485	1	1	2.7	7
1.5707963267949	1	1	2.7	7
2.8	0.334988150155905	1	2.8	1
2.8	0.334988150155905	1	2.8	2
-0.785398163397448	-0.0127031531492199	1	2.8	2
2.8	0.334988150155905	1	2.8	3
-0.785398163397448	-0.0127031531492199	1	2.8	3
-0.785398163397448	0.186057543878787	1	2.8	3
2.8	0.334988150155905	1	2.8	4
-0.785398163397448	-0.0127031531492199	1	2.8	4
-0.785398163397448	0.186057543878787	1	2.8	4
-0.785398163397448	-0.727865532204144	1	2.8	4
2.8	0.334988150155905	1	2.8	5
-0.785398163397448	-0.0127031531492199	1	2.8	5
-0.785398163397448	0.186057543878787	1	2.8	5
-0.785398163397448	-0.727865532204144	1	2.8	5
-0.785398163397448	-0.982658361445592	1	2.8	5
2.8	0.334988150155905	1	2.8	6
-0.785398163397448	-0.0127031531492199	1	2.8	6
-0.785398163397448	0.186057543878787	1	2.8	6
-0.785398163397448	-0.727865532204144	1	2.8	6
-0.785398163397448	-0.982658361445592	1	2.8	6
-0.785398163397448	-0.99999759542954	1	2.8	6
2.8	0.334988150155905	1	2.8	7
-0.785398163397448	-0.0127031531492199	1	2.8	7
-0.785398163397448	0.186057543878787	1	2.8	7
-0.785398163397448	-0.727865532204144	1	2.8	7
-0.785398163397448	-0.982658361445592	1	2.8	7
-0.785398163397448	-0.99999759542954	1	2.8	7
-0.785398163397448	-1	1	2.8	7
2.8	0.334988150155905	1	2.8	8
-0.785398163397448	-0.0127031531492199	1	2.8	8
-0.785398163397448	0.186057543878787	1	2.8	8
-0.785398163397448	-0.727865532204144	1	2.8	8
-0.785398163397448	-0.982658361445592	1	2.8	8
-0.785398163397448	-0.99999759542954	1	2.8	8
-0.785398163397448	-1	1	2.8	8
-0.785398163397448	-1	1	2.8	8
2.9	0.239249329213982	1	2.9	1
2.9	0.239249329213982	1	2.9	2
-0.785398163397448	-0.916144039781725	1	2.9	2
2.9	0.239249329213982	1	2.9	3
-0.785398163397448	-0.916144039781725	1	2.9	3
-0.785398163397448	-0.999685114236218	1	2.9	3
2.9	0.239249329213982	1	2.9	4
-0.785398163397448	-0.916144039781725	1	2.9	4
-0.785398163397448	-0.999685114236218	1	2.9	4
-0.785398163397448	-0.999999999986114	1	2.9	4
2.9	0.239249329213982	1	2.9	5
-0.785398163397448	-0.916144039781725	1	2.9	5
-0.785398163397448	-0.999685114236218	1	2.9	5
-0.785398163397448	-0.999999999986114	1	2.9	5
-0.785398163397448	-1	1	2.9	5
3	0.141120008059867	1	3	1
3	0.141120008059867	1	3	2
-0.785398163397448	0.766683812016473	1	3	2
3	0.141120008059867	1	3	3
-0.785398163397448	0.766683812016473	1	3	3
-0.785398163397448	0.990178481184602	1	3	3
3	0.141120008059867	1	3	4
-0.785398163397448	0.766683812016473	1	3	4
-0.785398163397448	0.990178481184602	1	3	4
-0.785398163397448	0.999999570113749	1	3	4
3	0.141120008059867	1	3	5
-0.785398163397448	0.766683812016473	1	3	5
-0.785398163397448	0.990178481184602	1	3	5
-0.785398163397448	0.999999570113749	1	3	5
-0.785398163397448	1	1	3	5
3	0.141120008059867	1	3	6
-0.785398163397448	0.766683812016473	1	3	6
-0.785398163397448	0.990178481184602	1	3	6
-0.785398163397448	0.999999570113749	1	3	6
-0.785398163397448	1	1	3	6
-0.785398163397448	1	1	3	6
3.1	0.0415806624332905	1	3.1	1
3.1	0.0415806624332905	1	3.1	2
-0.785398163397448	-0.873480986915573	1	3.1	2
3.1	0.0415806624332905	1	3.1	3
-0.785398163397448	-0.873480986915573	1	3.1	3
-0.785398163397448	-0.998805233085825	1	3.1	3
3.1	0.0415806624332905	1	3.1	4
-0.785398163397448	-0.873480986915573	1	3.1	4
-0.785398163397448	-0.998805233085825	1	3.1	4
-0.785398163397448	-0.999999999240098	1	3.1	4
3.1	0.0415806624332905	1	3.1	5
-0.785398163397448	-0.873480986915573	1	3.1	5
-0.785398163397448	-0.998805233085825	1	3.1	5
-0.785398163397448	-0.999999999240098	1	3.1	5
-0.785398163397448	-1	1	3.1	5
3.1	0.0415806624332905	1	3.1	6
-0.785398163397448	-0.873480986915573	1	3.1	6
-0.785398163397448	-0.998805233085825	1	3.1	6
-0.785398163397448	-0.999999999240098	1	3.1	6
-0.785398163397448	-1	1	3.1	6
-0.785398163397448	-1	1	3.1	6
3.2	-0.0583741434275801	1	3.2	1
3.2	-0.0583741434275801	1	3.2	2
16.4933614313464	0.992964385530799	1	3.2	2
3.2	-0.0583741434275801	1	3.2	3
16.4933614313464	0.992964385530799	1	3.2	3
16.4933614313464	0.999999842905105	1	3.2	3
3.2	-0.0583741434275801	1	3.2	4
16.4933614313464	0.992964385530799	1	3.2	4
16.4933614313464	0.999999842905105	1	3.2	4
16.4933614313464	1	1	3.2	4
3.2	-0.0583741434275801	1	3.2	5
16.4933614313464	0.992964385530799	1	3.2	5
16.4933614313464	0.999999842905105	1	3.2	5
16.4933614313464	1	1	3.2	5
16.4933614313464	1	1	3.2	5
3.3	-0.157745694143249	1	3.3	1
3.3	-0.157745694143249	1	3.3	2
9.55994753943734	-0.134758344799169	1	3.3	2
3.3	-0.157745694143249	1	3.3	3
9.55994753943734	-0.134758344799169	1	3.3	3
16.4933614313464	-0.933834609940141	1	3.3	3
3.3	-0.157745694143249	1	3.3	4
9.55994753943734	-0.134758344799169	1	3.3	4
16.4933614313464	-0.933834609940141	1	3.3	4
16.4933614313464	-0.999851386200314	1	3.3	4
3.3	-0.157745694143249	1	3.3	5
9.55994753943734	-0.134758344799169	1	3.3	5
16.4933614313464	-0.933834609940141	1	3.3	5
16.4933614313464	-0.999851386200314	1	3.3	5
16.4933614313464	-0.999999999998541	1	3.3	5
3.3	-0.157745694143249	1	3.3	6
9.55994753943734	-0.134758344799169	1	3.3	6
16.4933614313464	-0.933834609940141	1	3.3	6
16.4933614313464	-0.999851386200314	1	3.3	6
16.4933614313464	-0.999999999998541	1	3.3	6
16.4933614313464	-1	1	3.3	6
3.4	-0.255541102026832	1	3.4	1
3.4	-0.255541102026832	1	3.4	2
7.18333733756047	0.783421404174744	1	3.4	2
3.4	-0.255541102026832	1	3.4	3
7.18333733756047	0.783421404174744	1	3.4	3
7.97664074781598	0.992486797825128	1	3.4	3
3.4	-0.255541102026832	1	3.4	4
7.18333733756047	0.783421404174744	1	3.4	4
7.97664074781598	0.992486797825128	1	3.4	4
7.85336276326651	0.99999980849953	1	3.4	4
3.4	-0.255541102026832	1	3.4	5
7.18333733756047	0.783421404174744	1	3.4	5
7.97664074781598	0.992486797825128	1	3.4	5
7.85336276326651	0.99999980849953	1	3.4	5
7.85398163405349	1	1	3.4	5
3.4	-0.255541102026832	1	3.4	6
7.18333733756047	0.783421404174744	1	3.4	6
7.97664074781598	0.992486797825128	1	3.4	6
7.85336276326651	0.99999980849953	1	3.4	6
7.85398163405349	1	1	3.4	6
7.85398163397448	1	1	3.4	6
3.5	-0.35078322768962	1	3.5	1
3.5	-0.35078322768962	1	3.5	2
6.16961648496887	-0.113324846811641	1	3.5	2
3.5	-0.35078322768962	1	3.5	3
6.16961648496887	-0.113324846811641	1	3.5	3
-0.785398163397448	-0.517446746697024	1	3.5	3
3.5	-0.35078322768962	1	3.5	4
6.16961648496887	-0.113324846811641	1	3.5	4
-0.785398163397448	-0.517446746697024	1	3.5	4
-0.785398163397448	-0.8099117491451	1	3.5	4
3.5	-0.35078322768962	1	3.5	5
6.16961648496887	-0.113324846811641	1	3.5	5
-0.785398163397448	-0.517446746697024	1	3.5	5
-0.785398163397448	-0.8099117491451	1	3.5	5
-0.785398163397448	-0.995258210952111	1	3.5	5
3.5	-0.35078322768962	1	3.5	6
6.16961648496887	-0.113324846811641	1	3.5	6
-0.785398163397448	-0.517446746697024	1	3.5	6
-0.785398163397448	-0.8099117491451	1	3.5	6
-0.785398163397448	-0.995258210952111	1	3.5	6
-0.785398163397448	-0.999999952139339	1	3.5	6
3.5	-0.35078322768962	1	3.5	7
6.16961648496887	-0.113324846811641	1	3.5	7
-0.785398163397448	-0.517446746697024	1	3.5	7
-0.785398163397448	-0.8099117491451	1	3.5	7
-0.785398163397448	-0.995258210952111	1	3.5	7
-0.785398163397448	-0.999999952139339	1	3.5	7
-0.785398163397448	-1	1	3.5	7
3.5	-0.35078322768962	1	3.5	8
6.16961648496887	-0.113324846811641	1	3.5	8
-0.785398163397448	-0.517446746697024	1	3.5	8
-0.785398163397448	-0.8099117491451	1	3.5	8
-0.785398163397448	-0.995258210952111	1	3.5	8
-0.785398163397448	-0.999999952139339	1	3.5	8
-0.785398163397448	-1	1	3.5	8
-0.785398163397448	-1	1	3.5	8
3.6	-0.442520443294853	1	3.6	1
3.6	-0.442520443294853	1	3.6	2
5.62647906988703	-0.610511483916684	1	3.6	2
3.6	-0.442520443294853	1	3.6	3
5.62647906988703	-0.610511483916684	1	3.6	3
4.32919404761614	-0.92747483191797	1	3.6	3
3.6	-0.442520443294853	1	3.6	4
5.62647906988703	-0.610511483916684	1	3.6	4
4.32919404761614	-0.92747483191797	1	3.6	4
4.73231613726453	-0.999801460779328	1	3.6	4
3.6	-0.442520443294853	1	3.6	5
5.62647906988703	-0.610511483916684	1	3.6	5
4.32919404761614	-0.92747483191797	1	3.6	5
4.73231613726453	-0.999801460779328	1	3.6	5
4.71238634233026	-0.99999999999652	1	3.6	5
3.6	-0.442520443294853	1	3.6	6
5.62647906988703	-0.610511483916684	1	3.6	6
4.32919404761614	-0.92747483191797	1	3.6	6
4.73231613726453	-0.999801460779328	1	3.6	6
4.71238634233026	-0.99999999999652	1	3.6	6
4.71238898038469	-1	1	3.6	6
3.7	-0.529836140908493	1	3.7	1
3.7	-0.529836140908493	1	3.7	2
5.30068361938504	-0.831888266736602	1	3.7	2
3.7	-0.529836140908493	1	3.7	3
5.30068361938504	-0.831888266736602	1	3.7	3
4.63359504157702	-0.996897363324728	1	3.7	3
3.7	-0.529836140908493	1	3.7	4
5.30068361938504	-0.831888266736602	1	3.7	4
4.63359504157702	-0.996897363324728	1	3.7	4
4.71255245001313	-0.99999998663884	1	3.7	4
3.7	-0.529836140908493	1	3.7	5
5.30068361938504	-0.831888266736602	1	3.7	5
4.63359504157702	-0.996897363324728	1	3.7	5
4.71255245001313	-0.99999998663884	1	3.7	5
4.71238898038323	-1	1	3.7	5
3.7	-0.529836140908493	1	3.7	6
5.30068361938504	-0.831888266736602	1	3.7	6
4.63359504157702	-0.996897363324728	1	3.7	6
4.71255245001313	-0.99999998663884	1	3.7	6
4.71238898038323	-1	1	3.7	6
4.71238898038469	-1	1	3.7	6
3.8	-0.611857890942719	1	3.8	1
3.8	-0.611857890942719	1	3.8	2
5.09273107959061	-0.928537689639261	1	3.8	2
3.8	-0.611857890942719	1	3.8	3
5.09273107959061	-0.928537689639261	1	3.8	3
4.69292162944255	-0.999810517107911	1	3.8	3
3.8	-0.611857890942719	1	3.8	4
5.09273107959061	-0.928537689639261	1	3.8	4
4.69292162944255	-0.999810517107911	1	3.8	4
4.71239143998852	-0.999999999996975	1	3.8	4
3.8	-0.611857890942719	1	3.8	5
5.09273107959061	-0.928537689639261	1	3.8	5
4.69292162944255	-0.999810517107911	1	3.8	5
4.71239143998852	-0.999999999996975	1	3.8	5
4.71238898038469	-1	1	3.8	5
3.9	-0.687766159183974	1	3.9	1
3.9	-0.687766159183974	1	3.9	2
4.95549290919089	-0.970595484894353	1	3.9	2
3.9	-0.687766159183974	1	3.9	3
4.95549290919089	-0.970595484894353	1	3.9	3
4.70748388360209	-0.999987970036897	1	3.9	3
3.9	-0.687766159183974	1	3.9	4
4.95549290919089	-0.970595484894353	1	3.9	4
4.70748388360209	-0.999987970036897	1	3.9	4
4.7123890197239	-1	1	3.9	4
3.9	-0.687766159183974	1	3.9	5
4.95549290919089	-0.970595484894353	1	3.9	5
4.70748388360209	-0.999987970036897	1	3.9	5
4.7123890197239	-1	1	3.9	5
4.71238898038469	-1	1	3.9	5
4	-0.756802495307928	1	4	1
4	-0.756802495307928	1	4	2
4.86369115445062	-0.98857564522214	1	4	2
4	-0.756802495307928	1	4	3
4.86369115445062	-0.98857564522214	1	4	3
4.7112237553243	-0.999999321125356	1	4	3
4	-0.756802495307928	1	4	4
4.86369115445062	-0.98857564522214	1	4	4
4.7112237553243	-0.999999321125356	1	4	4
4.71238898091205	-1	1	4	4
4	-0.756802495307928	1	4	5
4.86369115445062	-0.98857564522214	1	4	5
4.7112237553243	-0.999999321125356	1	4	5
4.71238898091205	-1	1	4	5
4.71238898038469	-1	1	4	5
4.1	-0.818277111064411	1	4.1	1
4.1	-0.818277111064411	1	4.1	2
4.8024807840287	-0.995944477636771	1	4.1	2
4.1	-0.818277111064411	1	4.1	3
4.8024807840287	-0.995944477636771	1	4.1	3
4.71214444206436	-0.999999970100505	1	4.1	3
4.1	-0.818277111064411	1	4.1	4
4.8024807840287	-0.995944477636771	1	4.1	4
4.71214444206436	-0.999999970100505	1	4.1	4
4.71238898038956	-1	1	4.1	4
4.1	-0.818277111064411	1	4.1	5
4.8024807840287	-0.995944477636771	1	4.1	5
4.71214444206436	-0.999999970100505	1	4.1	5
4.71238898038956	-1	1	4.1	5
4.71238898038469	-1	1	4.1	5
4.2	-0.871575772413588	1	4.2	1
4.2	-0.871575772413588	1	4.2	2
4.76249936822252	-0.998744737217422	1	4.2	2
4.2	-0.871575772413588	1	4.2	3
4.76249936822252	-0.998744737217422	1	4.2	3
4.71234699496719	-0.999999999118612	1	4.2	3
4.2	-0.871575772413588	1	4.2	4
4.76249936822252	-0.998744737217422	1	4.2	4
4.71234699496719	-0.999999999118612	1	4.2	4
4.71238898038472	-1	1	4.2	4
4.2	-0.871575772413588	1	4.2	5
4.76249936822252	-0.998744737217422	1	4.2	5
4.71234699496719	-0.999999999118612	1	4.2	5
4.71238898038472	-1	1	4.2	5
4.71238898038469	-1	1	4.2	5
4.3	-0.916165936749455	1	4.3	1
4.3	-0.916165936749455	1	4.3	2
4.73747443121713	-0.999685376577634	1	4.3	2
4.3	-0.916165936749455	1	4.3	3
4.73747443121713	-0.999685376577634	1	4.3	3
4.71238371713701	-0.999999999986149	1	4.3	3
4.3	-0.916165936749455	1	4.3	4
4.73747443121713	-0.999685376577634	1	4.3	4
4.71238371713701	-0.999999999986149	1	4.3	4
4.71238898038469	-1	1	4.3	4
4.4	-0.951602073889516	1	4.4	1
4.4	-0.951602073889516	1	4.4	2
4.722963640382	-0.999944088803989	1	4.4	2
4.4	-0.951602073889516	1	4.4	3
4.722963640382	-0.999944088803989	1	4.4	3
4.71238858620213	-0.999999999999922	1	4.4	3
4.4	-0.951602073889516	1	4.4	4
4.722963640382	-0.999944088803989	1	4.4	4
4.71238858620213	-0.999999999999922	1	4.4	4
4.71238898038469	-1	1	4.4	4
4.5	-0.977530117665097	1	4.5	1
4.5	-0.977530117665097	1	4.5	2
4.7156412325528	-0.999994711432579	1	4.5	2
4.5	-0.977530117665097	1	4.5	3
4.7156412325528	-0.999994711432579	1	4.5	3
4.71238896891813	-1	1	4.5	3
4.5	-0.977530117665097	1	4.5	4
4.7156412325528	-0.999994711432579	1	4.5	4
4.71238896891813	-1	1	4.5	4
4.71238898038469	-1	1	4.5	4
4.6	-0.993691003633464	1	4.6	1
4.6	-0.993691003633464	1	4.6	2
4.71286458921834	-0.999999886898121	1	4.6	2
4.6	-0.993691003633464	1	4.6	3
4.71286458921834	-0.999999886898121	1	4.6	3
4.71238898034883	-1	1	4.6	3
4.6	-0.993691003633464	1	4.6	4
4.71286458921834	-0.999999886898121	1	4.6	4
4.71238898034883	-1	1	4.6	4
4.71238898038469	-1	1	4.6	4
4.7	-0.999923257564101	1	4.7	1
4.7	-0.999923257564101	1	4.7	2
4.71238961427207	-0.999999999999799	1	4.7	2
4.7	-0.999923257564101	1	4.7	3
4.71238961427207	-0.999999999999799	1	4.7	3
4.71238898038469	-1	1	4.7	3
4.8	-0.996164608835841	1	4.8	1
4.8	-0.996164608835841	1	4.8	2
4.71216413164718	-0.999999974721523	1	4.8	2
4.8	-0.996164608835841	1	4.8	3
4.71216413164718	-0.999999974721523	1	4.8	3
4.71238898038848	-1	1	4.8	3
4.8	-0.996164608835841	1	4.8	4
4.71216413164718	-0.999999974721523	1	4.8	4
4.71238898038848	-1	1	4.8	4
4.71238898038469	-1	1	4.8	4
4.9	-0.982452612624332	1	4.9	1
4.9	-0.982452612624332	1	4.9	2
4.71015637087639	-0.999997507728427	1	4.9	2
4.9	-0.982452612624332	1	4.9	3
4.71015637087639	-0.999997507728427	1	4.9	3
4.71238898409421	-1	1	4.9	3
4.9	-0.982452612624332	1	4.9	4
4.71015637087639	-0.999997507728427	1	4.9	4
4.71238898409421	-1	1	4.9	4
4.71238898038469	-1	1	4.9	4
5	-0.958924274663138	1	5	1
5	-0.958924274663138	1	5	2
4.70418708446726	-0.999966364640238	1	5	2
5	-0.958924274663138	1	5	3
4.70418708446726	-0.999966364640238	1	5	3
4.71238916430648	-0.999999999999983	1	5	3
5	-0.958924274663138	1	5	4
4.70418708446726	-0.999966364640238	1	5	4
4.71238916430648	-0.999999999999983	1	5	4
4.71238898038469	-1	1	5	4
5.1	-0.925814682327732	1	5.1	1
5.1	-0.925814682327732	1	5.1	2
4.69173498765147	-0.999786713874348	1	5.1	2
5.1	-0.925814682327732	1	5.1	3
4.69173498765147	-0.999786713874348	1	5.1	3
4.71239191779705	-0.999999999995686	1	5.1	3
5.1	-0.925814682327732	1	5.1	4
4.69173498765147	-0.999786713874348	1	5.1	4
4.71239191779705	-0.999999999995686	1	5.1	4
4.71238898038469	-1	1	5.1	4
5.2	-0.883454655720153	1	5.2	1
5.2	-0.883454655720153	1	5.2	2
4.66967660618817	-0.99908796521355	1	5.2	2
5.2	-0.883454655720153	1	5.2	3
4.66967660618817	-0.99908796521355	1	5.2	3
4.7124149734156	-0.999999999662181	1	5.2	3
5.2	-0.883454655720153	1	5.2	4
4.66967660618817	-0.99908796521355	1	5.2	4
4.7124149734156	-0.999999999662181	1	5.2	4
4.71238898038468	-1	1	5.2	4
5.2	-0.883454655720153	1	5.2	5
4.66967660618817	-0.99908796521355	1	5.2	5
4.7124149734156	-0.999999999662181	1	5.2	5
4.71238898038468	-1	1	5.2	5
4.71238898038469	-1	1	5.2	5
5.3	-0.832267442223901	1	5.3	1
5.3	-0.832267442223901	1	5.3	2
4.63389880697746	-0.996921227444309	1	5.3	2
5.3	-0.832267442223901	1	5.3	3
4.63389880697746	-0.996921227444309	1	5.3	3
4.71255056357841	-0.999999986945436	1	5.3	3
5.3	-0.832267442223901	1	5.3	4
4.63389880697746	-0.996921227444309	1	5.3	4
4.71255056357841	-0.999999986945436	1	5.3	4
4.71238898038328	-1	1	5.3	4
5.3	-0.832267442223901	1	5.3	5
4.63389880697746	-0.996921227444309	1	5.3	5
4.71255056357841	-0.999999986945436	1	5.3	5
4.71238898038328	-1	1	5.3	5
4.71238898038469	-1	1	5.3	5
5.4	-0.772764487555987	1	5.4	1
5.4	-0.772764487555987	1	5.4	2
4.57867230422303	-0.991073238144127	1	5.4	2
5.4	-0.772764487555987	1	5.4	3
4.57867230422303	-0.991073238144127	1	5.4	3
4.71319167988143	-0.999999677836776	1	5.4	3
5.4	-0.772764487555987	1	5.4	4
4.57867230422303	-0.991073238144127	1	5.4	4
4.71319167988143	-0.999999677836776	1	5.4	4
4.71238898021229	-1	1	5.4	4
5.4	-0.772764487555987	1	5.4	5
4.57867230422303	-0.991073238144127	1	5.4	5
4.71319167988143	-0.999999677836776	1	5.4	5
4.71238898021229	-1	1	5.4	5
4.71238898038469	-1	1	5.4	5
5.5	-0.705540325570392	1	5.5	1
5.5	-0.705540325570392	1	5.5	2
4.49556446512347	-0.976585512677563	1	5.5	2
5.5	-0.705540325570392	1	5.5	3
4.49556446512347	-0.976585512677563	1	5.5	3
4.71585196453737	-0.999994003876371	1	5.5	3
5.5	-0.705540325570392	1	5.5	4
4.49556446512347	-0.976585512677563	1	5.5	4
4.71585196453737	-0.999994003876371	1	5.5	4
4.71238896654162	-1	1	5.5	4
5.5	-0.705540325570392	1	5.5	5
4.49556446512347	-0.976585512677563	1	5.5	5
4.71585196453737	-0.999994003876371	1	5.5	5
4.71238896654162	-1	1	5.5	5
4.71238898038469	-1	1	5.5	5
5.6	-0.631266637872321	1	5.6	1
5.6	-0.631266637872321	1	5.6	2
4.37141316841282	-0.942428796033309	1	5.6	2
5.6	-0.631266637872321	1	5.6	3
4.37141316841282	-0.942428796033309	1	5.6	3
4.72624834101876	-0.999903960598708	1	5.6	3
5.6	-0.631266637872321	1	5.6	4
4.37141316841282	-0.942428796033309	1	5.6	4
4.72624834101876	-0.999903960598708	1	5.6	4
4.71238809293917	-0.999999999999606	1	5.6	4
5.6	-0.631266637872321	1	5.6	5
4.37141316841282	-0.942428796033309	1	5.6	5
4.72624834101876	-0.999903960598708	1	5.6	5
4.71238809293917	-0.999999999999606	1	5.6	5
4.71238898038469	-1	1	5.6	5
5.7	-0.550685542597638	1	5.7	1
5.7	-0.550685542597638	1	5.7	2
4.18422970956939	-0.863736158247007	1	5.7	2
5.7	-0.550685542597638	1	5.7	3
4.18422970956939	-0.863736158247007	1	5.7	3
4.76767673409136	-0.998472021423419	1	5.7	3
5.7	-0.550685542597638	1	5.7	4
4.18422970956939	-0.863736158247007	1	5.7	4
4.76767673409136	-0.998472021423419	1	5.7	4
4.71233257807054	-0.99999999840939	1	5.7	4
5.7	-0.550685542597638	1	5.7	5
4.18422970956939	-0.863736158247007	1	5.7	5
4.76767673409136	-0.998472021423419	1	5.7	5
4.71233257807054	-0.99999999840939	1	5.7	5
4.71238898038475	-1	1	5.7	5
5.7	-0.550685542597638	1	5.7	6
4.18422970956939	-0.863736158247007	1	5.7	6
4.76767673409136	-0.998472021423419	1	5.7	6
4.71233257807054	-0.99999999840939	1	5.7	6
4.71238898038475	-1	1	5.7	6
4.71238898038469	-1	1	5.7	6
5.8	-0.464602179413757	1	5.8	1
5.8	-0.464602179413757	1	5.8	2
3.89402633870835	-0.683417439965175	1	5.8	2
5.8	-0.464602179413757	1	5.8	3
3.89402633870835	-0.683417439965175	1	5.8	3
4.96222824121061	-0.968952176701614	1	5.8	3
5.8	-0.464602179413757	1	5.8	4
3.89402633870835	-0.683417439965175	1	5.8	4
4.96222824121061	-0.968952176701614	1	5.8	4
4.70705753225124	-0.999985787864065	1	5.8	4
5.8	-0.464602179413757	1	5.8	5
3.89402633870835	-0.683417439965175	1	5.8	5
4.96222824121061	-0.968952176701614	1	5.8	5
4.70705753225124	-0.999985787864065	1	5.8	5
4.71238903089956	-0.999999999999999	1	5.8	5
5.8	-0.464602179413757	1	5.8	6
3.89402633870835	-0.683417439965175	1	5.8	6
4.96222824121061	-0.968952176701614	1	5.8	6
4.70705753225124	-0.999985787864065	1	5.8	6
4.71238903089956	-0.999999999999999	1	5.8	6
4.71238898038469	-1	1	5.8	6
5.9	-0.373876664830236	1	5.9	1
5.9	-0.373876664830236	1	5.9	2
3.41929307712967	-0.274144899357903	1	5.9	2
5.9	-0.373876664830236	1	5.9	3
3.41929307712967	-0.274144899357903	1	5.9	3
6.92724963547816	0.600450480415549	1	5.9	3
5.9	-0.373876664830236	1	5.9	4
3.41929307712967	-0.274144899357903	1	5.9	4
6.92724963547816	0.600450480415549	1	5.9	4
8.25901964401374	0.919087419833284	1	5.9	4
5.9	-0.373876664830236	1	5.9	5
3.41929307712967	-0.274144899357903	1	5.9	5
6.92724963547816	0.600450480415549	1	5.9	5
8.25901964401374	0.919087419833284	1	5.9	5
7.83027512341545	0.999719013838414	1	5.9	5
5.9	-0.373876664830236	1	5.9	6
3.41929307712967	-0.274144899357903	1	5.9	6
6.92724963547816	0.600450480415549	1	5.9	6
8.25901964401374	0.919087419833284	1	5.9	6
7.83027512341545	0.999719013838414	1	5.9	6
7.85398607598197	0.999999999990134	1	5.9	6
5.9	-0.373876664830236	1	5.9	7
3.41929307712967	-0.274144899357903	1	5.9	7
6.92724963547816	0.600450480415549	1	5.9	7
8.25901964401374	0.919087419833284	1	5.9	7
7.83027512341545	0.999719013838414	1	5.9	7
7.85398607598197	0.999999999990134	1	5.9	7
7.85398163397448	1	1	5.9	7
6	-0.279415498198926	1	6	1
6	-0.279415498198926	1	6	2
2.56364699581987	0.546304401036624	1	6	2
6	-0.279415498198926	1	6	3
2.56364699581987	0.546304401036624	1	6	3
1.03046016594964	0.857535800515242	1	6	3
6	-0.279415498198926	1	6	4
2.56364699581987	0.546304401036624	1	6	4
1.03046016594964	0.857535800515242	1	6	4
1.63034682999815	0.998227392721234	1	6	4
6	-0.279415498198926	1	6	5
2.56364699581987	0.546304401036624	1	6	5
1.03046016594964	0.857535800515242	1	6	5
1.63034682999815	0.998227392721234	1	6	5
1.57072583289316	0.999999997515305	1	6	5
6	-0.279415498198926	1	6	6
2.56364699581987	0.546304401036624	1	6	6
1.03046016594964	0.857535800515242	1	6	6
1.63034682999815	0.998227392721234	1	6	6
1.57072583289316	0.999999997515305	1	6	6
1.57079632679501	1	1	6	6
6	-0.279415498198926	1	6	7
2.56364699581987	0.546304401036624	1	6	7
1.03046016594964	0.857535800515242	1	6	7
1.63034682999815	0.998227392721234	1	6	7
1.57072583289316	0.999999997515305	1	6	7
1.57079632679501	1	1	6	7
1.5707963267949	1	1	6	7
6.1	-0.182162504272095	1	6.1	1
6.1	-0.182162504272095	1	6.1	2
0.702245712576049	0.645933677045967	1	6.1	2
6.1	-0.182162504272095	1	6.1	3
0.702245712576049	0.645933677045967	1	6.1	3
1.88409078310246	0.95132340131058	1	6.1	3
6.1	-0.182162504272095	1	6.1	4
0.702245712576049	0.645933677045967	1	6.1	4
1.88409078310246	0.95132340131058	1	6.1	4
1.56012692789496	0.999943082503499	1	6.1	4
6.1	-0.182162504272095	1	6.1	5
0.702245712576049	0.645933677045967	1	6.1	5
1.88409078310246	0.95132340131058	1	6.1	5
1.56012692789496	0.999943082503499	1	6.1	5
1.57079673166749	0.999999999999918	1	6.1	5
6.1	-0.182162504272095	1	6.1	6
0.702245712576049	0.645933677045967	1	6.1	6
1.88409078310246	0.95132340131058	1	6.1	6
1.56012692789496	0.999943082503499	1	6.1	6
1.57079673166749	0.999999999999918	1	6.1	6
1.5707963267949	1	1	6.1	6
6.2	-0.0830894028174964	1	6.2	1
6.2	-0.0830894028174964	1	6.2	2
-0.785398163397448	0.470248953244603	1	6.2	2
6.2	-0.0830894028174964	1	6.2	3
-0.785398163397448	0.470248953244603	1	6.2	3
-0.785398163397448	0.699917790214667	1	6.2	3
6.2	-0.0830894028174964	1	6.2	4
-0.785398163397448	0.470248953244603	1	6.2	4
-0.785398163397448	0.699917790214667	1	6.2	4
-0.785398163397448	0.974810822308472	1	6.2	4
6.2	-0.0830894028174964	1	6.2	5
-0.785398163397448	0.470248953244603	1	6.2	5
-0.785398163397448	0.699917790214667	1	6.2	5
-0.785398163397448	0.974810822308472	1	6.2	5
-0.785398163397448	0.999992505961183	1	6.2	5
6.2	-0.0830894028174964	1	6.2	6
-0.785398163397448	0.470248953244603	1	6.2	6
-0.785398163397448	0.699917790214667	1	6.2	6
-0.785398163397448	0.974810822308472	1	6.2	6
-0.785398163397448	0.999992505961183	1	6.2	6
-0.785398163397448	1	1	6.2	6
6.2	-0.0830894028174964	1	6.2	7
-0.785398163397448	0.470248953244603	1	6.2	7
-0.785398163397448	0.699917790214667	1	6.2	7
-0.785398163397448	0.974810822308472	1	6.2	7
-0.785398163397448	0.999992505961183	1	6.2	7
-0.785398163397448	1	1	6.2	7
-0.785398163397448	1	1	6.2	7
6.3	0.0168139004843506	1	6.3	1
6.3	0.0168139004843506	1	6.3	2
16.4933614313464	0.205773064355457	1	6.3	2
6.3	0.0168139004843506	1	6.3	3
16.4933614313464	0.205773064355457	1	6.3	3
16.4933614313464	-0.968766820986537	1	6.3	3
6.3	0.0168139004843506	1	6.3	4
16.4933614313464	0.205773064355457	1	6.3	4
16.4933614313464	-0.968766820986537	1	6.3	4
16.4933614313464	-0.999985525994876	1	6.3	4
6.3	0.0168139004843506	1	6.3	5
16.4933614313464	0.205773064355457	1	6.3	5
16.4933614313464	-0.968766820986537	1	6.3	5
16.4933614313464	-0.999985525994876	1	6.3	5
16.4933614313464	-0.999999999999999	1	6.3	5
6.3	0.0168139004843506	1	6.3	6
16.4933614313464	0.205773064355457	1	6.3	6
16.4933614313464	-0.968766820986537	1	6.3	6
16.4933614313464	-0.999985525994876	1	6.3	6
16.4933614313464	-0.999999999999999	1	6.3	6
16.4933614313464	-1	1	6.3	6
6.4	0.116549204850494	1	6.4	1
6.4	0.116549204850494	1	6.4	2
14.9215932621096	0.707793643536054	1	6.4	2
6.4	0.116549204850494	1	6.4	3
14.9215932621096	0.707793643536054	1	6.4	3
13.9235350604827	0.977267364528303	1	6.4	3
6.4	0.116549204850494	1	6.4	4
14.9215932621096	0.707793643536054	1	6.4	4
13.9235350604827	0.977267364528303	1	6.4	4
14.1404773389809	0.999994520638118	1	6.4	4
6.4	0.116549204850494	1	6.4	5
14.9215932621096	0.707793643536054	1	6.4	5
13.9235350604827	0.977267364528303	1	6.4	5
14.1404773389809	0.999994520638118	1	6.4	5
14.1371669290614	1	1	6.4	5
6.4	0.116549204850494	1	6.4	6
14.9215932621096	0.707793643536054	1	6.4	6
13.9235350604827	0.977267364528303	1	6.4	6
14.1404773389809	0.999994520638118	1	6.4	6
14.1371669290614	1	1	6.4	6
14.1371669411541	1	1	6.4	6
6.5	0.215119988087816	1	6.5	1
6.5	0.215119988087816	1	6.5	2
11.0397344728811	-0.999025097463413	1	6.5	2
6.5	0.215119988087816	1	6.5	3
11.0397344728811	-0.999025097463413	1	6.5	3
10.9955455592388	-0.999999999587342	1	6.5	3
6.5	0.215119988087816	1	6.5	4
11.0397344728811	-0.999025097463413	1	6.5	4
10.9955455592388	-0.999999999587342	1	6.5	4
10.9955742875643	-1	1	6.5	4
6.5	0.215119988087816	1	6.5	5
11.0397344728811	-0.999025097463413	1	6.5	5
10.9955455592388	-0.999999999587342	1	6.5	5
10.9955742875643	-1	1	6.5	5
10.9955742875643	-1	1	6.5	5
6.6	0.311541363513379	1	6.6	1
6.6	0.311541363513379	1	6.6	2
9.65010089588866	-0.223421145743953	1	6.6	2
6.6	0.311541363513379	1	6.6	3
9.65010089588866	-0.223421145743953	1	6.6	3
14.0128124204207	0.99227793548288	1	6.6	3
6.6	0.311541363513379	1	6.6	4
9.65010089588866	-0.223421145743953	1	6.6	4
14.0128124204207	0.99227793548288	1	6.6	4
14.137811939204	0.999999791988765	1	6.6	4
6.6	0.311541363513379	1	6.6	5
9.65010089588866	-0.223421145743953	1	6.6	5
14.0128124204207	0.99227793548288	1	6.6	5
14.137811939204	0.999999791988765	1	6.6	5
14.1371669410646	1	1	6.6	5
6.6	0.311541363513379	1	6.6	6
9.65010089588866	-0.223421145743953	1	6.6	6
14.0128124204207	0.99227793548288	1	6.6	6
14.137811939204	0.999999791988765	1	6.6	6
14.1371669410646	1	1	6.6	6
14.1371669411541	1	1	6.6	6
6.7	0.404849920616598	1	6.7	1
6.7	0.404849920616598	1	6.7	2
8.95857311974444	0.449499388601682	1	6.7	2
6.7	0.404849920616598	1	6.7	3
8.95857311974444	0.449499388601682	1	6.7	3
6.97129424585265	0.635077571414642	1	6.7	3
6.7	0.404849920616598	1	6.7	4
8.95857311974444	0.449499388601682	1	6.7	4
6.97129424585265	0.635077571414642	1	6.7	4
8.18759978216133	0.944863718079141	1	6.7	4
6.7	0.404849920616598	1	6.7	5
8.95857311974444	0.449499388601682	1	6.7	5
6.97129424585265	0.635077571414642	1	6.7	5
8.18759978216133	0.944863718079141	1	6.7	5
7.84102723944423	0.999916093004601	1	6.7	5
6.7	0.404849920616598	1	6.7	6
8.95857311974444	0.449499388601682	1	6.7	6
6.97129424585265	0.635077571414642	1	6.7	6
8.18759978216133	0.944863718079141	1	6.7	6
7.84102723944423	0.999916093004601	1	6.7	6
7.85398235867615	0.999999999999737	1	6.7	6
6.7	0.404849920616598	1	6.7	7
8.95857311974444	0.449499388601682	1	6.7	7
6.97129424585265	0.635077571414642	1	6.7	7
8.18759978216133	0.944863718079141	1	6.7	7
7.84102723944423	0.999916093004601	1	6.7	7
7.85398235867615	0.999999999999737	1	6.7	7
7.85398163397448	1	1	6.7	7
6.8	0.494113351138609	1	6.8	1
6.8	0.494113351138609	1	6.8	2
8.55951021834652	0.76126890482549	1	6.8	2
6.8	0.494113351138609	1	6.8	3
8.55951021834652	0.76126890482549	1	6.8	3
7.7077266884537	0.989323796612024	1	6.8	3
6.8	0.494113351138609	1	6.8	4
8.55951021834652	0.76126890482549	1	6.8	4
7.7077266884537	0.989323796612024	1	6.8	4
7.85503345708528	0.999999446834123	1	6.8	4
6.8	0.494113351138609	1	6.8	5
8.55951021834652	0.76126890482549	1	6.8	5
7.7077266884537	0.989323796612024	1	6.8	5
7.85503345708528	0.999999446834123	1	6.8	5
7.8539816335866	1	1	6.8	5
6.8	0.494113351138609	1	6.8	6
8.55951021834652	0.76126890482549	1	6.8	6
7.7077266884537	0.989323796612024	1	6.8	6
7.85503345708528	0.999999446834123	1	6.8	6
7.8539816335866	1	1	6.8	6
7.85398163397448	1	1	6.8	6
6.9	0.5784397643882	1	6.9	1
6.9	0.5784397643882	1	6.9	2
8.31021615446533	0.89771781859186	1	6.9	2
6.9	0.5784397643882	1	6.9	3
8.31021615446533	0.89771781859186	1	6.9	3
7.81944846425567	0.99940378934853	1	6.9	3
6.9	0.5784397643882	1	6.9	4
8.31021615446533	0.89771781859186	1	6.9	4
7.81944846425567	0.99940378934853	1	6.9	4
7.85399536791906	0.999999999905689	1	6.9	4
6.9	0.5784397643882	1	6.9	5
8.31021615446533	0.89771781859186	1	6.9	5
7.81944846425567	0.99940378934853	1	6.9	5
7.85399536791906	0.999999999905689	1	6.9	5
7.85398163397448	1	1	6.9	5
6.9	0.5784397643882	1	6.9	6
8.31021615446533	0.89771781859186	1	6.9	6
7.81944846425567	0.99940378934853	1	6.9	6
7.85399536791906	0.999999999905689	1	6.9	6
7.85398163397448	1	1	6.9	6
7.85398163397448	1	1	6.9	6
7	0.656986598718789	1	7	1
7	0.656986598718789	1	7	2
8.14751542240514	0.957227399845067	1	7	2
7	0.656986598718789	1	7	3
8.14751542240514	0.957227399845067	1	7	3
7.845250084211	0.999961880261552	1	7	3
7	0.656986598718789	1	7	4
8.14751542240514	0.957227399845067	1	7	4
7.845250084211	0.999961880261552	1	7	4
7.85398185587892	0.999999999999975	1	7	4
7	0.656986598718789	1	7	5
8.14751542240514	0.957227399845067	1	7	5
7.845250084211	0.999961880261552	1	7	5
7.85398185587892	0.999999999999975	1	7	5
7.85398163397448	1	1	7	5
7.1	0.728969040125877	1	7.1	1
7.1	0.728969040125877	1	7.1	2
8.03906137128211	0.982921580104144	1	7.1	2
7.1	0.728969040125877	1	7.1	3
8.03906137128211	0.982921580104144	1	7.1	3
7.85183899936727	0.999997704559348	1	7.1	3
7.1	0.728969040125877	1	7.1	4
8.03906137128211	0.982921580104144	1	7.1	4
7.85183899936727	0.999997704559348	1	7.1	4
7.85398163725335	1	1	7.1	4
7.1	0.728969040125877	1	7.1	5
8.03906137128211	0.982921580104144	1	7.1	5
7.85183899936727	0.999997704559348	1	7.1	5
7.85398163725335	1	1	7.1	5
7.85398163397448	1	1	7.1	5
7.2	0.793667863849153	1	7.2	1
7.2	0.793667863849153	1	7.2	2
7.96650616995106	0.993675791601646	1	7.2	2
7.2	0.793667863849153	1	7.2	3
7.96650616995106	0.993675791601646	1	7.2	3
7.85350429627616	0.999999886074363	1	7.2	3
7.2	0.793667863849153	1	7.2	4
7.96650616995106	0.993675791601646	1	7.2	4
7.85350429627616	0.999999886074363	1	7.2	4
7.85398163401074	1	1	7.2	4
7.2	0.793667863849153	1	7.2	5
7.96650616995106	0.993675791601646	1	7.2	5
7.85350429627616	0.999999886074363	1	7.2	5
7.85398163401074	1	1	7.2	5
7.85398163397448	1	1	7.2	5
7.3	0.850436620628565	1	7.3	1
7.3	0.850436620628565	1	7.3	2
7.91859697080339	0.997913155347528	1	7.3	2
7.3	0.850436620628565	1	7.3	3
7.91859697080339	0.997913155347528	1	7.3	3
7.85389155747506	0.999999995943112	1	7.3	3
7.3	0.850436620628565	1	7.3	4
7.91859697080339	0.997913155347528	1	7.3	4
7.85389155747506	0.999999995943112	1	7.3	4
7.85398163397473	1	1	7.3	4
7.3	0.850436620628565	1	7.3	5
7.91859697080339	0.997913155347528	1	7.3	5
7.85389155747506	0.999999995943112	1	7.3	5
7.85398163397473	1	1	7.3	5
7.85398163397448	1	1	7.3	5
7.4	0.898708095811627	1	7.4	1
7.4	0.898708095811627	1	7.4	2
7.88797527208024	0.999422271921028	1	7.4	2
7.4	0.898708095811627	1	7.4	3
7.88797527208024	0.999422271921028	1	7.4	3
7.8539685339389	0.999999999914195	1	7.4	3
7.4	0.898708095811627	1	7.4	4
7.88797527208024	0.999422271921028	1	7.4	4
7.8539685339389	0.999999999914195	1	7.4	4
7.85398163397448	1	1	7.4	4
7.4	0.898708095811627	1	7.4	5
7.88797527208024	0.999422271921028	1	7.4	5
7.8539685339389	0.999999999914195	1	7.4	5
7.85398163397448	1	1	7.4	5
7.85398163397448	1	1	7.4	5
7.5	0.937999976774739	1	7.5	1
7.5	0.937999976774739	1	7.5	2
7.86954725630902	0.99987885814664	1	7.5	2
7.5	0.937999976774739	1	7.5	3
7.86954725630902	0.99987885814664	1	7.5	3
7.85398037672836	0.99999999999921	1	7.5	3
7.5	0.937999976774739	1	7.5	4
7.86954725630902	0.99987885814664	1	7.5	4
7.85398037672836	0.99999999999921	1	7.5	4
7.85398163397448	1	1	7.5	4
7.6	0.967919672031486	1	7.6	1
7.6	0.967919672031486	1	7.6	2
7.85958749454374	0.999984287204788	1	7.6	2
7.6	0.967919672031486	1	7.6	3
7.85958749454374	0.999984287204788	1	7.6	3
7.8539815752511	0.999999999999998	1	7.6	3
7.6	0.967919672031486	1	7.6	4
7.85958749454374	0.999984287204788	1	7.6	4
7.8539815752511	0.999999999999998	1	7.6	4
7.85398163397448	1	1	7.6	4
7.7	0.988168233877	1	7.7	1
7.7	0.988168233877	1	7.7	2
7.85521027369612	0.999999245222312	1	7.7	2
7.7	0.988168233877	1	7.7	3
7.85521027369612	0.999999245222312	1	7.7	3
7.85398163335625	1	1	7.7	3
7.7	0.988168233877	1	7.7	4
7.85521027369612	0.999999245222312	1	7.7	4
7.85398163335625	1	1	7.7	4
7.85398163397448	1	1	7.7	4
7.8	0.998543345374605	1	7.8	1
7.8	0.998543345374605	1	7.8	2
7.8540341296275	0.999999998622103	1	7.8	2
7.8	0.998543345374605	1	7.8	3
7.8540341296275	0.999999998622103	1	7.8	3
7.85398163397444	1	1	7.8	3
7.8	0.998543345374605	1	7.8	4
7.8540341296275	0.999999998622103	1	7.8	4
7.85398163397444	1	1	7.8	4
7.85398163397448	1	1	7.8	4
7.9	0.998941341839772	1	7.9	1
7.9	0.998941341839772	1	7.9	2
7.85394912222292	0.999999999471493	1	7.9	2
7.9	0.998941341839772	1	7.9	3
7.85394912222292	0.999999999471493	1	7.9	3
7.85398163397449	1	1	7.9	3
7.9	0.998941341839772	1	7.9	4
7.85394912222292	0.999999999471493	1	7.9	4
7.85398163397449	1	1	7.9	4
7.85398163397448	1	1	7.9	4
8	0.989358246623382	1	8	1
8	0.989358246623382	1	8	2
7.85293493605052	0.999999452211778	1	8	2
8	0.989358246623382	1	8	3
7.85293493605052	0.999999452211778	1	8	3
7.85398163435673	1	1	8	3
8	0.989358246623382	1	8	4
7.85293493605052	0.999999452211778	1	8	4
7.85398163435673	1	1	8	4
7.85398163397448	1	1	8	4
8.1	0.969889810845086	1	8.1	1
8.1	0.969889810845086	1	8.1	2
7.8488950280614	0.999987063248036	1	8.1	2
8.1	0.969889810845086	1	8.1	3
7.8488950280614	0.999987063248036	1	8.1	3
7.85398167784447	1	1	8.1	3
8.1	0.969889810845086	1	8.1	4
7.8488950280614	0.999987063248036	1	8.1	4
7.85398167784447	1	1	8.1	4
7.85398163397448	1	1	8.1	4
8.2	0.940730556679773	1	8.2	1
8.2	0.940730556679773	1	8.2	2
7.83947715041717	0.999894811822512	1	8.2	2
8.2	0.940730556679773	1	8.2	3
7.83947715041717	0.999894811822512	1	8.2	3
7.85398265121138	0.999999999999483	1	8.2	3
8.2	0.940730556679773	1	8.2	4
7.83947715041717	0.999894811822512	1	8.2	4
7.85398265121138	0.999999999999483	1	8.2	4
7.85398163397448	1	1	8.2	4
8.3	0.902171833756293	1	8.3	1
8.3	0.902171833756293	1	8.3	2
7.82184625053685	0.999483702998875	1	8.3	2
8.3	0.902171833756293	1	8.3	3
7.82184625053685	0.999483702998875	1	8.3	3
7.85399270043241	0.999999999938767	1	8.3	3
8.3	0.902171833756293	1	8.3	4
7.82184625053685	0.999483702998875	1	8.3	4
7.85399270043241	0.999999999938767	1	8.3	4
7.85398163397448	1	1	8.3	4
8.4	0.854598908088281	1	8.4	1
8.4	0.854598908088281	1	8.4	2
7.79235979685684	0.998101975315487	1	8.4	2
8.4	0.854598908088281	1	8.4	3
7.79235979685684	0.998101975315487	1	8.4	3
7.85405975048479	0.999999996948905	1	8.4	3
8.4	0.854598908088281	1	8.4	4
7.79235979685684	0.998101975315487	1	8.4	4
7.85405975048479	0.999999996948905	1	8.4	4
7.85398163397432	1	1	8.4	4
8.4	0.854598908088281	1	8.4	5
7.79235979685684	0.998101975315487	1	8.4	5
7.85405975048479	0.999999996948905	1	8.4	5
7.85398163397432	1	1	8.4	5
7.85398163397448	1	1	8.4	5
8.5	0.79848711262349	1	8.5	1
8.5	0.79848711262349	1	8.5	2
7.74605933750531	0.994182039175958	1	8.5	2
8.5	0.79848711262349	1	8.5	3
7.74605933750531	0.994182039175958	1	8.5	3
7.85440259360538	0.999999911396496	1	8.5	3
8.5	0.79848711262349	1	8.5	4
7.74605933750531	0.994182039175958	1	8.5	4
7.85440259360538	0.999999911396496	1	8.5	4
7.85398163394962	1	1	8.5	4
8.5	0.79848711262349	1	8.5	5
7.74605933750531	0.994182039175958	1	8.5	5
7.85440259360538	0.999999911396496	1	8.5	5
7.85398163394962	1	1	8.5	5
7.85398163397448	1	1	8.5	5
8.6	0.734397097874113	1	8.6	1
8.6	0.734397097874113	1	8.6	2
7.67581327692507	0.984169960504916	1	8.6	2
8.6	0.734397097874113	1	8.6	3
7.67581327692507	0.984169960504916	1	8.6	3
7.85589114037017	0.999998176893216	1	8.6	3
8.6	0.734397097874113	1	8.6	4
7.67581327692507	0.984169960504916	1	8.6	4
7.85589114037017	0.999998176893216	1	8.6	4
7.85398163165366	1	1	8.6	4
8.6	0.734397097874113	1	8.6	5
7.67581327692507	0.984169960504916	1	8.6	5
7.85589114037017	0.999998176893216	1	8.6	5
7.85398163165366	1	1	8.6	5
7.85398163397448	1	1	8.6	5
8.7	0.662969230082182	1	8.7	1
8.7	0.662969230082182	1	8.7	2
7.57076713122177	0.96016212854554	1	8.7	2
8.7	0.662969230082182	1	8.7	3
7.57076713122177	0.96016212854554	1	8.7	3
7.86180499086424	0.999969397699573	1	8.7	3
8.7	0.662969230082182	1	8.7	4
7.57076713122177	0.96016212854554	1	8.7	4
7.86180499086424	0.999969397699573	1	8.7	4
7.85398147436128	0.999999999999987	1	8.7	4
8.7	0.662969230082182	1	8.7	5
7.57076713122177	0.96016212854554	1	8.7	5
7.86180499086424	0.999969397699573	1	8.7	5
7.85398147436128	0.999999999999987	1	8.7	5
7.85398163397448	1	1	8.7	5
8.8	0.584917192891762	1	8.8	1
8.8	0.584917192891762	1	8.8	2
7.41331992986613	0.904469619272783	1	8.8	2
8.8	0.584917192891762	1	8.8	3
7.41331992986613	0.904469619272783	1	8.8	3
7.88490906959706	0.999521784982701	1	8.8	3
8.8	0.584917192891762	1	8.8	4
7.41331992986613	0.904469619272783	1	8.8	4
7.88490906959706	0.999521784982701	1	8.8	4
7.8539717694382	0.999999999951345	1	8.8	4
8.8	0.584917192891762	1	8.8	5
7.41331992986613	0.904469619272783	1	8.8	5
7.88490906959706	0.999521784982701	1	8.8	5
7.8539717694382	0.999999999951345	1	8.8	5
7.85398163397448	1	1	8.8	5
8.8	0.584917192891762	1	8.8	6
7.41331992986613	0.904469619272783	1	8.8	6
7.88490906959706	0.999521784982701	1	8.8	6
7.8539717694382	0.999999999951345	1	8.8	6
7.85398163397448	1	1	8.8	6
7.85398163397448	1	1	8.8	6
8.9	0.501020856457885	1	8.9	1
8.9	0.501020856457885	1	8.9	2
7.17265632141631	0.776738688818648	1	8.9	2
8.9	0.501020856457885	1	8.9	3
7.17265632141631	0.776738688818648	1	8.9	3
7.98351202803885	0.991622661340947	1	8.9	3
8.9	0.501020856457885	1	8.9	4
7.17265632141631	0.776738688818648	1	8.9	4
7.98351202803885	0.991622661340947	1	8.9	4
7.85325231330299	0.999999734045691	1	8.9	4
8.9	0.501020856457885	1	8.9	5
7.17265632141631	0.776738688818648	1	8.9	5
7.98351202803885	0.991622661340947	1	8.9	5
7.85325231330299	0.999999734045691	1	8.9	5
7.85398163410379	1	1	8.9	5
8.9	0.501020856457885	1	8.9	6
7.17265632141631	0.776738688818648	1	8.9	6
7.98351202803885	0.991622661340947	1	8.9	6
7.85325231330299	0.999999734045691	1	8.9	6
7.85398163410379	1	1	8.9	6
7.85398163397448	1	1	8.9	6
9	0.412118485241757	1	9	1
9	0.412118485241757	1	9	2
6.78915458900081	0.484655503629306	1	9	2
9	0.412118485241757	1	9	3
6.78915458900081	0.484655503629306	1	9	3
8.59395224646315	0.738488374054348	1	9	3
9	0.412118485241757	1	9	4
6.78915458900081	0.484655503629306	1	9	4
8.59395224646315	0.738488374054348	1	9	4
7.68091660057738	0.985061588671592	1	9	4
9	0.412118485241757	1	9	5
6.78915458900081	0.484655503629306	1	9	5
8.59395224646315	0.738488374054348	1	9	5
7.68091660057738	0.985061588671592	1	9	5
7.85573044151741	0.999998470836479	1	9	5
9	0.412118485241757	1	9	6
6.78915458900081	0.484655503629306	1	9	6
8.59395224646315	0.738488374054348	1	9	6
7.68091660057738	0.985061588671592	1	9	6
7.85573044151741	0.999998470836479	1	9	6
7.85398163219167	1	1	9	6
9	0.412118485241757	1	9	7
6.78915458900081	0.484655503629306	1	9	7
8.59395224646315	0.738488374054348	1	9	7
7.68091660057738	0.985061588671592	1	9	7
7.85573044151741	0.999998470836479	1	9	7
7.85398163219167	1	1	9	7
7.85398163397448	1	1	9	7
9.1	0.319098362349352	1	9.1	1
9.1	0.319098362349352	1	9.1	2
6.1300016736108	-0.152585254635441	1	9.1	2
9.1	0.319098362349352	1	9.1	3
6.1300016736108	-0.152585254635441	1	9.1	3
-0.785398163397448	-0.340049565865384	1	9.1	3
9.1	0.319098362349352	1	9.1	4
6.1300016736108	-0.152585254635441	1	9.1	4
-0.785398163397448	-0.340049565865384	1	9.1	4
-0.785398163397448	-0.0291176403733644	1	9.1	4
9.1	0.319098362349352	1	9.1	5
6.1300016736108	-0.152585254635441	1	9.1	5
-0.785398163397448	-0.340049565865384	1	9.1	5
-0.785398163397448	-0.0291176403733644	1	9.1	5
16.4933614313464	-0.198196044936696	1	9.1	5
9.1	0.319098362349352	1	9.1	6
6.1300016736108	-0.152585254635441	1	9.1	6
-0.785398163397448	-0.340049565865384	1	9.1	6
-0.785398163397448	-0.0291176403733644	1	9.1	6
16.4933614313464	-0.198196044936696	1	9.1	6
16.4933614313464	0.907901162980769	1	9.1	6
9.1	0.319098362349352	1	9.1	7
6.1300016736108	-0.152585254635441	1	9.1	7
-0.785398163397448	-0.340049565865384	1	9.1	7
-0.785398163397448	-0.0291176403733644	1	9.1	7
16.4933614313464	-0.198196044936696	1	9.1	7
16.4933614313464	0.907901162980769	1	9.1	7
16.4933614313464	0.999574868934604	1	9.1	7
9.1	0.319098362349352	1	9.1	8
6.1300016736108	-0.152585254635441	1	9.1	8
-0.785398163397448	-0.340049565865384	1	9.1	8
-0.785398163397448	-0.0291176403733644	1	9.1	8
16.4933614313464	-0.198196044936696	1	9.1	8
16.4933614313464	0.907901162980769	1	9.1	8
16.4933614313464	0.999574868934604	1	9.1	8
16.4933614313464	0.99999999996582	1	9.1	8
9.1	0.319098362349352	1	9.1	9
6.1300016736108	-0.152585254635441	1	9.1	9
-0.785398163397448	-0.340049565865384	1	9.1	9
-0.785398163397448	-0.0291176403733644	1	9.1	9
16.4933614313464	-0.198196044936696	1	9.1	9
16.4933614313464	0.907901162980769	1	9.1	9
16.4933614313464	0.999574868934604	1	9.1	9
16.4933614313464	0.99999999996582	1	9.1	9
16.4933614313464	1	1	9.1	9
9.2	0.222889914100246	1	9.2	1
9.2	0.222889914100246	1	9.2	2
4.82634484678511	-0.993514053658353	1	9.2	2
9.2	0.222889914100246	1	9.2	3
4.82634484678511	-0.993514053658353	1	9.2	3
4.71189312992997	-0.999999877066166	1	9.2	3
9.2	0.222889914100246	1	9.2	4
4.82634484678511	-0.993514053658353	1	9.2	4
4.71189312992997	-0.999999877066166	1	9.2	4
4.71238898042533	-1	1	9.2	4
9.2	0.222889914100246	1	9.2	5
4.82634484678511	-0.993514053658353	1	9.2	5
4.71189312992997	-0.999999877066166	1	9.2	5
4.71238898042533	-1	1	9.2	5
4.71238898038469	-1	1	9.2	5
9.3	0.124454423507062	1	9.3	1
9.3	0.124454423507062	1	9.3	2
1.32740009159816	0.970525080476199	1	9.3	2
9.3	0.124454423507062	1	9.3	3
1.32740009159816	0.970525080476199	1	9.3	3
1.57571942540284	0.999987881574524	1	9.3	3
9.3	0.124454423507062	1	9.3	4
1.32740009159816	0.970525080476199	1	9.3	4
1.57571942540284	0.999987881574524	1	9.3	4
1.57079628702096	1	1	9.3	4
9.3	0.124454423507062	1	9.3	5
1.32740009159816	0.970525080476199	1	9.3	5
1.57571942540284	0.999987881574524	1	9.3	5
1.57079628702096	1	1	9.3	5
1.5707963267949	1	1	9.3	5
9.4	0.0247754254533578	1	9.4	1
9.4	0.0247754254533578	1	9.4	2
-0.785398163397448	0.449083980848626	1	9.4	2
9.4	0.0247754254533578	1	9.4	3
-0.785398163397448	0.449083980848626	1	9.4	3
-0.785398163397448	0.633656375437343	1	9.4	3
9.4	0.0247754254533578	1	9.4	4
-0.785398163397448	0.449083980848626	1	9.4	4
-0.785398163397448	0.633656375437343	1	9.4	4
-0.785398163397448	0.943966204590146	1	9.4	4
9.4	0.0247754254533578	1	9.4	5
-0.785398163397448	0.449083980848626	1	9.4	5
-0.785398163397448	0.633656375437343	1	9.4	5
-0.785398163397448	0.943966204590146	1	9.4	5
-0.785398163397448	0.99991175287251	1	9.4	5
9.4	0.0247754254533578	1	9.4	6
-0.785398163397448	0.449083980848626	1	9.4	6
-0.785398163397448	0.633656375437343	1	9.4	6
-0.785398163397448	0.943966204590146	1	9.4	6
-0.785398163397448	0.99991175287251	1	9.4	6
-0.785398163397448	0.999999999999694	1	9.4	6
9.4	0.0247754254533578	1	9.4	7
-0.785398163397448	0.449083980848626	1	9.4	7
-0.785398163397448	0.633656375437343	1	9.4	7
-0.785398163397448	0.943966204590146	1	9.4	7
-0.785398163397448	0.99991175287251	1	9.4	7
-0.785398163397448	0.999999999999694	1	9.4	7
-0.785398163397448	1	1	9.4	7
9.5	-0.0751511204618093	1	9.5	1
9.5	-0.0751511204618093	1	9.5	2
16.4933614313464	-0.70167392264634	1	9.5	2
9.5	-0.0751511204618093	1	9.5	3
16.4933614313464	-0.70167392264634	1	9.5	3
16.4933614313464	-0.975376574884541	1	9.5	3
9.5	-0.0751511204618093	1	9.5	4
16.4933614313464	-0.70167392264634	1	9.5	4
16.4933614313464	-0.975376574884541	1	9.5	4
16.4933614313464	-0.999993008172616	1	9.5	4
9.5	-0.0751511204618093	1	9.5	5
16.4933614313464	-0.70167392264634	1	9.5	5
16.4933614313464	-0.975376574884541	1	9.5	5
16.4933614313464	-0.999993008172616	1	9.5	5
16.4933614313464	-1	1	9.5	5
9.5	-0.0751511204618093	1	9.5	6
16.4933614313464	-0.70167392264634	1	9.5	6
16.4933614313464	-0.975376574884541	1	9.5	6
16.4933614313464	-0.999993008172616	1	9.5	6
16.4933614313464	-1	1	9.5	6
16.4933614313464	-1	1	9.5	6
9.6	-0.174326781222981	1	9.6	1
9.6	-0.174326781222981	1	9.6	2
15.248517392945	0.443451513746165	1	9.6	2
9.6	-0.174326781222981	1	9.6	3
15.248517392945	0.443451513746165	1	9.6	3
13.2273305553677	0.61387491530691	1	9.6	3
9.6	-0.174326781222981	1	9.6	4
15.248517392945	0.443451513746165	1	9.6	4
13.2273305553677	0.61387491530691	1	9.6	4
14.5132656732739	0.930104624940899	1	9.6	4
9.6	-0.174326781222981	1	9.6	5
15.248517392945	0.443451513746165	1	9.6	5
13.2273305553677	0.61387491530691	1	9.6	5
14.5132656732739	0.930104624940899	1	9.6	5
14.1183695760404	0.999823334734407	1	9.6	5
9.6	-0.174326781222981	1	9.6	6
15.248517392945	0.443451513746165	1	9.6	6
13.2273305553677	0.61387491530691	1	9.6	6
14.5132656732739	0.930104624940899	1	9.6	6
14.1183695760404	0.999823334734407	1	9.6	6
14.1371691554266	0.999999999997548	1	9.6	6
9.6	-0.174326781222981	1	9.6	7
15.248517392945	0.443451513746165	1	9.6	7
13.2273305553677	0.61387491530691	1	9.6	7
14.5132656732739	0.930104624940899	1	9.6	7
14.1183695760404	0.999823334734407	1	9.6	7
14.1371691554266	0.999999999997548	1	9.6	7
14.1371669411541	1	1	9.6	7
9.7	-0.271760626410944	1	9.7	1
9.7	-0.271760626410944	1	9.7	2
13.2412226286823	0.624781776438961	1	9.7	2
9.7	-0.271760626410944	1	9.7	3
13.2412226286823	0.624781776438961	1	9.7	3
14.4909380459375	0.938072932839987	1	9.7	3
9.7	-0.271760626410944	1	9.7	4
13.2412226286823	0.624781776438961	1	9.7	4
14.4909380459375	0.938072932839987	1	9.7	4
14.1216300511642	0.999879304952681	1	9.7	4
9.7	-0.271760626410944	1	9.7	5
13.2412226286823	0.624781776438961	1	9.7	5
14.4909380459375	0.938072932839987	1	9.7	5
14.1216300511642	0.999879304952681	1	9.7	5
14.1371681914504	0.999999999999218	1	9.7	5
9.7	-0.271760626410944	1	9.7	6
13.2412226286823	0.624781776438961	1	9.7	6
14.4909380459375	0.938072932839987	1	9.7	6
14.1216300511642	0.999879304952681	1	9.7	6
14.1371681914504	0.999999999999218	1	9.7	6
14.1371669411541	1	1	9.7	6
9.8	-0.366479129251928	1	9.8	1
9.8	-0.366479129251928	1	9.8	2
12.3388247183516	-0.225587360835056	1	9.8	2
9.8	-0.366479129251928	1	9.8	3
12.3388247183516	-0.225587360835056	1	9.8	3
8.02021866092356	0.986214416112103	1	9.8	3
9.8	-0.366479129251928	1	9.8	4
12.3388247183516	-0.225587360835056	1	9.8	4
8.02021866092356	0.986214416112103	1	9.8	4
7.85243320941104	0.999998801190925	1	9.8	4
9.8	-0.366479129251928	1	9.8	5
12.3388247183516	-0.225587360835056	1	9.8	5
8.02021866092356	0.986214416112103	1	9.8	5
7.85243320941104	0.999998801190925	1	9.8	5
7.853981635212	1	1	9.8	5
9.8	-0.366479129251928	1	9.8	6
12.3388247183516	-0.225587360835056	1	9.8	6
8.02021866092356	0.986214416112103	1	9.8	6
7.85243320941104	0.999998801190925	1	9.8	6
7.853981635212	1	1	9.8	6
7.85398163397448	1	1	9.8	6
9.9	-0.457535893775321	1	9.9	1
9.9	-0.457535893775321	1	9.9	2
11.8434347440772	-0.661589031172304	1	9.9	2
9.9	-0.457535893775321	1	9.9	3
11.8434347440772	-0.661589031172304	1	9.9	3
10.7100020710775	-0.959500612625344	1	9.9	3
9.9	-0.457535893775321	1	9.9	4
11.8434347440772	-0.661589031172304	1	9.9	4
10.7100020710775	-0.959500612625344	1	9.9	4
11.003599110775	-0.999967801279012	1	9.9	4
9.9	-0.457535893775321	1	9.9	5
11.8434347440772	-0.661589031172304	1	9.9	5
10.7100020710775	-0.959500612625344	1	9.9	5
11.003599110775	-0.999967801279012	1	9.9	5
10.9955741152996	-0.999999999999985	1	9.9	5
9.9	-0.457535893775321	1	9.9	6
11.8434347440772	-0.661589031172304	1	9.9	6
10.7100020710775	-0.959500612625344	1	9.9	6
11.003599110775	-0.999967801279012	1	9.9	6
10.9955741152996	-0.999999999999985	1	9.9	6
10.9955742875643	-1	1	9.9	6
10	-0.54402111088937	1	10	1
10	-0.54402111088937	1	10	2
11.5423510453569	-0.85420483812127	1	10	2
10	-0.54402111088937	1	10	3
11.5423510453569	-0.85420483812127	1	10	3
10.9336719530707	-0.998084662224403	1	10	3
10	-0.54402111088937	1	10	4
11.5423510453569	-0.85420483812127	1	10	4
10.9336719530707	-0.998084662224403	1	10	4
10.9956534767761	-0.999999996864534	1	10	4
10	-0.54402111088937	1	10	5
11.5423510453569	-0.85420483812127	1	10	5
10.9336719530707	-0.998084662224403	1	10	5
10.9956534767761	-0.999999996864534	1	10	5
10.9955742875641	-1	1	10	5
10	-0.54402111088937	1	10	6
11.5423510453569	-0.85420483812127	1	10	6
10.9336719530707	-0.998084662224403	1	10	6
10.9956534767761	-0.999999996864534	1	10	6
10.9955742875641	-1	1	10	6
10.9955742875643	-1	1	10	6
10.1	-0.625070648892883	1	10.1	1
10.1	-0.625070648892883	1	10.1	2
11.348767929756	-0.938272831311912	1	10.1	2
10.1	-0.625070648892883	1	10.1	3
11.348767929756	-0.938272831311912	1	10.1	3
10.9801160169263	-0.99988052331363	1	10.1	3
10.1	-0.625070648892883	1	10.1	4
11.348767929756	-0.938272831311912	1	10.1	4
10.9801160169263	-0.99988052331363	1	10.1	4
10.9955755189751	-0.999999999999242	1	10.1	4
10.1	-0.625070648892883	1	10.1	5
11.348767929756	-0.938272831311912	1	10.1	5
10.9801160169263	-0.99988052331363	1	10.1	5
10.9955755189751	-0.999999999999242	1	10.1	5
10.9955742875643	-1	1	10.1	5
10.2	-0.699874687593544	1	10.2	1
10.2	-0.699874687593544	1	10.2	2
11.220562201618	-0.974796803449248	1	10.2	2
10.2	-0.699874687593544	1	10.2	3
11.220562201618	-0.974796803449248	1	10.2	3
10.9916995504308	-0.999992493215465	1	10.2	3
10.2	-0.699874687593544	1	10.2	4
11.220562201618	-0.974796803449248	1	10.2	4
10.9916995504308	-0.999992493215465	1	10.2	4
10.9955743069556	-1	1	10.2	4
10.2	-0.699874687593544	1	10.2	5
11.220562201618	-0.974796803449248	1	10.2	5
10.9916995504308	-0.999992493215465	1	10.2	5
10.9955743069556	-1	1	10.2	5
10.9955742875643	-1	1	10.2	5
10.3	-0.767685809763583	1	10.3	1
10.3	-0.767685809763583	1	10.3	2
11.134750896063	-0.9903305591442	1	10.3	2
10.3	-0.767685809763583	1	10.3	3
11.134750896063	-0.9903305591442	1	10.3	3
10.9946686470438	-0.999999589907652	1	10.3	3
10.3	-0.767685809763583	1	10.3	4
11.134750896063	-0.9903305591442	1	10.3	4
10.9946686470438	-0.999999589907652	1	10.3	4
10.9955742878119	-1	1	10.3	4
10.3	-0.767685809763583	1	10.3	5
11.134750896063	-0.9903305591442	1	10.3	5
10.9946686470438	-0.999999589907652	1	10.3	5
10.9955742878119	-1	1	10.3	5
10.9955742875643	-1	1	10.3	5
10.4	-0.827826469085654	1	10.4	1
10.4	-0.827826469085654	1	10.4	2
11.077659241854	-0.996632921374471	1	10.4	2
10.4	-0.827826469085654	1	10.4	3
11.077659241854	-0.996632921374471	1	10.4	3
10.9953894281617	-0.999999982913501	1	10.4	3
10.4	-0.827826469085654	1	10.4	4
11.077659241854	-0.996632921374471	1	10.4	4
10.9953894281617	-0.999999982913501	1	10.4	4
10.9955742875664	-1	1	10.4	4
10.4	-0.827826469085654	1	10.4	5
11.077659241854	-0.996632921374471	1	10.4	5
10.9953894281617	-0.999999982913501	1	10.4	5
10.9955742875664	-1	1	10.4	5
10.9955742875643	-1	1	10.4	5
10.5	-0.87969575997167	1	10.5	1
10.5	-0.87969575997167	1	10.5	2
11.0405697624498	-0.998987874399047	1	10.5	2
10.5	-0.87969575997167	1	10.5	3
11.0405697624498	-0.998987874399047	1	10.5	3
10.9955438971152	-0.99999999953821	1	10.5	3
10.5	-0.87969575997167	1	10.5	4
11.0405697624498	-0.998987874399047	1	10.5	4
10.9955438971152	-0.99999999953821	1	10.5	4
10.9955742875643	-1	1	10.5	4
10.5	-0.87969575997167	1	10.5	5
11.0405697624498	-0.998987874399047	1	10.5	5
10.9955438971152	-0.99999999953821	1	10.5	5
10.9955742875643	-1	1	10.5	5
10.9955742875643	-1	1	10.5	5
10.6	-0.922775421612807	1	10.6	1
10.6	-0.922775421612807	1	10.6	2
11.0175861013922	-0.999757749807494	1	10.6	2
10.6	-0.922775421612807	1	10.6	3
11.0175861013922	-0.999757749807494	1	10.6	3
10.9955707318208	-0.999999999993678	1	10.6	3
10.6	-0.922775421612807	1	10.6	4
11.0175861013922	-0.999757749807494	1	10.6	4
10.9955707318208	-0.999999999993678	1	10.6	4
10.9955742875643	-1	1	10.6	4
10.7	-0.956635016270188	1	10.7	1
10.7	-0.956635016270188	1	10.7	2
11.0044936436229	-0.999960222807457	1	10.7	2
10.7	-0.956635016270188	1	10.7	3
11.0044936436229	-0.999960222807457	1	10.7	3
10.9955740510306	-0.999999999999972	1	10.7	3
10.7	-0.956635016270188	1	10.7	4
11.0044936436229	-0.999960222807457	1	10.7	4
10.9955740510306	-0.999999999999972	1	10.7	4
10.9955742875643	-1	1	10.7	4
10.8	-0.980936230066492	1	10.8	1
10.8	-0.980936230066492	1	10.8	2
10.9981065644218	-0.999996793788672	1	10.8	2
10.8	-0.980936230066492	1	10.8	3
10.9981065644218	-0.999996793788672	1	10.8	3
10.9955742821516	-1	1	10.8	3
10.8	-0.980936230066492	1	10.8	4
10.9981065644218	-0.999996793788672	1	10.8	4
10.9955742821516	-1	1	10.8	4
10.9955742875643	-1	1	10.8	4
10.9	-0.995436253306377	1	10.9	1
10.9	-0.995436253306377	1	10.9	2
10.995866360788	-0.999999957346616	1	10.9	2
10.9	-0.995436253306377	1	10.9	3
10.995866360788	-0.999999957346616	1	10.9	3
10.995574287556	-1	1	10.9	3
10.9	-0.995436253306377	1	10.9	4
10.995866360788	-0.999999957346616	1	10.9	4
10.995574287556	-1	1	10.9	4
10.9955742875643	-1	1	10.9	4
11	-0.999990206550703	1	11	1
11	-0.999990206550703	1	11	2
10.9955742586687	-1	1	11	2
11	-0.999990206550703	1	11	3
10.9955742586687	-1	1	11	3
10.9955742875643	-1	1	11	3
11.1	-0.994552588203989	1	11.1	1
11.1	-0.994552588203989	1	11.1	2
10.9951930464995	-0.999999927327626	1	11.1	2
11.1	-0.994552588203989	1	11.1	3
10.9951930464995	-0.999999927327626	1	11.1	3
10.9955742875827	-1	1	11.1	3
11.1	-0.994552588203989	1	11.1	4
10.9951930464995	-0.999999927327626	1	11.1	4
10.9955742875827	-1	1	11.1	4
10.9955742875643	-1	1	11.1	4
11.2	-0.979177729151317	1	11.2	1
11.2	-0.979177729151317	1	11.2	2
10.9926782260513	-0.999995806416787	1	11.2	2
11.2	-0.979177729151317	1	11.2	3
10.9926782260513	-0.999995806416787	1	11.2	3
10.9955742956609	-1	1	11.2	3
11.2	-0.979177729151317	1	11.2	4
10.9926782260513	-0.999995806416787	1	11.2	4
10.9955742956609	-1	1	11.2	4
10.9955742875643	-1	1	11.2	4
11.3	-0.954019249902089	1	11.3	1
11.3	-0.954019249902089	1	11.3	2
10.9858078667618	-0.999952308891433	1	11.3	2
11.3	-0.954019249902089	1	11.3	3
10.9858078667618	-0.999952308891433	1	11.3	3
10.9955745980929	-0.999999999999952	1	11.3	3
11.3	-0.954019249902089	1	11.3	4
10.9858078667618	-0.999952308891433	1	11.3	4
10.9955745980929	-0.999999999999952	1	11.3	4
10.9955742875643	-1	1	11.3	4
11.4	-0.919328525664676	1	11.4	1
11.4	-0.919328525664676	1	11.4	2
10.9719801405451	-0.999721671025346	1	11.4	2
11.4	-0.919328525664676	1	11.4	3
10.9719801405451	-0.999721671025346	1	11.4	3
10.995578666699	-0.999999999990412	1	11.4	3
11.4	-0.919328525664676	1	11.4	4
10.9719801405451	-0.999721671025346	1	11.4	4
10.995578666699	-0.999999999990412	1	11.4	4
10.9955742875643	-1	1	11.4	4
11.5	-0.875452174688429	1	11.5	1
11.5	-0.875452174688429	1	11.5	2
10.9479369944737	-0.998865558711254	1	11.5	2
11.5	-0.875452174688429	1	11.5	3
10.9479369944737	-0.998865558711254	1	11.5	3
10.9956103549259	-0.999999999349573	1	11.5	3
11.5	-0.875452174688429	1	11.5	4
10.9479369944737	-0.998865558711254	1	11.5	4
10.9956103549259	-0.999999999349573	1	11.5	4
10.9955742875643	-1	1	11.5	4
11.5	-0.875452174688429	1	11.5	5
10.9479369944737	-0.998865558711254	1	11.5	5
10.9956103549259	-0.999999999349573	1	11.5	5
10.9955742875643	-1	1	11.5	5
10.9955742875643	-1	1	11.5	5
11.6	-0.822828594968708	1	11.6	1
11.6	-0.822828594968708	1	11.6	2
10.9093462803276	-0.996284668281029	1	11.6	2
11.6	-0.822828594968708	1	11.6	3
10.9093462803276	-0.996284668281029	1	11.6	3
10.995788634561	-0.999999977027683	1	11.6	3
11.6	-0.822828594968708	1	11.6	4
10.9093462803276	-0.996284668281029	1	11.6	4
10.995788634561	-0.999999977027683	1	11.6	4
10.995574287561	-1	1	11.6	4
11.6	-0.822828594968708	1	11.6	5
10.9093462803276	-0.996284668281029	1	11.6	5
10.995788634561	-0.999999977027683	1	11.6	5
10.995574287561	-1	1	11.6	5
10.9955742875643	-1	1	11.6	5
11.7	-0.761983583919032	1	11.7	1
11.7	-0.761983583919032	1	11.7	2
10.8501177291469	-0.989439833510589	1	11.7	2
11.7	-0.761983583919032	1	11.7	3
10.8501177291469	-0.989439833510589	1	11.7	3
10.996608881996	-0.999999464807229	1	11.7	3
11.7	-0.761983583919032	1	11.7	4
10.8501177291469	-0.989439833510589	1	11.7	4
10.996608881996	-0.999999464807229	1	11.7	4
10.9955742871951	-1	1	11.7	4
11.7	-0.761983583919032	1	11.7	5
10.8501177291469	-0.989439833510589	1	11.7	5
10.996608881996	-0.999999464807229	1	11.7	5
10.9955742871951	-1	1	11.7	5
10.9955742875643	-1	1	11.7	5
11.8	-0.693525084777122	1	11.8	1
11.8	-0.693525084777122	1	11.8	2
10.7612019885015	-0.97266030549383	1	11.8	2
11.8	-0.693525084777122	1	11.8	3
10.7612019885015	-0.97266030549383	1	11.8	3
10.9999621087678	-0.999990373527988	1	11.8	3
11.8	-0.693525084777122	1	11.8	4
10.7612019885015	-0.97266030549383	1	11.8	4
10.9999621087678	-0.999990373527988	1	11.8	4
10.9955742594045	-1	1	11.8	4
11.8	-0.693525084777122	1	11.8	5
10.7612019885015	-0.97266030549383	1	11.8	5
10.9999621087678	-0.999990373527988	1	11.8	5
10.9955742594045	-1	1	11.8	5
10.9955742875643	-1	1	11.8	5
11.9	-0.618137112237033	1	11.9	1
11.9	-0.618137112237033	1	11.9	2
10.6283237317749	-0.933318061873555	1	11.9	2
11.9	-0.618137112237033	1	11.9	3
10.6283237317749	-0.933318061873555	1	11.9	3
11.0130271903646	-0.999847701957861	1	11.9	3
11.9	-0.618137112237033	1	11.9	4
10.6283237317749	-0.933318061873555	1	11.9	4
11.0130271903646	-0.999847701957861	1	11.9	4
10.9955725152747	-0.99999999999843	1	11.9	4
11.9	-0.618137112237033	1	11.9	5
10.6283237317749	-0.933318061873555	1	11.9	5
11.0130271903646	-0.999847701957861	1	11.9	5
10.9955725152747	-0.99999999999843	1	11.9	5
10.9955742875643	-1	1	11.9	5
12	-0.536572918000435	1	12	1
12	-0.536572918000435	1	12	2
10.4273265936023	-0.842845282615336	1	12	2
12	-0.536572918000435	1	12	3
10.4273265936023	-0.842845282615336	1	12	3
11.0658256917599	-0.997533384803552	1	12	3
12	-0.536572918000435	1	12	4
10.4273265936023	-0.842845282615336	1	12	4
11.0658256917599	-0.997533384803552	1	12	4
10.9954584893177	-0.999999993295383	1	12	4
12	-0.536572918000435	1	12	5
10.4273265936023	-0.842845282615336	1	12	5
11.0658256917599	-0.997533384803552	1	12	5
10.9954584893177	-0.999999993295383	1	12	5
10.9955742875648	-1	1	12	5
12	-0.536572918000435	1	12	6
10.4273265936023	-0.842845282615336	1	12	6
11.0658256917599	-0.997533384803552	1	12	6
10.9954584893177	-0.999999993295383	1	12	6
10.9955742875648	-1	1	12	6
10.9955742875643	-1	1	12	6
12.1	-0.4496474645346	1	12.1	1
12.1	-0.4496474645346	1	12.1	2
10.1135413141186	-0.635582936937177	1	12.1	2
12.1	-0.4496474645346	1	12.1	3
10.1135413141186	-0.635582936937177	1	12.1	3
11.3282255854744	-0.945179884887034	1	12.1	3
12.1	-0.4496474645346	1	12.1	4
10.1135413141186	-0.635582936937177	1	12.1	4
11.3282255854744	-0.945179884887034	1	12.1	4
10.9827356614338	-0.999917585971577	1	12.1	4
12.1	-0.4496474645346	1	12.1	5
10.1135413141186	-0.635582936937177	1	12.1	5
11.3282255854744	-0.945179884887034	1	12.1	5
10.9827356614338	-0.999917585971577	1	12.1	5
10.9955749930091	-0.999999999999751	1	12.1	5
12.1	-0.4496474645346	1	12.1	6
10.1135413141186	-0.635582936937177	1	12.1	6
11.3282255854744	-0.945179884887034	1	12.1	6
10.9827356614338	-0.999917585971577	1	12.1	6
10.9955749930091	-0.999999999999751	1	12.1	6
10.9955742875643	-1	1	12.1	6
12.2	-0.358229282236827	1	12.2	1
12.2	-0.358229282236827	1	12.2	2
9.59375397163259	-0.168173032450284	1	12.2	2
12.2	-0.358229282236827	1	12.2	3
9.59375397163259	-0.168173032450284	1	12.2	3
15.4553209344512	0.249963282346008	1	12.2	3
12.2	-0.358229282236827	1	12.2	4
9.59375397163259	-0.168173032450284	1	12.2	4
15.4553209344512	0.249963282346008	1	12.2	4
11.5817307528083	-0.83307292912781	1	12.2	4
12.2	-0.358229282236827	1	12.2	5
9.59375397163259	-0.168173032450284	1	12.2	5
15.4553209344512	0.249963282346008	1	12.2	5
11.5817307528083	-0.83307292912781	1	12.2	5
10.9177274554183	-0.996971465268627	1	12.2	5
12.2	-0.358229282236827	1	12.2	6
9.59375397163259	-0.168173032450284	1	12.2	6
15.4553209344512	0.249963282346008	1	12.2	6
11.5817307528083	-0.83307292912781	1	12.2	6
10.9177274554183	-0.996971465268627	1	12.2	6
10.9957319236488	-0.999999987575432	1	12.2	6
12.2	-0.358229282236827	1	12.2	7
9.59375397163259	-0.168173032450284	1	12.2	7
15.4553209344512	0.249963282346008	1	12.2	7
11.5817307528083	-0.83307292912781	1	12.2	7
10.9177274554183	-0.996971465268627	1	12.2	7
10.9957319236488	-0.999999987575432	1	12.2	7
10.995574287563	-1	1	12.2	7
12.2	-0.358229282236827	1	12.2	8
9.59375397163259	-0.168173032450284	1	12.2	8
15.4553209344512	0.249963282346008	1	12.2	8
11.5817307528083	-0.83307292912781	1	12.2	8
10.9177274554183	-0.996971465268627	1	12.2	8
10.9957319236488	-0.999999987575432	1	12.2	8
10.995574287563	-1	1	12.2	8
10.9955742875643	-1	1	12.2	8
12.3	-0.263231791365801	1	12.3	1
12.3	-0.263231791365801	1	12.3	2
8.63504519769056	0.710165153599564	1	12.3	2
12.3	-0.263231791365801	1	12.3	3
8.63504519769056	0.710165153599564	1	12.3	3
7.64367703555222	0.977967372797581	1	12.3	3
12.3	-0.263231791365801	1	12.3	4
8.63504519769056	0.710165153599564	1	12.3	4
7.64367703555222	0.977967372797581	1	12.3	4
7.85713793685754	0.99999501888019	1	12.3	4
12.3	-0.263231791365801	1	12.3	5
8.63504519769056	0.710165153599564	1	12.3	5
7.64367703555222	0.977967372797581	1	12.3	5
7.85713793685754	0.99999501888019	1	12.3	5
7.85398162349315	1	1	12.3	5
12.3	-0.263231791365801	1	12.3	6
8.63504519769056	0.710165153599564	1	12.3	6
7.64367703555222	0.977967372797581	1	12.3	6
7.85713793685754	0.99999501888019	1	12.3	6
7.85398162349315	1	1	12.3	6
7.85398163397448	1	1	12.3	6
12.4	-0.165604175448309	1	12.4	1
12.4	-0.165604175448309	1	12.4	2
6.44488262684725	0.160993616604834	1	12.4	2
12.4	-0.165604175448309	1	12.4	3
6.44488262684725	0.160993616604834	1	12.4	3
12.5752837467514	0.0089130143770174	1	12.4	3
12.4	-0.165604175448309	1	12.4	4
6.44488262684725	0.160993616604834	1	12.4	4
12.5752837467514	0.0089130143770174	1	12.4	4
16.4933614313464	-0.781702291107254	1	12.4	4
12.4	-0.165604175448309	1	12.4	5
6.44488262684725	0.160993616604834	1	12.4	5
12.5752837467514	0.0089130143770174	1	12.4	5
16.4933614313464	-0.781702291107254	1	12.4	5
16.4933614313464	-0.992271452427372	1	12.4	5
12.4	-0.165604175448309	1	12.4	6
6.44488262684725	0.160993616604834	1	12.4	6
12.5752837467514	0.0089130143770174	1	12.4	6
16.4933614313464	-0.781702291107254	1	12.4	6
16.4933614313464	-0.992271452427372	1	12.4	6
16.4933614313464	-0.999999791461557	1	12.4	6
12.4	-0.165604175448309	1	12.4	7
6.44488262684725	0.160993616604834	1	12.4	7
12.5752837467514	0.0089130143770174	1	12.4	7
16.4933614313464	-0.781702291107254	1	12.4	7
16.4933614313464	-0.992271452427372	1	12.4	7
16.4933614313464	-0.999999791461557	1	12.4	7
16.4933614313464	-1	1	12.4	7
12.4	-0.165604175448309	1	12.4	8
6.44488262684725	0.160993616604834	1	12.4	8
12.5752837467514	0.0089130143770174	1	12.4	8
16.4933614313464	-0.781702291107254	1	12.4	8
16.4933614313464	-0.992271452427372	1	12.4	8
16.4933614313464	-0.999999791461557	1	12.4	8
16.4933614313464	-1	1	12.4	8
16.4933614313464	-1	1	12.4	8
12.5	-0.0663218973512007	1	12.5	1
12.5	-0.0663218973512007	1	12.5	2
-0.785398163397448	-0.562009922691766	1	12.5	2
12.5	-0.0663218973512007	1	12.5	3
-0.785398163397448	-0.562009922691766	1	12.5	3
-0.785398163397448	-0.878657175722465	1	12.5	3
12.5	-0.0663218973512007	1	12.5	4
-0.785398163397448	-0.562009922691766	1	12.5	4
-0.785398163397448	-0.878657175722465	1	12.5	4
-0.785398163397448	-0.99895887103585	1	12.5	4
12.5	-0.0663218973512007	1	12.5	5
-0.785398163397448	-0.562009922691766	1	12.5	5
-0.785398163397448	-0.878657175722465	1	12.5	5
-0.785398163397448	-0.99895887103585	1	12.5	5
-0.785398163397448	-0.999999999497332	1	12.5	5
12.5	-0.0663218973512007	1	12.5	6
-0.785398163397448	-0.562009922691766	1	12.5	6
-0.785398163397448	-0.878657175722465	1	12.5	6
-0.785398163397448	-0.99895887103585	1	12.5	6
-0.785398163397448	-0.999999999497332	1	12.5	6
-0.785398163397448	-1	1	12.5	6
12.5	-0.0663218973512007	1	12.5	7
-0.785398163397448	-0.562009922691766	1	12.5	7
-0.785398163397448	-0.878657175722465	1	12.5	7
-0.785398163397448	-0.99895887103585	1	12.5	7
-0.785398163397448	-0.999999999497332	1	12.5	7
-0.785398163397448	-1	1	12.5	7
-0.785398163397448	-1	1	12.5	7
0.1	0.0998334166468281	1	0.1	1.33333333333333
0.1	0.0998334166468281	1	0.1	2.33333333333333
10.0666444232592	-0.598691481919261	1	0.1	2.33333333333333
0.1	0.0998334166468281	1	0.1	3.33333333333333
10.0666444232592	-0.598691481919261	1	0.1	3.33333333333333
11.4045283629979	-0.91753723638326	1	0.1	3.33333333333333
0.1	0.0998334166468281	1	0.1	4.33333333333333
10.0666444232592	-0.598691481919261	1	0.1	4.33333333333333
11.4045283629979	-0.91753723638326	1	0.1	4.33333333333333
10.9711400980193	-0.999701500042192	1	0.1	4.33333333333333
0.1	0.0998334166468281	1	0.1	5.33333333333333
10.0666444232592	-0.598691481919261	1	0.1	5.33333333333333
11.4045283629979	-0.91753723638326	1	0.1	5.33333333333333
10.9711400980193	-0.999701500042192	1	0.1	5.33333333333333
10.9955791513708	-0.999999999988172	1	0.1	5.33333333333333
0.1	0.0998334166468281	1	0.1	6.33333333333333
10.0666444232592	-0.598691481919261	1	0.1	6.33333333333333
11.4045283629979	-0.91753723638326	1	0.1	6.33333333333333
10.9711400980193	-0.999701500042192	1	0.1	6.33333333333333
10.9955791513708	-0.999999999988172	1	0.1	6.33333333333333
10.9955742875643	-1	1	0.1	6.33333333333333
0.2	0.198669330795061	1	0.2	1.33333333333333
0.2	0.198669330795061	1	0.2	2.33333333333333
5.13315487558689	-0.912776370761293	1	0.2	2.33333333333333
0.2	0.198669330795061	1	0.2	3.33333333333333
5.13315487558689	-0.912776370761293	1	0.2	3.33333333333333
4.68566337940159	-0.999642892382379	1	0.2	3.33333333333333
0.2	0.198669330795061	1	0.2	4.33333333333333
5.13315487558689	-0.912776370761293	1	0.2	4.33333333333333
4.68566337940159	-0.999642892382379	1	0.2	4.33333333333333
4.71239534519233	-0.999999999979745	1	0.2	4.33333333333333
0.2	0.198669330795061	1	0.2	5.33333333333333
5.13315487558689	-0.912776370761293	1	0.2	5.33333333333333
4.68566337940159	-0.999642892382379	1	0.2	5.33333333333333
4.71239534519233	-0.999999999979745	1	0.2	5.33333333333333
4.71238898038469	-1	1	0.2	5.33333333333333
0.3	0.29552020666134	1	0.3	1.33333333333333
0.3	0.29552020666134	1	0.3	2.33333333333333
3.53272814376583	-0.381238394953024	1	0.3	2.33333333333333
0.3	0.29552020666134	1	0.3	3.33333333333333
3.53272814376583	-0.381238394953024	1	0.3	3.33333333333333
5.95765904190759	-0.319807457284175	1	0.3	3.33333333333333
0.3	0.29552020666134	1	0.3	4.33333333333333
3.53272814376583	-0.381238394953024	1	0.3	4.33333333333333
5.95765904190759	-0.319807457284175	1	0.3	4.33333333333333
2.99499343643595	0.146074679085186	1	0.3	4.33333333333333
0.3	0.29552020666134	1	0.3	5.33333333333333
3.53272814376583	-0.381238394953024	1	0.3	5.33333333333333
5.95765904190759	-0.319807457284175	1	0.3	5.33333333333333
2.99499343643595	0.146074679085186	1	0.3	5.33333333333333
-0.785398163397448	0.59381830349462	1	0.3	5.33333333333333
0.3	0.29552020666134	1	0.3	6.33333333333333
3.53272814376583	-0.381238394953024	1	0.3	6.33333333333333
5.95765904190759	-0.319807457284175	1	0.3	6.33333333333333
2.99499343643595	0.146074679085186	1	0.3	6.33333333333333
-0.785398163397448	0.59381830349462	1	0.3	6.33333333333333
-0.785398163397448	0.913105916282793	1	0.3	6.33333333333333
0.3	0.29552020666134	1	0.3	7.33333333333333
3.53272814376583	-0.381238394953024	1	0.3	7.33333333333333
5.95765904190759	-0.319807457284175	1	0.3	7.33333333333333
2.99499343643595	0.146074679085186	1	0.3	7.33333333333333
-0.785398163397448	0.59381830349462	1	0.3	7.33333333333333
-0.785398163397448	0.913105916282793	1	0.3	7.33333333333333
-0.785398163397448	0.99964719121169	1	0.3	7.33333333333333
0.3	0.29552020666134	1	0.3	8.33333333333333
3.53272814376583	-0.381238394953024	1	0.3	8.33333333333333
5.95765904190759	-0.319807457284175	1	0.3	8.33333333333333
2.99499343643595	0.146074679085186	1	0.3	8.33333333333333
-0.785398163397448	0.59381830349462	1	0.3	8.33333333333333
-0.785398163397448	0.913105916282793	1	0.3	8.33333333333333
-0.785398163397448	0.99964719121169	1	0.3	8.33333333333333
-0.785398163397448	0.999999999980468	1	0.3	8.33333333333333
0.3	0.29552020666134	1	0.3	9.33333333333333
3.53272814376583	-0.381238394953024	1	0.3	9.33333333333333
5.95765904190759	-0.319807457284175	1	0.3	9.33333333333333
2.99499343643595	0.146074679085186	1	0.3	9.33333333333333
-0.785398163397448	0.59381830349462	1	0.3	9.33333333333333
-0.785398163397448	0.913105916282793	1	0.3	9.33333333333333
-0.785398163397448	0.99964719121169	1	0.3	9.33333333333333
-0.785398163397448	0.999999999980468	1	0.3	9.33333333333333
-0.785398163397448	1	1	0.3	9.33333333333333
0.4	0.389418342308651	1	0.4	1.33333333333333
0.4	0.389418342308651	1	0.4	2.33333333333333
2.76522242003911	0.367547197604172	1	0.4	2.33333333333333
0.4	0.389418342308651	1	0.4	3.33333333333333
2.76522242003911	0.367547197604172	1	0.4	3.33333333333333
0.23492188805033	0.232767019810867	1	0.4	3.33333333333333
0.4	0.389418342308651	1	0.4	4.33333333333333
2.76522242003911	0.367547197604172	1	0.4	4.33333333333333
0.23492188805033	0.232767019810867	1	0.4	4.33333333333333
4.41305900977628	-0.955534281890982	1	0.4	4.33333333333333
0.4	0.389418342308651	1	0.4	5.33333333333333
2.76522242003911	0.367547197604172	1	0.4	5.33333333333333
0.23492188805033	0.232767019810867	1	0.4	5.33333333333333
4.41305900977628	-0.955534281890982	1	0.4	5.33333333333333
4.7216612676291	-0.999957012652617	1	0.4	5.33333333333333
0.4	0.389418342308651	1	0.4	6.33333333333333
2.76522242003911	0.367547197604172	1	0.4	6.33333333333333
0.23492188805033	0.232767019810867	1	0.4	6.33333333333333
4.41305900977628	-0.955534281890982	1	0.4	6.33333333333333
4.7216612676291	-0.999957012652617	1	0.4	6.33333333333333
4.71238871464629	-0.999999999999965	1	0.4	6.33333333333333
0.4	0.389418342308651	1	0.4	7.33333333333333
2.76522242003911	0.367547197604172	1	0.4	7.33333333333333
0.23492188805033	0.232767019810867	1	0.4	7.33333333333333
4.41305900977628	-0.955534281890982	1	0.4	7.33333333333333
4.7216612676291	-0.999957012652617	1	0.4	7.33333333333333
4.71238871464629	-0.999999999999965	1	0.4	7.33333333333333
4.71238898038469	-1	1	0.4	7.33333333333333
0.5	0.479425538604203	1	0.5	1.33333333333333
0.5	0.479425538604203	1	0.5	2.33333333333333
2.33048772171245	0.725048580881258	1	0.5	2.33333333333333
0.5	0.479425538604203	1	0.5	3.33333333333333
2.33048772171245	0.725048580881258	1	0.5	3.33333333333333
1.38062347483022	0.981971575816325	1	0.5	3.33333333333333
0.5	0.479425538604203	1	0.5	4.33333333333333
2.33048772171245	0.725048580881258	1	0.5	4.33333333333333
1.38062347483022	0.981971575816325	1	0.5	4.33333333333333
1.57312256357271	0.999997294312447	1	0.5	4.33333333333333
0.5	0.479425538604203	1	0.5	5.33333333333333
2.33048772171245	0.725048580881258	1	0.5	5.33333333333333
1.38062347483022	0.981971575816325	1	0.5	5.33333333333333
1.57312256357271	0.999997294312447	1	0.5	5.33333333333333
1.57079632259884	1	1	0.5	5.33333333333333
0.5	0.479425538604203	1	0.5	6.33333333333333
2.33048772171245	0.725048580881258	1	0.5	6.33333333333333
1.38062347483022	0.981971575816325	1	0.5	6.33333333333333
1.57312256357271	0.999997294312447	1	0.5	6.33333333333333
1.57079632259884	1	1	0.5	6.33333333333333
1.5707963267949	1	1	0.5	6.33333333333333
0.6	0.564642473395035	1	0.6	1.33333333333333
0.6	0.564642473395035	1	0.6	2.33333333333333
2.0616959470781	0.881909117029116	1	0.6	2.33333333333333
0.6	0.564642473395035	1	0.6	3.33333333333333
2.0616959470781	0.881909117029116	1	0.6	3.33333333333333
1.52715168049241	0.999047723601347	1	0.6	3.33333333333333
0.6	0.564642473395035	1	0.6	4.33333333333333
2.0616959470781	0.881909117029116	1	0.6	4.33333333333333
1.52715168049241	0.999047723601347	1	0.6	4.33333333333333
1.57082406016942	0.99999999961543	1	0.6	4.33333333333333
0.6	0.564642473395035	1	0.6	5.33333333333333
2.0616959470781	0.881909117029116	1	0.6	5.33333333333333
1.52715168049241	0.999047723601347	1	0.6	5.33333333333333
1.57082406016942	0.99999999961543	1	0.6	5.33333333333333
1.57079632679489	1	1	0.6	5.33333333333333
0.6	0.564642473395035	1	0.6	6.33333333333333
2.0616959470781	0.881909117029116	1	0.6	6.33333333333333
1.52715168049241	0.999047723601347	1	0.6	6.33333333333333
1.57082406016942	0.99999999961543	1	0.6	6.33333333333333
1.57079632679489	1	1	0.6	6.33333333333333
1.5707963267949	1	1	0.6	6.33333333333333
0.7	0.644217687237691	1	0.7	1.33333333333333
0.7	0.644217687237691	1	0.7	2.33333333333333
1.88724183212668	0.950347544371451	1	0.7	2.33333333333333
0.7	0.644217687237691	1	0.7	3.33333333333333
1.88724183212668	0.950347544371451	1	0.7	3.33333333333333
1.55979264772175	0.999939460134283	1	0.7	3.33333333333333
0.7	0.644217687237691	1	0.7	4.33333333333333
1.88724183212668	0.950347544371451	1	0.7	4.33333333333333
1.55979264772175	0.999939460134283	1	0.7	4.33333333333333
1.57079677092839	0.999999999999901	1	0.7	4.33333333333333
0.7	0.644217687237691	1	0.7	5.33333333333333
1.88724183212668	0.950347544371451	1	0.7	5.33333333333333
1.55979264772175	0.999939460134283	1	0.7	5.33333333333333
1.57079677092839	0.999999999999901	1	0.7	5.33333333333333
1.5707963267949	1	1	0.7	5.33333333333333
0.8	0.717356090899523	1	0.8	1.33333333333333
0.8	0.717356090899523	1	0.8	2.33333333333333
1.77121460065047	0.979983393923886	1	0.8	2.33333333333333
0.8	0.717356090899523	1	0.8	3.33333333333333
1.77121460065047	0.979983393923886	1	0.8	3.33333333333333
1.56806906689472	0.999996281029024	1	0.8	3.33333333333333
0.8	0.717356090899523	1	0.8	4.33333333333333
1.77121460065047	0.979983393923886	1	0.8	4.33333333333333
1.56806906689472	0.999996281029024	1	0.8	4.33333333333333
1.57079633355665	1	1	0.8	4.33333333333333
0.8	0.717356090899523	1	0.8	5.33333333333333
1.77121460065047	0.979983393923886	1	0.8	5.33333333333333
1.56806906689472	0.999996281029024	1	0.8	5.33333333333333
1.57079633355665	1	1	0.8	5.33333333333333
1.5707963267949	1	1	0.8	5.33333333333333
0.9	0.783326909627483	1	0.9	1.33333333333333
0.9	0.783326909627483	1	0.9	2.33333333333333
1.69355114784232	0.992475083333372	1	0.9	2.33333333333333
0.9	0.783326909627483	1	0.9	3.33333333333333
1.69355114784232	0.992475083333372	1	0.9	3.33333333333333
1.57017600043367	0.999999807597609	1	0.9	3.33333333333333
0.9	0.783326909627483	1	0.9	4.33333333333333
1.69355114784232	0.992475083333372	1	0.9	4.33333333333333
1.57017600043367	0.999999807597609	1	0.9	4.33333333333333
1.57079632687447	1	1	0.9	4.33333333333333
0.9	0.783326909627483	1	0.9	5.33333333333333
1.69355114784232	0.992475083333372	1	0.9	5.33333333333333
1.57017600043367	0.999999807597609	1	0.9	5.33333333333333
1.57079632687447	1	1	0.9	5.33333333333333
1.5707963267949	1	1	0.9	5.33333333333333
1	0.841470984807897	1	1	1.33333333333333
1	0.841470984807897	1	1	2.33333333333333
1.64209261593433	0.997459496000245	1	1	2.33333333333333
1	0.841470984807897	1	1	3.33333333333333
1.64209261593433	0.997459496000245	1	1	3.33333333333333
1.57067527716125	0.999999992673493	1	1	3.33333333333333
1	0.841470984807897	1	1	4.33333333333333
1.64209261593433	0.997459496000245	1	1	4.33333333333333
1.57067527716125	0.999999992673493	1	1	4.33333333333333
1.57079632679549	1	1	1	4.33333333333333
1	0.841470984807897	1	1	5.33333333333333
1.64209261593433	0.997459496000245	1	1	5.33333333333333
1.57067527716125	0.999999992673493	1	1	5.33333333333333
1.57079632679549	1	1	1	5.33333333333333
1.5707963267949	1	1	1	5.33333333333333
1.1	0.891207360061435	1	1.1	1.33333333333333
1.1	0.891207360061435	1	1.1	2.33333333333333
1.60896810523906	0.99927154612323	1	1.1	2.33333333333333
1.1	0.891207360061435	1	1.1	3.33333333333333
1.60896810523906	0.99927154612323	1	1.1	3.33333333333333
1.57077777614515	0.999999999827937	1	1.1	3.33333333333333
1.1	0.891207360061435	1	1.1	4.33333333333333
1.60896810523906	0.99927154612323	1	1.1	4.33333333333333
1.57077777614515	0.999999999827937	1	1.1	4.33333333333333
1.5707963267949	1	1	1.1	4.33333333333333
1.1	0.891207360061435	1	1.1	5.33333333333333
1.60896810523906	0.99927154612323	1	1.1	5.33333333333333
1.57077777614515	0.999999999827937	1	1.1	5.33333333333333
1.5707963267949	1	1	1.1	5.33333333333333
1.5707963267949	1	1	1.1	5.33333333333333
1.2	0.932039085967226	1	1.2	1.33333333333333
1.2	0.932039085967226	1	1.2	2.33333333333333
1.5887795693682	0.999838305850962	1	1.2	2.33333333333333
1.2	0.932039085967226	1	1.2	3.33333333333333
1.5887795693682	0.999838305850962	1	1.2	3.33333333333333
1.57079438796845	0.99999999999812	1	1.2	3.33333333333333
1.2	0.932039085967226	1	1.2	4.33333333333333
1.5887795693682	0.999838305850962	1	1.2	4.33333333333333
1.57079438796845	0.99999999999812	1	1.2	4.33333333333333
1.5707963267949	1	1	1.2	4.33333333333333
1.3	0.963558185417193	1	1.3	1.33333333333333
1.3	0.963558185417193	1	1.3	2.33333333333333
1.57761564654113	0.999976748529205	1	1.3	2.33333333333333
1.3	0.963558185417193	1	1.3	3.33333333333333
1.57761564654113	0.999976748529205	1	1.3	3.33333333333333
1.57079622108638	0.999999999999994	1	1.3	3.33333333333333
1.3	0.963558185417193	1	1.3	4.33333333333333
1.57761564654113	0.999976748529205	1	1.3	4.33333333333333
1.57079622108638	0.999999999999994	1	1.3	4.33333333333333
1.5707963267949	1	1	1.3	4.33333333333333
1.4	0.98544972998846	1	1.4	1.33333333333333
1.4	0.98544972998846	1	1.4	2.33333333333333
1.5724767258318	0.999998588129871	1	1.4	2.33333333333333
1.4	0.98544972998846	1	1.4	3.33333333333333
1.5724767258318	0.999998588129871	1	1.4	3.33333333333333
1.57079632521322	1	1	1.4	3.33333333333333
1.4	0.98544972998846	1	1.4	4.33333333333333
1.5724767258318	0.999998588129871	1	1.4	4.33333333333333
1.57079632521322	1	1	1.4	4.33333333333333
1.5707963267949	1	1	1.4	4.33333333333333
1.5	0.997494986604054	1	1.5	1.33333333333333
1.5	0.997494986604054	1	1.5	2.33333333333333
1.57091484430265	0.9999999929768	1	1.5	2.33333333333333
1.5	0.997494986604054	1	1.5	3.33333333333333
1.57091484430265	0.9999999929768	1	1.5	3.33333333333333
1.57079632679434	1	1	1.5	3.33333333333333
1.5	0.997494986604054	1	1.5	4.33333333333333
1.57091484430265	0.9999999929768	1	1.5	4.33333333333333
1.57079632679434	1	1	1.5	4.33333333333333
1.5707963267949	1	1	1.5	4.33333333333333
1.6	0.999573603041505	1	1.6	1.33333333333333
1.6	0.999573603041505	1	1.6	2.33333333333333
1.57078802180006	0.999999999965513	1	1.6	2.33333333333333
1.6	0.999573603041505	1	1.6	3.33333333333333
1.57078802180006	0.999999999965513	1	1.6	3.33333333333333
1.5707963267949	1	1	1.6	3.33333333333333
1.6	0.999573603041505	1	1.6	4.33333333333333
1.57078802180006	0.999999999965513	1	1.6	4.33333333333333
1.5707963267949	1	1	1.6	4.33333333333333
1.5707963267949	1	1	1.6	4.33333333333333
1.7	0.991664810452469	1	1.7	1.33333333333333
1.7	0.991664810452469	1	1.7	2.33333333333333
1.57007253566179	0.999999738063209	1	1.7	2.33333333333333
1.7	0.991664810452469	1	1.7	3.33333333333333
1.57007253566179	0.999999738063209	1	1.7	3.33333333333333
1.57079632692129	1	1	1.7	3.33333333333333
1.7	0.991664810452469	1	1.7	4.33333333333333
1.57007253566179	0.999999738063209	1	1.7	4.33333333333333
1.57079632692129	1	1	1.7	4.33333333333333
1.5707963267949	1	1	1.7	4.33333333333333
1.8	0.973847630878195	1	1.8	1.33333333333333
1.8	0.973847630878195	1	1.8	2.33333333333333
1.56669646514599	0.999991595579002	1	1.8	2.33333333333333
1.8	0.973847630878195	1	1.8	3.33333333333333
1.56669646514599	0.999991595579002	1	1.8	3.33333333333333
1.57079634976639	1	1	1.8	3.33333333333333
1.8	0.973847630878195	1	1.8	4.33333333333333
1.56669646514599	0.999991595579002	1	1.8	4.33333333333333
1.57079634976639	1	1	1.8	4.33333333333333
1.5707963267949	1	1	1.8	4.33333333333333
1.9	0.946300087687414	1	1.9	1.33333333333333
1.9	0.946300087687414	1	1.9	2.33333333333333
1.55836464450345	0.999922727632893	1	1.9	2.33333333333333
1.9	0.946300087687414	1	1.9	3.33333333333333
1.55836464450345	0.999922727632893	1	1.9	3.33333333333333
1.57079696725975	0.999999999999795	1	1.9	3.33333333333333
1.9	0.946300087687414	1	1.9	4.33333333333333
1.55836464450345	0.999922727632893	1	1.9	4.33333333333333
1.57079696725975	0.999999999999795	1	1.9	4.33333333333333
1.5707963267949	1	1	1.9	4.33333333333333
2	0.909297426825682	1	2	1.33333333333333
2	0.909297426825682	1	2	2.33333333333333
1.54234244563971	0.999595215634949	1	2	2.33333333333333
2	0.909297426825682	1	2	3.33333333333333
1.54234244563971	0.999595215634949	1	2	3.33333333333333
1.5708040082581	0.999999999970498	1	2	3.33333333333333
2	0.909297426825682	1	2	4.33333333333333
1.54234244563971	0.999595215634949	1	2	4.33333333333333
1.5708040082581	0.999999999970498	1	2	4.33333333333333
1.5707963267949	1	1	2	4.33333333333333
2.1	0.863209366648874	1	2.1	1.33333333333333
2.1	0.863209366648874	1	2.1	2.33333333333333
1.51515219354054	0.998452264629512	1	2.1	2.33333333333333
2.1	0.863209366648874	1	2.1	3.33333333333333
1.51515219354054	0.998452264629512	1	2.1	3.33333333333333
1.57085382775677	0.99999999834682	1	2.1	3.33333333333333
2.1	0.863209366648874	1	2.1	4.33333333333333
1.51515219354054	0.998452264629512	1	2.1	4.33333333333333
1.57085382775677	0.99999999834682	1	2.1	4.33333333333333
1.57079632679483	1	1	2.1	4.33333333333333
2.1	0.863209366648874	1	2.1	5.33333333333333
1.51515219354054	0.998452264629512	1	2.1	5.33333333333333
1.57085382775677	0.99999999834682	1	2.1	5.33333333333333
1.57079632679483	1	1	2.1	5.33333333333333
1.5707963267949	1	1	2.1	5.33333333333333
2.2	0.80849640381959	1	2.2	1.33333333333333
2.2	0.80849640381959	1	2.2	2.33333333333333
1.47210422399521	0.995133886062433	1	2.2	2.33333333333333
2.2	0.80849640381959	1	2.2	3.33333333333333
1.47210422399521	0.995133886062433	1	2.2	3.33333333333333
1.57111800480252	0.99999994826163	1	2.2	3.33333333333333
2.2	0.80849640381959	1	2.2	4.33333333333333
1.47210422399521	0.995133886062433	1	2.2	4.33333333333333
1.57111800480252	0.99999994826163	1	2.2	4.33333333333333
1.5707963267838	1	1	2.2	4.33333333333333
2.2	0.80849640381959	1	2.2	5.33333333333333
1.47210422399521	0.995133886062433	1	2.2	5.33333333333333
1.57111800480252	0.99999994826163	1	2.2	5.33333333333333
1.5707963267838	1	1	2.2	5.33333333333333
1.5707963267949	1	1	2.2	5.33333333333333
2.3	0.74570521217672	1	2.3	1.33333333333333
2.3	0.74570521217672	1	2.3	2.33333333333333
1.40651553670255	0.986536232121173	1	2.3	2.33333333333333
2.3	0.74570521217672	1	2.3	3.33333333333333
1.40651553670255	0.986536232121173	1	2.3	3.33333333333333
1.57229033684844	0.999998883967188	1	2.3	3.33333333333333
2.3	0.74570521217672	1	2.3	4.33333333333333
1.40651553670255	0.986536232121173	1	2.3	4.33333333333333
1.57229033684844	0.999998883967188	1	2.3	4.33333333333333
1.57079632568332	1	1	2.3	4.33333333333333
2.3	0.74570521217672	1	2.3	5.33333333333333
1.40651553670255	0.986536232121173	1	2.3	5.33333333333333
1.57229033684844	0.999998883967188	1	2.3	5.33333333333333
1.57079632568332	1	1	2.3	5.33333333333333
1.5707963267949	1	1	2.3	5.33333333333333
2.4	0.675463180551151	1	2.4	1.33333333333333
2.4	0.675463180551151	1	2.4	2.33333333333333
1.30831397362094	0.96574883658263	1	2.4	2.33333333333333
2.4	0.675463180551151	1	2.4	3.33333333333333
1.30831397362094	0.96574883658263	1	2.4	3.33333333333333
1.57699530022902	0.999980786425709	1	2.4	3.33333333333333
2.4	0.675463180551151	1	2.4	4.33333333333333
1.30831397362094	0.96574883658263	1	2.4	4.33333333333333
1.57699530022902	0.999980786425709	1	2.4	4.33333333333333
1.57079624739046	0.999999999999997	1	2.4	4.33333333333333
2.4	0.675463180551151	1	2.4	5.33333333333333
1.30831397362094	0.96574883658263	1	2.4	5.33333333333333
1.57699530022902	0.999980786425709	1	2.4	5.33333333333333
1.57079624739046	0.999999999999997	1	2.4	5.33333333333333
1.5707963267949	1	1	2.4	5.33333333333333
2.5	0.598472144103957	1	2.5	1.33333333333333
2.5	0.598472144103957	1	2.5	2.33333333333333
1.16135187169585	0.917342126659289	1	2.5	2.33333333333333
2.5	0.598472144103957	1	2.5	3.33333333333333
1.16135187169585	0.917342126659289	1	2.5	3.33333333333333
1.59532274595658	0.999699242458612	1	2.5	3.33333333333333
2.5	0.598472144103957	1	2.5	4.33333333333333
1.16135187169585	0.917342126659289	1	2.5	4.33333333333333
1.59532274595658	0.999699242458612	1	2.5	4.33333333333333
1.57079140769439	0.999999999987901	1	2.5	4.33333333333333
2.5	0.598472144103957	1	2.5	5.33333333333333
1.16135187169585	0.917342126659289	1	2.5	5.33333333333333
1.59532274595658	0.999699242458612	1	2.5	5.33333333333333
1.57079140769439	0.999999999987901	1	2.5	5.33333333333333
1.5707963267949	1	1	2.5	5.33333333333333
2.6	0.515501371821464	1	2.6	1.33333333333333
2.6	0.515501371821464	1	2.6	2.33333333333333
0.937756599286573	0.806232938481609	1	2.6	2.33333333333333
2.6	0.515501371821464	1	2.6	3.33333333333333
0.937756599286573	0.806232938481609	1	2.6	3.33333333333333
1.67153735610909	0.994929912605982	1	2.6	3.33333333333333
2.6	0.515501371821464	1	2.6	4.33333333333333
0.937756599286573	0.806232938481609	1	2.6	4.33333333333333
1.67153735610909	0.994929912605982	1	2.6	4.33333333333333
1.5704541389409	0.999999941453737	1	2.6	4.33333333333333
2.6	0.515501371821464	1	2.6	5.33333333333333
0.937756599286573	0.806232938481609	1	2.6	5.33333333333333
1.67153735610909	0.994929912605982	1	2.6	5.33333333333333
1.5704541389409	0.999999941453737	1	2.6	5.33333333333333
1.57079632680825	1	1	2.6	5.33333333333333
2.6	0.515501371821464	1	2.6	6.33333333333333
0.937756599286573	0.806232938481609	1	2.6	6.33333333333333
1.67153735610909	0.994929912605982	1	2.6	6.33333333333333
1.5704541389409	0.999999941453737	1	2.6	6.33333333333333
1.57079632680825	1	1	2.6	6.33333333333333
1.5707963267949	1	1	2.6	6.33333333333333
2.7	0.42737988023383	1	2.7	1.33333333333333
2.7	0.42737988023383	1	2.7	2.33333333333333
0.584616979343011	0.551880012882003	1	2.7	2.33333333333333
2.7	0.42737988023383	1	2.7	3.33333333333333
0.584616979343011	0.551880012882003	1	2.7	3.33333333333333
2.09567646515842	0.865384011617785	1	2.7	3.33333333333333
2.7	0.42737988023383	1	2.7	4.33333333333333
0.584616979343011	0.551880012882003	1	2.7	4.33333333333333
2.09567646515842	0.865384011617785	1	2.7	4.33333333333333
1.51661644648173	0.998532629287915	1	2.7	4.33333333333333
2.7	0.42737988023383	1	2.7	5.33333333333333
0.584616979343011	0.551880012882003	1	2.7	5.33333333333333
2.09567646515842	0.865384011617785	1	2.7	5.33333333333333
1.51661644648173	0.998532629287915	1	2.7	5.33333333333333
1.57084940339766	0.999999998591437	1	2.7	5.33333333333333
2.7	0.42737988023383	1	2.7	6.33333333333333
0.584616979343011	0.551880012882003	1	2.7	6.33333333333333
2.09567646515842	0.865384011617785	1	2.7	6.33333333333333
1.51661644648173	0.998532629287915	1	2.7	6.33333333333333
1.57084940339766	0.999999998591437	1	2.7	6.33333333333333
1.57079632679485	1	1	2.7	6.33333333333333
2.7	0.42737988023383	1	2.7	7.33333333333333
0.584616979343011	0.551880012882003	1	2.7	7.33333333333333
2.09567646515842	0.865384011617785	1	2.7	7.33333333333333
1.51661644648173	0.998532629287915	1	2.7	7.33333333333333
1.57084940339766	0.999999998591437	1	2.7	7.33333333333333
1.57079632679485	1	1	2.7	7.33333333333333
1.5707963267949	1	1	2.7	7.33333333333333
2.8	0.334988150155905	1	2.8	1.33333333333333
2.8	0.334988150155905	1	2.8	2.33333333333333
-0.785398163397448	-0.0127031531492199	1	2.8	2.33333333333333
2.8	0.334988150155905	1	2.8	3.33333333333333
-0.785398163397448	-0.0127031531492199	1	2.8	3.33333333333333
-0.785398163397448	0.186057543878787	1	2.8	3.33333333333333
2.8	0.334988150155905	1	2.8	4.33333333333333
-0.785398163397448	-0.0127031531492199	1	2.8	4.33333333333333
-0.785398163397448	0.186057543878787	1	2.8	4.33333333333333
-0.785398163397448	-0.727865532204144	1	2.8	4.33333333333333
2.8	0.334988150155905	1	2.8	5.33333333333333
-0.785398163397448	-0.0127031531492199	1	2.8	5.33333333333333
-0.785398163397448	0.186057543878787	1	2.8	5.33333333333333
-0.785398163397448	-0.727865532204144	1	2.8	5.33333333333333
-0.785398163397448	-0.982658361445592	1	2.8	5.33333333333333
2.8	0.334988150155905	1	2.8	6.33333333333333
-0.785398163397448	-0.0127031531492199	1	2.8	6.33333333333333
-0.785398163397448	0.186057543878787	1	2.8	6.33333333333333
-0.785398163397448	-0.727865532204144	1	2.8	6.33333333333333
-0.785398163397448	-0.982658361445592	1	2.8	6.33333333333333
-0.785398163397448	-0.99999759542954	1	2.8	6.33333333333333
2.8	0.334988150155905	1	2.8	7.33333333333333
-0.785398163397448	-0.0127031531492199	1	2.8	7.33333333333333
-0.785398163397448	0.186057543878787	1	2.8	7.33333333333333
-0.785398163397448	-0.727865532204144	1	2.8	7.33333333333333
-0.785398163397448	-0.982658361445592	1	2.8	7.33333333333333
-0.785398163397448	-0.99999759542954	1	2.8	7.33333333333333
-0.785398163397448	-1	1	2.8	7.33333333333333
2.8	0.334988150155905	1	2.8	8.33333333333333
-0.785398163397448	-0.0127031531492199	1	2.8	8.33333333333333
-0.785398163397448	0.186057543878787	1	2.8	8.33333333333333
-0.785398163397448	-0.727865532204144	1	2.8	8.33333333333333
-0.785398163397448	-0.982658361445592	1	2.8	8.33333333333333
-0.785398163397448	-0.99999759542954	1	2.8	8.33333333333333
-0.785398163397448	-1	1	2.8	8.33333333333333
-0.785398163397448	-1	1	2.8	8.33333333333333
2.9	0.239249329213982	1	2.9	1.33333333333333
2.9	0.239249329213982	1	2.9	2.33333333333333
-0.785398163397448	-0.916144039781725	1	2.9	2.33333333333333
2.9	0.239249329213982	1	2.9	3.33333333333333
-0.785398163397448	-0.916144039781725	1	2.9	3.33333333333333
-0.785398163397448	-0.999685114236218	1	2.9	3.33333333333333
2.9	0.239249329213982	1	2.9	4.33333333333333
-0.785398163397448	-0.916144039781725	1	2.9	4.33333333333333
-0.785398163397448	-0.999685114236218	1	2.9	4.33333333333333
-0.785398163397448	-0.999999999986114	1	2.9	4.33333333333333
2.9	0.239249329213982	1	2.9	5.33333333333333
-0.785398163397448	-0.916144039781725	1	2.9	5.33333333333333
-0.785398163397448	-0.999685114236218	1	2.9	5.33333333333333
-0.785398163397448	-0.999999999986114	1	2.9	5.33333333333333
-0.785398163397448	-1	1	2.9	5.33333333333333
3	0.141120008059867	1	3	1.33333333333333
3	0.141120008059867	1	3	2.33333333333333
-0.785398163397448	0.766683812016473	1	3	2.33333333333333
3	0.141120008059867	1	3	3.33333333333333
-0.785398163397448	0.766683812016473	1	3	3.33333333333333
-0.785398163397448	0.990178481184602	1	3	3.33333333333333
3	0.141120008059867	1	3	4.33333333333333
-0.785398163397448	0.766683812016473	1	3	4.33333333333333
-0.785398163397448	0.990178481184602	1	3	4.33333333333333
-0.785398163397448	0.999999570113749	1	3	4.33333333333333
3	0.141120008059867	1	3	5.33333333333333
-0.785398163397448	0.766683812016473	1	3	5.33333333333333
-0.785398163397448	0.990178481184602	1	3	5.33333333333333
-0.785398163397448	0.999999570113749	1	3	5.33333333333333
-0.785398163397448	1	1	3	5.33333333333333
3	0.141120008059867	1	3	6.33333333333333
-0.785398163397448	0.766683812016473	1	3	6.33333333333333
-0.785398163397448	0.990178481184602	1	3	6.33333333333333
-0.785398163397448	0.999999570113749	1	3	6.33333333333333
-0.785398163397448	1	1	3	6.33333333333333
-0.785398163397448	1	1	3	6.33333333333333
3.1	0.0415806624332905	1	3.1	1.33333333333333
3.1	0.0415806624332905	1	3.1	2.33333333333333
-0.785398163397448	-0.873480986915573	1	3.1	2.33333333333333
3.1	0.0415806624332905	1	3.1	3.33333333333333
-0.785398163397448	-0.873480986915573	1	3.1	3.33333333333333
-0.785398163397448	-0.998805233085825	1	3.1	3.33333333333333
3.1	0.0415806624332905	1	3.1	4.33333333333333
-0.785398163397448	-0.873480986915573	1	3.1	4.33333333333333
-0.785398163397448	-0.998805233085825	1	3.1	4.33333333333333
-0.785398163397448	-0.999999999240098	1	3.1	4.33333333333333
3.1	0.0415806624332905	1	3.1	5.33333333333333
-0.785398163397448	-0.873480986915573	1	3.1	5.33333333333333
-0.785398163397448	-0.998805233085825	1	3.1	5.33333333333333
-0.785398163397448	-0.999999999240098	1	3.1	5.33333333333333
-0.785398163397448	-1	1	3.1	5.33333333333333
3.1	0.0415806624332905	1	3.1	6.33333333333333
-0.785398163397448	-0.873480986915573	1	3.1	6.33333333333333
-0.785398163397448	-0.998805233085825	1	3.1	6.33333333333333
-0.785398163397448	-0.999999999240098	1	3.1	6.33333333333333
-0.785398163397448	-1	1	3.1	6.33333333333333
-0.785398163397448	-1	1	3.1	6.33333333333333
3.2	-0.0583741434275801	1	3.2	1.33333333333333
3.2	-0.0583741434275801	1	3.2	2.33333333333333
16.4933614313464	0.992964385530799	1	3.2	2.33333333333333
3.2	-0.0583741434275801	1	3.2	3.33333333333333
16.4933614313464	0.992964385530799	1	3.2	3.33333333333333
16.4933614313464	0.999999842905105	1	3.2	3.33333333333333
3.2	-0.0583741434275801	1	3.2	4.33333333333333
16.4933614313464	0.992964385530799	1	3.2	4.33333333333333
16.4933614313464	0.999999842905105	1	3.2	4.33333333333333
16.4933614313464	1	1	3.2	4.33333333333333
3.2	-0.0583741434275801	1	3.2	5.33333333333333
16.4933614313464	0.992964385530799	1	3.2	5.33333333333333
16.4933614313464	0.999999842905105	1	3.2	5.33333333333333
16.4933614313464	1	1	3.2	5.33333333333333
16.4933614313464	1	1	3.2	5.33333333333333
3.3	-0.157745694143249	1	3.3	1.33333333333333
3.3	-0.157745694143249	1	3.3	2.33333333333333
9.55994753943734	-0.134758344799169	1	3.3	2.33333333333333
3.3	-0.157745694143249	1	3.3	3.33333333333333
9.55994753943734	-0.134758344799169	1	3.3	3.33333333333333
16.4933614313464	-0.933834609940141	1	3.3	3.33333333333333
3.3	-0.157745694143249	1	3.3	4.33333333333333
9.55994753943734	-0.134758344799169	1	3.3	4.33333333333333
16.4933614313464	-0.933834609940141	1	3.3	4.33333333333333
16.4933614313464	-0.999851386200314	1	3.3	4.33333333333333
3.3	-0.157745694143249	1	3.3	5.33333333333333
9.55994753943734	-0.134758344799169	1	3.3	5.33333333333333
16.4933614313464	-0.933834609940141	1	3.3	5.33333333333333
16.4933614313464	-0.999851386200314	1	3.3	5.33333333333333
16.4933614313464	-0.999999999998541	1	3.3	5.33333333333333
3.3	-0.157745694143249	1	3.3	6.33333333333333
9.55994753943734	-0.134758344799169	1	3.3	6.33333333333333
16.4933614313464	-0.933834609940141	1	3.3	6.33333333333333
16.4933614313464	-0.999851386200314	1	3.3	6.33333333333333
16.4933614313464	-0.999999999998541	1	3.3	6.33333333333333
16.4933614313464	-1	1	3.3	6.33333333333333
3.4	-0.255541102026832	1	3.4	1.33333333333333
3.4	-0.255541102026832	1	3.4	2.33333333333333
7.18333733756047	0.783421404174744	1	3.4	2.33333333333333
3.4	-0.255541102026832	1	3.4	3.33333333333333
7.18333733756047	0.783421404174744	1	3.4	3.33333333333333
7.97664074781598	0.992486797825128	1	3.4	3.33333333333333
3.4	-0.255541102026832	1	3.4	4.33333333333333
7.18333733756047	0.783421404174744	1	3.4	4.33333333333333
7.97664074781598	0.992486797825128	1	3.4	4.33333333333333
7.85336276326651	0.99999980849953	1	3.4	4.33333333333333
3.4	-0.255541102026832	1	3.4	5.33333333333333
7.18333733756047	0.783421404174744	1	3.4	5.33333333333333
7.97664074781598	0.992486797825128	1	3.4	5.33333333333333
7.85336276326651	0.99999980849953	1	3.4	5.33333333333333
7.85398163405349	1	1	3.4	5.33333333333333
3.4	-0.255541102026832	1	3.4	6.33333333333333
7.18333733756047	0.783421404174744	1	3.4	6.33333333333333
7.97664074781598	0.992486797825128	1	3.4	6.33333333333333
7.85336276326651	0.99999980849953	1	3.4	6.33333333333333
7.85398163405349	1	1	3.4	6.33333333333333
7.85398163397448	1	1	3.4	6.33333333333333
3.5	-0.35078322768962	1	3.5	1.33333333333333
3.5	-0.35078322768962	1	3.5	2.33333333333333
6.16961648496887	-0.113324846811641	1	3.5	2.33333333333333
3.5	-0.35078322768962	1	3.5	3.33333333333333
6.16961648496887	-0.113324846811641	1	3.5	3.33333333333333
-0.785398163397448	-0.517446746697024	1	3.5	3.33333333333333
3.5	-0.35078322768962	1	3.5	4.33333333333333
6.16961648496887	-0.113324846811641	1	3.5	4.33333333333333
-0.785398163397448	-0.517446746697024	1	3.5	4.33333333333333
-0.785398163397448	-0.8099117491451	1	3.5	4.33333333333333
3.5	-0.35078322768962	1	3.5	5.33333333333333
6.16961648496887	-0.113324846811641	1	3.5	5.33333333333333
-0.785398163397448	-0.517446746697024	1	3.5	5.33333333333333
-0.785398163397448	-0.8099117491451	1	3.5	5.33333333333333
-0.785398163397448	-0.995258210952111	1	3.5	5.33333333333333
3.5	-0.35078322768962	1	3.5	6.33333333333333
6.16961648496887	-0.113324846811641	1	3.5	6.33333333333333
-0.785398163397448	-0.517446746697024	1	3.5	6.33333333333333
-0.785398163397448	-0.8099117491451	1	3.5	6.33333333333333
-0.785398163397448	-0.995258210952111	1	3.5	6.33333333333333
-0.785398163397448	-0.999999952139339	1	3.5	6.33333333333333
3.5	-0.35078322768962	1	3.5	7.33333333333333
6.16961648496887	-0.113324846811641	1	3.5	7.33333333333333
-0.785398163397448	-0.517446746697024	1	3.5	7.33333333333333
-0.785398163397448	-0.8099117491451	1	3.5	7.33333333333333
-0.785398163397448	-0.995258210952111	1	3.5	7.33333333333333
-0.785398163397448	-0.999999952139339	1	3.5	7.33333333333333
-0.785398163397448	-1	1	3.5	7.33333333333333
3.5	-0.35078322768962	1	3.5	8.33333333333333
6.16961648496887	-0.113324846811641	1	3.5	8.33333333333333
-0.785398163397448	-0.517446746697024	1	3.5	8.33333333333333
-0.785398163397448	-0.8099117491451	1	3.5	8.33333333333333
-0.785398163397448	-0.995258210952111	1	3.5	8.33333333333333
-0.785398163397448	-0.999999952139339	1	3.5	8.33333333333333
-0.785398163397448	-1	1	3.5	8.33333333333333
-0.785398163397448	-1	1	3.5	8.33333333333333
3.6	-0.442520443294853	1	3.6	1.33333333333333
3.6	-0.442520443294853	1	3.6	2.33333333333333
5.62647906988703	-0.610511483916684	1	3.6	2.33333333333333
3.6	-0.442520443294853	1	3.6	3.33333333333333
5.62647906988703	-0.610511483916684	1	3.6	3.33333333333333
4.32919404761614	-0.92747483191797	1	3.6	3.33333333333333
3.6	-0.442520443294853	1	3.6	4.33333333333333
5.62647906988703	-0.610511483916684	1	3.6	4.33333333333333
4.32919404761614	-0.92747483191797	1	3.6	4.33333333333333
4.73231613726453	-0.999801460779328	1	3.6	4.33333333333333
3.6	-0.442520443294853	1	3.6	5.33333333333333
5.62647906988703	-0.610511483916684	1	3.6	5.33333333333333
4.32919404761614	-0.92747483191797	1	3.6	5.33333333333333
4.73231613726453	-0.999801460779328	1	3.6	5.33333333333333
4.71238634233026	-0.99999999999652	1	3.6	5.33333333333333
3.6	-0.442520443294853	1	3.6	6.33333333333333
5.62647906988703	-0.610511483916684	1	3.6	6.33333333333333
4.32919404761614	-0.92747483191797	1	3.6	6.33333333333333
4.73231613726453	-0.999801460779328	1	3.6	6.33333333333333
4.71238634233026	-0.99999999999652	1	3.6	6.33333333333333
4.71238898038469	-1	1	3.6	6.33333333333333
3.7	-0.529836140908493	1	3.7	1.33333333333333
3.7	-0.529836140908493	1	3.7	2.33333333333333
5.30068361938504	-0.831888266736602	1	3.7	2.33333333333333
3.7	-0.529836140908493	1	3.7	3.33333333333333
5.30068361938504	-0.831888266736602	1	3.7	3.33333333333333
4.63359504157702	-0.996897363324728	1	3.7	3.33333333333333
3.7	-0.529836140908493	1	3.7	4.33333333333333
5.30068361938504	-0.831888266736602	1	3.7	4.33333333333333
4.63359504157702	-0.996897363324728	1	3.7	4.33333333333333
4.71255245001313	-0.99999998663884	1	3.7	4.33333333333333
3.7	-0.529836140908493	1	3.7	5.33333333333333
5.30068361938504	-0.831888266736602	1	3.7	5.33333333333333
4.63359504157702	-0.996897363324728	1	3.7	5.33333333333333
4.71255245001313	-0.99999998663884	1	3.7	5.33333333333333
4.71238898038323	-1	1	3.7	5.33333333333333
3.7	-0.529836140908493	1	3.7	6.33333333333333
5.30068361938504	-0.831888266736602	1	3.7	6.33333333333333
4.63359504157702	-0.996897363324728	1	3.7	6.33333333333333
4.71255245001313	-0.99999998663884	1	3.7	6.33333333333333
4.71238898038323	-1	1	3.7	6.33333333333333
4.71238898038469	-1	1	3.7	6.33333333333333
3.8	-0.611857890942719	1	3.8	1.33333333333333
3.8	-0.611857890942719	1	3.8	2.33333333333333
5.09273107959061	-0.928537689639261	1	3.8	2.33333333333333
3.8	-0.611857890942719	1	3.8	3.33333333333333
5.09273107959061	-0.928537689639261	1	3.8	3.33333333333333
4.69292162944255	-0.999810517107911	1	3.8	3.33333333333333
3.8	-0.611857890942719	1	3.8	4.33333333333333
5.09273107959061	-0.928537689639261	1	3.8	4.33333333333333
4.69292162944255	-0.999810517107911	1	3.8	4.33333333333333
4.71239143998852	-0.999999999996975	1	3.8	4.33333333333333
3.8	-0.611857890942719	1	3.8	5.33333333333333
5.09273107959061	-0.928537689639261	1	3.8	5.33333333333333
4.69292162944255	-0.999810517107911	1	3.8	5.33333333333333
4.71239143998852	-0.999999999996975	1	3.8	5.33333333333333
4.71238898038469	-1	1	3.8	5.33333333333333
3.9	-0.687766159183974	1	3.9	1.33333333333333
3.9	-0.687766159183974	1	3.9	2.33333333333333
4.95549290919089	-0.970595484894353	1	3.9	2.33333333333333
3.9	-0.687766159183974	1	3.9	3.33333333333333
4.95549290919089	-0.970595484894353	1	3.9	3.33333333333333
4.70748388360209	-0.999987970036897	1	3.9	3.33333333333333
3.9	-0.687766159183974	1	3.9	4.33333333333333
4.95549290919089	-0.970595484894353	1	3.9	4.33333333333333
4.70748388360209	-0.999987970036897	1	3.9	4.33333333333333
4.7123890197239	-1	1	3.9	4.33333333333333
3.9	-0.687766159183974	1	3.9	5.33333333333333
4.95549290919089	-0.970595484894353	1	3.9	5.33333333333333
4.70748388360209	-0.999987970036897	1	3.9	5.33333333333333
4.7123890197239	-1	1	3.9	5.33333333333333
4.71238898038469	-1	1	3.9	5.33333333333333
4	-0.756802495307928	1	4	1.33333333333333
4	-0.756802495307928	1	4	2.33333333333333
4.86369115445062	-0.98857564522214	1	4	2.33333333333333
4	-0.756802495307928	1	4	3.33333333333333
4.86369115445062	-0.98857564522214	1	4	3.33333333333333
4.7112237553243	-0.999999321125356	1	4	3.33333333333333
4	-0.756802495307928	1	4	4.33333333333333
4.86369115445062	-0.98857564522214	1	4	4.33333333333333
4.7112237553243	-0.999999321125356	1	4	4.33333333333333
4.71238898091205	-1	1	4	4.33333333333333
4	-0.756802495307928	1	4	5.33333333333333
4.86369115445062	-0.98857564522214	1	4	5.33333333333333
4.7112237553243	-0.999999321125356	1	4	5.33333333333333
4.71238898091205	-1	1	4	5.33333333333333
4.71238898038469	-1	1	4	5.33333333333333
4.1	-0.818277111064411	1	4.1	1.33333333333333
4.1	-0.818277111064411	1	4.1	2.33333333333333
4.8024807840287	-0.995944477636771	1	4.1	2.33333333333333
4.1	-0.818277111064411	1	4.1	3.33333333333333
4.8024807840287	-0.995944477636771	1	4.1	3.33333333333333
4.71214444206436	-0.999999970100505	1	4.1	3.33333333333333
4.1	-0.818277111064411	1	4.1	4.33333333333333
4.8024807840287	-0.995944477636771	1	4.1	4.33333333333333
4.71214444206436	-0.999999970100505	1	4.1	4.33333333333333
4.71238898038956	-1	1	4.1	4.33333333333333
4.1	-0.818277111064411	1	4.1	5.33333333333333
4.8024807840287	-0.995944477636771	1	4.1	5.33333333333333
4.71214444206436	-0.999999970100505	1	4.1	5.33333333333333
4.71238898038956	-1	1	4.1	5.33333333333333
4.71238898038469	-1	1	4.1	5.33333333333333
4.2	-0.871575772413588	1	4.2	1.33333333333333
4.2	-0.871575772413588	1	4.2	2.33333333333333
4.76249936822252	-0.998744737217422	1	4.2	2.33333333333333
4.2	-0.871575772413588	1	4.2	3.33333333333333
4.76249936822252	-0.998744737217422	1	4.2	3.33333333333333
4.71234699496719	-0.999999999118612	1	4.2	3.33333333333333
4.2	-0.871575772413588	1	4.2	4.33333333333333
4.76249936822252	-0.998744737217422	1	4.2	4.33333333333333
4.71234699496719	-0.999999999118612	1	4.2	4.33333333333333
4.71238898038472	-1	1	4.2	4.33333333333333
4.2	-0.871575772413588	1	4.2	5.33333333333333
4.76249936822252	-0.998744737217422	1	4.2	5.33333333333333
4.71234699496719	-0.999999999118612	1	4.2	5.33333333333333
4.71238898038472	-1	1	4.2	5.33333333333333
4.71238898038469	-1	1	4.2	5.33333333333333
4.3	-0.916165936749455	1	4.3	1.33333333333333
4.3	-0.916165936749455	1	4.3	2.33333333333333
4.73747443121713	-0.999685376577634	1	4.3	2.33333333333333
4.3	-0.916165936749455	1	4.3	3.33333333333333
4.73747443121713	-0.999685376577634	1	4.3	3.33333333333333
4.71238371713701	-0.999999999986149	1	4.3	3.33333333333333
4.3	-0.916165936749455	1	4.3	4.33333333333333
4.73747443121713	-0.999685376577634	1	4.3	4.33333333333333
4.71238371713701	-0.999999999986149	1	4.3	4.33333333333333
4.71238898038469	-1	1	4.3	4.33333333333333
4.4	-0.951602073889516	1	4.4	1.33333333333333
4.4	-0.951602073889516	1	4.4	2.33333333333333
4.722963640382	-0.999944088803989	1	4.4	2.33333333333333
4.4	-0.951602073889516	1	4.4	3.33333333333333
4.722963640382	-0.999944088803989	1	4.4	3.33333333333333
4.71238858620213	-0.999999999999922	1	4.4	3.33333333333333
4.4	-0.951602073889516	1	4.4	4.33333333333333
4.722963640382	-0.999944088803989	1	4.4	4.33333333333333
4.71238858620213	-0.999999999999922	1	4.4	4.33333333333333
4.71238898038469	-1	1	4.4	4.33333333333333
4.5	-0.977530117665097	1	4.5	1.33333333333333
4.5	-0.977530117665097	1	4.5	2.33333333333333
4.7156412325528	-0.999994711432579	1	4.5	2.33333333333333
4.5	-0.977530117665097	1	4.5	3.33333333333333
4.7156412325528	-0.999994711432579	1	4.5	3.33333333333333
4.71238896891813	-1	1	4.5	3.33333333333333
4.5	-0.977530117665097	1	4.5	4.33333333333333
4.7156412325528	-0.999994711432579	1	4.5	4.33333333333333
4.71238896891813	-1	1	4.5	4.33333333333333
4.71238898038469	-1	1	4.5	4.33333333333333
4.6	-0.993691003633464	1	4.6	1.33333333333333
4.6	-0.993691003633464	1	4.6	2.33333333333333
4.71286458921834	-0.999999886898121	1	4.6	2.33333333333333
4.6	-0.993691003633464	1	4.6	3.33333333333333
4.71286458921834	-0.999999886898121	1	4.6	3.33333333333333
4.71238898034883	-1	1	4.6	3.33333333333333
4.6	-0.993691003633464	1	4.6	4.33333333333333
4.71286458921834	-0.999999886898121	1	4.6	4.33333333333333
4.71238898034883	-1	1	4.6	4.33333333333333
4.71238898038469	-1	1	4.6	4.33333333333333
4.7	-0.999923257564101	1	4.7	1.33333333333333
4.7	-0.999923257564101	1	4.7	2.33333333333333
4.71238961427207	-0.999999999999799	1	4.7	2.33333333333333
4.7	-0.999923257564101	1	4.7	3.33333333333333
4.71238961427207	-0.999999999999799	1	4.7	3.33333333333333
4.71238898038469	-1	1	4.7	3.33333333333333
4.8	-0.996164608835841	1	4.8	1.33333333333333
4.8	-0.996164608835841	1	4.8	2.33333333333333
4.71216413164718	-0.999999974721523	1	4.8	2.33333333333333
4.8	-0.996164608835841	1	4.8	3.33333333333333
4.71216413164718	-0.999999974721523	1	4.8	3.33333333333333
4.71238898038848	-1	1	4.8	3.33333333333333
4.8	-0.996164608835841	1	4.8	4.33333333333333
4.71216413164718	-0.999999974721523	1	4.8	4.33333333333333
4.71238898038848	-1	1	4.8	4.33333333333333
4.71238898038469	-1	1	4.8	4.33333333333333
4.9	-0.982452612624332	1	4.9	1.33333333333333
4.9	-0.982452612624332	1	4.9	2.33333333333333
4.71015637087639	-0.999997507728427	1	4.9	2.33333333333333
4.9	-0.982452612624332	1	4.9	3.33333333333333
4.71015637087639	-0.999997507728427	1	4.9	3.33333333333333
4.71238898409421	-1	1	4.9	3.33333333333333
4.9	-0.982452612624332	1	4.9	4.33333333333333
4.71015637087639	-0.999997507728427	1	4.9	4.33333333333333
4.71238898409421	-1	1	4.9	4.33333333333333
4.71238898038469	-1	1	4.9	4.33333333333333
5	-0.958924274663138	1	5	1.33333333333333
5	-0.958924274663138	1	5	2.33333333333333
4.70418708446726	-0.999966364640238	1	5	2.33333333333333
5	-0.958924274663138	1	5	3.33333333333333
4.70418708446726	-0.999966364640238	1	5	3.33333333333333
4.71238916430648	-0.999999999999983	1	5	3.33333333333333
5	-0.958924274663138	1	5	4.33333333333333
4.70418708446726	-0.999966364640238	1	5	4.33333333333333
4.71238916430648	-0.999999999999983	1	5	4.33333333333333
4.71238898038469	-1	1	5	4.33333333333333
5.1	-0.925814682327732	1	5.1	1.33333333333333
5.1	-0.925814682327732	1	5.1	2.33333333333333
4.69173498765147	-0.999786713874348	1	5.1	2.33333333333333
5.1	-0.925814682327732	1	5.1	3.33333333333333
4.69173498765147	-0.999786713874348	1	5.1	3.33333333333333
4.71239191779705	-0.999999999995686	1	5.1	3.33333333333333
5.1	-0.925814682327732	1	5.1	4.33333333333333
4.69173498765147	-0.999786713874348	1	5.1	4.33333333333333
4.71239191779705	-0.999999999995686	1	5.1	4.33333333333333
4.71238898038469	-1	1	5.1	4.33333333333333
5.2	-0.883454655720153	1	5.2	1.33333333333333
5.2	-0.883454655720153	1	5.2	2.33333333333333
4.66967660618817	-0.99908796521355	1	5.2	2.33333333333333
5.2	-0.883454655720153	1	5.2	3.33333333333333
4.66967660618817	-0.99908796521355	1	5.2	3.33333333333333
4.7124149734156	-0.999999999662181	1	5.2	3.33333333333333
5.2	-0.883454655720153	1	5.2	4.33333333333333
4.66967660618817	-0.99908796521355	1	5.2	4.33333333333333
4.7124149734156	-0.999999999662181	1	5.2	4.33333333333333
4.71238898038468	-1	1	5.2	4.33333333333333
5.2	-0.883454655720153	1	5.2	5.33333333333333
4.66967660618817	-0.99908796521355	1	5.2	5.33333333333333
4.7124149734156	-0.999999999662181	1	5.2	5.33333333333333
4.71238898038468	-1	1	5.2	5.33333333333333
4.71238898038469	-1	1	5.2	5.33333333333333
5.3	-0.832267442223901	1	5.3	1.33333333333333
5.3	-0.832267442223901	1	5.3	2.33333333333333
4.63389880697746	-0.996921227444309	1	5.3	2.33333333333333
5.3	-0.832267442223901	1	5.3	3.33333333333333
4.63389880697746	-0.996921227444309	1	5.3	3.33333333333333
4.71255056357841	-0.999999986945436	1	5.3	3.33333333333333
5.3	-0.832267442223901	1	5.3	4.33333333333333
4.63389880697746	-0.996921227444309	1	5.3	4.33333333333333
4.71255056357841	-0.999999986945436	1	5.3	4.33333333333333
4.71238898038328	-1	1	5.3	4.33333333333333
5.3	-0.832267442223901	1	5.3	5.33333333333333
4.63389880697746	-0.996921227444309	1	5.3	5.33333333333333
4.71255056357841	-0.999999986945436	1	5.3	5.33333333333333
4.71238898038328	-1	1	5.3	5.33333333333333
4.71238898038469	-1	1	5.3	5.33333333333333
5.4	-0.772764487555987	1	5.4	1.33333333333333
5.4	-0.772764487555987	1	5.4	2.33333333333333
4.57867230422303	-0.991073238144127	1	5.4	2.33333333333333
5.4	-0.772764487555987	1	5.4	3.33333333333333
4.57867230422303	-0.991073238144127	1	5.4	3.33333333333333
4.71319167988143	-0.999999677836776	1	5.4	3.33333333333333
5.4	-0.772764487555987	1	5.4	4.33333333333333
4.57867230422303	-0.991073238144127	1	5.4	4.33333333333333
4.71319167988143	-0.999999677836776	1	5.4	4.33333333333333
4.71238898021229	-1	1	5.4	4.33333333333333
5.4	-0.772764487555987	1	5.4	5.33333333333333
4.57867230422303	-0.991073238144127	1	5.4	5.33333333333333
4.71319167988143	-0.999999677836776	1	5.4	5.33333333333333
4.71238898021229	-1	1	5.4	5.33333333333333
4.71238898038469	-1	1	5.4	5.33333333333333
5.5	-0.705540325570392	1	5.5	1.33333333333333
5.5	-0.705540325570392	1	5.5	2.33333333333333
4.49556446512347	-0.976585512677563	1	5.5	2.33333333333333
5.5	-0.705540325570392	1	5.5	3.33333333333333
4.49556446512347	-0.976585512677563	1	5.5	3.33333333333333
4.71585196453737	-0.999994003876371	1	5.5	3.33333333333333
5.5	-0.705540325570392	1	5.5	4.33333333333333
4.49556446512347	-0.976585512677563	1	5.5	4.33333333333333
4.71585196453737	-0.999994003876371	1	5.5	4.33333333333333
4.71238896654162	-1	1	5.5	4.33333333333333
5.5	-0.705540325570392	1	5.5	5.33333333333333
4.49556446512347	-0.976585512677563	1	5.5	5.33333333333333
4.71585196453737	-0.999994003876371	1	5.5	5.33333333333333
4.71238896654162	-1	1	5.5	5.33333333333333
4.71238898038469	-1	1	5.5	5.33333333333333
5.6	-0.631266637872321	1	5.6	1.33333333333333
5.6	-0.631266637872321	1	5.6	2.33333333333333
4.37141316841282	-0.942428796033309	1	5.6	2.33333333333333
5.6	-0.631266637872321	1	5.6	3.33333333333333
4.37141316841282	-0.942428796033309	1	5.6	3.33333333333333
4.72624834101876	-0.999903960598708	1	5.6	3.33333333333333
5.6	-0.631266637872321	1	5.6	4.33333333333333
4.37141316841282	-0.942428796033309	1	5.6	4.33333333333333
4.72624834101876	-0.999903960598708	1	5.6	4.33333333333333
4.71238809293917	-0.999999999999606	1	5.6	4.33333333333333
5.6	-0.631266637872321	1	5.6	5.33333333333333
4.37141316841282	-0.942428796033309	1	5.6	5.33333333333333
4.72624834101876	-0.999903960598708	1	5.6	5.33333333333333
4.71238809293917	-0.999999999999606	1	5.6	5.33333333333333
4.71238898038469	-1	1	5.6	5.33333333333333
5.7	-0.550685542597638	1	5.7	1.33333333333333
5.7	-0.550685542597638	1	5.7	2.33333333333333
4.18422970956939	-0.863736158247007	1	5.7	2.33333333333333
5.7	-0.550685542597638	1	5.7	3.33333333333333
4.18422970956939	-0.863736158247007	1	5.7	3.33333333333333
4.76767673409136	-0.998472021423419	1	5.7	3.33333333333333
5.7	-0.550685542597638	1	5.7	4.33333333333333
4.18422970956939	-0.863736158247007	1	5.7	4.33333333333333
4.76767673409136	-0.998472021423419	1	5.7	4.33333333333333
4.71233257807054	-0.99999999840939	1	5.7	4.33333333333333
5.7	-0.550685542597638	1	5.7	5.33333333333333
4.18422970956939	-0.863736158247007	1	5.7	5.33333333333333
4.76767673409136	-0.998472021423419	1	5.7	5.33333333333333
4.71233257807054	-0.99999999840939	1	5.7	5.33333333333333
4.71238898038475	-1	1	5.7	5.33333333333333
5.7	-0.550685542597638	1	5.7	6.33333333333333
4.18422970956939	-0.863736158247007	1	5.7	6.33333333333333
4.76767673409136	-0.998472021423419	1	5.7	6.33333333333333
4.71233257807054	-0.99999999840939	1	5.7	6.33333333333333
4.71238898038475	-1	1	5.7	6.33333333333333
4.71238898038469	-1	1	5.7	6.33333333333333
5.8	-0.464602179413757	1	5.8	1.33333333333333
5.8	-0.464602179413757	1	5.8	2.33333333333333
3.89402633870835	-0.683417439965175	1	5.8	2.33333333333333
5.8	-0.464602179413757	1	5.8	3.33333333333333
3.89402633870835	-0.683417439965175	1	5.8	3.33333333333333
4.96222824121061	-0.968952176701614	1	5.8	3.33333333333333
5.8	-0.464602179413757	1	5.8	4.33333333333333
3.89402633870835	-0.683417439965175	1	5.8	4.33333333333333
4.96222824121061	-0.968952176701614	1	5.8	4.33333333333333
4.70705753225124	-0.999985787864065	1	5.8	4.33333333333333
5.8	-0.464602179413757	1	5.8	5.33333333333333
3.89402633870835	-0.683417439965175	1	5.8	5.33333333333333
4.96222824121061	-0.968952176701614	1	5.8	5.33333333333333
4.70705753225124	-0.999985787864065	1	5.8	5.33333333333333
4.71238903089956	-0.999999999999999	1	5.8	5.33333333333333
5.8	-0.464602179413757	1	5.8	6.33333333333333
3.89402633870835	-0.683417439965175	1	5.8	6.33333333333333
4.96222824121061	-0.968952176701614	1	5.8	6.33333333333333
4.70705753225124	-0.999985787864065	1	5.8	6.33333333333333
4.71238903089956	-0.999999999999999	1	5.8	6.33333333333333
4.71238898038469	-1	1	5.8	6.33333333333333
5.9	-0.373876664830236	1	5.9	1.33333333333333
5.9	-0.373876664830236	1	5.9	2.33333333333333
3.41929307712967	-0.274144899357903	1	5.9	2.33333333333333
5.9	-0.373876664830236	1	5.9	3.33333333333333
3.41929307712967	-0.274144899357903	1	5.9	3.33333333333333
6.92724963547816	0.600450480415549	1	5.9	3.33333333333333
5.9	-0.373876664830236	1	5.9	4.33333333333333
3.41929307712967	-0.274144899357903	1	5.9	4.33333333333333
6.92724963547816	0.600450480415549	1	5.9	4.33333333333333
8.25901964401374	0.919087419833284	1	5.9	4.33333333333333
5.9	-0.373876664830236	1	5.9	5.33333333333333
3.41929307712967	-0.274144899357903	1	5.9	5.33333333333333
6.92724963547816	0.600450480415549	1	5.9	5.33333333333333
8.25901964401374	0.919087419833284	1	5.9	5.33333333333333
7.83027512341545	0.999719013838414	1	5.9	5.33333333333333
5.9	-0.373876664830236	1	5.9	6.33333333333333
3.41929307712967	-0.274144899357903	1	5.9	6.33333333333333
6.92724963547816	0.600450480415549	1	5.9	6.33333333333333
8.25901964401374	0.919087419833284	1	5.9	6.33333333333333
7.83027512341545	0.999719013838414	1	5.9	6.33333333333333
7.85398607598197	0.999999999990134	1	5.9	6.33333333333333
5.9	-0.373876664830236	1	5.9	7.33333333333333
3.41929307712967	-0.274144899357903	1	5.9	7.33333333333333
6.92724963547816	0.600450480415549	1	5.9	7.33333333333333
8.25901964401374	0.919087419833284	1	5.9	7.33333333333333
7.83027512341545	0.999719013838414	1	5.9	7.33333333333333
7.85398607598197	0.999999999990134	1	5.9	7.33333333333333
7.85398163397448	1	1	5.9	7.33333333333333
6	-0.279415498198926	1	6	1.33333333333333
6	-0.279415498198926	1	6	2.33333333333333
2.56364699581987	0.546304401036624	1	6	2.33333333333333
6	-0.279415498198926	1	6	3.33333333333333
2.56364699581987	0.546304401036624	1	6	3.33333333333333
1.03046016594964	0.857535800515242	1	6	3.33333333333333
6	-0.279415498198926	1	6	4.33333333333333
2.56364699581987	0.546304401036624	1	6	4.33333333333333
1.03046016594964	0.857535800515242	1	6	4.33333333333333
1.63034682999815	0.998227392721234	1	6	4.33333333333333
6	-0.279415498198926	1	6	5.33333333333333
2.56364699581987	0.546304401036624	1	6	5.33333333333333
1.03046016594964	0.857535800515242	1	6	5.33333333333333
1.63034682999815	0.998227392721234	1	6	5.33333333333333
1.57072583289316	0.999999997515305	1	6	5.33333333333333
6	-0.279415498198926	1	6	6.33333333333333
2.56364699581987	0.546304401036624	1	6	6.33333333333333
1.03046016594964	0.857535800515242	1	6	6.33333333333333
1.63034682999815	0.998227392721234	1	6	6.33333333333333
1.57072583289316	0.999999997515305	1	6	6.33333333333333
1.57079632679501	1	1	6	6.33333333333333
6	-0.279415498198926	1	6	7.33333333333333
2.56364699581987	0.546304401036624	1	6	7.33333333333333
1.03046016594964	0.857535800515242	1	6	7.33333333333333
1.63034682999815	0.998227392721234	1	6	7.33333333333333
1.57072583289316	0.999999997515305	1	6	7.33333333333333
1.57079632679501	1	1	6	7.33333333333333
1.5707963267949	1	1	6	7.33333333333333
6.1	-0.182162504272095	1	6.1	1.33333333333333
6.1	-0.182162504272095	1	6.1	2.33333333333333
0.702245712576049	0.645933677045967	1	6.1	2.33333333333333
6.1	-0.182162504272095	1	6.1	3.33333333333333
0.702245712576049	0.645933677045967	1	6.1	3.33333333333333
1.88409078310246	0.95132340131058	1	6.1	3.33333333333333
6.1	-0.182162504272095	1	6.1	4.33333333333333
0.702245712576049	0.645933677045967	1	6.1	4.33333333333333
1.88409078310246	0.95132340131058	1	6.1	4.33333333333333
1.56012692789496	0.999943082503499	1	6.1	4.33333333333333
6.1	-0.182162504272095	1	6.1	5.33333333333333
0.702245712576049	0.645933677045967	1	6.1	5.33333333333333
1.88409078310246	0.95132340131058	1	6.1	5.33333333333333
1.56012692789496	0.999943082503499	1	6.1	5.33333333333333
1.57079673166749	0.999999999999918	1	6.1	5.33333333333333
6.1	-0.182162504272095	1	6.1	6.33333333333333
0.702245712576049	0.645933677045967	1	6.1	6.33333333333333
1.88409078310246	0.95132340131058	1	6.1	6.33333333333333
1.56012692789496	0.999943082503499	1	6.1	6.33333333333333
1.57079673166749	0.999999999999918	1	6.1	6.33333333333333
1.5707963267949	1	1	6.1	6.33333333333333
6.2	-0.0830894028174964	1	6.2	1.33333333333333
6.2	-0.0830894028174964	1	6.2	2.33333333333333
-0.785398163397448	0.470248953244603	1	6.2	2.33333333333333
6.2	-0.0830894028174964	1	6.2	3.33333333333333
-0.785398163397448	0.470248953244603	1	6.2	3.33333333333333
-0.785398163397448	0.699917790214667	1	6.2	3.33333333333333
6.2	-0.0830894028174964	1	6.2	4.33333333333333
-0.785398163397448	0.470248953244603	1	6.2	4.33333333333333
-0.785398163397448	0.699917790214667	1	6.2	4.33333333333333
-0.785398163397448	0.974810822308472	1	6.2	4.33333333333333
6.2	-0.0830894028174964	1	6.2	5.33333333333333
-0.785398163397448	0.470248953244603	1	6.2	5.33333333333333
-0.785398163397448	0.699917790214667	1	6.2	5.33333333333333
-0.785398163397448	0.974810822308472	1	6.2	5.33333333333333
-0.785398163397448	0.999992505961183	1	6.2	5.33333333333333
6.2	-0.0830894028174964	1	6.2	6.33333333333333
-0.785398163397448	0.470248953244603	1	6.2	6.33333333333333
-0.785398163397448	0.699917790214667	1	6.2	6.33333333333333
-0.785398163397448	0.974810822308472	1	6.2	6.33333333333333
-0.785398163397448	0.999992505961183	1	6.2	6.33333333333333
-0.785398163397448	1	1	6.2	6.33333333333333
6.2	-0.0830894028174964	1	6.2	7.33333333333333
-0.785398163397448	0.470248953244603	1	6.2	7.33333333333333
-0.785398163397448	0.699917790214667	1	6.2	7.33333333333333
-0.785398163397448	0.974810822308472	1	6.2	7.33333333333333
-0.785398163397448	0.999992505961183	1	6.2	7.33333333333333
-0.785398163397448	1	1	6.2	7.33333333333333
-0.785398163397448	1	1	6.2	7.33333333333333
6.3	0.0168139004843506	1	6.3	1.33333333333333
6.3	0.0168139004843506	1	6.3	2.33333333333333
16.4933614313464	0.205773064355457	1	6.3	2.33333333333333
6.3	0.0168139004843506	1	6.3	3.33333333333333
16.4933614313464	0.205773064355457	1	6.3	3.33333333333333
16.4933614313464	-0.968766820986537	1	6.3	3.33333333333333
6.3	0.0168139004843506	1	6.3	4.33333333333333
16.4933614313464	0.205773064355457	1	6.3	4.33333333333333
16.4933614313464	-0.968766820986537	1	6.3	4.33333333333333
16.4933614313464	-0.999985525994876	1	6.3	4.33333333333333
6.3	0.0168139004843506	1	6.3	5.33333333333333
16.4933614313464	0.205773064355457	1	6.3	5.33333333333333
16.4933614313464	-0.968766820986537	1	6.3	5.33333333333333
16.4933614313464	-0.999985525994876	1	6.3	5.33333333333333
16.4933614313464	-0.999999999999999	1	6.3	5.33333333333333
6.3	0.0168139004843506	1	6.3	6.33333333333333
16.4933614313464	0.205773064355457	1	6.3	6.33333333333333
16.4933614313464	-0.968766820986537	1	6.3	6.33333333333333
16.4933614313464	-0.999985525994876	1	6.3	6.33333333333333
16.4933614313464	-0.999999999999999	1	6.3	6.33333333333333
16.4933614313464	-1	1	6.3	6.33333333333333
6.4	0.116549204850494	1	6.4	1.33333333333333
6.4	0.116549204850494	1	6.4	2.33333333333333
14.9215932621096	0.707793643536054	1	6.4	2.33333333333333
6.4	0.116549204850494	1	6.4	3.33333333333333
14.9215932621096	0.707793643536054	1	6.4	3.33333333333333
13.9235350604827	0.977267364528303	1	6.4	3.33333333333333
6.4	0.116549204850494	1	6.4	4.33333333333333
14.9215932621096	0.707793643536054	1	6.4	4.33333333333333
13.9235350604827	0.977267364528303	1	6.4	4.33333333333333
14.1404773389809	0.999994520638118	1	6.4	4.33333333333333
6.4	0.116549204850494	1	6.4	5.33333333333333
14.9215932621096	0.707793643536054	1	6.4	5.33333333333333
13.9235350604827	0.977267364528303	1	6.4	5.33333333333333
14.1404773389809	0.999994520638118	1	6.4	5.33333333333333
14.1371669290614	1	1	6.4	5.33333333333333
6.4	0.116549204850494	1	6.4	6.33333333333333
14.9215932621096	0.707793643536054	1	6.4	6.33333333333333
13.9235350604827	0.977267364528303	1	6.4	6.33333333333333
14.1404773389809	0.999994520638118	1	6.4	6.33333333333333
14.1371669290614	1	1	6.4	6.33333333333333
14.1371669411541	1	1	6.4	6.33333333333333
6.5	0.215119988087816	1	6.5	1.33333333333333
6.5	0.215119988087816	1	6.5	2.33333333333333
11.0397344728811	-0.999025097463413	1	6.5	2.33333333333333
6.5	0.215119988087816	1	6.5	3.33333333333333
11.0397344728811	-0.999025097463413	1	6.5	3.33333333333333
10.9955455592388	-0.999999999587342	1	6.5	3.33333333333333
6.5	0.215119988087816	1	6.5	4.33333333333333
11.0397344728811	-0.999025097463413	1	6.5	4.33333333333333
10.9955455592388	-0.999999999587342	1	6.5	4.33333333333333
10.9955742875643	-1	1	6.5	4.33333333333333
6.5	0.215119988087816	1	6.5	5.33333333333333
11.0397344728811	-0.999025097463413	1	6.5	5.33333333333333
10.9955455592388	-0.999999999587342	1	6.5	5.33333333333333
10.9955742875643	-1	1	6.5	5.33333333333333
10.9955742875643	-1	1	6.5	5.33333333333333
6.6	0.311541363513379	1	6.6	1.33333333333333
6.6	0.311541363513379	1	6.6	2.33333333333333
9.65010089588866	-0.223421145743953	1	6.6	2.33333333333333
6.6	0.311541363513379	1	6.6	3.33333333333333
9.65010089588866	-0.223421145743953	1	6.6	3.33333333333333
14.0128124204207	0.99227793548288	1	6.6	3.33333333333333
6.6	0.311541363513379	1	6.6	4.33333333333333
9.65010089588866	-0.223421145743953	1	6.6	4.33333333333333
14.0128124204207	0.99227793548288	1	6.6	4.33333333333333
14.137811939204	0.999999791988765	1	6.6	4.33333333333333
6.6	0.311541363513379	1	6.6	5.33333333333333
9.65010089588866	-0.223421145743953	1	6.6	5.33333333333333
14.0128124204207	0.99227793548288	1	6.6	5.33333333333333
14.137811939204	0.999999791988765	1	6.6	5.33333333333333
14.1371669410646	1	1	6.6	5.33333333333333
6.6	0.311541363513379	1	6.6	6.33333333333333
9.65010089588866	-0.223421145743953	1	6.6	6.33333333333333
14.0128124204207	0.99227793548288	1	6.6	6.33333333333333
14.137811939204	0.999999791988765	1	6.6	6.33333333333333
14.1371669410646	1	1	6.6	6.33333333333333
14.1371669411541	1	1	6.6	6.33333333333333
6.7	0.404849920616598	1	6.7	1.33333333333333
6.7	0.404849920616598	1	6.7	2.33333333333333
8.95857311974444	0.449499388601682	1	6.7	2.33333333333333
6.7	0.404849920616598	1	6.7	3.33333333333333
8.95857311974444	0.449499388601682	1	6.7	3.33333333333333
6.97129424585265	0.635077571414642	1	6.7	3.33333333333333
6.7	0.404849920616598	1	6.7	4.33333333333333
8.95857311974444	0.449499388601682	1	6.7	4.33333333333333
6.97129424585265	0.635077571414642	1	6.7	4.33333333333333
8.18759978216133	0.944863718079141	1	6.7	4.33333333333333
6.7	0.404849920616598	1	6.7	5.33333333333333
8.95857311974444	0.449499388601682	1	6.7	5.33333333333333
6.97129424585265	0.635077571414642	1	6.7	5.33333333333333
8.18759978216133	0.944863718079141	1	6.7	5.33333333333333
7.84102723944423	0.999916093004601	1	6.7	5.33333333333333
6.7	0.404849920616598	1	6.7	6.33333333333333
8.95857311974444	0.449499388601682	1	6.7	6.33333333333333
6.97129424585265	0.635077571414642	1	6.7	6.33333333333333
8.18759978216133	0.944863718079141	1	6.7	6.33333333333333
7.84102723944423	0.999916093004601	1	6.7	6.33333333333333
7.85398235867615	0.999999999999737	1	6.7	6.33333333333333
6.7	0.404849920616598	1	6.7	7.33333333333333
8.95857311974444	0.449499388601682	1	6.7	7.33333333333333
6.97129424585265	0.635077571414642	1	6.7	7.33333333333333
8.18759978216133	0.944863718079141	1	6.7	7.33333333333333
7.84102723944423	0.999916093004601	1	6.7	7.33333333333333
7.85398235867615	0.999999999999737	1	6.7	7.33333333333333
7.85398163397448	1	1	6.7	7.33333333333333
6.8	0.494113351138609	1	6.8	1.33333333333333
6.8	0.494113351138609	1	6.8	2.33333333333333
8.55951021834652	0.76126890482549	1	6.8	2.33333333333333
6.8	0.494113351138609	1	6.8	3.33333333333333
8.55951021834652	0.76126890482549	1	6.8	3.33333333333333
7.7077266884537	0.989323796612024	1	6.8	3.33333333333333
6.8	0.494113351138609	1	6.8	4.33333333333333
8.55951021834652	0.76126890482549	1	6.8	4.33333333333333
7.7077266884537	0.989323796612024	1	6.8	4.33333333333333
7.85503345708528	0.999999446834123	1	6.8	4.33333333333333
6.8	0.494113351138609	1	6.8	5.33333333333333
8.55951021834652	0.76126890482549	1	6.8	5.33333333333333
7.7077266884537	0.989323796612024	1	6.8	5.33333333333333
7.85503345708528	0.999999446834123	1	6.8	5.33333333333333
7.8539816335866	1	1	6.8	5.33333333333333
6.8	0.494113351138609	1	6.8	6.33333333333333
8.55951021834652	0.76126890482549	1	6.8	6.33333333333333
7.7077266884537	0.989323796612024	1	6.8	6.33333333333333
7.85503345708528	0.999999446834123	1	6.8	6.33333333333333
7.8539816335866	1	1	6.8	6.33333333333333
7.85398163397448	1	1	6.8	6.33333333333333
6.9	0.5784397643882	1	6.9	1.33333333333333
6.9	0.5784397643882	1	6.9	2.33333333333333
8.31021615446533	0.89771781859186	1	6.9	2.33333333333333
6.9	0.5784397643882	1	6.9	3.33333333333333
8.31021615446533	0.89771781859186	1	6.9	3.33333333333333
7.81944846425567	0.99940378934853	1	6.9	3.33333333333333
6.9	0.5784397643882	1	6.9	4.33333333333333
8.31021615446533	0.89771781859186	1	6.9	4.33333333333333
7.81944846425567	0.99940378934853	1	6.9	4.33333333333333
7.85399536791906	0.999999999905689	1	6.9	4.33333333333333
6.9	0.5784397643882	1	6.9	5.33333333333333
8.31021615446533	0.89771781859186	1	6.9	5.33333333333333
7.81944846425567	0.99940378934853	1	6.9	5.33333333333333
7.85399536791906	0.999999999905689	1	6.9	5.33333333333333
7.85398163397448	1	1	6.9	5.33333333333333
6.9	0.5784397643882	1	6.9	6.33333333333333
8.31021615446533	0.89771781859186	1	6.9	6.33333333333333
7.81944846425567	0.99940378934853	1	6.9	6.33333333333333
7.85399536791906	0.999999999905689	1	6.9	6.33333333333333
7.85398163397448	1	1	6.9	6.33333333333333
7.85398163397448	1	1	6.9	6.33333333333333
7	0.656986598718789	1	7	1.33333333333333
7	0.656986598718789	1	7	2.33333333333333
8.14751542240514	0.957227399845067	1	7	2.33333333333333
7	0.656986598718789	1	7	3.33333333333333
8.14751542240514	0.957227399845067	1	7	3.33333333333333
7.845250084211	0.999961880261552	1	7	3.33333333333333
7	0.656986598718789	1	7	4.33333333333333
8.14751542240514	0.957227399845067	1	7	4.33333333333333
7.845250084211	0.999961880261552	1	7	4.33333333333333
7.85398185587892	0.999999999999975	1	7	4.33333333333333
7	0.656986598718789	1	7	5.33333333333333
8.14751542240514	0.957227399845067	1	7	5.33333333333333
7.845250084211	0.999961880261552	1	7	5.33333333333333
7.85398185587892	0.999999999999975	1	7	5.33333333333333
7.85398163397448	1	1	7	5.33333333333333
7.1	0.728969040125877	1	7.1	1.33333333333333
7.1	0.728969040125877	1	7.1	2.33333333333333
8.03906137128211	0.982921580104144	1	7.1	2.33333333333333
7.1	0.728969040125877	1	7.1	3.33333333333333
8.03906137128211	0.982921580104144	1	7.1	3.33333333333333
7.85183899936727	0.999997704559348	1	7.1	3.33333333333333
7.1	0.728969040125877	1	7.1	4.33333333333333
8.03906137128211	0.982921580104144	1	7.1	4.33333333333333
7.85183899936727	0.999997704559348	1	7.1	4.33333333333333
7.85398163725335	1	1	7.1	4.33333333333333
7.1	0.728969040125877	1	7.1	5.33333333333333
8.03906137128211	0.982921580104144	1	7.1	5.33333333333333
7.85183899936727	0.999997704559348	1	7.1	5.33333333333333
7.85398163725335	1	1	7.1	5.33333333333333
7.85398163397448	1	1	7.1	5.33333333333333
7.2	0.793667863849153	1	7.2	1.33333333333333
7.2	0.793667863849153	1	7.2	2.33333333333333
7.96650616995106	0.993675791601646	1	7.2	2.33333333333333
7.2	0.793667863849153	1	7.2	3.33333333333333
7.96650616995106	0.993675791601646	1	7.2	3.33333333333333
7.85350429627616	0.999999886074363	1	7.2	3.33333333333333
7.2	0.793667863849153	1	7.2	4.33333333333333
7.96650616995106	0.993675791601646	1	7.2	4.33333333333333
7.85350429627616	0.999999886074363	1	7.2	4.33333333333333
7.85398163401074	1	1	7.2	4.33333333333333
7.2	0.793667863849153	1	7.2	5.33333333333333
7.96650616995106	0.993675791601646	1	7.2	5.33333333333333
7.85350429627616	0.999999886074363	1	7.2	5.33333333333333
7.85398163401074	1	1	7.2	5.33333333333333
7.85398163397448	1	1	7.2	5.33333333333333
7.3	0.850436620628565	1	7.3	1.33333333333333
7.3	0.850436620628565	1	7.3	2.33333333333333
7.91859697080339	0.997913155347528	1	7.3	2.33333333333333
7.3	0.850436620628565	1	7.3	3.33333333333333
7.91859697080339	0.997913155347528	1	7.3	3.33333333333333
7.85389155747506	0.999999995943112	1	7.3	3.33333333333333
7.3	0.850436620628565	1	7.3	4.33333333333333
7.91859697080339	0.997913155347528	1	7.3	4.33333333333333
7.85389155747506	0.999999995943112	1	7.3	4.33333333333333
7.85398163397473	1	1	7.3	4.33333333333333
7.3	0.850436620628565	1	7.3	5.33333333333333
7.91859697080339	0.997913155347528	1	7.3	5.33333333333333
7.85389155747506	0.999999995943112	1	7.3	5.33333333333333
7.85398163397473	1	1	7.3	5.33333333333333
7.85398163397448	1	1	7.3	5.33333333333333
7.4	0.898708095811627	1	7.4	1.33333333333333
7.4	0.898708095811627	1	7.4	2.33333333333333
7.88797527208024	0.999422271921028	1	7.4	2.33333333333333
7.4	0.898708095811627	1	7.4	3.33333333333333
7.88797527208024	0.999422271921028	1	7.4	3.33333333333333
7.8539685339389	0.999999999914195	1	7.4	3.33333333333333
7.4	0.898708095811627	1	7.4	4.33333333333333
7.88797527208024	0.999422271921028	1	7.4	4.33333333333333
7.8539685339389	0.999999999914195	1	7.4	4.33333333333333
7.85398163397448	1	1	7.4	4.33333333333333
7.4	0.898708095811627	1	7.4	5.33333333333333
7.88797527208024	0.999422271921028	1	7.4	5.33333333333333
7.8539685339389	0.999999999914195	1	7.4	5.33333333333333
7.85398163397448	1	1	7.4	5.33333333333333
7.85398163397448	1	1	7.4	5.33333333333333
7.5	0.937999976774739	1	7.5	1.33333333333333
7.5	0.937999976774739	1	7.5	2.33333333333333
7.86954725630902	0.99987885814664	1	7.5	2.33333333333333
7.5	0.937999976774739	1	7.5	3.33333333333333
7.86954725630902	0.99987885814664	1	7.5	3.33333333333333
7.85398037672836	0.99999999999921	1	7.5	3.33333333333333
7.5	0.937999976774739	1	7.5	4.33333333333333
7.86954725630902	0.99987885814664	1	7.5	4.33333333333333
7.85398037672836	0.99999999999921	1	7.5	4.33333333333333
7.85398163397448	1	1	7.5	4.33333333333333
7.6	0.967919672031486	1	7.6	1.33333333333333
7.6	0.967919672031486	1	7.6	2.33333333333333
7.85958749454374	0.999984287204788	1	7.6	2.33333333333333
7.6	0.967919672031486	1	7.6	3.33333333333333
7.85958749454374	0.999984287204788	1	7.6	3.33333333333333
7.8539815752511	0.999999999999998	1	7.6	3.33333333333333
7.6	0.967919672031486	1	7.6	4.33333333333333
7.85958749454374	0.999984287204788	1	7.6	4.33333333333333
7.8539815752511	0.999999999999998	1	7.6	4.33333333333333
7.85398163397448	1	1	7.6	4.33333333333333
7.7	0.988168233877	1	7.7	1.33333333333333
7.7	0.988168233877	1	7.7	2.33333333333333
7.85521027369612	0.999999245222312	1	7.7	2.33333333333333
7.7	0.988168233877	1	7.7	3.33333333333333
7.85521027369612	0.999999245222312	1	7.7	3.33333333333333
7.85398163335625	1	1	7.7	3.33333333333333
7.7	0.988168233877	1	7.7	4.33333333333333
7.85521027369612	0.999999245222312	1	7.7	4.33333333333333
7.85398163335625	1	1	7.7	4.33333333333333
7.85398163397448	1	1	7.7	4.33333333333333
7.8	0.998543345374605	1	7.8	1.33333333333333
7.8	0.998543345374605	1	7.8	2.33333333333333
7.8540341296275	0.999999998622103	1	7.8	2.33333333333333
7.8	0.998543345374605	1	7.8	3.33333333333333
7.8540341296275	0.999999998622103	1	7.8	3.33333333333333
7.85398163397444	1	1	7.8	3.33333333333333
7.8	0.998543345374605	1	7.8	4.33333333333333
7.8540341296275	0.999999998622103	1	7.8	4.33333333333333
7.85398163397444	1	1	7.8	4.33333333333333
7.85398163397448	1	1	7.8	4.33333333333333
7.9	0.998941341839772	1	7.9	1.33333333333333
7.9	0.998941341839772	1	7.9	2.33333333333333
7.85394912222292	0.999999999471493	1	7.9	2.33333333333333
7.9	0.998941341839772	1	7.9	3.33333333333333
7.85394912222292	0.999999999471493	1	7.9	3.33333333333333
7.85398163397449	1	1	7.9	3.33333333333333
7.9	0.998941341839772	1	7.9	4.33333333333333
7.85394912222292	0.999999999471493	1	7.9	4.33333333333333
7.85398163397449	1	1	7.9	4.33333333333333
7.85398163397448	1	1	7.9	4.33333333333333
8	0.989358246623382	1	8	1.33333333333333
8	0.989358246623382	1	8	2.33333333333333
7.85293493605052	0.999999452211778	1	8	2.33333333333333
8	0.989358246623382	1	8	3.33333333333333
7.85293493605052	0.999999452211778	1	8	3.33333333333333
7.85398163435673	1	1	8	3.33333333333333
8	0.989358246623382	1	8	4.33333333333333
7.85293493605052	0.999999452211778	1	8	4.33333333333333
7.85398163435673	1	1	8	4.33333333333333
7.85398163397448	1	1	8	4.33333333333333
8.1	0.969889810845086	1	8.1	1.33333333333333
8.1	0.969889810845086	1	8.1	2.33333333333333
7.8488950280614	0.999987063248036	1	8.1	2.33333333333333
8.1	0.969889810845086	1	8.1	3.33333333333333
7.8488950280614	0.999987063248036	1	8.1	3.33333333333333
7.85398167784447	1	1	8.1	3.33333333333333
8.1	0.969889810845086	1	8.1	4.33333333333333
7.8488950280614	0.999987063248036	1	8.1	4.33333333333333
7.85398167784447	1	1	8.1	4.33333333333333
7.85398163397448	1	1	8.1	4.33333333333333
8.2	0.940730556679773	1	8.2	1.33333333333333
8.2	0.940730556679773	1	8.2	2.33333333333333
7.83947715041717	0.999894811822512	1	8.2	2.33333333333333
8.2	0.940730556679773	1	8.2	3.33333333333333
7.83947715041717	0.999894811822512	1	8.2	3.33333333333333
7.85398265121138	0.999999999999483	1	8.2	3.33333333333333
8.2	0.940730556679773	1	8.2	4.33333333333333
7.83947715041717	0.999894811822512	1	8.2	4.33333333333333
7.85398265121138	0.999999999999483	1	8.2	4.33333333333333
7.85398163397448	1	1	8.2	4.33333333333333
8.3	0.902171833756293	1	8.3	1.33333333333333
8.3	0.902171833756293	1	8.3	2.33333333333333
7.82184625053685	0.999483702998875	1	8.3	2.33333333333333
8.3	0.902171833756293	1	8.3	3.33333333333333
7.82184625053685	0.999483702998875	1	8.3	3.33333333333333
7.85399270043241	0.999999999938767	1	8.3	3.33333333333333
8.3	0.902171833756293	1	8.3	4.33333333333333
7.82184625053685	0.999483702998875	1	8.3	4.33333333333333
7.85399270043241	0.999999999938767	1	8.3	4.33333333333333
7.85398163397448	1	1	8.3	4.33333333333333
8.4	0.854598908088281	1	8.4	1.33333333333333
8.4	0.854598908088281	1	8.4	2.33333333333333
7.79235979685684	0.998101975315487	1	8.4	2.33333333333333
8.4	0.854598908088281	1	8.4	3.33333333333333
7.79235979685684	0.998101975315487	1	8.4	3.33333333333333
7.85405975048479	0.999999996948905	1	8.4	3.33333333333333
8.4	0.854598908088281	1	8.4	4.33333333333333
7.79235979685684	0.998101975315487	1	8.4	4.33333333333333
7.85405975048479	0.999999996948905	1	8.4	4.33333333333333
7.85398163397432	1	1	8.4	4.33333333333333
8.4	0.854598908088281	1	8.4	5.33333333333333
7.79235979685684	0.998101975315487	1	8.4	5.33333333333333
7.85405975048479	0.999999996948905	1	8.4	5.33333333333333
7.85398163397432	1	1	8.4	5.33333333333333
7.85398163397448	1	1	8.4	5.33333333333333
8.5	0.79848711262349	1	8.5	1.33333333333333
8.5	0.79848711262349	1	8.5	2.33333333333333
7.74605933750531	0.994182039175958	1	8.5	2.33333333333333
8.5	0.79848711262349	1	8.5	3.33333333333333
7.74605933750531	0.994182039175958	1	8.5	3.33333333333333
7.85440259360538	0.999999911396496	1	8.5	3.33333333333333
8.5	0.79848711262349	1	8.5	4.33333333333333
7.74605933750531	0.994182039175958	1	8.5	4.33333333333333
7.85440259360538	0.999999911396496	1	8.5	4.33333333333333
7.85398163394962	1	1	8.5	4.33333333333333
8.5	0.79848711262349	1	8.5	5.33333333333333
7.74605933750531	0.994182039175958	1	8.5	5.33333333333333
7.85440259360538	0.999999911396496	1	8.5	5.33333333333333
7.85398163394962	1	1	8.5	5.33333333333333
7.85398163397448	1	1	8.5	5.33333333333333
8.6	0.734397097874113	1	8.6	1.33333333333333
8.6	0.734397097874113	1	8.6	2.33333333333333
7.67581327692507	0.984169960504916	1	8.6	2.33333333333333
8.6	0.734397097874113	1	8.6	3.33333333333333
7.67581327692507	0.984169960504916	1	8.6	3.33333333333333
7.85589114037017	0.999998176893216	1	8.6	3.33333333333333
8.6	0.734397097874113	1	8.6	4.33333333333333
7.67581327692507	0.984169960504916	1	8.6	4.33333333333333
7.85589114037017	0.999998176893216	1	8.6	4.33333333333333
7.85398163165366	1	1	8.6	4.33333333333333
8.6	0.734397097874113	1	8.6	5.33333333333333
7.67581327692507	0.984169960504916	1	8.6	5.33333333333333
7.85589114037017	0.999998176893216	1	8.6	5.33333333333333
7.85398163165366	1	1	8.6	5.33333333333333
7.85398163397448	1	1	8.6	5.33333333333333
8.7	0.662969230082182	1	8.7	1.33333333333333
8.7	0.662969230082182	1	8.7	2.33333333333333
7.57076713122177	0.96016212854554	1	8.7	2.33333333333333
8.7	0.662969230082182	1	8.7	3.33333333333333
7.57076713122177	0.96016212854554	1	8.7	3.33333333333333
7.86180499086424	0.999969397699573	1	8.7	3.33333333333333
8.7	0.662969230082182	1	8.7	4.33333333333333
7.57076713122177	0.96016212854554	1	8.7	4.33333333333333
7.86180499086424	0.999969397699573	1	8.7	4.33333333333333
7.85398147436128	0.999999999999987	1	8.7	4.33333333333333
8.7	0.662969230082182	1	8.7	5.33333333333333
7.57076713122177	0.96016212854554	1	8.7	5.33333333333333
7.86180499086424	0.999969397699573	1	8.7	5.33333333333333
7.85398147436128	0.999999999999987	1	8.7	5.33333333333333
7.85398163397448	1	1	8.7	5.33333333333333
8.8	0.584917192891762	1	8.8	1.33333333333333
8.8	0.584917192891762	1	8.8	2.33333333333333
7.41331992986613	0.904469619272783	1	8.8	2.33333333333333
8.8	0.584917192891762	1	8.8	3.33333333333333
7.41331992986613	0.904469619272783	1	8.8	3.33333333333333
7.88490906959706	0.999521784982701	1	8.8	3.33333333333333
8.8	0.584917192891762	1	8.8	4.33333333333333
7.41331992986613	0.904469619272783	1	8.8	4.33333333333333
7.88490906959706	0.999521784982701	1	8.8	4.33333333333333
7.8539717694382	0.999999999951345	1	8.8	4.33333333333333
8.8	0.584917192891762	1	8.8	5.33333333333333
7.41331992986613	0.904469619272783	1	8.8	5.33333333333333
7.88490906959706	0.999521784982701	1	8.8	5.33333333333333
7.8539717694382	0.999999999951345	1	8.8	5.33333333333333
7.85398163397448	1	1	8.8	5.33333333333333
8.8	0.584917192891762	1	8.8	6.33333333333333
7.41331992986613	0.904469619272783	1	8.8	6.33333333333333
7.88490906959706	0.999521784982701	1	8.8	6.33333333333333
7.8539717694382	0.999999999951345	1	8.8	6.33333333333333
7.85398163397448	1	1	8.8	6.33333333333333
7.85398163397448	1	1	8.8	6.33333333333333
8.9	0.501020856457885	1	8.9	1.33333333333333
8.9	0.501020856457885	1	8.9	2.33333333333333
7.17265632141631	0.776738688818648	1	8.9	2.33333333333333
8.9	0.501020856457885	1	8.9	3.33333333333333
7.17265632141631	0.776738688818648	1	8.9	3.33333333333333
7.98351202803885	0.991622661340947	1	8.9	3.33333333333333
8.9	0.501020856457885	1	8.9	4.33333333333333
7.17265632141631	0.776738688818648	1	8.9	4.33333333333333
7.98351202803885	0.991622661340947	1	8.9	4.33333333333333
7.85325231330299	0.999999734045691	1	8.9	4.33333333333333
8.9	0.501020856457885	1	8.9	5.33333333333333
7.17265632141631	0.776738688818648	1	8.9	5.33333333333333
7.98351202803885	0.991622661340947	1	8.9	5.33333333333333
7.85325231330299	0.999999734045691	1	8.9	5.33333333333333
7.85398163410379	1	1	8.9	5.33333333333333
8.9	0.501020856457885	1	8.9	6.33333333333333
7.17265632141631	0.776738688818648	1	8.9	6.33333333333333
7.98351202803885	0.991622661340947	1	8.9	6.33333333333333
7.85325231330299	0.999999734045691	1	8.9	6.33333333333333
7.85398163410379	1	1	8.9	6.33333333333333
7.85398163397448	1	1	8.9	6.33333333333333
9	0.412118485241757	1	9	1.33333333333333
9	0.412118485241757	1	9	2.33333333333333
6.78915458900081	0.484655503629306	1	9	2.33333333333333
9	0.412118485241757	1	9	3.33333333333333
6.78915458900081	0.484655503629306	1	9	3.33333333333333
8.59395224646315	0.738488374054348	1	9	3.33333333333333
9	0.412118485241757	1	9	4.33333333333333
6.78915458900081	0.484655503629306	1	9	4.33333333333333
8.59395224646315	0.738488374054348	1	9	4.33333333333333
7.68091660057738	0.985061588671592	1	9	4.33333333333333
9	0.412118485241757	1	9	5.33333333333333
6.78915458900081	0.484655503629306	1	9	5.33333333333333
8.59395224646315	0.738488374054348	1	9	5.33333333333333
7.68091660057738	0.985061588671592	1	9	5.33333333333333
7.85573044151741	0.999998470836479	1	9	5.33333333333333
9	0.412118485241757	1	9	6.33333333333333
6.78915458900081	0.484655503629306	1	9	6.33333333333333
8.59395224646315	0.738488374054348	1	9	6.33333333333333
7.68091660057738	0.985061588671592	1	9	6.33333333333333
7.85573044151741	0.999998470836479	1	9	6.33333333333333
7.85398163219167	1	1	9	6.33333333333333
9	0.412118485241757	1	9	7.33333333333333
6.78915458900081	0.484655503629306	1	9	7.33333333333333
8.59395224646315	0.738488374054348	1	9	7.33333333333333
7.68091660057738	0.985061588671592	1	9	7.33333333333333
7.85573044151741	0.999998470836479	1	9	7.33333333333333
7.85398163219167	1	1	9	7.33333333333333
7.85398163397448	1	1	9	7.33333333333333
9.1	0.319098362349352	1	9.1	1.33333333333333
9.1	0.319098362349352	1	9.1	2.33333333333333
6.1300016736108	-0.152585254635441	1	9.1	2.33333333333333
9.1	0.319098362349352	1	9.1	3.33333333333333
6.1300016736108	-0.152585254635441	1	9.1	3.33333333333333
-0.785398163397448	-0.340049565865384	1	9.1	3.33333333333333
9.1	0.319098362349352	1	9.1	4.33333333333333
6.1300016736108	-0.152585254635441	1	9.1	4.33333333333333
-0.785398163397448	-0.340049565865384	1	9.1	4.33333333333333
-0.785398163397448	-0.0291176403733644	1	9.1	4.33333333333333
9.1	0.319098362349352	1	9.1	5.33333333333333
6.1300016736108	-0.152585254635441	1	9.1	5.33333333333333
-0.785398163397448	-0.340049565865384	1	9.1	5.33333333333333
-0.785398163397448	-0.0291176403733644	1	9.1	5.33333333333333
16.4933614313464	-0.198196044936696	1	9.1	5.33333333333333
9.1	0.319098362349352	1	9.1	6.33333333333333
6.1300016736108	-0.152585254635441	1	9.1	6.33333333333333
-0.785398163397448	-0.340049565865384	1	9.1	6.33333333333333
-0.785398163397448	-0.0291176403733644	1	9.1	6.33333333333333
16.4933614313464	-0.198196044936696	1	9.1	6.33333333333333
16.4933614313464	0.907901162980769	1	9.1	6.33333333333333
9.1	0.319098362349352	1	9.1	7.33333333333333
6.1300016736108	-0.152585254635441	1	9.1	7.33333333333333
-0.785398163397448	-0.340049565865384	1	9.1	7.33333333333333
-0.785398163397448	-0.0291176403733644	1	9.1	7.33333333333333
16.4933614313464	-0.198196044936696	1	9.1	7.33333333333333
16.4933614313464	0.907901162980769	1	9.1	7.33333333333333
16.4933614313464	0.999574868934604	1	9.1	7.33333333333333
9.1	0.319098362349352	1	9.1	8.33333333333333
6.1300016736108	-0.152585254635441	1	9.1	8.33333333333333
-0.785398163397448	-0.340049565865384	1	9.1	8.33333333333333
-0.785398163397448	-0.0291176403733644	1	9.1	8.33333333333333
16.4933614313464	-0.198196044936696	1	9.1	8.33333333333333
16.4933614313464	0.907901162980769	1	9.1	8.33333333333333
16.4933614313464	0.999574868934604	1	9.1	8.33333333333333
16.4933614313464	0.99999999996582	1	9.1	8.33333333333333
9.1	0.319098362349352	1	9.1	9.33333333333333
6.1300016736108	-0.152585254635441	1	9.1	9.33333333333333
-0.785398163397448	-0.340049565865384	1	9.1	9.33333333333333
-0.785398163397448	-0.0291176403733644	1	9.1	9.33333333333333
16.4933614313464	-0.198196044936696	1	9.1	9.33333333333333
16.4933614313464	0.907901162980769	1	9.1	9.33333333333333
16.4933614313464	0.999574868934604	1	9.1	9.33333333333333
16.4933614313464	0.99999999996582	1	9.1	9.33333333333333
16.4933614313464	1	1	9.1	9.33333333333333
9.2	0.222889914100246	1	9.2	1.33333333333333
9.2	0.222889914100246	1	9.2	2.33333333333333
4.82634484678511	-0.993514053658353	1	9.2	2.33333333333333
9.2	0.222889914100246	1	9.2	3.33333333333333
4.82634484678511	-0.993514053658353	1	9.2	3.33333333333333
4.71189312992997	-0.999999877066166	1	9.2	3.33333333333333
9.2	0.222889914100246	1	9.2	4.33333333333333
4.82634484678511	-0.993514053658353	1	9.2	4.33333333333333
4.71189312992997	-0.999999877066166	1	9.2	4.33333333333333
4.71238898042533	-1	1	9.2	4.33333333333333
9.2	0.222889914100246	1	9.2	5.33333333333333
4.82634484678511	-0.993514053658353	1	9.2	5.33333333333333
4.71189312992997	-0.999999877066166	1	9.2	5.33333333333333
4.71238898042533	-1	1	9.2	5.33333333333333
4.71238898038469	-1	1	9.2	5.33333333333333
9.3	0.124454423507062	1	9.3	1.33333333333333
9.3	0.124454423507062	1	9.3	2.33333333333333
1.32740009159816	0.970525080476199	1	9.3	2.33333333333333
9.3	0.124454423507062	1	9.3	3.33333333333333
1.32740009159816	0.970525080476199	1	9.3	3.33333333333333
1.57571942540284	0.999987881574524	1	9.3	3.33333333333333
9.3	0.124454423507062	1	9.3	4.33333333333333
1.32740009159816	0.970525080476199	1	9.3	4.33333333333333
1.57571942540284	0.999987881574524	1	9.3	4.33333333333333
1.57079628702096	1	1	9.3	4.33333333333333
9.3	0.124454423507062	1	9.3	5.33333333333333
1.32740009159816	0.970525080476199	1	9.3	5.33333333333333
1.57571942540284	0.999987881574524	1	9.3	5.33333333333333
1.57079628702096	1	1	9.3	5.33333333333333
1.5707963267949	1	1	9.3	5.33333333333333
9.4	0.0247754254533578	1	9.4	1.33333333333333
9.4	0.0247754254533578	1	9.4	2.33333333333333
-0.785398163397448	0.449083980848626	1	9.4	2.33333333333333
9.4	0.0247754254533578	1	9.4	3.33333333333333
-0.785398163397448	0.449083980848626	1	9.4	3.33333333333333
-0.785398163397448	0.633656375437343	1	9.4	3.33333333333333
9.4	0.0247754254533578	1	9.4	4.33333333333333
-0.785398163397448	0.449083980848626	1	9.4	4.33333333333333
-0.785398163397448	0.633656375437343	1	9.4	4.33333333333333
-0.785398163397448	0.943966204590146	1	9.4	4.33333333333333
9.4	0.0247754254533578	1	9.4	5.33333333333333
-0.785398163397448	0.449083980848626	1	9.4	5.33333333333333
-0.785398163397448	0.633656375437343	1	9.4	5.33333333333333
-0.785398163397448	0.943966204590146	1	9.4	5.33333333333333
-0.785398163397448	0.99991175287251	1	9.4	5.33333333333333
9.4	0.0247754254533578	1	9.4	6.33333333333333
-0.785398163397448	0.449083980848626	1	9.4	6.33333333333333
-0.785398163397448	0.633656375437343	1	9.4	6.33333333333333
-0.785398163397448	0.943966204590146	1	9.4	6.33333333333333
-0.785398163397448	0.99991175287251	1	9.4	6.33333333333333
-0.785398163397448	0.999999999999694	1	9.4	6.33333333333333
9.4	0.0247754254533578	1	9.4	7.33333333333333
-0.785398163397448	0.449083980848626	1	9.4	7.33333333333333
-0.785398163397448	0.633656375437343	1	9.4	7.33333333333333
-0.785398163397448	0.943966204590146	1	9.4	7.33333333333333
-0.785398163397448	0.99991175287251	1	9.4	7.33333333333333
-0.785398163397448	0.999999999999694	1	9.4	7.33333333333333
-0.785398163397448	1	1	9.4	7.33333333333333
9.5	-0.0751511204618093	1	9.5	1.33333333333333
9.5	-0.0751511204618093	1	9.5	2.33333333333333
16.4933614313464	-0.70167392264634	1	9.5	2.33333333333333
9.5	-0.0751511204618093	1	9.5	3.33333333333333
16.4933614313464	-0.70167392264634	1	9.5	3.33333333333333
16.4933614313464	-0.975376574884541	1	9.5	3.33333333333333
9.5	-0.0751511204618093	1	9.5	4.33333333333333
16.4933614313464	-0.70167392264634	1	9.5	4.33333333333333
16.4933614313464	-0.975376574884541	1	9.5	4.33333333333333
16.4933614313464	-0.999993008172616	1	9.5	4.33333333333333
9.5	-0.0751511204618093	1	9.5	5.33333333333333
16.4933614313464	-0.70167392264634	1	9.5	5.33333333333333
16.4933614313464	-0.975376574884541	1	9.5	5.33333333333333
16.4933614313464	-0.999993008172616	1	9.5	5.33333333333333
16.4933614313464	-1	1	9.5	5.33333333333333
9.5	-0.0751511204618093	1	9.5	6.33333333333333
16.4933614313464	-0.70167392264634	1	9.5	6.33333333333333
16.4933614313464	-0.975376574884541	1	9.5	6.33333333333333
16.4933614313464	-0.999993008172616	1	9.5	6.33333333333333
16.4933614313464	-1	1	9.5	6.33333333333333
16.4933614313464	-1	1	9.5	6.33333333333333
9.6	-0.174326781222981	1	9.6	1.33333333333333
9.6	-0.174326781222981	1	9.6	2.33333333333333
15.248517392945	0.443451513746165	1	9.6	2.33333333333333
9.6	-0.174326781222981	1	9.6	3.33333333333333
15.248517392945	0.443451513746165	1	9.6	3.33333333333333
13.2273305553677	0.61387491530691	1	9.6	3.33333333333333
9.6	-0.174326781222981	1	9.6	4.33333333333333
15.248517392945	0.443451513746165	1	9.6	4.33333333333333
13.2273305553677	0.61387491530691	1	9.6	4.33333333333333
14.5132656732739	0.930104624940899	1	9.6	4.33333333333333
9.6	-0.174326781222981	1	9.6	5.33333333333333
15.248517392945	0.443451513746165	1	9.6	5.33333333333333
13.2273305553677	0.61387491530691	1	9.6	5.33333333333333
14.5132656732739	0.930104624940899	1	9.6	5.33333333333333
14.1183695760404	0.999823334734407	1	9.6	5.33333333333333
9.6	-0.174326781222981	1	9.6	6.33333333333333
15.248517392945	0.443451513746165	1	9.6	6.33333333333333
13.2273305553677	0.61387491530691	1	9.6	6.33333333333333
14.5132656732739	0.930104624940899	1	9.6	6.33333333333333
14.1183695760404	0.999823334734407	1	9.6	6.33333333333333
14.1371691554266	0.999999999997548	1	9.6	6.33333333333333
9.6	-0.174326781222981	1	9.6	7.33333333333333
15.248517392945	0.443451513746165	1	9.6	7.33333333333333
13.2273305553677	0.61387491530691	1	9.6	7.33333333333333
14.5132656732739	0.930104624940899	1	9.6	7.33333333333333
14.1183695760404	0.999823334734407	1	9.6	7.33333333333333
14.1371691554266	0.999999999997548	1	9.6	7.33333333333333
14.1371669411541	1	1	9.6	7.33333333333333
9.7	-0.271760626410944	1	9.7	1.33333333333333
9.7	-0.271760626410944	1	9.7	2.33333333333333
13.2412226286823	0.624781776438961	1	9.7	2.33333333333333
9.7	-0.271760626410944	1	9.7	3.33333333333333
13.2412226286823	0.624781776438961	1	9.7	3.33333333333333
14.4909380459375	0.938072932839987	1	9.7	3.33333333333333
9.7	-0.271760626410944	1	9.7	4.33333333333333
13.2412226286823	0.624781776438961	1	9.7	4.33333333333333
14.4909380459375	0.938072932839987	1	9.7	4.33333333333333
14.1216300511642	0.999879304952681	1	9.7	4.33333333333333
9.7	-0.271760626410944	1	9.7	5.33333333333333
13.2412226286823	0.624781776438961	1	9.7	5.33333333333333
14.4909380459375	0.938072932839987	1	9.7	5.33333333333333
14.1216300511642	0.999879304952681	1	9.7	5.33333333333333
14.1371681914504	0.999999999999218	1	9.7	5.33333333333333
9.7	-0.271760626410944	1	9.7	6.33333333333333
13.2412226286823	0.624781776438961	1	9.7	6.33333333333333
14.4909380459375	0.938072932839987	1	9.7	6.33333333333333
14.1216300511642	0.999879304952681	1	9.7	6.33333333333333
14.1371681914504	0.999999999999218	1	9.7	6.33333333333333
14.1371669411541	1	1	9.7	6.33333333333333
9.8	-0.366479129251928	1	9.8	1.33333333333333
9.8	-0.366479129251928	1	9.8	2.33333333333333
12.3388247183516	-0.225587360835056	1	9.8	2.33333333333333
9.8	-0.366479129251928	1	9.8	3.33333333333333
12.3388247183516	-0.225587360835056	1	9.8	3.33333333333333
8.02021866092356	0.986214416112103	1	9.8	3.33333333333333
9.8	-0.366479129251928	1	9.8	4.33333333333333
12.3388247183516	-0.225587360835056	1	9.8	4.33333333333333
8.02021866092356	0.986214416112103	1	9.8	4.33333333333333
7.85243320941104	0.999998801190925	1	9.8	4.33333333333333
9.8	-0.366479129251928	1	9.8	5.33333333333333
12.3388247183516	-0.225587360835056	1	9.8	5.33333333333333
8.02021866092356	0.986214416112103	1	9.8	5.33333333333333
7.85243320941104	0.999998801190925	1	9.8	5.33333333333333
7.853981635212	1	1	9.8	5.33333333333333
9.8	-0.366479129251928	1	9.8	6.33333333333333
12.3388247183516	-0.225587360835056	1	9.8	6.33333333333333
8.02021866092356	0.986214416112103	1	9.8	6.33333333333333
7.85243320941104	0.999998801190925	1	9.8	6.33333333333333
7.853981635212	1	1	9.8	6.33333333333333
7.85398163397448	1	1	9.8	6.33333333333333
9.9	-0.457535893775321	1	9.9	1.33333333333333
9.9	-0.457535893775321	1	9.9	2.33333333333333
11.8434347440772	-0.661589031172304	1	9.9	2.33333333333333
9.9	-0.457535893775321	1	9.9	3.33333333333333
11.8434347440772	-0.661589031172304	1	9.9	3.33333333333333
10.7100020710775	-0.959500612625344	1	9.9	3.33333333333333
9.9	-0.457535893775321	1	9.9	4.33333333333333
11.8434347440772	-0.661589031172304	1	9.9	4.33333333333333
10.7100020710775	-0.959500612625344	1	9.9	4.33333333333333
11.003599110775	-0.999967801279012	1	9.9	4.33333333333333
9.9	-0.457535893775321	1	9.9	5.33333333333333
11.8434347440772	-0.661589031172304	1	9.9	5.33333333333333
10.7100020710775	-0.959500612625344	1	9.9	5.33333333333333
11.003599110775	-0.999967801279012	1	9.9	5.33333333333333
10.9955741152996	-0.999999999999985	1	9.9	5.33333333333333
9.9	-0.457535893775321	1	9.9	6.33333333333333
11.8434347440772	-0.661589031172304	1	9.9	6.33333333333333
10.7100020710775	-0.959500612625344	1	9.9	6.33333333333333
11.003599110775	-0.999967801279012	1	9.9	6.33333333333333
10.9955741152996	-0.999999999999985	1	9.9	6.33333333333333
10.9955742875643	-1	1	9.9	6.33333333333333
10	-0.54402111088937	1	10	1.33333333333333
10	-0.54402111088937	1	10	2.33333333333333
11.5423510453569	-0.85420483812127	1	10	2.33333333333333
10	-0.54402111088937	1	10	3.33333333333333
11.5423510453569	-0.85420483812127	1	10	3.33333333333333
10.9336719530707	-0.998084662224403	1	10	3.33333333333333
10	-0.54402111088937	1	10	4.33333333333333
11.5423510453569	-0.85420483812127	1	10	4.33333333333333
10.9336719530707	-0.998084662224403	1	10	4.33333333333333
10.9956534767761	-0.999999996864534	1	10	4.33333333333333
10	-0.54402111088937	1	10	5.33333333333333
11.5423510453569	-0.85420483812127	1	10	5.33333333333333
10.9336719530707	-0.998084662224403	1	10	5.33333333333333
10.9956534767761	-0.999999996864534	1	10	5.33333333333333
10.9955742875641	-1	1	10	5.33333333333333
10	-0.54402111088937	1	10	6.33333333333333
11.5423510453569	-0.85420483812127	1	10	6.33333333333333
10.9336719530707	-0.998084662224403	1	10	6.33333333333333
10.9956534767761	-0.999999996864534	1	10	6.33333333333333
10.9955742875641	-1	1	10	6.33333333333333
10.9955742875643	-1	1	10	6.33333333333333
10.1	-0.625070648892883	1	10.1	1.33333333333333
10.1	-0.625070648892883	1	10.1	2.33333333333333
11.348767929756	-0.938272831311912	1	10.1	2.33333333333333
10.1	-0.625070648892883	1	10.1	3.33333333333333
11.348767929756	-0.938272831311912	1	10.1	3.33333333333333
10.9801160169263	-0.99988052331363	1	10.1	3.33333333333333
10.1	-0.625070648892883	1	10.1	4.33333333333333
11.348767929756	-0.938272831311912	1	10.1	4.33333333333333
10.9801160169263	-0.99988052331363	1	10.1	4.33333333333333
10.9955755189751	-0.999999999999242	1	10.1	4.33333333333333
10.1	-0.625070648892883	1	10.1	5.33333333333333
11.348767929756	-0.938272831311912	1	10.1	5.33333333333333
10.9801160169263	-0.99988052331363	1	10.1	5.33333333333333
10.9955755189751	-0.999999999999242	1	10.1	5.33333333333333
10.9955742875643	-1	1	10.1	5.33333333333333
10.2	-0.699874687593544	1	10.2	1.33333333333333
10.2	-0.699874687593544	1	10.2	2.33333333333333
11.220562201618	-0.974796803449248	1	10.2	2.33333333333333
10.2	-0.699874687593544	1	10.2	3.33333333333333
11.220562201618	-0.974796803449248	1	10.2	3.33333333333333
10.9916995504308	-0.999992493215465	1	10.2	3.33333333333333
10.2	-0.699874687593544	1	10.2	4.33333333333333
11.220562201618	-0.974796803449248	1	10.2	4.33333333333333
10.9916995504308	-0.999992493215465	1	10.2	4.33333333333333
10.9955743069556	-1	1	10.2	4.33333333333333
10.2	-0.699874687593544	1	10.2	5.33333333333333
11.220562201618	-0.974796803449248	1	10.2	5.33333333333333
10.9916995504308	-0.999992493215465	1	10.2	5.33333333333333
10.9955743069556	-1	1	10.2	5.33333333333333
10.9955742875643	-1	1	10.2	5.33333333333333
10.3	-0.767685809763583	1	10.3	1.33333333333333
10.3	-0.767685809763583	1	10.3	2.33333333333333
11.134750896063	-0.9903305591442	1	10.3	2.33333333333333
10.3	-0.767685809763583	1	10.3	3.33333333333333
11.134750896063	-0.9903305591442	1	10.3	3.33333333333333
10.9946686470438	-0.999999589907652	1	10.3	3.33333333333333
10.3	-0.767685809763583	1	10.3	4.33333333333333
11.134750896063	-0.9903305591442	1	10.3	4.33333333333333
10.9946686470438	-0.999999589907652	1	10.3	4.33333333333333
10.9955742878119	-1	1	10.3	4.33333333333333
10.3	-0.767685809763583	1	10.3	5.33333333333333
11.134750896063	-0.9903305591442	1	10.3	5.33333333333333
10.9946686470438	-0.999999589907652	1	10.3	5.33333333333333
10.9955742878119	-1	1	10.3	5.33333333333333
10.9955742875643	-1	1	10.3	5.33333333333333
10.4	-0.827826469085654	1	10.4	1.33333333333333
10.4	-0.827826469085654	1	10.4	2.33333333333333
11.077659241854	-0.996632921374471	1	10.4	2.33333333333333
10.4	-0.827826469085654	1	10.4	3.33333333333333
11.077659241854	-0.996632921374471	1	10.4	3.33333333333333
10.9953894281617	-0.999999982913501	1	10.4	3.33333333333333
10.4	-0.827826469085654	1	10.4	4.33333333333333
11.077659241854	-0.996632921374471	1	10.4	4.33333333333333
10.9953894281617	-0.999999982913501	1	10.4	4.33333333333333
10.9955742875664	-1	1	10.4	4.33333333333333
10.4	-0.827826469085654	1	10.4	5.33333333333333
11.077659241854	-0.996632921374471	1	10.4	5.33333333333333
10.9953894281617	-0.999999982913501	1	10.4	5.33333333333333
10.9955742875664	-1	1	10.4	5.33333333333333
10.9955742875643	-1	1	10.4	5.33333333333333
10.5	-0.87969575997167	1	10.5	1.33333333333333
10.5	-0.87969575997167	1	10.5	2.33333333333333
11.0405697624498	-0.998987874399047	1	10.5	2.33333333333333
10.5	-0.87969575997167	1	10.5	3.33333333333333
11.0405697624498	-0.998987874399047	1	10.5	3.33333333333333
10.9955438971152	-0.99999999953821	1	10.5	3.33333333333333
10.5	-0.87969575997167	1	10.5	4.33333333333333
11.0405697624498	-0.998987874399047	1	10.5	4.33333333333333
10.9955438971152	-0.99999999953821	1	10.5	4.33333333333333
10.9955742875643	-1	1	10.5	4.33333333333333
10.5	-0.87969575997167	1	10.5	5.33333333333333
11.0405697624498	-0.998987874399047	1	10.5	5.33333333333333
10.9955438971152	-0.99999999953821	1	10.5	5.33333333333333
10.9955742875643	-1	1	10.5	5.33333333333333
10.9955742875643	-1	1	10.5	5.33333333333333
10.6	-0.922775421612807	1	10.6	1.33333333333333
10.6	-0.922775421612807	1	10.6	2.33333333333333
11.0175861013922	-0.999757749807494	1	10.6	2.33333333333333
10.6	-0.922775421612807	1	10.6	3.33333333333333
11.0175861013922	-0.999757749807494	1	10.6	3.33333333333333
10.9955707318208	-0.999999999993678	1	10.6	3.33333333333333
10.6	-0.922775421612807	1	10.6	4.33333333333333
11.0175861013922	-0.999757749807494	1	10.6	4.33333333333333
10.9955707318208	-0.999999999993678	1	10.6	4.33333333333333
10.9955742875643	-1	1	10.6	4.33333333333333
10.7	-0.956635016270188	1	10.7	1.33333333333333
10.7	-0.956635016270188	1	10.7	2.33333333333333
11.0044936436229	-0.999960222807457	1	10.7	2.33333333333333
10.7	-0.956635016270188	1	10.7	3.33333333333333
11.0044936436229	-0.999960222807457	1	10.7	3.33333333333333
10.9955740510306	-0.999999999999972	1	10.7	3.33333333333333
10.7	-0.956635016270188	1	10.7	4.33333333333333
11.0044936436229	-0.999960222807457	1	10.7	4.33333333333333
10.9955740510306	-0.999999999999972	1	10.7	4.33333333333333
10.9955742875643	-1	1	10.7	4.33333333333333
10.8	-0.980936230066492	1	10.8	1.33333333333333
10.8	-0.980936230066492	1	10.8	2.33333333333333
10.9981065644218	-0.999996793788672	1	10.8	2.33333333333333
10.8	-0.980936230066492	1	10.8	3.33333333333333
10.9981065644218	-0.999996793788672	1	10.8	3.33333333333333
10.9955742821516	-1	1	10.8	3.33333333333333
10.8	-0.980936230066492	1	10.8	4.33333333333333
10.9981065644218	-0.999996793788672	1	10.8	4.33333333333333
10.9955742821516	-1	1	10.8	4.33333333333333
10.9955742875643	-1	1	10.8	4.33333333333333
10.9	-0.995436253306377	1	10.9	1.33333333333333
10.9	-0.995436253306377	1	10.9	2.33333333333333
10.995866360788	-0.999999957346616	1	10.9	2.33333333333333
10.9	-0.995436253306377	1	10.9	3.33333333333333
10.995866360788	-0.999999957346616	1	10.9	3.33333333333333
10.995574287556	-1	1	10.9	3.33333333333333
10.9	-0.995436253306377	1	10.9	4.33333333333333
10.995866360788	-0.999999957346616	1	10.9	4.33333333333333
10.995574287556	-1	1	10.9	4.33333333333333
10.9955742875643	-1	1	10.9	4.33333333333333
11	-0.999990206550703	1	11	1.33333333333333
11	-0.999990206550703	1	11	2.33333333333333
10.9955742586687	-1	1	11	2.33333333333333
11	-0.999990206550703	1	11	3.33333333333333
10.9955742586687	-1	1	11	3.33333333333333
10.9955742875643	-1	1	11	3.33333333333333
11.1	-0.994552588203989	1	11.1	1.33333333333333
11.1	-0.994552588203989	1	11.1	2.33333333333333
10.9951930464995	-0.999999927327626	1	11.1	2.33333333333333
11.1	-0.994552588203989	1	11.1	3.33333333333333
10.9951930464995	-0.999999927327626	1	11.1	3.33333333333333
10.9955742875827	-1	1	11.1	3.33333333333333
11.1	-0.994552588203989	1	11.1	4.33333333333333
10.9951930464995	-0.999999927327626	1	11.1	4.33333333333333
10.9955742875827	-1	1	11.1	4.33333333333333
10.9955742875643	-1	1	11.1	4.33333333333333
11.2	-0.979177729151317	1	11.2	1.33333333333333
11.2	-0.979177729151317	1	11.2	2.33333333333333
10.9926782260513	-0.999995806416787	1	11.2	2.33333333333333
11.2	-0.979177729151317	1	11.2	3.33333333333333
10.9926782260513	-0.999995806416787	1	11.2	3.33333333333333
10.9955742956609	-1	1	11.2	3.33333333333333
11.2	-0.979177729151317	1	11.2	4.33333333333333
10.9926782260513	-0.999995806416787	1	11.2	4.33333333333333
10.9955742956609	-1	1	11.2	4.33333333333333
10.9955742875643	-1	1	11.2	4.33333333333333
11.3	-0.954019249902089	1	11.3	1.33333333333333
11.3	-0.954019249902089	1	11.3	2.33333333333333
10.9858078667618	-0.999952308891433	1	11.3	2.33333333333333
11.3	-0.954019249902089	1	11.3	3.33333333333333
10.9858078667618	-0.999952308891433	1	11.3	3.33333333333333
10.9955745980929	-0.999999999999952	1	11.3	3.33333333333333
11.3	-0.954019249902089	1	11.3	4.33333333333333
10.9858078667618	-0.999952308891433	1	11.3	4.33333333333333
10.9955745980929	-0.999999999999952	1	11.3	4.33333333333333
10.9955742875643	-1	1	11.3	4.33333333333333
11.4	-0.919328525664676	1	11.4	1.33333333333333
11.4	-0.919328525664676	1	11.4	2.33333333333333
10.9719801405451	-0.999721671025346	1	11.4	2.33333333333333
11.4	-0.919328525664676	1	11.4	3.33333333333333
10.9719801405451	-0.999721671025346	1	11.4	3.33333333333333
10.995578666699	-0.999999999990412	1	11.4	3.33333333333333
11.4	-0.919328525664676	1	11.4	4.33333333333333
10.9719801405451	-0.999721671025346	1	11.4	4.33333333333333
10.995578666699	-0.999999999990412	1	11.4	4.33333333333333
10.9955742875643	-1	1	11.4	4.33333333333333
11.5	-0.875452174688429	1	11.5	1.33333333333333
11.5	-0.875452174688429	1	11.5	2.33333333333333
10.9479369944737	-0.998865558711254	1	11.5	2.33333333333333
11.5	-0.875452174688429	1	11.5	3.33333333333333
10.9479369944737	-0.998865558711254	1	11.5	3.33333333333333
10.9956103549259	-0.999999999349573	1	11.5	3.33333333333333
11.5	-0.875452174688429	1	11.5	4.33333333333333
10.9479369944737	-0.998865558711254	1	11.5	4.33333333333333
10.9956103549259	-0.999999999349573	1	11.5	4.33333333333333
10.9955742875643	-1	1	11.5	4.33333333333333
11.5	-0.875452174688429	1	11.5	5.33333333333333
10.9479369944737	-0.998865558711254	1	11.5	5.33333333333333
10.9956103549259	-0.999999999349573	1	11.5	5.33333333333333
10.9955742875643	-1	1	11.5	5.33333333333333
10.9955742875643	-1	1	11.5	5.33333333333333
11.6	-0.822828594968708	1	11.6	1.33333333333333
11.6	-0.822828594968708	1	11.6	2.33333333333333
10.9093462803276	-0.996284668281029	1	11.6	2.33333333333333
11.6	-0.822828594968708	1	11.6	3.33333333333333
10.9093462803276	-0.996284668281029	1	11.6	3.33333333333333
10.995788634561	-0.999999977027683	1	11.6	3.33333333333333
11.6	-0.822828594968708	1	11.6	4.33333333333333
10.9093462803276	-0.996284668281029	1	11.6	4.33333333333333
10.995788634561	-0.999999977027683	1	11.6	4.33333333333333
10.995574287561	-1	1	11.6	4.33333333333333
11.6	-0.822828594968708	1	11.6	5.33333333333333
10.9093462803276	-0.996284668281029	1	11.6	5.33333333333333
10.995788634561	-0.999999977027683	1	11.6	5.33333333333333
10.995574287561	-1	1	11.6	5.33333333333333
10.9955742875643	-1	1	11.6	5.33333333333333
11.7	-0.761983583919032	1	11.7	1.33333333333333
11.7	-0.761983583919032	1	11.7	2.33333333333333
10.8501177291469	-0.989439833510589	1	11.7	2.33333333333333
11.7	-0.761983583919032	1	11.7	3.33333333333333
10.8501177291469	-0.989439833510589	1	11.7	3.33333333333333
10.996608881996	-0.999999464807229	1	11.7	3.33333333333333
11.7	-0.761983583919032	1	11.7	4.33333333333333
10.8501177291469	-0.989439833510589	1	11.7	4.33333333333333
10.996608881996	-0.999999464807229	1	11.7	4.33333333333333
10.9955742871951	-1	1	11.7	4.33333333333333
11.7	-0.761983583919032	1	11.7	5.33333333333333
10.8501177291469	-0.989439833510589	1	11.7	5.33333333333333
10.996608881996	-0.999999464807229	1	11.7	5.33333333333333
10.9955742871951	-1	1	11.7	5.33333333333333
10.9955742875643	-1	1	11.7	5.33333333333333
11.8	-0.693525084777122	1	11.8	1.33333333333333
11.8	-0.693525084777122	1	11.8	2.33333333333333
10.7612019885015	-0.97266030549383	1	11.8	2.33333333333333
11.8	-0.693525084777122	1	11.8	3.33333333333333
10.7612019885015	-0.97266030549383	1	11.8	3.33333333333333
10.9999621087678	-0.999990373527988	1	11.8	3.33333333333333
11.8	-0.693525084777122	1	11.8	4.33333333333333
10.7612019885015	-0.97266030549383	1	11.8	4.33333333333333
10.9999621087678	-0.999990373527988	1	11.8	4.33333333333333
10.9955742594045	-1	1	11.8	4.33333333333333
11.8	-0.693525084777122	1	11.8	5.33333333333333
10.7612019885015	-0.97266030549383	1	11.8	5.33333333333333
10.9999621087678	-0.999990373527988	1	11.8	5.33333333333333
10.9955742594045	-1	1	11.8	5.33333333333333
10.9955742875643	-1	1	11.8	5.33333333333333
11.9	-0.618137112237033	1	11.9	1.33333333333333
11.9	-0.618137112237033	1	11.9	2.33333333333333
10.6283237317749	-0.933318061873555	1	11.9	2.33333333333333
11.9	-0.618137112237033	1	11.9	3.33333333333333
10.6283237317749	-0.933318061873555	1	11.9	3.33333333333333
11.0130271903646	-0.999847701957861	1	11.9	3.33333333333333
11.9	-0.618137112237033	1	11.9	4.33333333333333
10.6283237317749	-0.933318061873555	1	11.9	4.33333333333333
11.0130271903646	-0.999847701957861	1	11.9	4.33333333333333
10.9955725152747	-0.99999999999843	1	11.9	4.33333333333333
11.9	-0.618137112237033	1	11.9	5.33333333333333
10.6283237317749	-0.933318061873555	1	11.9	5.33333333333333
11.0130271903646	-0.999847701957861	1	11.9	5.33333333333333
10.9955725152747	-0.99999999999843	1	11.9	5.33333333333333
10.9955742875643	-1	1	11.9	5.33333333333333
12	-0.536572918000435	1	12	1.33333333333333
12	-0.536572918000435	1	12	2.33333333333333
10.4273265936023	-0.842845282615336	1	12	2.33333333333333
12	-0.536572918000435	1	12	3.33333333333333
10.4273265936023	-0.842845282615336	1	12	3.33333333333333
11.0658256917599	-0.997533384803552	1	12	3.33333333333333
12	-0.536572918000435	1	12	4.33333333333333
10.4273265936023	-0.842845282615336	1	12	4.33333333333333
11.0658256917599	-0.997533384803552	1	12	4.33333333333333
10.9954584893177	-0.999999993295383	1	12	4.33333333333333
12	-0.536572918000435	1	12	5.33333333333333
10.4273265936023	-0.842845282615336	1	12	5.33333333333333
11.0658256917599	-0.997533384803552	1	12	5.33333333333333
10.9954584893177	-0.999999993295383	1	12	5.33333333333333
10.9955742875648	-1	1	12	5.33333333333333
12	-0.536572918000435	1	12	6.33333333333333
10.4273265936023	-0.842845282615336	1	12	6.33333333333333
11.0658256917599	-0.997533384803552	1	12	6.33333333333333
10.9954584893177	-0.999999993295383	1	12	6.33333333333333
10.9955742875648	-1	1	12	6.33333333333333
10.9955742875643	-1	1	12	6.33333333333333
12.1	-0.4496474645346	1	12.1	1.33333333333333
12.1	-0.4496474645346	1	12.1	2.33333333333333
10.1135413141186	-0.635582936937177	1	12.1	2.33333333333333
12.1	-0.4496474645346	1	12.1	3.33333333333333
10.1135413141186	-0.635582936937177	1	12.1	3.33333333333333
11.3282255854744	-0.945179884887034	1	12.1	3.33333333333333
12.1	-0.4496474645346	1	12.1	4.33333333333333
10.1135413141186	-0.635582936937177	1	12.1	4.33333333333333
11.3282255854744	-0.945179884887034	1	12.1	4.33333333333333
10.9827356614338	-0.999917585971577	1	12.1	4.33333333333333
12.1	-0.4496474645346	1	12.1	5.33333333333333
10.1135413141186	-0.635582936937177	1	12.1	5.33333333333333
11.3282255854744	-0.945179884887034	1	12.1	5.33333333333333
10.9827356614338	-0.999917585971577	1	12.1	5.33333333333333
10.9955749930091	-0.999999999999751	1	12.1	5.33333333333333
12.1	-0.4496474645346	1	12.1	6.33333333333333
10.1135413141186	-0.635582936937177	1	12.1	6.33333333333333
11.3282255854744	-0.945179884887034	1	12.1	6.33333333333333
10.9827356614338	-0.999917585971577	1	12.1	6.33333333333333
10.9955749930091	-0.999999999999751	1	12.1	6.33333333333333
10.9955742875643	-1	1	12.1	6.33333333333333
12.2	-0.358229282236827	1	12.2	1.33333333333333
12.2	-0.358229282236827	1	12.2	2.33333333333333
9.59375397163259	-0.168173032450284	1	12.2	2.33333333333333
12.2	-0.358229282236827	1	12.2	3.33333333333333
9.59375397163259	-0.168173032450284	1	12.2	3.33333333333333
15.4553209344512	0.249963282346008	1	12.2	3.33333333333333
12.2	-0.358229282236827	1	12.2	4.33333333333333
9.59375397163259	-0.168173032450284	1	12.2	4.33333333333333
15.4553209344512	0.249963282346008	1	12.2	4.33333333333333
11.5817307528083	-0.83307292912781	1	12.2	4.33333333333333
12.2	-0.358229282236827	1	12.2	5.33333333333333
9.59375397163259	-0.168173032450284	1	12.2	5.33333333333333
15.4553209344512	0.249963282346008	1	12.2	5.33333333333333
11.5817307528083	-0.83307292912781	1	12.2	5.33333333333333
10.9177274554183	-0.996971465268627	1	12.2	5.33333333333333
12.2	-0.358229282236827	1	12.2	6.33333333333333
9.59375397163259	-0.168173032450284	1	12.2	6.33333333333333
15.4553209344512	0.249963282346008	1	12.2	6.33333333333333
11.5817307528083	-0.83307292912781	1	12.2	6.33333333333333
10.9177274554183	-0.996971465268627	1	12.2	6.33333333333333
10.9957319236488	-0.999999987575432	1	12.2	6.33333333333333
12.2	-0.358229282236827	1	12.2	7.33333333333333
9.59375397163259	-0.168173032450284	1	12.2	7.33333333333333
15.4553209344512	0.249963282346008	1	12.2	7.33333333333333
11.5817307528083	-0.83307292912781	1	12.2	7.33333333333333
10.9177274554183	-0.996971465268627	1	12.2	7.33333333333333
10.9957319236488	-0.999999987575432	1	12.2	7.33333333333333
10.995574287563	-1	1	12.2	7.33333333333333
12.2	-0.358229282236827	1	12.2	8.33333333333333
9.59375397163259	-0.168173032450284	1	12.2	8.33333333333333
15.4553209344512	0.249963282346008	1	12.2	8.33333333333333
11.5817307528083	-0.83307292912781	1	12.2	8.33333333333333
10.9177274554183	-0.996971465268627	1	12.2	8.33333333333333
10.9957319236488	-0.999999987575432	1	12.2	8.33333333333333
10.995574287563	-1	1	12.2	8.33333333333333
10.9955742875643	-1	1	12.2	8.33333333333333
12.3	-0.263231791365801	1	12.3	1.33333333333333
12.3	-0.263231791365801	1	12.3	2.33333333333333
8.63504519769056	0.710165153599564	1	12.3	2.33333333333333
12.3	-0.263231791365801	1	12.3	3.33333333333333
8.63504519769056	0.710165153599564	1	12.3	3.33333333333333
7.64367703555222	0.977967372797581	1	12.3	3.33333333333333
12.3	-0.263231791365801	1	12.3	4.33333333333333
8.63504519769056	0.710165153599564	1	12.3	4.33333333333333
7.64367703555222	0.977967372797581	1	12.3	4.33333333333333
7.85713793685754	0.99999501888019	1	12.3	4.33333333333333
12.3	-0.263231791365801	1	12.3	5.33333333333333
8.63504519769056	0.710165153599564	1	12.3	5.33333333333333
7.64367703555222	0.977967372797581	1	12.3	5.33333333333333
7.85713793685754	0.99999501888019	1	12.3	5.33333333333333
7.85398162349315	1	1	12.3	5.33333333333333
12.3	-0.263231791365801	1	12.3	6.33333333333333
8.63504519769056	0.710165153599564	1	12.3	6.33333333333333
7.64367703555222	0.977967372797581	1	12.3	6.33333333333333
7.85713793685754	0.99999501888019	1	12.3	6.33333333333333
7.85398162349315	1	1	12.3	6.33333333333333
7.85398163397448	1	1	12.3	6.33333333333333
12.4	-0.165604175448309	1	12.4	1.33333333333333
12.4	-0.165604175448309	1	12.4	2.33333333333333
6.44488262684725	0.160993616604834	1	12.4	2.33333333333333
12.4	-0.165604175448309	1	12.4	3.33333333333333
6.44488262684725	0.160993616604834	1	12.4	3.33333333333333
12.5752837467514	0.0089130143770174	1	12.4	3.33333333333333
12.4	-0.165604175448309	1	12.4	4.33333333333333
6.44488262684725	0.160993616604834	1	12.4	4.33333333333333
12.5752837467514	0.0089130143770174	1	12.4	4.33333333333333
16.4933614313464	-0.781702291107254	1	12.4	4.33333333333333
12.4	-0.165604175448309	1	12.4	5.33333333333333
6.44488262684725	0.160993616604834	1	12.4	5.33333333333333
12.5752837467514	0.0089130143770174	1	12.4	5.33333333333333
16.4933614313464	-0.781702291107254	1	12.4	5.33333333333333
16.4933614313464	-0.992271452427372	1	12.4	5.33333333333333
12.4	-0.165604175448309	1	12.4	6.33333333333333
6.44488262684725	0.160993616604834	1	12.4	6.33333333333333
12.5752837467514	0.0089130143770174	1	12.4	6.33333333333333
16.4933614313464	-0.781702291107254	1	12.4	6.33333333333333
16.4933614313464	-0.992271452427372	1	12.4	6.33333333333333
16.4933614313464	-0.999999791461557	1	12.4	6.33333333333333
12.4	-0.165604175448309	1	12.4	7.33333333333333
6.44488262684725	0.160993616604834	1	12.4	7.33333333333333
12.5752837467514	0.0089130143770174	1	12.4	7.33333333333333
16.4933614313464	-0.781702291107254	1	12.4	7.33333333333333
16.4933614313464	-0.992271452427372	1	12.4	7.33333333333333
16.4933614313464	-0.999999791461557	1	12.4	7.33333333333333
16.4933614313464	-1	1	12.4	7.33333333333333
12.4	-0.165604175448309	1	12.4	8.33333333333333
6.44488262684725	0.160993616604834	1	12.4	8.33333333333333
12.5752837467514	0.0089130143770174	1	12.4	8.33333333333333
16.4933614313464	-0.781702291107254	1	12.4	8.33333333333333
16.4933614313464	-0.992271452427372	1	12.4	8.33333333333333
16.4933614313464	-0.999999791461557	1	12.4	8.33333333333333
16.4933614313464	-1	1	12.4	8.33333333333333
16.4933614313464	-1	1	12.4	8.33333333333333
12.5	-0.0663218973512007	1	12.5	1.33333333333333
12.5	-0.0663218973512007	1	12.5	2.33333333333333
-0.785398163397448	-0.562009922691766	1	12.5	2.33333333333333
12.5	-0.0663218973512007	1	12.5	3.33333333333333
-0.785398163397448	-0.562009922691766	1	12.5	3.33333333333333
-0.785398163397448	-0.878657175722465	1	12.5	3.33333333333333
12.5	-0.0663218973512007	1	12.5	4.33333333333333
-0.785398163397448	-0.562009922691766	1	12.5	4.33333333333333
-0.785398163397448	-0.878657175722465	1	12.5	4.33333333333333
-0.785398163397448	-0.99895887103585	1	12.5	4.33333333333333
12.5	-0.0663218973512007	1	12.5	5.33333333333333
-0.785398163397448	-0.562009922691766	1	12.5	5.33333333333333
-0.785398163397448	-0.878657175722465	1	12.5	5.33333333333333
-0.785398163397448	-0.99895887103585	1	12.5	5.33333333333333
-0.785398163397448	-0.999999999497332	1	12.5	5.33333333333333
12.5	-0.0663218973512007	1	12.5	6.33333333333333
-0.785398163397448	-0.562009922691766	1	12.5	6.33333333333333
-0.785398163397448	-0.878657175722465	1	12.5	6.33333333333333
-0.785398163397448	-0.99895887103585	1	12.5	6.33333333333333
-0.785398163397448	-0.999999999497332	1	12.5	6.33333333333333
-0.785398163397448	-1	1	12.5	6.33333333333333
12.5	-0.0663218973512007	1	12.5	7.33333333333333
-0.785398163397448	-0.562009922691766	1	12.5	7.33333333333333
-0.785398163397448	-0.878657175722465	1	12.5	7.33333333333333
-0.785398163397448	-0.99895887103585	1	12.5	7.33333333333333
-0.785398163397448	-0.999999999497332	1	12.5	7.33333333333333
-0.785398163397448	-1	1	12.5	7.33333333333333
-0.785398163397448	-1	1	12.5	7.33333333333333
0.1	0.0998334166468281	1	0.1	1.66666666666667
0.1	0.0998334166468281	1	0.1	2.66666666666667
10.0666444232592	-0.598691481919261	1	0.1	2.66666666666667
0.1	0.0998334166468281	1	0.1	3.66666666666667
10.0666444232592	-0.598691481919261	1	0.1	3.66666666666667
11.4045283629979	-0.91753723638326	1	0.1	3.66666666666667
0.1	0.0998334166468281	1	0.1	4.66666666666667
10.0666444232592	-0.598691481919261	1	0.1	4.66666666666667
11.4045283629979	-0.91753723638326	1	0.1	4.66666666666667
10.9711400980193	-0.999701500042192	1	0.1	4.66666666666667
0.1	0.0998334166468281	1	0.1	5.66666666666667
10.0666444232592	-0.598691481919261	1	0.1	5.66666666666667
11.4045283629979	-0.91753723638326	1	0.1	5.66666666666667
10.9711400980193	-0.999701500042192	1	0.1	5.66666666666667
10.9955791513708	-0.999999999988172	1	0.1	5.66666666666667
0.1	0.0998334166468281	1	0.1	6.66666666666667
10.0666444232592	-0.598691481919261	1	0.1	6.66666666666667
11.4045283629979	-0.91753723638326	1	0.1	6.66666666666667
10.9711400980193	-0.999701500042192	1	0.1	6.66666666666667
10.9955791513708	-0.999999999988172	1	0.1	6.66666666666667
10.9955742875643	-1	1	0.1	6.66666666666667
0.2	0.198669330795061	1	0.2	1.66666666666667
0.2	0.198669330795061	1	0.2	2.66666666666667
5.13315487558689	-0.912776370761293	1	0.2	2.66666666666667
0.2	0.198669330795061	1	0.2	3.66666666666667
5.13315487558689	-0.912776370761293	1	0.2	3.66666666666667
4.68566337940159	-0.999642892382379	1	0.2	3.66666666666667
0.2	0.198669330795061	1	0.2	4.66666666666667
5.13315487558689	-0.912776370761293	1	0.2	4.66666666666667
4.68566337940159	-0.999642892382379	1	0.2	4.66666666666667
4.71239534519233	-0.999999999979745	1	0.2	4.66666666666667
0.2	0.198669330795061	1	0.2	5.66666666666667
5.13315487558689	-0.912776370761293	1	0.2	5.66666666666667
4.68566337940159	-0.999642892382379	1	0.2	5.66666666666667
4.71239534519233	-0.999999999979745	1	0.2	5.66666666666667
4.71238898038469	-1	1	0.2	5.66666666666667
0.3	0.29552020666134	1	0.3	1.66666666666667
0.3	0.29552020666134	1	0.3	2.66666666666667
3.53272814376583	-0.381238394953024	1	0.3	2.66666666666667
0.3	0.29552020666134	1	0.3	3.66666666666667
3.53272814376583	-0.381238394953024	1	0.3	3.66666666666667
5.95765904190759	-0.319807457284175	1	0.3	3.66666666666667
0.3	0.29552020666134	1	0.3	4.66666666666667
3.53272814376583	-0.381238394953024	1	0.3	4.66666666666667
5.95765904190759	-0.319807457284175	1	0.3	4.66666666666667
2.99499343643595	0.146074679085186	1	0.3	4.66666666666667
0.3	0.29552020666134	1	0.3	5.66666666666667
3.53272814376583	-0.381238394953024	1	0.3	5.66666666666667
5.95765904190759	-0.319807457284175	1	0.3	5.66666666666667
2.99499343643595	0.146074679085186	1	0.3	5.66666666666667
-0.785398163397448	0.59381830349462	1	0.3	5.66666666666667
0.3	0.29552020666134	1	0.3	6.66666666666667
3.53272814376583	-0.381238394953024	1	0.3	6.66666666666667
5.95765904190759	-0.319807457284175	1	0.3	6.66666666666667
2.99499343643595	0.146074679085186	1	0.3	6.66666666666667
-0.785398163397448	0.59381830349462	1	0.3	6.66666666666667
-0.785398163397448	0.913105916282793	1	0.3	6.66666666666667
0.3	0.29552020666134	1	0.3	7.66666666666667
3.53272814376583	-0.381238394953024	1	0.3	7.66666666666667
5.95765904190759	-0.319807457284175	1	0.3	7.66666666666667
2.99499343643595	0.146074679085186	1	0.3	7.66666666666667
-0.785398163397448	0.59381830349462	1	0.3	7.66666666666667
-0.785398163397448	0.913105916282793	1	0.3	7.66666666666667
-0.785398163397448	0.99964719121169	1	0.3	7.66666666666667
0.3	0.29552020666134	1	0.3	8.66666666666667
3.53272814376583	-0.381238394953024	1	0.3	8.66666666666667
5.95765904190759	-0.319807457284175	1	0.3	8.66666666666667
2.99499343643595	0.146074679085186	1	0.3	8.66666666666667
-0.785398163397448	0.59381830349462	1	0.3	8.66666666666667
-0.785398163397448	0.913105916282793	1	0.3	8.66666666666667
-0.785398163397448	0.99964719121169	1	0.3	8.66666666666667
-0.785398163397448	0.999999999980468	1	0.3	8.66666666666667
0.3	0.29552020666134	1	0.3	9.66666666666667
3.53272814376583	-0.381238394953024	1	0.3	9.66666666666667
5.95765904190759	-0.319807457284175	1	0.3	9.66666666666667
2.99499343643595	0.146074679085186	1	0.3	9.66666666666667
-0.785398163397448	0.59381830349462	1	0.3	9.66666666666667
-0.785398163397448	0.913105916282793	1	0.3	9.66666666666667
-0.785398163397448	0.99964719121169	1	0.3	9.66666666666667
-0.785398163397448	0.999999999980468	1	0.3	9.66666666666667
-0.785398163397448	1	1	0.3	9.66666666666667
0.4	0.389418342308651	1	0.4	1.66666666666667
0.4	0.389418342308651	1	0.4	2.66666666666667
2.76522242003911	0.367547197604172	1	0.4	2.66666666666667
0.4	0.389418342308651	1	0.4	3.66666666666667
2.76522242003911	0.367547197604172	1	0.4	3.66666666666667
0.23492188805033	0.232767019810867	1	0.4	3.66666666666667
0.4	0.389418342308651	1	0.4	4.66666666666667
2.76522242003911	0.367547197604172	1	0.4	4.66666666666667
0.23492188805033	0.232767019810867	1	0.4	4.66666666666667
4.41305900977628	-0.955534281890982	1	0.4	4.66666666666667
0.4	0.389418342308651	1	0.4	5.66666666666667
2.76522242003911	0.367547197604172	1	0.4	5.66666666666667
0.23492188805033	0.232767019810867	1	0.4	5.66666666666667
4.41305900977628	-0.955534281890982	1	0.4	5.66666666666667
4.7216612676291	-0.999957012652617	1	0.4	5.66666666666667
0.4	0.389418342308651	1	0.4	6.66666666666667
2.76522242003911	0.367547197604172	1	0.4	6.66666666666667
0.23492188805033	0.232767019810867	1	0.4	6.66666666666667
4.41305900977628	-0.955534281890982	1	0.4	6.66666666666667
4.7216612676291	-0.999957012652617	1	0.4	6.66666666666667
4.71238871464629	-0.999999999999965	1	0.4	6.66666666666667
0.4	0.389418342308651	1	0.4	7.66666666666667
2.76522242003911	0.367547197604172	1	0.4	7.66666666666667
0.23492188805033	0.232767019810867	1	0.4	7.66666666666667
4.41305900977628	-0.955534281890982	1	0.4	7.66666666666667
4.7216612676291	-0.999957012652617	1	0.4	7.66666666666667
4.71238871464629	-0.999999999999965	1	0.4	7.66666666666667
4.71238898038469	-1	1	0.4	7.66666666666667
0.5	0.479425538604203	1	0.5	1.66666666666667
0.5	0.479425538604203	1	0.5	2.66666666666667
2.33048772171245	0.725048580881258	1	0.5	2.66666666666667
0.5	0.479425538604203	1	0.5	3.66666666666667
2.33048772171245	0.725048580881258	1	0.5	3.66666666666667
1.38062347483022	0.981971575816325	1	0.5	3.66666666666667
0.5	0.479425538604203	1	0.5	4.66666666666667
2.33048772171245	0.725048580881258	1	0.5	4.66666666666667
1.38062347483022	0.981971575816325	1	0.5	4.66666666666667
1.57312256357271	0.999997294312447	1	0.5	4.66666666666667
0.5	0.479425538604203	1	0.5	5.66666666666667
2.33048772171245	0.725048580881258	1	0.5	5.66666666666667
1.38062347483022	0.981971575816325	1	0.5	5.66666666666667
1.57312256357271	0.999997294312447	1	0.5	5.66666666666667
1.57079632259884	1	1	0.5	5.66666666666667
0.5	0.479425538604203	1	0.5	6.66666666666667
2.33048772171245	0.725048580881258	1	0.5	6.66666666666667
1.38062347483022	0.981971575816325	1	0.5	6.66666666666667
1.57312256357271	0.999997294312447	1	0.5	6.66666666666667
1.57079632259884	1	1	0.5	6.66666666666667
1.5707963267949	1	1	0.5	6.66666666666667
0.6	0.564642473395035	1	0.6	1.66666666666667
0.6	0.564642473395035	1	0.6	2.66666666666667
2.0616959470781	0.881909117029116	1	0.6	2.66666666666667
0.6	0.564642473395035	1	0.6	3.66666666666667
2.0616959470781	0.881909117029116	1	0.6	3.66666666666667
1.52715168049241	0.999047723601347	1	0.6	3.66666666666667
0.6	0.564642473395035	1	0.6	4.66666666666667
2.0616959470781	0.881909117029116	1	0.6	4.66666666666667
1.52715168049241	0.999047723601347	1	0.6	4.66666666666667
1.57082406016942	0.99999999961543	1	0.6	4.66666666666667
0.6	0.564642473395035	1	0.6	5.66666666666667
2.0616959470781	0.881909117029116	1	0.6	5.66666666666667
1.52715168049241	0.999047723601347	1	0.6	5.66666666666667
1.57082406016942	0.99999999961543	1	0.6	5.66666666666667
1.57079632679489	1	1	0.6	5.66666666666667
0.6	0.564642473395035	1	0.6	6.66666666666667
2.0616959470781	0.881909117029116	1	0.6	6.66666666666667
1.52715168049241	0.999047723601347	1	0.6	6.66666666666667
1.57082406016942	0.99999999961543	1	0.6	6.66666666666667
1.57079632679489	1	1	0.6	6.66666666666667
1.5707963267949	1	1	0.6	6.66666666666667
0.7	0.644217687237691	1	0.7	1.66666666666667
0.7	0.644217687237691	1	0.7	2.66666666666667
1.88724183212668	0.950347544371451	1	0.7	2.66666666666667
0.7	0.644217687237691	1	0.7	3.66666666666667
1.88724183212668	0.950347544371451	1	0.7	3.66666666666667
1.55979264772175	0.999939460134283	1	0.7	3.66666666666667
0.7	0.644217687237691	1	0.7	4.66666666666667
1.88724183212668	0.950347544371451	1	0.7	4.66666666666667
1.55979264772175	0.999939460134283	1	0.7	4.66666666666667
1.57079677092839	0.999999999999901	1	0.7	4.66666666666667
0.7	0.644217687237691	1	0.7	5.66666666666667
1.88724183212668	0.950347544371451	1	0.7	5.66666666666667
1.55979264772175	0.999939460134283	1	0.7	5.66666666666667
1.57079677092839	0.999999999999901	1	0.7	5.66666666666667
1.5707963267949	1	1	0.7	5.66666666666667
0.8	0.717356090899523	1	0.8	1.66666666666667
0.8	0.717356090899523	1	0.8	2.66666666666667
1.77121460065047	0.979983393923886	1	0.8	2.66666666666667
0.8	0.717356090899523	1	0.8	3.66666666666667
1.77121460065047	0.979983393923886	1	0.8	3.66666666666667
1.56806906689472	0.999996281029024	1	0.8	3.66666666666667
0.8	0.717356090899523	1	0.8	4.66666666666667
1.77121460065047	0.979983393923886	1	0.8	4.66666666666667
1.56806906689472	0.999996281029024	1	0.8	4.66666666666667
1.57079633355665	1	1	0.8	4.66666666666667
0.8	0.717356090899523	1	0.8	5.66666666666667
1.77121460065047	0.979983393923886	1	0.8	5.66666666666667
1.56806906689472	0.999996281029024	1	0.8	5.66666666666667
1.57079633355665	1	1	0.8	5.66666666666667
1.5707963267949	1	1	0.8	5.66666666666667
0.9	0.783326909627483	1	0.9	1.66666666666667
0.9	0.783326909627483	1	0.9	2.66666666666667
1.69355114784232	0.992475083333372	1	0.9	2.66666666666667
0.9	0.783326909627483	1	0.9	3.66666666666667
1.69355114784232	0.992475083333372	1	0.9	3.66666666666667
1.57017600043367	0.999999807597609	1	0.9	3.66666666666667
0.9	0.783326909627483	1	0.9	4.66666666666667
1.69355114784232	0.992475083333372	1	0.9	4.66666666666667
1.57017600043367	0.999999807597609	1	0.9	4.66666666666667
1.57079632687447	1	1	0.9	4.66666666666667
0.9	0.783326909627483	1	0.9	5.66666666666667
1.69355114784232	0.992475083333372	1	0.9	5.66666666666667
1.57017600043367	0.999999807597609	1	0.9	5.66666666666667
1.57079632687447	1	1	0.9	5.66666666666667
1.5707963267949	1	1	0.9	5.66666666666667
1	0.841470984807897	1	1	1.66666666666667
1	0.841470984807897	1	1	2.66666666666667
1.64209261593433	0.997459496000245	1	1	2.66666666666667
1	0.841470984807897	1	1	3.66666666666667
1.64209261593433	0.997459496000245	1	1	3.66666666666667
1.57067527716125	0.999999992673493	1	1	3.66666666666667
1	0.841470984807897	1	1	4.66666666666667
1.64209261593433	0.997459496000245	1	1	4.66666666666667
1.57067527716125	0.999999992673493	1	1	4.66666666666667
1.57079632679549	1	1	1	4.66666666666667
1	0.841470984807897	1	1	5.66666666666667
1.64209261593433	0.997459496000245	1	1	5.66666666666667
1.57067527716125	0.999999992673493	1	1	5.66666666666667
1.57079632679549	1	1	1	5.66666666666667
1.5707963267949	1	1	1	5.66666666666667
1.1	0.891207360061435	1	1.1	1.66666666666667
1.1	0.891207360061435	1	1.1	2.66666666666667
1.60896810523906	0.99927154612323	1	1.1	2.66666666666667
1.1	0.891207360061435	1	1.1	3.66666666666667
1.60896810523906	0.99927154612323	1	1.1	3.66666666666667
1.57077777614515	0.999999999827937	1	1.1	3.66666666666667
1.1	0.891207360061435	1	1.1	4.66666666666667
1.60896810523906	0.99927154612323	1	1.1	4.66666666666667
1.57077777614515	0.999999999827937	1	1.1	4.66666666666667
1.5707963267949	1	1	1.1	4.66666666666667
1.1	0.891207360061435	1	1.1	5.66666666666667
1.60896810523906	0.99927154612323	1	1.1	5.66666666666667
1.57077777614515	0.999999999827937	1	1.1	5.66666666666667
1.5707963267949	1	1	1.1	5.66666666666667
1.5707963267949	1	1	1.1	5.66666666666667
1.2	0.932039085967226	1	1.2	1.66666666666667
1.2	0.932039085967226	1	1.2	2.66666666666667
1.5887795693682	0.999838305850962	1	1.2	2.66666666666667
1.2	0.932039085967226	1	1.2	3.66666666666667
1.5887795693682	0.999838305850962	1	1.2	3.66666666666667
1.57079438796845	0.99999999999812	1	1.2	3.66666666666667
1.2	0.932039085967226	1	1.2	4.66666666666667
1.5887795693682	0.999838305850962	1	1.2	4.66666666666667
1.57079438796845	0.99999999999812	1	1.2	4.66666666666667
1.5707963267949	1	1	1.2	4.66666666666667
1.3	0.963558185417193	1	1.3	1.66666666666667
1.3	0.963558185417193	1	1.3	2.66666666666667
1.57761564654113	0.999976748529205	1	1.3	2.66666666666667
1.3	0.963558185417193	1	1.3	3.66666666666667
1.57761564654113	0.999976748529205	1	1.3	3.66666666666667
1.57079622108638	0.999999999999994	1	1.3	3.66666666666667
1.3	0.963558185417193	1	1.3	4.66666666666667
1.57761564654113	0.999976748529205	1	1.3	4.66666666666667
1.57079622108638	0.999999999999994	1	1.3	4.66666666666667
1.5707963267949	1	1	1.3	4.66666666666667
1.4	0.98544972998846	1	1.4	1.66666666666667
1.4	0.98544972998846	1	1.4	2.66666666666667
1.5724767258318	0.999998588129871	1	1.4	2.66666666666667
1.4	0.98544972998846	1	1.4	3.66666666666667
1.5724767258318	0.999998588129871	1	1.4	3.66666666666667
1.57079632521322	1	1	1.4	3.66666666666667
1.4	0.98544972998846	1	1.4	4.66666666666667
1.5724767258318	0.999998588129871	1	1.4	4.66666666666667
1.57079632521322	1	1	1.4	4.66666666666667
1.5707963267949	1	1	1.4	4.66666666666667
1.5	0.997494986604054	1	1.5	1.66666666666667
1.5	0.997494986604054	1	1.5	2.66666666666667
1.57091484430265	0.9999999929768	1	1.5	2.66666666666667
1.5	0.997494986604054	1	1.5	3.66666666666667
1.57091484430265	0.9999999929768	1	1.5	3.66666666666667
1.57079632679434	1	1	1.5	3.66666666666667
1.5	0.997494986604054	1	1.5	4.66666666666667
1.57091484430265	0.9999999929768	1	1.5	4.66666666666667
1.57079632679434	1	1	1.5	4.66666666666667
1.5707963267949	1	1	1.5	4.66666666666667
1.6	0.999573603041505	1	1.6	1.66666666666667
1.6	0.999573603041505	1	1.6	2.66666666666667
1.57078802180006	0.999999999965513	1	1.6	2.66666666666667
1.6	0.999573603041505	1	1.6	3.66666666666667
1.57078802180006	0.999999999965513	1	1.6	3.66666666666667
1.5707963267949	1	1	1.6	3.66666666666667
1.6	0.999573603041505	1	1.6	4.66666666666667
1.57078802180006	0.999999999965513	1	1.6	4.66666666666667
1.5707963267949	1	1	1.6	4.66666666666667
1.5707963267949	1	1	1.6	4.66666666666667
1.7	0.991664810452469	1	1.7	1.66666666666667
1.7	0.991664810452469	1	1.7	2.66666666666667
1.57007253566179	0.999999738063209	1	1.7	2.66666666666667
1.7	0.991664810452469	1	1.7	3.66666666666667
1.57007253566179	0.999999738063209	1	1.7	3.66666666666667
1.57079632692129	1	1	1.7	3.66666666666667
1.7	0.991664810452469	1	1.7	4.66666666666667
1.57007253566179	0.999999738063209	1	1.7	4.66666666666667
1.57079632692129	1	1	1.7	4.66666666666667
1.5707963267949	1	1	1.7	4.66666666666667
1.8	0.973847630878195	1	1.8	1.66666666666667
1.8	0.973847630878195	1	1.8	2.66666666666667
1.56669646514599	0.999991595579002	1	1.8	2.66666666666667
1.8	0.973847630878195	1	1.8	3.66666666666667
1.56669646514599	0.999991595579002	1	1.8	3.66666666666667
1.57079634976639	1	1	1.8	3.66666666666667
1.8	0.973847630878195	1	1.8	4.66666666666667
1.56669646514599	0.999991595579002	1	1.8	4.66666666666667
1.57079634976639	1	1	1.8	4.66666666666667
1.5707963267949	1	1	1.8	4.66666666666667
1.9	0.946300087687414	1	1.9	1.66666666666667
1.9	0.946300087687414	1	1.9	2.66666666666667
1.55836464450345	0.999922727632893	1	1.9	2.66666666666667
1.9	0.946300087687414	1	1.9	3.66666666666667
1.55836464450345	0.999922727632893	1	1.9	3.66666666666667
1.57079696725975	0.999999999999795	1	1.9	3.66666666666667
1.9	0.946300087687414	1	1.9	4.66666666666667
1.55836464450345	0.999922727632893	1	1.9	4.66666666666667
1.57079696725975	0.999999999999795	1	1.9	4.66666666666667
1.5707963267949	1	1	1.9	4.66666666666667
2	0.909297426825682	1	2	1.66666666666667
2	0.909297426825682	1	2	2.66666666666667
1.54234244563971	0.999595215634949	1	2	2.66666666666667
2	0.909297426825682	1	2	3.66666666666667
1.54234244563971	0.999595215634949	1	2	3.66666666666667
1.5708040082581	0.999999999970498	1	2	3.66666666666667
2	0.909297426825682	1	2	4.66666666666667
1.54234244563971	0.999595215634949	1	2	4.66666666666667
1.5708040082581	0.999999999970498	1	2	4.66666666666667
1.5707963267949	1	1	2	4.66666666666667
2.1	0.863209366648874	1	2.1	1.66666666666667
2.1	0.863209366648874	1	2.1	2.66666666666667
1.51515219354054	0.998452264629512	1	2.1	2.66666666666667
2.1	0.863209366648874	1	2.1	3.66666666666667
1.51515219354054	0.998452264629512	1	2.1	3.66666666666667
1.57085382775677	0.99999999834682	1	2.1	3.66666666666667
2.1	0.863209366648874	1	2.1	4.66666666666667
1.51515219354054	0.998452264629512	1	2.1	4.66666666666667
1.57085382775677	0.99999999834682	1	2.1	4.66666666666667
1.57079632679483	1	1	2.1	4.66666666666667
2.1	0.863209366648874	1	2.1	5.66666666666667
1.51515219354054	0.998452264629512	1	2.1	5.66666666666667
1.57085382775677	0.99999999834682	1	2.1	5.66666666666667
1.57079632679483	1	1	2.1	5.66666666666667
1.5707963267949	1	1	2.1	5.66666666666667
2.2	0.80849640381959	1	2.2	1.66666666666667
2.2	0.80849640381959	1	2.2	2.66666666666667
1.47210422399521	0.995133886062433	1	2.2	2.66666666666667
2.2	0.80849640381959	1	2.2	3.66666666666667
1.47210422399521	0.995133886062433	1	2.2	3.66666666666667
1.57111800480252	0.99999994826163	1	2.2	3.66666666666667
2.2	0.80849640381959	1	2.2	4.66666666666667
1.47210422399521	0.995133886062433	1	2.2	4.66666666666667
1.57111800480252	0.99999994826163	1	2.2	4.66666666666667
1.5707963267838	1	1	2.2	4.66666666666667
2.2	0.80849640381959	1	2.2	5.66666666666667
1.47210422399521	0.995133886062433	1	2.2	5.66666666666667
1.57111800480252	0.99999994826163	1	2.2	5.66666666666667
1.5707963267838	1	1	2.2	5.66666666666667
1.5707963267949	1	1	2.2	5.66666666666667
2.3	0.74570521217672	1	2.3	1.66666666666667
2.3	0.74570521217672	1	2.3	2.66666666666667
1.40651553670255	0.986536232121173	1	2.3	2.66666666666667
2.3	0.74570521217672	1	2.3	3.66666666666667
1.40651553670255	0.986536232121173	1	2.3	3.66666666666667
1.57229033684844	0.999998883967188	1	2.3	3.66666666666667
2.3	0.74570521217672	1	2.3	4.66666666666667
1.40651553670255	0.986536232121173	1	2.3	4.66666666666667
1.57229033684844	0.999998883967188	1	2.3	4.66666666666667
1.57079632568332	1	1	2.3	4.66666666666667
2.3	0.74570521217672	1	2.3	5.66666666666667
1.40651553670255	0.986536232121173	1	2.3	5.66666666666667
1.57229033684844	0.999998883967188	1	2.3	5.66666666666667
1.57079632568332	1	1	2.3	5.66666666666667
1.5707963267949	1	1	2.3	5.66666666666667
2.4	0.675463180551151	1	2.4	1.66666666666667
2.4	0.675463180551151	1	2.4	2.66666666666667
1.30831397362094	0.96574883658263	1	2.4	2.66666666666667
2.4	0.675463180551151	1	2.4	3.66666666666667
1.30831397362094	0.96574883658263	1	2.4	3.66666666666667
1.57699530022902	0.999980786425709	1	2.4	3.66666666666667
2.4	0.675463180551151	1	2.4	4.66666666666667
1.30831397362094	0.96574883658263	1	2.4	4.66666666666667
1.57699530022902	0.999980786425709	1	2.4	4.66666666666667
1.57079624739046	0.999999999999997	1	2.4	4.66666666666667
2.4	0.675463180551151	1	2.4	5.66666666666667
1.30831397362094	0.96574883658263	1	2.4	5.66666666666667
1.57699530022902	0.999980786425709	1	2.4	5.66666666666667
1.57079624739046	0.999999999999997	1	2.4	5.66666666666667
1.5707963267949	1	1	2.4	5.66666666666667
2.5	0.598472144103957	1	2.5	1.66666666666667
2.5	0.598472144103957	1	2.5	2.66666666666667
1.16135187169585	0.917342126659289	1	2.5	2.66666666666667
2.5	0.598472144103957	1	2.5	3.66666666666667
1.16135187169585	0.917342126659289	1	2.5	3.66666666666667
1.59532274595658	0.999699242458612	1	2.5	3.66666666666667
2.5	0.598472144103957	1	2.5	4.66666666666667
1.16135187169585	0.917342126659289	1	2.5	4.66666666666667
1.59532274595658	0.999699242458612	1	2.5	4.66666666666667
1.57079140769439	0.999999999987901	1	2.5	4.66666666666667
2.5	0.598472144103957	1	2.5	5.66666666666667
1.16135187169585	0.917342126659289	1	2.5	5.66666666666667
1.59532274595658	0.999699242458612	1	2.5	5.66666666666667
1.57079140769439	0.999999999987901	1	2.5	5.66666666666667
1.5707963267949	1	1	2.5	5.66666666666667
2.6	0.515501371821464	1	2.6	1.66666666666667
2.6	0.515501371821464	1	2.6	2.66666666666667
0.937756599286573	0.806232938481609	1	2.6	2.66666666666667
2.6	0.515501371821464	1	2.6	3.66666666666667
0.937756599286573	0.806232938481609	1	2.6	3.66666666666667
1.67153735610909	0.994929912605982	1	2.6	3.66666666666667
2.6	0.515501371821464	1	2.6	4.66666666666667
0.937756599286573	0.806232938481609	1	2.6	4.66666666666667
1.67153735610909	0.994929912605982	1	2.6	4.66666666666667
1.5704541389409	0.999999941453737	1	2.6	4.66666666666667
2.6	0.515501371821464	1	2.6	5.66666666666667
0.937756599286573	0.806232938481609	1	2.6	5.66666666666667
1.67153735610909	0.994929912605982	1	2.6	5.66666666666667
1.5704541389409	0.999999941453737	1	2.6	5.66666666666667
1.57079632680825	1	1	2.6	5.66666666666667
2.6	0.515501371821464	1	2.6	6.66666666666667
0.937756599286573	0.806232938481609	1	2.6	6.66666666666667
1.67153735610909	0.994929912605982	1	2.6	6.66666666666667
1.5704541389409	0.999999941453737	1	2.6	6.66666666666667
1.57079632680825	1	1	2.6	6.66666666666667
1.5707963267949	1	1	2.6	6.66666666666667
2.7	0.42737988023383	1	2.7	1.66666666666667
2.7	0.42737988023383	1	2.7	2.66666666666667
0.584616979343011	0.551880012882003	1	2.7	2.66666666666667
2.7	0.42737988023383	1	2.7	3.66666666666667
0.584616979343011	0.551880012882003	1	2.7	3.66666666666667
2.09567646515842	0.865384011617785	1	2.7	3.66666666666667
2.7	0.42737988023383	1	2.7	4.66666666666667
0.584616979343011	0.551880012882003	1	2.7	4.66666666666667
2.09567646515842	0.865384011617785	1	2.7	4.66666666666667
1.51661644648173	0.998532629287915	1	2.7	4.66666666666667
2.7	0.42737988023383	1	2.7	5.66666666666667
0.584616979343011	0.551880012882003	1	2.7	5.66666666666667
2.09567646515842	0.865384011617785	1	2.7	5.66666666666667
1.51661644648173	0.998532629287915	1	2.7	5.66666666666667
1.57084940339766	0.999999998591437	1	2.7	5.66666666666667
2.7	0.42737988023383	1	2.7	6.66666666666667
0.584616979343011	0.551880012882003	1	2.7	6.66666666666667
2.09567646515842	0.865384011617785	1	2.7	6.66666666666667
1.51661644648173	0.998532629287915	1	2.7	6.66666666666667
1.57084940339766	0.999999998591437	1	2.7	6.66666666666667
1.57079632679485	1	1	2.7	6.66666666666667
2.7	0.42737988023383	1	2.7	7.66666666666667
0.584616979343011	0.551880012882003	1	2.7	7.66666666666667
2.09567646515842	0.865384011617785	1	2.7	7.66666666666667
1.51661644648173	0.998532629287915	1	2.7	7.66666666666667
1.57084940339766	0.999999998591437	1	2.7	7.66666666666667
1.57079632679485	1	1	2.7	7.66666666666667
1.5707963267949	1	1	2.7	7.66666666666667
2.8	0.334988150155905	1	2.8	1.66666666666667
2.8	0.334988150155905	1	2.8	2.66666666666667
-0.785398163397448	-0.0127031531492199	1	2.8	2.66666666666667
2.8	0.334988150155905	1	2.8	3.66666666666667
-0.785398163397448	-0.0127031531492199	1	2.8	3.66666666666667
-0.785398163397448	0.186057543878787	1	2.8	3.66666666666667
2.8	0.334988150155905	1	2.8	4.66666666666667
-0.785398163397448	-0.0127031531492199	1	2.8	4.66666666666667
-0.785398163397448	0.186057543878787	1	2.8	4.66666666666667
-0.785398163397448	-0.727865532204144	1	2.8	4.66666666666667
2.8	0.334988150155905	1	2.8	5.66666666666667
-0.785398163397448	-0.0127031531492199	1	2.8	5.66666666666667
-0.785398163397448	0.186057543878787	1	2.8	5.66666666666667
-0.785398163397448	-0.727865532204144	1	2.8	5.66666666666667
-0.785398163397448	-0.982658361445592	1	2.8	5.66666666666667
2.8	0.334988150155905	1	2.8	6.66666666666667
-0.785398163397448	-0.0127031531492199	1	2.8	6.66666666666667
-0.785398163397448	0.186057543878787	1	2.8	6.66666666666667
-0.785398163397448	-0.727865532204144	1	2.8	6.66666666666667
-0.785398163397448	-0.982658361445592	1	2.8	6.66666666666667
-0.785398163397448	-0.99999759542954	1	2.8	6.66666666666667
2.8	0.334988150155905	1	2.8	7.66666666666667
-0.785398163397448	-0.0127031531492199	1	2.8	7.66666666666667
-0.785398163397448	0.186057543878787	1	2.8	7.66666666666667
-0.785398163397448	-0.727865532204144	1	2.8	7.66666666666667
-0.785398163397448	-0.982658361445592	1	2.8	7.66666666666667
-0.785398163397448	-0.99999759542954	1	2.8	7.66666666666667
-0.785398163397448	-1	1	2.8	7.66666666666667
2.8	0.334988150155905	1	2.8	8.66666666666667
-0.785398163397448	-0.0127031531492199	1	2.8	8.66666666666667
-0.785398163397448	0.186057543878787	1	2.8	8.66666666666667
-0.785398163397448	-0.727865532204144	1	2.8	8.66666666666667
-0.785398163397448	-0.982658361445592	1	2.8	8.66666666666667
-0.785398163397448	-0.99999759542954	1	2.8	8.66666666666667
-0.785398163397448	-1	1	2.8	8.66666666666667
-0.785398163397448	-1	1	2.8	8.66666666666667
2.9	0.239249329213982	1	2.9	1.66666666666667
2.9	0.239249329213982	1	2.9	2.66666666666667
-0.785398163397448	-0.916144039781725	1	2.9	2.66666666666667
2.9	0.239249329213982	1	2.9	3.66666666666667
-0.785398163397448	-0.916144039781725	1	2.9	3.66666666666667
-0.785398163397448	-0.999685114236218	1	2.9	3.66666666666667
2.9	0.239249329213982	1	2.9	4.66666666666667
-0.785398163397448	-0.916144039781725	1	2.9	4.66666666666667
-0.785398163397448	-0.999685114236218	1	2.9	4.66666666666667
-0.785398163397448	-0.999999999986114	1	2.9	4.66666666666667
2.9	0.239249329213982	1	2.9	5.66666666666667
-0.785398163397448	-0.916144039781725	1	2.9	5.66666666666667
-0.785398163397448	-0.999685114236218	1	2.9	5.66666666666667
-0.785398163397448	-0.999999999986114	1	2.9	5.66666666666667
-0.785398163397448	-1	1	2.9	5.66666666666667
3	0.141120008059867	1	3	1.66666666666667
3	0.141120008059867	1	3	2.66666666666667
-0.785398163397448	0.766683812016473	1	3	2.66666666666667
3	0.141120008059867	1	3	3.66666666666667
-0.785398163397448	0.766683812016473	1	3	3.66666666666667
-0.785398163397448	0.990178481184602	1	3	3.66666666666667
3	0.141120008059867	1	3	4.66666666666667
-0.785398163397448	0.766683812016473	1	3	4.66666666666667
-0.785398163397448	0.990178481184602	1	3	4.66666666666667
-0.785398163397448	0.999999570113749	1	3	4.66666666666667
3	0.141120008059867	1	3	5.66666666666667
-0.785398163397448	0.766683812016473	1	3	5.66666666666667
-0.785398163397448	0.990178481184602	1	3	5.66666666666667
-0.785398163397448	0.999999570113749	1	3	5.66666666666667
-0.785398163397448	1	1	3	5.66666666666667
3	0.141120008059867	1	3	6.66666666666667
-0.785398163397448	0.766683812016473	1	3	6.66666666666667
-0.785398163397448	0.990178481184602	1	3	6.66666666666667
-0.785398163397448	0.999999570113749	1	3	6.66666666666667
-0.785398163397448	1	1	3	6.66666666666667
-0.785398163397448	1	1	3	6.66666666666667
3.1	0.0415806624332905	1	3.1	1.66666666666667
3.1	0.0415806624332905	1	3.1	2.66666666666667
-0.785398163397448	-0.873480986915573	1	3.1	2.66666666666667
3.1	0.0415806624332905	1	3.1	3.66666666666667
-0.785398163397448	-0.873480986915573	1	3.1	3.66666666666667
-0.785398163397448	-0.998805233085825	1	3.1	3.66666666666667
3.1	0.0415806624332905	1	3.1	4.66666666666667
-0.785398163397448	-0.873480986915573	1	3.1	4.66666666666667
-0.785398163397448	-0.998805233085825	1	3.1	4.66666666666667
-0.785398163397448	-0.999999999240098	1	3.1	4.66666666666667
3.1	0.0415806624332905	1	3.1	5.66666666666667
-0.785398163397448	-0.873480986915573	1	3.1	5.66666666666667
-0.785398163397448	-0.998805233085825	1	3.1	5.66666666666667
-0.785398163397448	-0.999999999240098	1	3.1	5.66666666666667
-0.785398163397448	-1	1	3.1	5.66666666666667
3.1	0.0415806624332905	1	3.1	6.66666666666667
-0.785398163397448	-0.873480986915573	1	3.1	6.66666666666667
-0.785398163397448	-0.998805233085825	1	3.1	6.66666666666667
-0.785398163397448	-0.999999999240098	1	3.1	6.66666666666667
-0.785398163397448	-1	1	3.1	6.66666666666667
-0.785398163397448	-1	1	3.1	6.66666666666667
3.2	-0.0583741434275801	1	3.2	1.66666666666667
3.2	-0.0583741434275801	1	3.2	2.66666666666667
16.4933614313464	0.992964385530799	1	3.2	2.66666666666667
3.2	-0.0583741434275801	1	3.2	3.66666666666667
16.4933614313464	0.992964385530799	1	3.2	3.66666666666667
16.4933614313464	0.999999842905105	1	3.2	3.66666666666667
3.2	-0.0583741434275801	1	3.2	4.66666666666667
16.4933614313464	0.992964385530799	1	3.2	4.66666666666667
16.4933614313464	0.999999842905105	1	3.2	4.66666666666667
16.4933614313464	1	1	3.2	4.66666666666667
3.2	-0.0583741434275801	1	3.2	5.66666666666667
16.4933614313464	0.992964385530799	1	3.2	5.66666666666667
16.4933614313464	0.999999842905105	1	3.2	5.66666666666667
16.4933614313464	1	1	3.2	5.66666666666667
16.4933614313464	1	1	3.2	5.66666666666667
3.3	-0.157745694143249	1	3.3	1.66666666666667
3.3	-0.157745694143249	1	3.3	2.66666666666667
9.55994753943734	-0.134758344799169	1	3.3	2.66666666666667
3.3	-0.157745694143249	1	3.3	3.66666666666667
9.55994753943734	-0.134758344799169	1	3.3	3.66666666666667
16.4933614313464	-0.933834609940141	1	3.3	3.66666666666667
3.3	-0.157745694143249	1	3.3	4.66666666666667
9.55994753943734	-0.134758344799169	1	3.3	4.66666666666667
16.4933614313464	-0.933834609940141	1	3.3	4.66666666666667
16.4933614313464	-0.999851386200314	1	3.3	4.66666666666667
3.3	-0.157745694143249	1	3.3	5.66666666666667
9.55994753943734	-0.134758344799169	1	3.3	5.66666666666667
16.4933614313464	-0.933834609940141	1	3.3	5.66666666666667
16.4933614313464	-0.999851386200314	1	3.3	5.66666666666667
16.4933614313464	-0.999999999998541	1	3.3	5.66666666666667
3.3	-0.157745694143249	1	3.3	6.66666666666667
9.55994753943734	-0.134758344799169	1	3.3	6.66666666666667
16.4933614313464	-0.933834609940141	1	3.3	6.66666666666667
16.4933614313464	-0.999851386200314	1	3.3	6.66666666666667
16.4933614313464	-0.999999999998541	1	3.3	6.66666666666667
16.4933614313464	-1	1	3.3	6.66666666666667
3.4	-0.255541102026832	1	3.4	1.66666666666667
3.4	-0.255541102026832	1	3.4	2.66666666666667
7.18333733756047	0.783421404174744	1	3.4	2.66666666666667
3.4	-0.255541102026832	1	3.4	3.66666666666667
7.18333733756047	0.783421404174744	1	3.4	3.66666666666667
7.97664074781598	0.992486797825128	1	3.4	3.66666666666667
3.4	-0.255541102026832	1	3.4	4.66666666666667
7.18333733756047	0.783421404174744	1	3.4	4.66666666666667
7.97664074781598	0.992486797825128	1	3.4	4.66666666666667
7.85336276326651	0.99999980849953	1	3.4	4.66666666666667
3.4	-0.255541102026832	1	3.4	5.66666666666667
7.18333733756047	0.783421404174744	1	3.4	5.66666666666667
7.97664074781598	0.992486797825128	1	3.4	5.66666666666667
7.85336276326651	0.99999980849953	1	3.4	5.66666666666667
7.85398163405349	1	1	3.4	5.66666666666667
3.4	-0.255541102026832	1	3.4	6.66666666666667
7.18333733756047	0.783421404174744	1	3.4	6.66666666666667
7.97664074781598	0.992486797825128	1	3.4	6.66666666666667
7.85336276326651	0.99999980849953	1	3.4	6.66666666666667
7.85398163405349	1	1	3.4	6.66666666666667
7.85398163397448	1	1	3.4	6.66666666666667
3.5	-0.35078322768962	1	3.5	1.66666666666667
3.5	-0.35078322768962	1	3.5	2.66666666666667
6.16961648496887	-0.113324846811641	1	3.5	2.66666666666667
3.5	-0.35078322768962	1	3.5	3.66666666666667
6.16961648496887	-0.113324846811641	1	3.5	3.66666666666667
-0.785398163397448	-0.517446746697024	1	3.5	3.66666666666667
3.5	-0.35078322768962	1	3.5	4.66666666666667
6.16961648496887	-0.113324846811641	1	3.5	4.66666666666667
-0.785398163397448	-0.517446746697024	1	3.5	4.66666666666667
-0.785398163397448	-0.8099117491451	1	3.5	4.66666666666667
3.5	-0.35078322768962	1	3.5	5.66666666666667
6.16961648496887	-0.113324846811641	1	3.5	5.66666666666667
-0.785398163397448	-0.517446746697024	1	3.5	5.66666666666667
-0.785398163397448	-0.8099117491451	1	3.5	5.66666666666667
-0.785398163397448	-0.995258210952111	1	3.5	5.66666666666667
3.5	-0.35078322768962	1	3.5	6.66666666666667
6.16961648496887	-0.113324846811641	1	3.5	6.66666666666667
-0.785398163397448	-0.517446746697024	1	3.5	6.66666666666667
-0.785398163397448	-0.8099117491451	1	3.5	6.66666666666667
-0.785398163397448	-0.995258210952111	1	3.5	6.66666666666667
-0.785398163397448	-0.999999952139339	1	3.5	6.66666666666667
3.5	-0.35078322768962	1	3.5	7.66666666666667
6.16961648496887	-0.113324846811641	1	3.5	7.66666666666667
-0.785398163397448	-0.517446746697024	1	3.5	7.66666666666667
-0.785398163397448	-0.8099117491451	1	3.5	7.66666666666667
-0.785398163397448	-0.995258210952111	1	3.5	7.66666666666667
-0.785398163397448	-0.999999952139339	1	3.5	7.66666666666667
-0.785398163397448	-1	1	3.5	7.66666666666667
3.5	-0.35078322768962	1	3.5	8.66666666666667
6.16961648496887	-0.113324846811641	1	3.5	8.66666666666667
-0.785398163397448	-0.517446746697024	1	3.5	8.66666666666667
-0.785398163397448	-0.8099117491451	1	3.5	8.66666666666667
-0.785398163397448	-0.995258210952111	1	3.5	8.66666666666667
-0.785398163397448	-0.999999952139339	1	3.5	8.66666666666667
-0.785398163397448	-1	1	3.5	8.66666666666667
-0.785398163397448	-1	1	3.5	8.66666666666667
3.6	-0.442520443294853	1	3.6	1.66666666666667
3.6	-0.442520443294853	1	3.6	2.66666666666667
5.62647906988703	-0.610511483916684	1	3.6	2.66666666666667
3.6	-0.442520443294853	1	3.6	3.66666666666667
5.62647906988703	-0.610511483916684	1	3.6	3.66666666666667
4.32919404761614	-0.92747483191797	1	3.6	3.66666666666667
3.6	-0.442520443294853	1	3.6	4.66666666666667
5.62647906988703	-0.610511483916684	1	3.6	4.66666666666667
4.32919404761614	-0.92747483191797	1	3.6	4.66666666666667
4.73231613726453	-0.999801460779328	1	3.6	4.66666666666667
3.6	-0.442520443294853	1	3.6	5.66666666666667
5.62647906988703	-0.610511483916684	1	3.6	5.66666666666667
4.32919404761614	-0.92747483191797	1	3.6	5.66666666666667
4.73231613726453	-0.999801460779328	1	3.6	5.66666666666667
4.71238634233026	-0.99999999999652	1	3.6	5.66666666666667
3.6	-0.442520443294853	1	3.6	6.66666666666667
5.62647906988703	-0.610511483916684	1	3.6	6.66666666666667
4.32919404761614	-0.92747483191797	1	3.6	6.66666666666667
4.73231613726453	-0.999801460779328	1	3.6	6.66666666666667
4.71238634233026	-0.99999999999652	1	3.6	6.66666666666667
4.71238898038469	-1	1	3.6	6.66666666666667
3.7	-0.529836140908493	1	3.7	1.66666666666667
3.7	-0.529836140908493	1	3.7	2.66666666666667
5.30068361938504	-0.831888266736602	1	3.7	2.66666666666667
3.7	-0.529836140908493	1	3.7	3.66666666666667
5.30068361938504	-0.831888266736602	1	3.7	3.66666666666667
4.63359504157702	-0.996897363324728	1	3.7	3.66666666666667
3.7	-0.529836140908493	1	3.7	4.66666666666667
5.30068361938504	-0.831888266736602	1	3.7	4.66666666666667
4.63359504157702	-0.996897363324728	1	3.7	4.66666666666667
4.71255245001313	-0.99999998663884	1	3.7	4.66666666666667
3.7	-0.529836140908493	1	3.7	5.66666666666667
5.30068361938504	-0.831888266736602	1	3.7	5.66666666666667
4.63359504157702	-0.996897363324728	1	3.7	5.66666666666667
4.71255245001313	-0.99999998663884	1	3.7	5.66666666666667
4.71238898038323	-1	1	3.7	5.66666666666667
3.7	-0.529836140908493	1	3.7	6.66666666666667
5.30068361938504	-0.831888266736602	1	3.7	6.66666666666667
4.63359504157702	-0.996897363324728	1	3.7	6.66666666666667
4.71255245001313	-0.99999998663884	1	3.7	6.66666666666667
4.71238898038323	-1	1	3.7	6.66666666666667
4.71238898038469	-1	1	3.7	6.66666666666667
3.8	-0.611857890942719	1	3.8	1.66666666666667
3.8	-0.611857890942719	1	3.8	2.66666666666667
5.09273107959061	-0.928537689639261	1	3.8	2.66666666666667
3.8	-0.611857890942719	1	3.8	3.66666666666667
5.09273107959061	-0.928537689639261	1	3.8	3.66666666666667
4.69292162944255	-0.999810517107911	1	3.8	3.66666666666667
3.8	-0.611857890942719	1	3.8	4.66666666666667
5.09273107959061	-0.928537689639261	1	3.8	4.66666666666667
4.69292162944255	-0.999810517107911	1	3.8	4.66666666666667
4.71239143998852	-0.999999999996975	1	3.8	4.66666666666667
3.8	-0.611857890942719	1	3.8	5.66666666666667
5.09273107959061	-0.928537689639261	1	3.8	5.66666666666667
4.69292162944255	-0.999810517107911	1	3.8	5.66666666666667
4.71239143998852	-0.999999999996975	1	3.8	5.66666666666667
4.71238898038469	-1	1	3.8	5.66666666666667
3.9	-0.687766159183974	1	3.9	1.66666666666667
3.9	-0.687766159183974	1	3.9	2.66666666666667
4.95549290919089	-0.970595484894353	1	3.9	2.66666666666667
3.9	-0.687766159183974	1	3.9	3.66666666666667
4.95549290919089	-0.970595484894353	1	3.9	3.66666666666667
4.70748388360209	-0.999987970036897	1	3.9	3.66666666666667
3.9	-0.687766159183974	1	3.9	4.66666666666667
4.95549290919089	-0.970595484894353	1	3.9	4.66666666666667
4.70748388360209	-0.999987970036897	1	3.9	4.66666666666667
4.7123890197239	-1	1	3.9	4.66666666666667
3.9	-0.687766159183974	1	3.9	5.66666666666667
4.95549290919089	-0.970595484894353	1	3.9	5.66666666666667
4.70748388360209	-0.999987970036897	1	3.9	5.66666666666667
4.7123890197239	-1	1	3.9	5.66666666666667
4.71238898038469	-1	1	3.9	5.66666666666667
4	-0.756802495307928	1	4	1.66666666666667
4	-0.756802495307928	1	4	2.66666666666667
4.86369115445062	-0.98857564522214	1	4	2.66666666666667
4	-0.756802495307928	1	4	3.66666666666667
4.86369115445062	-0.98857564522214	1	4	3.66666666666667
4.7112237553243	-0.999999321125356	1	4	3.66666666666667
4	-0.756802495307928	1	4	4.66666666666667
4.86369115445062	-0.98857564522214	1	4	4.66666666666667
4.7112237553243	-0.999999321125356	1	4	4.66666666666667
4.71238898091205	-1	1	4	4.66666666666667
4	-0.756802495307928	1	4	5.66666666666667
4.86369115445062	-0.98857564522214	1	4	5.66666666666667
4.7112237553243	-0.999999321125356	1	4	5.66666666666667
4.71238898091205	-1	1	4	5.66666666666667
4.71238898038469	-1	1	4	5.66666666666667
4.1	-0.818277111064411	1	4.1	1.66666666666667
4.1	-0.818277111064411	1	4.1	2.66666666666667
4.8024807840287	-0.995944477636771	1	4.1	2.66666666666667
4.1	-0.818277111064411	1	4.1	3.66666666666667
4.8024807840287	-0.995944477636771	1	4.1	3.66666666666667
4.71214444206436	-0.999999970100505	1	4.1	3.66666666666667
4.1	-0.818277111064411	1	4.1	4.66666666666667
4.8024807840287	-0.995944477636771	1	4.1	4.66666666666667
4.71214444206436	-0.999999970100505	1	4.1	4.66666666666667
4.71238898038956	-1	1	4.1	4.66666666666667
4.1	-0.818277111064411	1	4.1	5.66666666666667
4.8024807840287	-0.995944477636771	1	4.1	5.66666666666667
4.71214444206436	-0.999999970100505	1	4.1	5.66666666666667
4.71238898038956	-1	1	4.1	5.66666666666667
4.71238898038469	-1	1	4.1	5.66666666666667
4.2	-0.871575772413588	1	4.2	1.66666666666667
4.2	-0.871575772413588	1	4.2	2.66666666666667
4.76249936822252	-0.998744737217422	1	4.2	2.66666666666667
4.2	-0.871575772413588	1	4.2	3.66666666666667
4.76249936822252	-0.998744737217422	1	4.2	3.66666666666667
4.71234699496719	-0.999999999118612	1	4.2	3.66666666666667
4.2	-0.871575772413588	1	4.2	4.66666666666667
4.76249936822252	-0.998744737217422	1	4.2	4.66666666666667
4.71234699496719	-0.999999999118612	1	4.2	4.66666666666667
4.71238898038472	-1	1	4.2	4.66666666666667
4.2	-0.871575772413588	1	4.2	5.66666666666667
4.76249936822252	-0.998744737217422	1	4.2	5.66666666666667
4.71234699496719	-0.999999999118612	1	4.2	5.66666666666667
4.71238898038472	-1	1	4.2	5.66666666666667
4.71238898038469	-1	1	4.2	5.66666666666667
4.3	-0.916165936749455	1	4.3	1.66666666666667
4.3	-0.916165936749455	1	4.3	2.66666666666667
4.73747443121713	-0.999685376577634	1	4.3	2.66666666666667
4.3	-0.916165936749455	1	4.3	3.66666666666667
4.73747443121713	-0.999685376577634	1	4.3	3.66666666666667
4.71238371713701	-0.999999999986149	1	4.3	3.66666666666667
4.3	-0.916165936749455	1	4.3	4.66666666666667
4.73747443121713	-0.999685376577634	1	4.3	4.66666666666667
4.71238371713701	-0.999999999986149	1	4.3	4.66666666666667
4.71238898038469	-1	1	4.3	4.66666666666667
4.4	-0.951602073889516	1	4.4	1.66666666666667
4.4	-0.951602073889516	1	4.4	2.66666666666667
4.722963640382	-0.999944088803989	1	4.4	2.66666666666667
4.4	-0.951602073889516	1	4.4	3.66666666666667
4.722963640382	-0.999944088803989	1	4.4	3.66666666666667
4.71238858620213	-0.999999999999922	1	4.4	3.66666666666667
4.4	-0.951602073889516	1	4.4	4.66666666666667
4.722963640382	-0.999944088803989	1	4.4	4.66666666666667
4.71238858620213	-0.999999999999922	1	4.4	4.66666666666667
4.71238898038469	-1	1	4.4	4.66666666666667
4.5	-0.977530117665097	1	4.5	1.66666666666667
4.5	-0.977530117665097	1	4.5	2.66666666666667
4.7156412325528	-0.999994711432579	1	4.5	2.66666666666667
4.5	-0.977530117665097	1	4.5	3.66666666666667
4.7156412325528	-0.999994711432579	1	4.5	3.66666666666667
4.71238896891813	-1	1	4.5	3.66666666666667
4.5	-0.977530117665097	1	4.5	4.66666666666667
4.7156412325528	-0.999994711432579	1	4.5	4.66666666666667
4.71238896891813	-1	1	4.5	4.66666666666667
4.71238898038469	-1	1	4.5	4.66666666666667
4.6	-0.993691003633464	1	4.6	1.66666666666667
4.6	-0.993691003633464	1	4.6	2.66666666666667
4.71286458921834	-0.999999886898121	1	4.6	2.66666666666667
4.6	-0.993691003633464	1	4.6	3.66666666666667
4.71286458921834	-0.999999886898121	1	4.6	3.66666666666667
4.71238898034883	-1	1	4.6	3.66666666666667
4.6	-0.993691003633464	1	4.6	4.66666666666667
4.71286458921834	-0.999999886898121	1	4.6	4.66666666666667
4.71238898034883	-1	1	4.6	4.66666666666667
4.71238898038469	-1	1	4.6	4.66666666666667
4.7	-0.999923257564101	1	4.7	1.66666666666667
4.7	-0.999923257564101	1	4.7	2.66666666666667
4.71238961427207	-0.999999999999799	1	4.7	2.66666666666667
4.7	-0.999923257564101	1	4.7	3.66666666666667
4.71238961427207	-0.999999999999799	1	4.7	3.66666666666667
4.71238898038469	-1	1	4.7	3.66666666666667
4.8	-0.996164608835841	1	4.8	1.66666666666667
4.8	-0.996164608835841	1	4.8	2.66666666666667
4.71216413164718	-0.999999974721523	1	4.8	2.66666666666667
4.8	-0.996164608835841	1	4.8	3.66666666666667
4.71216413164718	-0.999999974721523	1	4.8	3.66666666666667
4.71238898038848	-1	1	4.8	3.66666666666667
4.8	-0.996164608835841	1	4.8	4.66666666666667
4.71216413164718	-0.999999974721523	1	4.8	4.66666666666667
4.71238898038848	-1	1	4.8	4.66666666666667
4.71238898038469	-1	1	4.8	4.66666666666667
4.9	-0.982452612624332	1	4.9	1.66666666666667
4.9	-0.982452612624332	1	4.9	2.66666666666667
4.71015637087639	-0.999997507728427	1	4.9	2.66666666666667
4.9	-0.982452612624332	1	4.9	3.66666666666667
4.71015637087639	-0.999997507728427	1	4.9	3.66666666666667
4.71238898409421	-1	1	4.9	3.66666666666667
4.9	-0.982452612624332	1	4.9	4.66666666666667
4.71015637087639	-0.999997507728427	1	4.9	4.66666666666667
4.71238898409421	-1	1	4.9	4.66666666666667
4.71238898038469	-1	1	4.9	4.66666666666667
5	-0.958924274663138	1	5	1.66666666666667
5	-0.958924274663138	1	5	2.66666666666667
4.70418708446726	-0.999966364640238	1	5	2.66666666666667
5	-0.958924274663138	1	5	3.66666666666667
4.70418708446726	-0.999966364640238	1	5	3.66666666666667
4.71238916430648	-0.999999999999983	1	5	3.66666666666667
5	-0.958924274663138	1	5	4.66666666666667
4.70418708446726	-0.999966364640238	1	5	4.66666666666667
4.71238916430648	-0.999999999999983	1	5	4.66666666666667
4.71238898038469	-1	1	5	4.66666666666667
5.1	-0.925814682327732	1	5.1	1.66666666666667
5.1	-0.925814682327732	1	5.1	2.66666666666667
4.69173498765147	-0.999786713874348	1	5.1	2.66666666666667
5.1	-0.925814682327732	1	5.1	3.66666666666667
4.69173498765147	-0.999786713874348	1	5.1	3.66666666666667
4.71239191779705	-0.999999999995686	1	5.1	3.66666666666667
5.1	-0.925814682327732	1	5.1	4.66666666666667
4.69173498765147	-0.999786713874348	1	5.1	4.66666666666667
4.71239191779705	-0.999999999995686	1	5.1	4.66666666666667
4.71238898038469	-1	1	5.1	4.66666666666667
5.2	-0.883454655720153	1	5.2	1.66666666666667
5.2	-0.883454655720153	1	5.2	2.66666666666667
4.66967660618817	-0.99908796521355	1	5.2	2.66666666666667
5.2	-0.883454655720153	1	5.2	3.66666666666667
4.66967660618817	-0.99908796521355	1	5.2	3.66666666666667
4.7124149734156	-0.999999999662181	1	5.2	3.66666666666667
5.2	-0.883454655720153	1	5.2	4.66666666666667
4.66967660618817	-0.99908796521355	1	5.2	4.66666666666667
4.7124149734156	-0.999999999662181	1	5.2	4.66666666666667
4.71238898038468	-1	1	5.2	4.66666666666667
5.2	-0.883454655720153	1	5.2	5.66666666666667
4.66967660618817	-0.99908796521355	1	5.2	5.66666666666667
4.7124149734156	-0.999999999662181	1	5.2	5.66666666666667
4.71238898038468	-1	1	5.2	5.66666666666667
4.71238898038469	-1	1	5.2	5.66666666666667
5.3	-0.832267442223901	1	5.3	1.66666666666667
5.3	-0.832267442223901	1	5.3	2.66666666666667
4.63389880697746	-0.996921227444309	1	5.3	2.66666666666667
5.3	-0.832267442223901	1	5.3	3.66666666666667
4.63389880697746	-0.996921227444309	1	5.3	3.66666666666667
4.71255056357841	-0.999999986945436	1	5.3	3.66666666666667
5.3	-0.832267442223901	1	5.3	4.66666666666667
4.63389880697746	-0.996921227444309	1	5.3	4.66666666666667
4.71255056357841	-0.999999986945436	1	5.3	4.66666666666667
4.71238898038328	-1	1	5.3	4.66666666666667
5.3	-0.832267442223901	1	5.3	5.66666666666667
4.63389880697746	-0.996921227444309	1	5.3	5.66666666666667
4.71255056357841	-0.999999986945436	1	5.3	5.66666666666667
4.71238898038328	-1	1	5.3	5.66666666666667
4.71238898038469	-1	1	5.3	5.66666666666667
5.4	-0.772764487555987	1	5.4	1.66666666666667
5.4	-0.772764487555987	1	5.4	2.66666666666667
4.57867230422303	-0.991073238144127	1	5.4	2.66666666666667
5.4	-0.772764487555987	1	5.4	3.66666666666667
4.57867230422303	-0.991073238144127	1	5.4	3.66666666666667
4.71319167988143	-0.999999677836776	1	5.4	3.66666666666667
5.4	-0.772764487555987	1	5.4	4.66666666666667
4.57867230422303	-0.991073238144127	1	5.4	4.66666666666667
4.71319167988143	-0.999999677836776	1	5.4	4.66666666666667
4.71238898021229	-1	1	5.4	4.66666666666667
5.4	-0.772764487555987	1	5.4	5.66666666666667
4.57867230422303	-0.991073238144127	1	5.4	5.66666666666667
4.71319167988143	-0.999999677836776	1	5.4	5.66666666666667
4.71238898021229	-1	1	5.4	5.66666666666667
4.71238898038469	-1	1	5.4	5.66666666666667
5.5	-0.705540325570392	1	5.5	1.66666666666667
5.5	-0.705540325570392	1	5.5	2.66666666666667
4.49556446512347	-0.976585512677563	1	5.5	2.66666666666667
5.5	-0.705540325570392	1	5.5	3.66666666666667
4.49556446512347	-0.976585512677563	1	5.5	3.66666666666667
4.71585196453737	-0.999994003876371	1	5.5	3.66666666666667
5.5	-0.705540325570392	1	5.5	4.66666666666667
4.49556446512347	-0.976585512677563	1	5.5	4.66666666666667
4.71585196453737	-0.999994003876371	1	5.5	4.66666666666667
4.71238896654162	-1	1	5.5	4.66666666666667
5.5	-0.705540325570392	1	5.5	5.66666666666667
4.49556446512347	-0.976585512677563	1	5.5	5.66666666666667
4.71585196453737	-0.999994003876371	1	5.5	5.66666666666667
4.71238896654162	-1	1	5.5	5.66666666666667
4.71238898038469	-1	1	5.5	5.66666666666667
5.6	-0.631266637872321	1	5.6	1.66666666666667
5.6	-0.631266637872321	1	5.6	2.66666666666667
4.37141316841282	-0.942428796033309	1	5.6	2.66666666666667
5.6	-0.631266637872321	1	5.6	3.66666666666667
4.37141316841282	-0.942428796033309	1	5.6	3.66666666666667
4.72624834101876	-0.999903960598708	1	5.6	3.66666666666667
5.6	-0.631266637872321	1	5.6	4.66666666666667
4.37141316841282	-0.942428796033309	1	5.6	4.66666666666667
4.72624834101876	-0.999903960598708	1	5.6	4.66666666666667
4.71238809293917	-0.999999999999606	1	5.6	4.66666666666667
5.6	-0.631266637872321	1	5.6	5.66666666666667
4.37141316841282	-0.942428796033309	1	5.6	5.66666666666667
4.72624834101876	-0.999903960598708	1	5.6	5.66666666666667
4.71238809293917	-0.999999999999606	1	5.6	5.66666666666667
4.71238898038469	-1	1	5.6	5.66666666666667
5.7	-0.550685542597638	1	5.7	1.66666666666667
5.7	-0.550685542597638	1	5.7	2.66666666666667
4.18422970956939	-0.863736158247007	1	5.7	2.66666666666667
5.7	-0.550685542597638	1	5.7	3.66666666666667
4.18422970956939	-0.863736158247007	1	5.7	3.66666666666667
4.76767673409136	-0.998472021423419	1	5.7	3.66666666666667
5.7	-0.550685542597638	1	5.7	4.66666666666667
4.18422970956939	-0.863736158247007	1	5.7	4.66666666666667
4.76767673409136	-0.998472021423419	1	5.7	4.66666666666667
4.71233257807054	-0.99999999840939	1	5.7	4.66666666666667
5.7	-0.550685542597638	1	5.7	5.66666666666667
4.18422970956939	-0.863736158247007	1	5.7	5.66666666666667
4.76767673409136	-0.998472021423419	1	5.7	5.66666666666667
4.71233257807054	-0.99999999840939	1	5.7	5.66666666666667
4.71238898038475	-1	1	5.7	5.66666666666667
5.7	-0.550685542597638	1	5.7	6.66666666666667
4.18422970956939	-0.863736158247007	1	5.7	6.66666666666667
4.76767673409136	-0.998472021423419	1	5.7	6.66666666666667
4.71233257807054	-0.99999999840939	1	5.7	6.66666666666667
4.71238898038475	-1	1	5.7	6.66666666666667
4.71238898038469	-1	1	5.7	6.66666666666667
5.8	-0.464602179413757	1	5.8	1.66666666666667
5.8	-0.464602179413757	1	5.8	2.66666666666667
3.89402633870835	-0.683417439965175	1	5.8	2.66666666666667
5.8	-0.464602179413757	1	5.8	3.66666666666667
3.89402633870835	-0.683417439965175	1	5.8	3.66666666666667
4.96222824121061	-0.968952176701614	1	5.8	3.66666666666667
5.8	-0.464602179413757	1	5.8	4.66666666666667
3.89402633870835	-0.683417439965175	1	5.8	4.66666666666667
4.96222824121061	-0.968952176701614	1	5.8	4.66666666666667
4.70705753225124	-0.999985787864065	1	5.8	4.66666666666667
5.8	-0.464602179413757	1	5.8	5.66666666666667
3.89402633870835	-0.683417439965175	1	5.8	5.66666666666667
4.96222824121061	-0.968952176701614	1	5.8	5.66666666666667
4.70705753225124	-0.999985787864065	1	5.8	5.66666666666667
4.71238903089956	-0.999999999999999	1	5.8	5.66666666666667
5.8	-0.464602179413757	1	5.8	6.66666666666667
3.89402633870835	-0.683417439965175	1	5.8	6.66666666666667
4.96222824121061	-0.968952176701614	1	5.8	6.66666666666667
4.70705753225124	-0.999985787864065	1	5.8	6.66666666666667
4.71238903089956	-0.999999999999999	1	5.8	6.66666666666667
4.71238898038469	-1	1	5.8	6.66666666666667
5.9	-0.373876664830236	1	5.9	1.66666666666667
5.9	-0.373876664830236	1	5.9	2.66666666666667
3.41929307712967	-0.274144899357903	1	5.9	2.66666666666667
5.9	-0.373876664830236	1	5.9	3.66666666666667
3.41929307712967	-0.274144899357903	1	5.9	3.66666666666667
6.92724963547816	0.600450480415549	1	5.9	3.66666666666667
5.9	-0.373876664830236	1	5.9	4.66666666666667
3.41929307712967	-0.274144899357903	1	5.9	4.66666666666667
6.92724963547816	0.600450480415549	1	5.9	4.66666666666667
8.25901964401374	0.919087419833284	1	5.9	4.66666666666667
5.9	-0.373876664830236	1	5.9	5.66666666666667
3.41929307712967	-0.274144899357903	1	5.9	5.66666666666667
6.92724963547816	0.600450480415549	1	5.9	5.66666666666667
8.25901964401374	0.919087419833284	1	5.9	5.66666666666667
7.83027512341545	0.999719013838414	1	5.9	5.66666666666667
5.9	-0.373876664830236	1	5.9	6.66666666666667
3.41929307712967	-0.274144899357903	1	5.9	6.66666666666667
6.92724963547816	0.600450480415549	1	5.9	6.66666666666667
8.25901964401374	0.919087419833284	1	5.9	6.66666666666667
7.83027512341545	0.999719013838414	1	5.9	6.66666666666667
7.85398607598197	0.999999999990134	1	5.9	6.66666666666667
5.9	-0.373876664830236	1	5.9	7.66666666666667
3.41929307712967	-0.274144899357903	1	5.9	7.66666666666667
6.92724963547816	0.600450480415549	1	5.9	7.66666666666667
8.25901964401374	0.919087419833284	1	5.9	7.66666666666667
7.83027512341545	0.999719013838414	1	5.9	7.66666666666667
7.85398607598197	0.999999999990134	1	5.9	7.66666666666667
7.85398163397448	1	1	5.9	7.66666666666667
6	-0.279415498198926	1	6	1.66666666666667
6	-0.279415498198926	1	6	2.66666666666667
2.56364699581987	0.546304401036624	1	6	2.66666666666667
6	-0.279415498198926	1	6	3.66666666666667
2.56364699581987	0.546304401036624	1	6	3.66666666666667
1.03046016594964	0.857535800515242	1	6	3.66666666666667
6	-0.279415498198926	1	6	4.66666666666667
2.56364699581987	0.546304401036624	1	6	4.66666666666667
1.03046016594964	0.857535800515242	1	6	4.66666666666667
1.63034682999815	0.998227392721234	1	6	4.66666666666667
6	-0.279415498198926	1	6	5.66666666666667
2.56364699581987	0.546304401036624	1	6	5.66666666666667
1.03046016594964	0.857535800515242	1	6	5.66666666666667
1.63034682999815	0.998227392721234	1	6	5.66666666666667
1.57072583289316	0.999999997515305	1	6	5.66666666666667
6	-0.279415498198926	1	6	6.66666666666667
2.56364699581987	0.546304401036624	1	6	6.66666666666667
1.03046016594964	0.857535800515242	1	6	6.66666666666667
1.63034682999815	0.998227392721234	1	6	6.66666666666667
1.57072583289316	0.999999997515305	1	6	6.66666666666667
1.57079632679501	1	1	6	6.66666666666667
6	-0.279415498198926	1	6	7.66666666666667
2.56364699581987	0.546304401036624	1	6	7.66666666666667
1.03046016594964	0.857535800515242	1	6	7.66666666666667
1.63034682999815	0.998227392721234	1	6	7.66666666666667
1.57072583289316	0.999999997515305	1	6	7.66666666666667
1.57079632679501	1	1	6	7.66666666666667
1.5707963267949	1	1	6	7.66666666666667
6.1	-0.182162504272095	1	6.1	1.66666666666667
6.1	-0.182162504272095	1	6.1	2.66666666666667
0.702245712576049	0.645933677045967	1	6.1	2.66666666666667
6.1	-0.182162504272095	1	6.1	3.66666666666667
0.702245712576049	0.645933677045967	1	6.1	3.66666666666667
1.88409078310246	0.95132340131058	1	6.1	3.66666666666667
6.1	-0.182162504272095	1	6.1	4.66666666666667
0.702245712576049	0.645933677045967	1	6.1	4.66666666666667
1.88409078310246	0.95132340131058	1	6.1	4.66666666666667
1.56012692789496	0.999943082503499	1	6.1	4.66666666666667
6.1	-0.182162504272095	1	6.1	5.66666666666667
0.702245712576049	0.645933677045967	1	6.1	5.66666666666667
1.88409078310246	0.95132340131058	1	6.1	5.66666666666667
1.56012692789496	0.999943082503499	1	6.1	5.66666666666667
1.57079673166749	0.999999999999918	1	6.1	5.66666666666667
6.1	-0.182162504272095	1	6.1	6.66666666666667
0.702245712576049	0.645933677045967	1	6.1	6.66666666666667
1.88409078310246	0.95132340131058	1	6.1	6.66666666666667
1.56012692789496	0.999943082503499	1	6.1	6.66666666666667
1.57079673166749	0.999999999999918	1	6.1	6.66666666666667
1.5707963267949	1	1	6.1	6.66666666666667
6.2	-0.0830894028174964	1	6.2	1.66666666666667
6.2	-0.0830894028174964	1	6.2	2.66666666666667
-0.785398163397448	0.470248953244603	1	6.2	2.66666666666667
6.2	-0.0830894028174964	1	6.2	3.66666666666667
-0.785398163397448	0.470248953244603	1	6.2	3.66666666666667
-0.785398163397448	0.699917790214667	1	6.2	3.66666666666667
6.2	-0.0830894028174964	1	6.2	4.66666666666667
-0.785398163397448	0.470248953244603	1	6.2	4.66666666666667
-0.785398163397448	0.699917790214667	1	6.2	4.66666666666667
-0.785398163397448	0.974810822308472	1	6.2	4.66666666666667
6.2	-0.0830894028174964	1	6.2	5.66666666666667
-0.785398163397448	0.470248953244603	1	6.2	5.66666666666667
-0.785398163397448	0.699917790214667	1	6.2	5.66666666666667
-0.785398163397448	0.974810822308472	1	6.2	5.66666666666667
-0.785398163397448	0.999992505961183	1	6.2	5.66666666666667
6.2	-0.0830894028174964	1	6.2	6.66666666666667
-0.785398163397448	0.470248953244603	1	6.2	6.66666666666667
-0.785398163397448	0.699917790214667	1	6.2	6.66666666666667
-0.785398163397448	0.974810822308472	1	6.2	6.66666666666667
-0.785398163397448	0.999992505961183	1	6.2	6.66666666666667
-0.785398163397448	1	1	6.2	6.66666666666667
6.2	-0.0830894028174964	1	6.2	7.66666666666667
-0.785398163397448	0.470248953244603	1	6.2	7.66666666666667
-0.785398163397448	0.699917790214667	1	6.2	7.66666666666667
-0.785398163397448	0.974810822308472	1	6.2	7.66666666666667
-0.785398163397448	0.999992505961183	1	6.2	7.66666666666667
-0.785398163397448	1	1	6.2	7.66666666666667
-0.785398163397448	1	1	6.2	7.66666666666667
6.3	0.0168139004843506	1	6.3	1.66666666666667
6.3	0.0168139004843506	1	6.3	2.66666666666667
16.4933614313464	0.205773064355457	1	6.3	2.66666666666667
6.3	0.0168139004843506	1	6.3	3.66666666666667
16.4933614313464	0.205773064355457	1	6.3	3.66666666666667
16.4933614313464	-0.968766820986537	1	6.3	3.66666666666667
6.3	0.0168139004843506	1	6.3	4.66666666666667
16.4933614313464	0.205773064355457	1	6.3	4.66666666666667
16.4933614313464	-0.968766820986537	1	6.3	4.66666666666667
16.4933614313464	-0.999985525994876	1	6.3	4.66666666666667
6.3	0.0168139004843506	1	6.3	5.66666666666667
16.4933614313464	0.205773064355457	1	6.3	5.66666666666667
16.4933614313464	-0.968766820986537	1	6.3	5.66666666666667
16.4933614313464	-0.999985525994876	1	6.3	5.66666666666667
16.4933614313464	-0.999999999999999	1	6.3	5.66666666666667
6.3	0.0168139004843506	1	6.3	6.66666666666667
16.4933614313464	0.205773064355457	1	6.3	6.66666666666667
16.4933614313464	-0.968766820986537	1	6.3	6.66666666666667
16.4933614313464	-0.999985525994876	1	6.3	6.66666666666667
16.4933614313464	-0.999999999999999	1	6.3	6.66666666666667
16.4933614313464	-1	1	6.3	6.66666666666667
6.4	0.116549204850494	1	6.4	1.66666666666667
6.4	0.116549204850494	1	6.4	2.66666666666667
14.9215932621096	0.707793643536054	1	6.4	2.66666666666667
6.4	0.116549204850494	1	6.4	3.66666666666667
14.9215932621096	0.707793643536054	1	6.4	3.66666666666667
13.9235350604827	0.977267364528303	1	6.4	3.66666666666667
6.4	0.116549204850494	1	6.4	4.66666666666667
14.9215932621096	0.707793643536054	1	6.4	4.66666666666667
13.9235350604827	0.977267364528303	1	6.4	4.66666666666667
14.1404773389809	0.999994520638118	1	6.4	4.66666666666667
6.4	0.116549204850494	1	6.4	5.66666666666667
14.9215932621096	0.707793643536054	1	6.4	5.66666666666667
13.9235350604827	0.977267364528303	1	6.4	5.66666666666667
14.1404773389809	0.999994520638118	1	6.4	5.66666666666667
14.1371669290614	1	1	6.4	5.66666666666667
6.4	0.116549204850494	1	6.4	6.66666666666667
14.9215932621096	0.707793643536054	1	6.4	6.66666666666667
13.9235350604827	0.977267364528303	1	6.4	6.66666666666667
14.1404773389809	0.999994520638118	1	6.4	6.66666666666667
14.1371669290614	1	1	6.4	6.66666666666667
14.1371669411541	1	1	6.4	6.66666666666667
6.5	0.215119988087816	1	6.5	1.66666666666667
6.5	0.215119988087816	1	6.5	2.66666666666667
11.0397344728811	-0.999025097463413	1	6.5	2.66666666666667
6.5	0.215119988087816	1	6.5	3.66666666666667
11.0397344728811	-0.999025097463413	1	6.5	3.66666666666667
10.9955455592388	-0.999999999587342	1	6.5	3.66666666666667
6.5	0.215119988087816	1	6.5	4.66666666666667
11.0397344728811	-0.999025097463413	1	6.5	4.66666666666667
10.9955455592388	-0.999999999587342	1	6.5	4.66666666666667
10.9955742875643	-1	1	6.5	4.66666666666667
6.5	0.215119988087816	1	6.5	5.66666666666667
11.0397344728811	-0.999025097463413	1	6.5	5.66666666666667
10.9955455592388	-0.999999999587342	1	6.5	5.66666666666667
10.9955742875643	-1	1	6.5	5.66666666666667
10.9955742875643	-1	1	6.5	5.66666666666667
6.6	0.311541363513379	1	6.6	1.66666666666667
6.6	0.311541363513379	1	6.6	2.66666666666667
9.65010089588866	-0.223421145743953	1	6.6	2.66666666666667
6.6	0.311541363513379	1	6.6	3.66666666666667
9.65010089588866	-0.223421145743953	1	6.6	3.66666666666667
14.0128124204207	0.99227793548288	1	6.6	3.66666666666667
6.6	0.311541363513379	1	6.6	4.66666666666667
9.65010089588866	-0.223421145743953	1	6.6	4.66666666666667
14.0128124204207	0.99227793548288	1	6.6	4.66666666666667
14.137811939204	0.999999791988765	1	6.6	4.66666666666667
6.6	0.311541363513379	1	6.6	5.66666666666667
9.65010089588866	-0.223421145743953	1	6.6	5.66666666666667
14.0128124204207	0.99227793548288	1	6.6	5.66666666666667
14.137811939204	0.999999791988765	1	6.6	5.66666666666667
14.1371669410646	1	1	6.6	5.66666666666667
6.6	0.311541363513379	1	6.6	6.66666666666667
9.65010089588866	-0.223421145743953	1	6.6	6.66666666666667
14.0128124204207	0.99227793548288	1	6.6	6.66666666666667
14.137811939204	0.999999791988765	1	6.6	6.66666666666667
14.1371669410646	1	1	6.6	6.66666666666667
14.1371669411541	1	1	6.6	6.66666666666667
6.7	0.404849920616598	1	6.7	1.66666666666667
6.7	0.404849920616598	1	6.7	2.66666666666667
8.95857311974444	0.449499388601682	1	6.7	2.66666666666667
6.7	0.404849920616598	1	6.7	3.66666666666667
8.95857311974444	0.449499388601682	1	6.7	3.66666666666667
6.97129424585265	0.635077571414642	1	6.7	3.66666666666667
6.7	0.404849920616598	1	6.7	4.66666666666667
8.95857311974444	0.449499388601682	1	6.7	4.66666666666667
6.97129424585265	0.635077571414642	1	6.7	4.66666666666667
8.18759978216133	0.944863718079141	1	6.7	4.66666666666667
6.7	0.404849920616598	1	6.7	5.66666666666667
8.95857311974444	0.449499388601682	1	6.7	5.66666666666667
6.97129424585265	0.635077571414642	1	6.7	5.66666666666667
8.18759978216133	0.944863718079141	1	6.7	5.66666666666667
7.84102723944423	0.999916093004601	1	6.7	5.66666666666667
6.7	0.404849920616598	1	6.7	6.66666666666667
8.95857311974444	0.449499388601682	1	6.7	6.66666666666667
6.97129424585265	0.635077571414642	1	6.7	6.66666666666667
8.18759978216133	0.944863718079141	1	6.7	6.66666666666667
7.84102723944423	0.999916093004601	1	6.7	6.66666666666667
7.85398235867615	0.999999999999737	1	6.7	6.66666666666667
6.7	0.404849920616598	1	6.7	7.66666666666667
8.95857311974444	0.449499388601682	1	6.7	7.66666666666667
6.97129424585265	0.635077571414642	1	6.7	7.66666666666667
8.18759978216133	0.944863718079141	1	6.7	7.66666666666667
7.84102723944423	0.999916093004601	1	6.7	7.66666666666667
7.85398235867615	0.999999999999737	1	6.7	7.66666666666667
7.85398163397448	1	1	6.7	7.66666666666667
6.8	0.494113351138609	1	6.8	1.66666666666667
6.8	0.494113351138609	1	6.8	2.66666666666667
8.55951021834652	0.76126890482549	1	6.8	2.66666666666667
6.8	0.494113351138609	1	6.8	3.66666666666667
8.55951021834652	0.76126890482549	1	6.8	3.66666666666667
7.7077266884537	0.989323796612024	1	6.8	3.66666666666667
6.8	0.494113351138609	1	6.8	4.66666666666667
8.55951021834652	0.76126890482549	1	6.8	4.66666666666667
7.7077266884537	0.989323796612024	1	6.8	4.66666666666667
7.85503345708528	0.999999446834123	1	6.8	4.66666666666667
6.8	0.494113351138609	1	6.8	5.66666666666667
8.55951021834652	0.76126890482549	1	6.8	5.66666666666667
7.7077266884537	0.989323796612024	1	6.8	5.66666666666667
7.85503345708528	0.999999446834123	1	6.8	5.66666666666667
7.8539816335866	1	1	6.8	5.66666666666667
6.8	0.494113351138609	1	6.8	6.66666666666667
8.55951021834652	0.76126890482549	1	6.8	6.66666666666667
7.7077266884537	0.989323796612024	1	6.8	6.66666666666667
7.85503345708528	0.999999446834123	1	6.8	6.66666666666667
7.8539816335866	1	1	6.8	6.66666666666667
7.85398163397448	1	1	6.8	6.66666666666667
6.9	0.5784397643882	1	6.9	1.66666666666667
6.9	0.5784397643882	1	6.9	2.66666666666667
8.31021615446533	0.89771781859186	1	6.9	2.66666666666667
6.9	0.5784397643882	1	6.9	3.66666666666667
8.31021615446533	0.89771781859186	1	6.9	3.66666666666667
7.81944846425567	0.99940378934853	1	6.9	3.66666666666667
6.9	0.5784397643882	1	6.9	4.66666666666667
8.31021615446533	0.89771781859186	1	6.9	4.66666666666667
7.81944846425567	0.99940378934853	1	6.9	4.66666666666667
7.85399536791906	0.999999999905689	1	6.9	4.66666666666667
6.9	0.5784397643882	1	6.9	5.66666666666667
8.31021615446533	0.89771781859186	1	6.9	5.66666666666667
7.81944846425567	0.99940378934853	1	6.9	5.66666666666667
7.85399536791906	0.999999999905689	1	6.9	5.66666666666667
7.85398163397448	1	1	6.9	5.66666666666667
6.9	0.5784397643882	1	6.9	6.66666666666667
8.31021615446533	0.89771781859186	1	6.9	6.66666666666667
7.81944846425567	0.99940378934853	1	6.9	6.66666666666667
7.85399536791906	0.999999999905689	1	6.9	6.66666666666667
7.85398163397448	1	1	6.9	6.66666666666667
7.85398163397448	1	1	6.9	6.66666666666667
7	0.656986598718789	1	7	1.66666666666667
7	0.656986598718789	1	7	2.66666666666667
8.14751542240514	0.957227399845067	1	7	2.66666666666667
7	0.656986598718789	1	7	3.66666666666667
8.14751542240514	0.957227399845067	1	7	3.66666666666667
7.845250084211	0.999961880261552	1	7	3.66666666666667
7	0.656986598718789	1	7	4.66666666666667
8.14751542240514	0.957227399845067	1	7	4.66666666666667
7.845250084211	0.999961880261552	1	7	4.66666666666667
7.85398185587892	0.999999999999975	1	7	4.66666666666667
7	0.656986598718789	1	7	5.66666666666667
8.14751542240514	0.957227399845067	1	7	5.66666666666667
7.845250084211	0.999961880261552	1	7	5.66666666666667
7.85398185587892	0.999999999999975	1	7	5.66666666666667
7.85398163397448	1	1	7	5.66666666666667
7.1	0.728969040125877	1	7.1	1.66666666666667
7.1	0.728969040125877	1	7.1	2.66666666666667
8.03906137128211	0.982921580104144	1	7.1	2.66666666666667
7.1	0.728969040125877	1	7.1	3.66666666666667
8.03906137128211	0.982921580104144	1	7.1	3.66666666666667
7.85183899936727	0.999997704559348	1	7.1	3.66666666666667
7.1	0.728969040125877	1	7.1	4.66666666666667
8.03906137128211	0.982921580104144	1	7.1	4.66666666666667
7.85183899936727	0.999997704559348	1	7.1	4.66666666666667
7.85398163725335	1	1	7.1	4.66666666666667
7.1	0.728969040125877	1	7.1	5.66666666666667
8.03906137128211	0.982921580104144	1	7.1	5.66666666666667
7.85183899936727	0.999997704559348	1	7.1	5.66666666666667
7.85398163725335	1	1	7.1	5.66666666666667
7.85398163397448	1	1	7.1	5.66666666666667
7.2	0.793667863849153	1	7.2	1.66666666666667
7.2	0.793667863849153	1	7.2	2.66666666666667
7.96650616995106	0.993675791601646	1	7.2	2.66666666666667
7.2	0.793667863849153	1	7.2	3.66666666666667
7.96650616995106	0.993675791601646	1	7.2	3.66666666666667
7.85350429627616	0.999999886074363	1	7.2	3.66666666666667
7.2	0.793667863849153	1	7.2	4.66666666666667
7.96650616995106	0.993675791601646	1	7.2	4.66666666666667
7.85350429627616	0.999999886074363	1	7.2	4.66666666666667
7.85398163401074	1	1	7.2	4.66666666666667
7.2	0.793667863849153	1	7.2	5.66666666666667
7.96650616995106	0.993675791601646	1	7.2	5.66666666666667
7.85350429627616	0.999999886074363	1	7.2	5.66666666666667
7.85398163401074	1	1	7.2	5.66666666666667
7.85398163397448	1	1	7.2	5.66666666666667
7.3	0.850436620628565	1	7.3	1.66666666666667
7.3	0.850436620628565	1	7.3	2.66666666666667
7.91859697080339	0.997913155347528	1	7.3	2.66666666666667
7.3	0.850436620628565	1	7.3	3.66666666666667
7.91859697080339	0.997913155347528	1	7.3	3.66666666666667
7.85389155747506	0.999999995943112	1	7.3	3.66666666666667
7.3	0.850436620628565	1	7.3	4.66666666666667
7.91859697080339	0.997913155347528	1	7.3	4.66666666666667
7.85389155747506	0.999999995943112	1	7.3	4.66666666666667
7.85398163397473	1	1	7.3	4.66666666666667
7.3	0.850436620628565	1	7.3	5.66666666666667
7.91859697080339	0.997913155347528	1	7.3	5.66666666666667
7.85389155747506	0.999999995943112	1	7.3	5.66666666666667
7.85398163397473	1	1	7.3	5.66666666666667
7.85398163397448	1	1	7.3	5.66666666666667
7.4	0.898708095811627	1	7.4	1.66666666666667
7.4	0.898708095811627	1	7.4	2.66666666666667
7.88797527208024	0.999422271921028	1	7.4	2.66666666666667
7.4	0.898708095811627	1	7.4	3.66666666666667
7.88797527208024	0.999422271921028	1	7.4	3.66666666666667
7.8539685339389	0.999999999914195	1	7.4	3.66666666666667
7.4	0.898708095811627	1	7.4	4.66666666666667
7.88797527208024	0.999422271921028	1	7.4	4.66666666666667
7.8539685339389	0.999999999914195	1	7.4	4.66666666666667
7.85398163397448	1	1	7.4	4.66666666666667
7.4	0.898708095811627	1	7.4	5.66666666666667
7.88797527208024	0.999422271921028	1	7.4	5.66666666666667
7.8539685339389	0.999999999914195	1	7.4	5.66666666666667
7.85398163397448	1	1	7.4	5.66666666666667
7.85398163397448	1	1	7.4	5.66666666666667
7.5	0.937999976774739	1	7.5	1.66666666666667
7.5	0.937999976774739	1	7.5	2.66666666666667
7.86954725630902	0.99987885814664	1	7.5	2.66666666666667
7.5	0.937999976774739	1	7.5	3.66666666666667
7.86954725630902	0.99987885814664	1	7.5	3.66666666666667
7.85398037672836	0.99999999999921	1	7.5	3.66666666666667
7.5	0.937999976774739	1	7.5	4.66666666666667
7.86954725630902	0.99987885814664	1	7.5	4.66666666666667
7.85398037672836	0.99999999999921	1	7.5	4.66666666666667
7.85398163397448	1	1	7.5	4.66666666666667
7.6	0.967919672031486	1	7.6	1.66666666666667
7.6	0.967919672031486	1	7.6	2.66666666666667
7.85958749454374	0.999984287204788	1	7.6	2.66666666666667
7.6	0.967919672031486	1	7.6	3.66666666666667
7.85958749454374	0.999984287204788	1	7.6	3.66666666666667
7.8539815752511	0.999999999999998	1	7.6	3.66666666666667
7.6	0.967919672031486	1	7.6	4.66666666666667
7.85958749454374	0.999984287204788	1	7.6	4.66666666666667
7.8539815752511	0.999999999999998	1	7.6	4.66666666666667
7.85398163397448	1	1	7.6	4.66666666666667
7.7	0.988168233877	1	7.7	1.66666666666667
7.7	0.988168233877	1	7.7	2.66666666666667
7.85521027369612	0.999999245222312	1	7.7	2.66666666666667
7.7	0.988168233877	1	7.7	3.66666666666667
7.85521027369612	0.999999245222312	1	7.7	3.66666666666667
7.85398163335625	1	1	7.7	3.66666666666667
7.7	0.988168233877	1	7.7	4.66666666666667
7.85521027369612	0.999999245222312	1	7.7	4.66666666666667
7.85398163335625	1	1	7.7	4.66666666666667
7.85398163397448	1	1	7.7	4.66666666666667
7.8	0.998543345374605	1	7.8	1.66666666666667
7.8	0.998543345374605	1	7.8	2.66666666666667
7.8540341296275	0.999999998622103	1	7.8	2.66666666666667
7.8	0.998543345374605	1	7.8	3.66666666666667
7.8540341296275	0.999999998622103	1	7.8	3.66666666666667
7.85398163397444	1	1	7.8	3.66666666666667
7.8	0.998543345374605	1	7.8	4.66666666666667
7.8540341296275	0.999999998622103	1	7.8	4.66666666666667
7.85398163397444	1	1	7.8	4.66666666666667
7.85398163397448	1	1	7.8	4.66666666666667
7.9	0.998941341839772	1	7.9	1.66666666666667
7.9	0.998941341839772	1	7.9	2.66666666666667
7.85394912222292	0.999999999471493	1	7.9	2.66666666666667
7.9	0.998941341839772	1	7.9	3.66666666666667
7.85394912222292	0.999999999471493	1	7.9	3.66666666666667
7.85398163397449	1	1	7.9	3.66666666666667
7.9	0.998941341839772	1	7.9	4.66666666666667
7.85394912222292	0.999999999471493	1	7.9	4.66666666666667
7.85398163397449	1	1	7.9	4.66666666666667
7.85398163397448	1	1	7.9	4.66666666666667
8	0.989358246623382	1	8	1.66666666666667
8	0.989358246623382	1	8	2.66666666666667
7.85293493605052	0.999999452211778	1	8	2.66666666666667
8	0.989358246623382	1	8	3.66666666666667
7.85293493605052	0.999999452211778	1	8	3.66666666666667
7.85398163435673	1	1	8	3.66666666666667
8	0.989358246623382	1	8	4.66666666666667
7.85293493605052	0.999999452211778	1	8	4.66666666666667
7.85398163435673	1	1	8	4.66666666666667
7.85398163397448	1	1	8	4.66666666666667
8.1	0.969889810845086	1	8.1	1.66666666666667
8.1	0.969889810845086	1	8.1	2.66666666666667
7.8488950280614	0.999987063248036	1	8.1	2.66666666666667
8.1	0.969889810845086	1	8.1	3.66666666666667
7.8488950280614	0.999987063248036	1	8.1	3.66666666666667
7.85398167784447	1	1	8.1	3.66666666666667
8.1	0.969889810845086	1	8.1	4.66666666666667
7.8488950280614	0.999987063248036	1	8.1	4.66666666666667
7.85398167784447	1	1	8.1	4.66666666666667
7.85398163397448	1	1	8.1	4.66666666666667
8.2	0.940730556679773	1	8.2	1.66666666666667
8.2	0.940730556679773	1	8.2	2.66666666666667
7.83947715041717	0.999894811822512	1	8.2	2.66666666666667
8.2	0.940730556679773	1	8.2	3.66666666666667
7.83947715041717	0.999894811822512	1	8.2	3.66666666666667
7.85398265121138	0.999999999999483	1	8.2	3.66666666666667
8.2	0.940730556679773	1	8.2	4.66666666666667
7.83947715041717	0.999894811822512	1	8.2	4.66666666666667
7.85398265121138	0.999999999999483	1	8.2	4.66666666666667
7.85398163397448	1	1	8.2	4.66666666666667
8.3	0.902171833756293	1	8.3	1.66666666666667
8.3	0.902171833756293	1	8.3	2.66666666666667
7.82184625053685	0.999483702998875	1	8.3	2.66666666666667
8.3	0.902171833756293	1	8.3	3.66666666666667
7.82184625053685	0.999483702998875	1	8.3	3.66666666666667
7.85399270043241	0.999999999938767	1	8.3	3.66666666666667
8.3	0.902171833756293	1	8.3	4.66666666666667
7.82184625053685	0.999483702998875	1	8.3	4.66666666666667
7.85399270043241	0.999999999938767	1	8.3	4.66666666666667
7.85398163397448	1	1	8.3	4.66666666666667
8.4	0.854598908088281	1	8.4	1.66666666666667
8.4	0.854598908088281	1	8.4	2.66666666666667
7.79235979685684	0.998101975315487	1	8.4	2.66666666666667
8.4	0.854598908088281	1	8.4	3.66666666666667
7.79235979685684	0.998101975315487	1	8.4	3.66666666666667
7.85405975048479	0.999999996948905	1	8.4	3.66666666666667
8.4	0.854598908088281	1	8.4	4.66666666666667
7.79235979685684	0.998101975315487	1	8.4	4.66666666666667
7.85405975048479	0.999999996948905	1	8.4	4.66666666666667
7.85398163397432	1	1	8.4	4.66666666666667
8.4	0.854598908088281	1	8.4	5.66666666666667
7.79235979685684	0.998101975315487	1	8.4	5.66666666666667
7.85405975048479	0.999999996948905	1	8.4	5.66666666666667
7.85398163397432	1	1	8.4	5.66666666666667
7.85398163397448	1	1	8.4	5.66666666666667
8.5	0.79848711262349	1	8.5	1.66666666666667
8.5	0.79848711262349	1	8.5	2.66666666666667
7.74605933750531	0.994182039175958	1	8.5	2.66666666666667
8.5	0.79848711262349	1	8.5	3.66666666666667
7.74605933750531	0.994182039175958	1	8.5	3.66666666666667
7.85440259360538	0.999999911396496	1	8.5	3.66666666666667
8.5	0.79848711262349	1	8.5	4.66666666666667
7.74605933750531	0.994182039175958	1	8.5	4.66666666666667
7.85440259360538	0.999999911396496	1	8.5	4.66666666666667
7.85398163394962	1	1	8.5	4.66666666666667
8.5	0.79848711262349	1	8.5	5.66666666666667
7.74605933750531	0.994182039175958	1	8.5	5.66666666666667
7.85440259360538	0.999999911396496	1	8.5	5.66666666666667
7.85398163394962	1	1	8.5	5.66666666666667
7.85398163397448	1	1	8.5	5.66666666666667
8.6	0.734397097874113	1	8.6	1.66666666666667
8.6	0.734397097874113	1	8.6	2.66666666666667
7.67581327692507	0.984169960504916	1	8.6	2.66666666666667
8.6	0.734397097874113	1	8.6	3.66666666666667
7.67581327692507	0.984169960504916	1	8.6	3.66666666666667
7.85589114037017	0.999998176893216	1	8.6	3.66666666666667
8.6	0.734397097874113	1	8.6	4.66666666666667
7.67581327692507	0.984169960504916	1	8.6	4.66666666666667
7.85589114037017	0.999998176893216	1	8.6	4.66666666666667
7.85398163165366	1	1	8.6	4.66666666666667
8.6	0.734397097874113	1	8.6	5.66666666666667
7.67581327692507	0.984169960504916	1	8.6	5.66666666666667
7.85589114037017	0.999998176893216	1	8.6	5.66666666666667
7.85398163165366	1	1	8.6	5.66666666666667
7.85398163397448	1	1	8.6	5.66666666666667
8.7	0.662969230082182	1	8.7	1.66666666666667
8.7	0.662969230082182	1	8.7	2.66666666666667
7.57076713122177	0.96016212854554	1	8.7	2.66666666666667
8.7	0.662969230082182	1	8.7	3.66666666666667
7.57076713122177	0.96016212854554	1	8.7	3.66666666666667
7.86180499086424	0.999969397699573	1	8.7	3.66666666666667
8.7	0.662969230082182	1	8.7	4.66666666666667
7.57076713122177	0.96016212854554	1	8.7	4.66666666666667
7.86180499086424	0.999969397699573	1	8.7	4.66666666666667
7.85398147436128	0.999999999999987	1	8.7	4.66666666666667
8.7	0.662969230082182	1	8.7	5.66666666666667
7.57076713122177	0.96016212854554	1	8.7	5.66666666666667
7.86180499086424	0.999969397699573	1	8.7	5.66666666666667
7.85398147436128	0.999999999999987	1	8.7	5.66666666666667
7.85398163397448	1	1	8.7	5.66666666666667
8.8	0.584917192891762	1	8.8	1.66666666666667
8.8	0.584917192891762	1	8.8	2.66666666666667
7.41331992986613	0.904469619272783	1	8.8	2.66666666666667
8.8	0.584917192891762	1	8.8	3.66666666666667
7.41331992986613	0.904469619272783	1	8.8	3.66666666666667
7.88490906959706	0.999521784982701	1	8.8	3.66666666666667
8.8	0.584917192891762	1	8.8	4.66666666666667
7.41331992986613	0.904469619272783	1	8.8	4.66666666666667
7.88490906959706	0.999521784982701	1	8.8	4.66666666666667
7.8539717694382	0.999999999951345	1	8.8	4.66666666666667
8.8	0.584917192891762	1	8.8	5.66666666666667
7.41331992986613	0.904469619272783	1	8.8	5.66666666666667
7.88490906959706	0.999521784982701	1	8.8	5.66666666666667
7.8539717694382	0.999999999951345	1	8.8	5.66666666666667
7.85398163397448	1	1	8.8	5.66666666666667
8.8	0.584917192891762	1	8.8	6.66666666666667
7.41331992986613	0.904469619272783	1	8.8	6.66666666666667
7.88490906959706	0.999521784982701	1	8.8	6.66666666666667
7.8539717694382	0.999999999951345	1	8.8	6.66666666666667
7.85398163397448	1	1	8.8	6.66666666666667
7.85398163397448	1	1	8.8	6.66666666666667
8.9	0.501020856457885	1	8.9	1.66666666666667
8.9	0.501020856457885	1	8.9	2.66666666666667
7.17265632141631	0.776738688818648	1	8.9	2.66666666666667
8.9	0.501020856457885	1	8.9	3.66666666666667
7.17265632141631	0.776738688818648	1	8.9	3.66666666666667
7.98351202803885	0.991622661340947	1	8.9	3.66666666666667
8.9	0.501020856457885	1	8.9	4.66666666666667
7.17265632141631	0.776738688818648	1	8.9	4.66666666666667
7.98351202803885	0.991622661340947	1	8.9	4.66666666666667
7.85325231330299	0.999999734045691	1	8.9	4.66666666666667
8.9	0.501020856457885	1	8.9	5.66666666666667
7.17265632141631	0.776738688818648	1	8.9	5.66666666666667
7.98351202803885	0.991622661340947	1	8.9	5.66666666666667
7.85325231330299	0.999999734045691	1	8.9	5.66666666666667
7.85398163410379	1	1	8.9	5.66666666666667
8.9	0.501020856457885	1	8.9	6.66666666666667
7.17265632141631	0.776738688818648	1	8.9	6.66666666666667
7.98351202803885	0.991622661340947	1	8.9	6.66666666666667
7.85325231330299	0.999999734045691	1	8.9	6.66666666666667
7.85398163410379	1	1	8.9	6.66666666666667
7.85398163397448	1	1	8.9	6.66666666666667
9	0.412118485241757	1	9	1.66666666666667
9	0.412118485241757	1	9	2.66666666666667
6.78915458900081	0.484655503629306	1	9	2.66666666666667
9	0.412118485241757	1	9	3.66666666666667
6.78915458900081	0.484655503629306	1	9	3.66666666666667
8.59395224646315	0.738488374054348	1	9	3.66666666666667
9	0.412118485241757	1	9	4.66666666666667
6.78915458900081	0.484655503629306	1	9	4.66666666666667
8.59395224646315	0.738488374054348	1	9	4.66666666666667
7.68091660057738	0.985061588671592	1	9	4.66666666666667
9	0.412118485241757	1	9	5.66666666666667
6.78915458900081	0.484655503629306	1	9	5.66666666666667
8.59395224646315	0.738488374054348	1	9	5.66666666666667
7.68091660057738	0.985061588671592	1	9	5.66666666666667
7.85573044151741	0.999998470836479	1	9	5.66666666666667
9	0.412118485241757	1	9	6.66666666666667
6.78915458900081	0.484655503629306	1	9	6.66666666666667
8.59395224646315	0.738488374054348	1	9	6.66666666666667
7.68091660057738	0.985061588671592	1	9	6.66666666666667
7.85573044151741	0.999998470836479	1	9	6.66666666666667
7.85398163219167	1	1	9	6.66666666666667
9	0.412118485241757	1	9	7.66666666666667
6.78915458900081	0.484655503629306	1	9	7.66666666666667
8.59395224646315	0.738488374054348	1	9	7.66666666666667
7.68091660057738	0.985061588671592	1	9	7.66666666666667
7.85573044151741	0.999998470836479	1	9	7.66666666666667
7.85398163219167	1	1	9	7.66666666666667
7.85398163397448	1	1	9	7.66666666666667
9.1	0.319098362349352	1	9.1	1.66666666666667
9.1	0.319098362349352	1	9.1	2.66666666666667
6.1300016736108	-0.152585254635441	1	9.1	2.66666666666667
9.1	0.319098362349352	1	9.1	3.66666666666667
6.1300016736108	-0.152585254635441	1	9.1	3.66666666666667
-0.785398163397448	-0.340049565865384	1	9.1	3.66666666666667
9.1	0.319098362349352	1	9.1	4.66666666666667
6.1300016736108	-0.152585254635441	1	9.1	4.66666666666667
-0.785398163397448	-0.340049565865384	1	9.1	4.66666666666667
-0.785398163397448	-0.0291176403733644	1	9.1	4.66666666666667
9.1	0.319098362349352	1	9.1	5.66666666666667
6.1300016736108	-0.152585254635441	1	9.1	5.66666666666667
-0.785398163397448	-0.340049565865384	1	9.1	5.66666666666667
-0.785398163397448	-0.0291176403733644	1	9.1	5.66666666666667
16.4933614313464	-0.198196044936696	1	9.1	5.66666666666667
9.1	0.319098362349352	1	9.1	6.66666666666667
6.1300016736108	-0.152585254635441	1	9.1	6.66666666666667
-0.785398163397448	-0.340049565865384	1	9.1	6.66666666666667
-0.785398163397448	-0.0291176403733644	1	9.1	6.66666666666667
16.4933614313464	-0.198196044936696	1	9.1	6.66666666666667
16.4933614313464	0.907901162980769	1	9.1	6.66666666666667
9.1	0.319098362349352	1	9.1	7.66666666666667
6.1300016736108	-0.152585254635441	1	9.1	7.66666666666667
-0.785398163397448	-0.340049565865384	1	9.1	7.66666666666667
-0.785398163397448	-0.0291176403733644	1	9.1	7.66666666666667
16.4933614313464	-0.198196044936696	1	9.1	7.66666666666667
16.4933614313464	0.907901162980769	1	9.1	7.66666666666667
16.4933614313464	0.999574868934604	1	9.1	7.66666666666667
9.1	0.319098362349352	1	9.1	8.66666666666667
6.1300016736108	-0.152585254635441	1	9.1	8.66666666666667
-0.785398163397448	-0.340049565865384	1	9.1	8.66666666666667
-0.785398163397448	-0.0291176403733644	1	9.1	8.66666666666667
16.4933614313464	-0.198196044936696	1	9.1	8.66666666666667
16.4933614313464	0.907901162980769	1	9.1	8.66666666666667
16.4933614313464	0.999574868934604	1	9.1	8.66666666666667
16.4933614313464	0.99999999996582	1	9.1	8.66666666666667
9.1	0.319098362349352	1	9.1	9.66666666666667
6.1300016736108	-0.152585254635441	1	9.1	9.66666666666667
-0.785398163397448	-0.340049565865384	1	9.1	9.66666666666667
-0.785398163397448	-0.0291176403733644	1	9.1	9.66666666666667
16.4933614313464	-0.198196044936696	1	9.1	9.66666666666667
16.4933614313464	0.907901162980769	1	9.1	9.66666666666667
16.4933614313464	0.999574868934604	1	9.1	9.66666666666667
16.4933614313464	0.99999999996582	1	9.1	9.66666666666667
16.4933614313464	1	1	9.1	9.66666666666667
9.2	0.222889914100246	1	9.2	1.66666666666667
9.2	0.222889914100246	1	9.2	2.66666666666667
4.82634484678511	-0.993514053658353	1	9.2	2.66666666666667
9.2	0.222889914100246	1	9.2	3.66666666666667
4.82634484678511	-0.993514053658353	1	9.2	3.66666666666667
4.71189312992997	-0.999999877066166	1	9.2	3.66666666666667
9.2	0.222889914100246	1	9.2	4.66666666666667
4.82634484678511	-0.993514053658353	1	9.2	4.66666666666667
4.71189312992997	-0.999999877066166	1	9.2	4.66666666666667
4.71238898042533	-1	1	9.2	4.66666666666667
9.2	0.222889914100246	1	9.2	5.66666666666667
4.82634484678511	-0.993514053658353	1	9.2	5.66666666666667
4.71189312992997	-0.999999877066166	1	9.2	5.66666666666667
4.71238898042533	-1	1	9.2	5.66666666666667
4.71238898038469	-1	1	9.2	5.66666666666667
9.3	0.124454423507062	1	9.3	1.66666666666667
9.3	0.124454423507062	1	9.3	2.66666666666667
1.32740009159816	0.970525080476199	1	9.3	2.66666666666667
9.3	0.124454423507062	1	9.3	3.66666666666667
1.32740009159816	0.970525080476199	1	9.3	3.66666666666667
1.57571942540284	0.999987881574524	1	9.3	3.66666666666667
9.3	0.124454423507062	1	9.3	4.66666666666667
1.32740009159816	0.970525080476199	1	9.3	4.66666666666667
1.57571942540284	0.999987881574524	1	9.3	4.66666666666667
1.57079628702096	1	1	9.3	4.66666666666667
9.3	0.124454423507062	1	9.3	5.66666666666667
1.32740009159816	0.970525080476199	1	9.3	5.66666666666667
1.57571942540284	0.999987881574524	1	9.3	5.66666666666667
1.57079628702096	1	1	9.3	5.66666666666667
1.5707963267949	1	1	9.3	5.66666666666667
9.4	0.0247754254533578	1	9.4	1.66666666666667
9.4	0.0247754254533578	1	9.4	2.66666666666667
-0.785398163397448	0.449083980848626	1	9.4	2.66666666666667
9.4	0.0247754254533578	1	9.4	3.66666666666667
-0.785398163397448	0.449083980848626	1	9.4	3.66666666666667
-0.785398163397448	0.633656375437343	1	9.4	3.66666666666667
9.4	0.0247754254533578	1	9.4	4.66666666666667
-0.785398163397448	0.449083980848626	1	9.4	4.66666666666667
-0.785398163397448	0.633656375437343	1	9.4	4.66666666666667
-0.785398163397448	0.943966204590146	1	9.4	4.66666666666667
9.4	0.0247754254533578	1	9.4	5.66666666666667
-0.785398163397448	0.449083980848626	1	9.4	5.66666666666667
-0.785398163397448	0.633656375437343	1	9.4	5.66666666666667
-0.785398163397448	0.943966204590146	1	9.4	5.66666666666667
-0.785398163397448	0.99991175287251	1	9.4	5.66666666666667
9.4	0.0247754254533578	1	9.4	6.66666666666667
-0.785398163397448	0.449083980848626	1	9.4	6.66666666666667
-0.785398163397448	0.633656375437343	1	9.4	6.66666666666667
-0.785398163397448	0.943966204590146	1	9.4	6.66666666666667
-0.785398163397448	0.99991175287251	1	9.4	6.66666666666667
-0.785398163397448	0.999999999999694	1	9.4	6.66666666666667
9.4	0.0247754254533578	1	9.4	7.66666666666667
-0.785398163397448	0.449083980848626	1	9.4	7.66666666666667
-0.785398163397448	0.633656375437343	1	9.4	7.66666666666667
-0.785398163397448	0.943966204590146	1	9.4	7.66666666666667
-0.785398163397448	0.99991175287251	1	9.4	7.66666666666667
-0.785398163397448	0.999999999999694	1	9.4	7.66666666666667
-0.785398163397448	1	1	9.4	7.66666666666667
9.5	-0.0751511204618093	1	9.5	1.66666666666667
9.5	-0.0751511204618093	1	9.5	2.66666666666667
16.4933614313464	-0.70167392264634	1	9.5	2.66666666666667
9.5	-0.0751511204618093	1	9.5	3.66666666666667
16.4933614313464	-0.70167392264634	1	9.5	3.66666666666667
16.4933614313464	-0.975376574884541	1	9.5	3.66666666666667
9.5	-0.0751511204618093	1	9.5	4.66666666666667
16.4933614313464	-0.70167392264634	1	9.5	4.66666666666667
16.4933614313464	-0.975376574884541	1	9.5	4.66666666666667
16.4933614313464	-0.999993008172616	1	9.5	4.66666666666667
9.5	-0.0751511204618093	1	9.5	5.66666666666667
16.4933614313464	-0.70167392264634	1	9.5	5.66666666666667
16.4933614313464	-0.975376574884541	1	9.5	5.66666666666667
16.4933614313464	-0.999993008172616	1	9.5	5.66666666666667
16.4933614313464	-1	1	9.5	5.66666666666667
9.5	-0.0751511204618093	1	9.5	6.66666666666667
16.4933614313464	-0.70167392264634	1	9.5	6.66666666666667
16.4933614313464	-0.975376574884541	1	9.5	6.66666666666667
16.4933614313464	-0.999993008172616	1	9.5	6.66666666666667
16.4933614313464	-1	1	9.5	6.66666666666667
16.4933614313464	-1	1	9.5	6.66666666666667
9.6	-0.174326781222981	1	9.6	1.66666666666667
9.6	-0.174326781222981	1	9.6	2.66666666666667
15.248517392945	0.443451513746165	1	9.6	2.66666666666667
9.6	-0.174326781222981	1	9.6	3.66666666666667
15.248517392945	0.443451513746165	1	9.6	3.66666666666667
13.2273305553677	0.61387491530691	1	9.6	3.66666666666667
9.6	-0.174326781222981	1	9.6	4.66666666666667
15.248517392945	0.443451513746165	1	9.6	4.66666666666667
13.2273305553677	0.61387491530691	1	9.6	4.66666666666667
14.5132656732739	0.930104624940899	1	9.6	4.66666666666667
9.6	-0.174326781222981	1	9.6	5.66666666666667
15.248517392945	0.443451513746165	1	9.6	5.66666666666667
13.2273305553677	0.61387491530691	1	9.6	5.66666666666667
14.5132656732739	0.930104624940899	1	9.6	5.66666666666667
14.1183695760404	0.999823334734407	1	9.6	5.66666666666667
9.6	-0.174326781222981	1	9.6	6.66666666666667
15.248517392945	0.443451513746165	1	9.6	6.66666666666667
13.2273305553677	0.61387491530691	1	9.6	6.66666666666667
14.5132656732739	0.930104624940899	1	9.6	6.66666666666667
14.1183695760404	0.999823334734407	1	9.6	6.66666666666667
14.1371691554266	0.999999999997548	1	9.6	6.66666666666667
9.6	-0.174326781222981	1	9.6	7.66666666666667
15.248517392945	0.443451513746165	1	9.6	7.66666666666667
13.2273305553677	0.61387491530691	1	9.6	7.66666666666667
14.5132656732739	0.930104624940899	1	9.6	7.66666666666667
14.1183695760404	0.999823334734407	1	9.6	7.66666666666667
14.1371691554266	0.999999999997548	1	9.6	7.66666666666667
14.1371669411541	1	1	9.6	7.66666666666667
9.7	-0.271760626410944	1	9.7	1.66666666666667
9.7	-0.271760626410944	1	9.7	2.66666666666667
13.2412226286823	0.624781776438961	1	9.7	2.66666666666667
9.7	-0.271760626410944	1	9.7	3.66666666666667
13.2412226286823	0.624781776438961	1	9.7	3.66666666666667
14.4909380459375	0.938072932839987	1	9.7	3.66666666666667
9.7	-0.271760626410944	1	9.7	4.66666666666667
13.2412226286823	0.624781776438961	1	9.7	4.66666666666667
14.4909380459375	0.938072932839987	1	9.7	4.66666666666667
14.1216300511642	0.999879304952681	1	9.7	4.66666666666667
9.7	-0.271760626410944	1	9.7	5.66666666666667
13.2412226286823	0.624781776438961	1	9.7	5.66666666666667
14.4909380459375	0.938072932839987	1	9.7	5.66666666666667
14.1216300511642	0.999879304952681	1	9.7	5.66666666666667
14.1371681914504	0.999999999999218	1	9.7	5.66666666666667
9.7	-0.271760626410944	1	9.7	6.66666666666667
13.2412226286823	0.624781776438961	1	9.7	6.66666666666667
14.4909380459375	0.938072932839987	1	9.7	6.66666666666667
14.1216300511642	0.999879304952681	1	9.7	6.66666666666667
14.1371681914504	0.999999999999218	1	9.7	6.66666666666667
14.1371669411541	1	1	9.7	6.66666666666667
9.8	-0.366479129251928	1	9.8	1.66666666666667
9.8	-0.366479129251928	1	9.8	2.66666666666667
12.3388247183516	-0.225587360835056	1	9.8	2.66666666666667
9.8	-0.366479129251928	1	9.8	3.66666666666667
12.3388247183516	-0.225587360835056	1	9.8	3.66666666666667
8.02021866092356	0.986214416112103	1	9.8	3.66666666666667
9.8	-0.366479129251928	1	9.8	4.66666666666667
12.3388247183516	-0.225587360835056	1	9.8	4.66666666666667
8.02021866092356	0.986214416112103	1	9.8	4.66666666666667
7.85243320941104	0.999998801190925	1	9.8	4.66666666666667
9.8	-0.366479129251928	1	9.8	5.66666666666667
12.3388247183516	-0.225587360835056	1	9.8	5.66666666666667
8.02021866092356	0.986214416112103	1	9.8	5.66666666666667
7.85243320941104	0.999998801190925	1	9.8	5.66666666666667
7.853981635212	1	1	9.8	5.66666666666667
9.8	-0.366479129251928	1	9.8	6.66666666666667
12.3388247183516	-0.225587360835056	1	9.8	6.66666666666667
8.02021866092356	0.986214416112103	1	9.8	6.66666666666667
7.85243320941104	0.999998801190925	1	9.8	6.66666666666667
7.853981635212	1	1	9.8	6.66666666666667
7.85398163397448	1	1	9.8	6.66666666666667
9.9	-0.457535893775321	1	9.9	1.66666666666667
9.9	-0.457535893775321	1	9.9	2.66666666666667
11.8434347440772	-0.661589031172304	1	9.9	2.66666666666667
9.9	-0.457535893775321	1	9.9	3.66666666666667
11.8434347440772	-0.661589031172304	1	9.9	3.66666666666667
10.7100020710775	-0.959500612625344	1	9.9	3.66666666666667
9.9	-0.457535893775321	1	9.9	4.66666666666667
11.8434347440772	-0.661589031172304	1	9.9	4.66666666666667
10.7100020710775	-0.959500612625344	1	9.9	4.66666666666667
11.003599110775	-0.999967801279012	1	9.9	4.66666666666667
9.9	-0.457535893775321	1	9.9	5.66666666666667
11.8434347440772	-0.661589031172304	1	9.9	5.66666666666667
10.7100020710775	-0.959500612625344	1	9.9	5.66666666666667
11.003599110775	-0.999967801279012	1	9.9	5.66666666666667
10.9955741152996	-0.999999999999985	1	9.9	5.66666666666667
9.9	-0.457535893775321	1	9.9	6.66666666666667
11.8434347440772	-0.661589031172304	1	9.9	6.66666666666667
10.7100020710775	-0.959500612625344	1	9.9	6.66666666666667
11.003599110775	-0.999967801279012	1	9.9	6.66666666666667
10.9955741152996	-0.999999999999985	1	9.9	6.66666666666667
10.9955742875643	-1	1	9.9	6.66666666666667
10	-0.54402111088937	1	10	1.66666666666667
10	-0.54402111088937	1	10	2.66666666666667
11.5423510453569	-0.85420483812127	1	10	2.66666666666667
10	-0.54402111088937	1	10	3.66666666666667
11.5423510453569	-0.85420483812127	1	10	3.66666666666667
10.9336719530707	-0.998084662224403	1	10	3.66666666666667
10	-0.54402111088937	1	10	4.66666666666667
11.5423510453569	-0.85420483812127	1	10	4.66666666666667
10.9336719530707	-0.998084662224403	1	10	4.66666666666667
10.9956534767761	-0.999999996864534	1	10	4.66666666666667
10	-0.54402111088937	1	10	5.66666666666667
11.5423510453569	-0.85420483812127	1	10	5.66666666666667
10.9336719530707	-0.998084662224403	1	10	5.66666666666667
10.9956534767761	-0.999999996864534	1	10	5.66666666666667
10.9955742875641	-1	1	10	5.66666666666667
10	-0.54402111088937	1	10	6.66666666666667
11.5423510453569	-0.85420483812127	1	10	6.66666666666667
10.9336719530707	-0.998084662224403	1	10	6.66666666666667
10.9956534767761	-0.999999996864534	1	10	6.66666666666667
10.9955742875641	-1	1	10	6.66666666666667
10.9955742875643	-1	1	10	6.66666666666667
10.1	-0.625070648892883	1	10.1	1.66666666666667
10.1	-0.625070648892883	1	10.1	2.66666666666667
11.348767929756	-0.938272831311912	1	10.1	2.66666666666667
10.1	-0.625070648892883	1	10.1	3.66666666666667
11.348767929756	-0.938272831311912	1	10.1	3.66666666666667
10.9801160169263	-0.99988052331363	1	10.1	3.66666666666667
10.1	-0.625070648892883	1	10.1	4.66666666666667
11.348767929756	-0.938272831311912	1	10.1	4.66666666666667
10.9801160169263	-0.99988052331363	1	10.1	4.66666666666667
10.9955755189751	-0.999999999999242	1	10.1	4.66666666666667
10.1	-0.625070648892883	1	10.1	5.66666666666667
11.348767929756	-0.938272831311912	1	10.1	5.66666666666667
10.9801160169263	-0.99988052331363	1	10.1	5.66666666666667
10.9955755189751	-0.999999999999242	1	10.1	5.66666666666667
10.9955742875643	-1	1	10.1	5.66666666666667
10.2	-0.699874687593544	1	10.2	1.66666666666667
10.2	-0.699874687593544	1	10.2	2.66666666666667
11.220562201618	-0.974796803449248	1	10.2	2.66666666666667
10.2	-0.699874687593544	1	10.2	3.66666666666667
11.220562201618	-0.974796803449248	1	10.2	3.66666666666667
10.9916995504308	-0.999992493215465	1	10.2	3.66666666666667
10.2	-0.699874687593544	1	10.2	4.66666666666667
11.220562201618	-0.974796803449248	1	10.2	4.66666666666667
10.9916995504308	-0.999992493215465	1	10.2	4.66666666666667
10.9955743069556	-1	1	10.2	4.66666666666667
10.2	-0.699874687593544	1	10.2	5.66666666666667
11.220562201618	-0.974796803449248	1	10.2	5.66666666666667
10.9916995504308	-0.999992493215465	1	10.2	5.66666666666667
10.9955743069556	-1	1	10.2	5.66666666666667
10.9955742875643	-1	1	10.2	5.66666666666667
10.3	-0.767685809763583	1	10.3	1.66666666666667
10.3	-0.767685809763583	1	10.3	2.66666666666667
11.134750896063	-0.9903305591442	1	10.3	2.66666666666667
10.3	-0.767685809763583	1	10.3	3.66666666666667
11.134750896063	-0.9903305591442	1	10.3	3.66666666666667
10.9946686470438	-0.999999589907652	1	10.3	3.66666666666667
10.3	-0.767685809763583	1	10.3	4.66666666666667
11.134750896063	-0.9903305591442	1	10.3	4.66666666666667
10.9946686470438	-0.999999589907652	1	10.3	4.66666666666667
10.9955742878119	-1	1	10.3	4.66666666666667
10.3	-0.767685809763583	1	10.3	5.66666666666667
11.134750896063	-0.9903305591442	1	10.3	5.66666666666667
10.9946686470438	-0.999999589907652	1	10.3	5.66666666666667
10.9955742878119	-1	1	10.3	5.66666666666667
10.9955742875643	-1	1	10.3	5.66666666666667
10.4	-0.827826469085654	1	10.4	1.66666666666667
10.4	-0.827826469085654	1	10.4	2.66666666666667
11.077659241854	-0.996632921374471	1	10.4	2.66666666666667
10.4	-0.827826469085654	1	10.4	3.66666666666667
11.077659241854	-0.996632921374471	1	10.4	3.66666666666667
10.9953894281617	-0.999999982913501	1	10.4	3.66666666666667
10.4	-0.827826469085654	1	10.4	4.66666666666667
11.077659241854	-0.996632921374471	1	10.4	4.66666666666667
10.9953894281617	-0.999999982913501	1	10.4	4.66666666666667
10.9955742875664	-1	1	10.4	4.66666666666667
10.4	-0.827826469085654	1	10.4	5.66666666666667
11.077659241854	-0.996632921374471	1	10.4	5.66666666666667
10.9953894281617	-0.999999982913501	1	10.4	5.66666666666667
10.9955742875664	-1	1	10.4	5.66666666666667
10.9955742875643	-1	1	10.4	5.66666666666667
10.5	-0.87969575997167	1	10.5	1.66666666666667
10.5	-0.87969575997167	1	10.5	2.66666666666667
11.0405697624498	-0.998987874399047	1	10.5	2.66666666666667
10.5	-0.87969575997167	1	10.5	3.66666666666667
11.0405697624498	-0.998987874399047	1	10.5	3.66666666666667
10.9955438971152	-0.99999999953821	1	10.5	3.66666666666667
10.5	-0.87969575997167	1	10.5	4.66666666666667
11.0405697624498	-0.998987874399047	1	10.5	4.66666666666667
10.9955438971152	-0.99999999953821	1	10.5	4.66666666666667
10.9955742875643	-1	1	10.5	4.66666666666667
10.5	-0.87969575997167	1	10.5	5.66666666666667
11.0405697624498	-0.998987874399047	1	10.5	5.66666666666667
10.9955438971152	-0.99999999953821	1	10.5	5.66666666666667
10.9955742875643	-1	1	10.5	5.66666666666667
10.9955742875643	-1	1	10.5	5.66666666666667
10.6	-0.922775421612807	1	10.6	1.66666666666667
10.6	-0.922775421612807	1	10.6	2.66666666666667
11.0175861013922	-0.999757749807494	1	10.6	2.66666666666667
10.6	-0.922775421612807	1	10.6	3.66666666666667
11.0175861013922	-0.999757749807494	1	10.6	3.66666666666667
10.9955707318208	-0.999999999993678	1	10.6	3.66666666666667
10.6	-0.922775421612807	1	10.6	4.66666666666667
11.0175861013922	-0.999757749807494	1	10.6	4.66666666666667
10.9955707318208	-0.999999999993678	1	10.6	4.66666666666667
10.9955742875643	-1	1	10.6	4.66666666666667
10.7	-0.956635016270188	1	10.7	1.66666666666667
10.7	-0.956635016270188	1	10.7	2.66666666666667
11.0044936436229	-0.999960222807457	1	10.7	2.66666666666667
10.7	-0.956635016270188	1	10.7	3.66666666666667
11.0044936436229	-0.999960222807457	1	10.7	3.66666666666667
10.9955740510306	-0.999999999999972	1	10.7	3.66666666666667
10.7	-0.956635016270188	1	10.7	4.66666666666667
11.0044936436229	-0.999960222807457	1	10.7	4.66666666666667
10.9955740510306	-0.999999999999972	1	10.7	4.66666666666667
10.9955742875643	-1	1	10.7	4.66666666666667
10.8	-0.980936230066492	1	10.8	1.66666666666667
10.8	-0.980936230066492	1	10.8	2.66666666666667
10.9981065644218	-0.999996793788672	1	10.8	2.66666666666667
10.8	-0.980936230066492	1	10.8	3.66666666666667
10.9981065644218	-0.999996793788672	1	10.8	3.66666666666667
10.9955742821516	-1	1	10.8	3.66666666666667
10.8	-0.980936230066492	1	10.8	4.66666666666667
10.9981065644218	-0.999996793788672	1	10.8	4.66666666666667
10.9955742821516	-1	1	10.8	4.66666666666667
10.9955742875643	-1	1	10.8	4.66666666666667
10.9	-0.995436253306377	1	10.9	1.66666666666667
10.9	-0.995436253306377	1	10.9	2.66666666666667
10.995866360788	-0.999999957346616	1	10.9	2.66666666666667
10.9	-0.995436253306377	1	10.9	3.66666666666667
10.995866360788	-0.999999957346616	1	10.9	3.66666666666667
10.995574287556	-1	1	10.9	3.66666666666667
10.9	-0.995436253306377	1	10.9	4.66666666666667
10.995866360788	-0.999999957346616	1	10.9	4.66666666666667
10.995574287556	-1	1	10.9	4.66666666666667
10.9955742875643	-1	1	10.9	4.66666666666667
11	-0.999990206550703	1	11	1.66666666666667
11	-0.999990206550703	1	11	2.66666666666667
10.9955742586687	-1	1	11	2.66666666666667
11	-0.999990206550703	1	11	3.66666666666667
10.9955742586687	-1	1	11	3.66666666666667
10.9955742875643	-1	1	11	3.66666666666667
11.1	-0.994552588203989	1	11.1	1.66666666666667
11.1	-0.994552588203989	1	11.1	2.66666666666667
10.9951930464995	-0.999999927327626	1	11.1	2.66666666666667
11.1	-0.994552588203989	1	11.1	3.66666666666667
10.9951930464995	-0.999999927327626	1	11.1	3.66666666666667
10.9955742875827	-1	1	11.1	3.66666666666667
11.1	-0.994552588203989	1	11.1	4.66666666666667
10.9951930464995	-0.999999927327626	1	11.1	4.66666666666667
10.9955742875827	-1	1	11.1	4.66666666666667
10.9955742875643	-1	1	11.1	4.66666666666667
11.2	-0.979177729151317	1	11.2	1.66666666666667
11.2	-0.979177729151317	1	11.2	2.66666666666667
10.9926782260513	-0.999995806416787	1	11.2	2.66666666666667
11.2	-0.979177729151317	1	11.2	3.66666666666667
10.9926782260513	-0.999995806416787	1	11.2	3.66666666666667
10.9955742956609	-1	1	11.2	3.66666666666667
11.2	-0.979177729151317	1	11.2	4.66666666666667
10.9926782260513	-0.999995806416787	1	11.2	4.66666666666667
10.9955742956609	-1	1	11.2	4.66666666666667
10.9955742875643	-1	1	11.2	4.66666666666667
11.3	-0.954019249902089	1	11.3	1.66666666666667
11.3	-0.954019249902089	1	11.3	2.66666666666667
10.9858078667618	-0.999952308891433	1	11.3	2.66666666666667
11.3	-0.954019249902089	1	11.3	3.66666666666667
10.9858078667618	-0.999952308891433	1	11.3	3.66666666666667
10.9955745980929	-0.999999999999952	1	11.3	3.66666666666667
11.3	-0.954019249902089	1	11.3	4.66666666666667
10.9858078667618	-0.999952308891433	1	11.3	4.66666666666667
10.9955745980929	-0.999999999999952	1	11.3	4.66666666666667
10.9955742875643	-1	1	11.3	4.66666666666667
11.4	-0.919328525664676	1	11.4	1.66666666666667
11.4	-0.919328525664676	1	11.4	2.66666666666667
10.9719801405451	-0.999721671025346	1	11.4	2.66666666666667
11.4	-0.919328525664676	1	11.4	3.66666666666667
10.9719801405451	-0.999721671025346	1	11.4	3.66666666666667
10.995578666699	-0.999999999990412	1	11.4	3.66666666666667
11.4	-0.919328525664676	1	11.4	4.66666666666667
10.9719801405451	-0.999721671025346	1	11.4	4.66666666666667
10.995578666699	-0.999999999990412	1	11.4	4.66666666666667
10.9955742875643	-1	1	11.4	4.66666666666667
11.5	-0.875452174688429	1	11.5	1.66666666666667
11.5	-0.875452174688429	1	11.5	2.66666666666667
10.9479369944737	-0.998865558711254	1	11.5	2.66666666666667
11.5	-0.875452174688429	1	11.5	3.66666666666667
10.9479369944737	-0.998865558711254	1	11.5	3.66666666666667
10.9956103549259	-0.999999999349573	1	11.5	3.66666666666667
11.5	-0.875452174688429	1	11.5	4.66666666666667
10.9479369944737	-0.998865558711254	1	11.5	4.66666666666667
10.9956103549259	-0.999999999349573	1	11.5	4.66666666666667
10.9955742875643	-1	1	11.5	4.66666666666667
11.5	-0.875452174688429	1	11.5	5.66666666666667
10.9479369944737	-0.998865558711254	1	11.5	5.66666666666667
10.9956103549259	-0.999999999349573	1	11.5	5.66666666666667
10.9955742875643	-1	1	11.5	5.66666666666667
10.9955742875643	-1	1	11.5	5.66666666666667
11.6	-0.822828594968708	1	11.6	1.66666666666667
11.6	-0.822828594968708	1	11.6	2.66666666666667
10.9093462803276	-0.996284668281029	1	11.6	2.66666666666667
11.6	-0.822828594968708	1	11.6	3.66666666666667
10.9093462803276	-0.996284668281029	1	11.6	3.66666666666667
10.995788634561	-0.999999977027683	1	11.6	3.66666666666667
11.6	-0.822828594968708	1	11.6	4.66666666666667
10.9093462803276	-0.996284668281029	1	11.6	4.66666666666667
10.995788634561	-0.999999977027683	1	11.6	4.66666666666667
10.995574287561	-1	1	11.6	4.66666666666667
11.6	-0.822828594968708	1	11.6	5.66666666666667
10.9093462803276	-0.996284668281029	1	11.6	5.66666666666667
10.995788634561	-0.999999977027683	1	11.6	5.66666666666667
10.995574287561	-1	1	11.6	5.66666666666667
10.9955742875643	-1	1	11.6	5.66666666666667
11.7	-0.761983583919032	1	11.7	1.66666666666667
11.7	-0.761983583919032	1	11.7	2.66666666666667
10.8501177291469	-0.989439833510589	1	11.7	2.66666666666667
11.7	-0.761983583919032	1	11.7	3.66666666666667
10.8501177291469	-0.989439833510589	1	11.7	3.66666666666667
10.996608881996	-0.999999464807229	1	11.7	3.66666666666667
11.7	-0.761983583919032	1	11.7	4.66666666666667
10.8501177291469	-0.989439833510589	1	11.7	4.66666666666667
10.996608881996	-0.999999464807229	1	11.7	4.66666666666667
10.9955742871951	-1	1	11.7	4.66666666666667
11.7	-0.761983583919032	1	11.7	5.66666666666667
10.8501177291469	-0.989439833510589	1	11.7	5.66666666666667
10.996608881996	-0.999999464807229	1	11.7	5.66666666666667
10.9955742871951	-1	1	11.7	5.66666666666667
10.9955742875643	-1	1	11.7	5.66666666666667
11.8	-0.693525084777122	1	11.8	1.66666666666667
11.8	-0.693525084777122	1	11.8	2.66666666666667
10.7612019885015	-0.97266030549383	1	11.8	2.66666666666667
11.8	-0.693525084777122	1	11.8	3.66666666666667
10.7612019885015	-0.97266030549383	1	11.8	3.66666666666667
10.9999621087678	-0.999990373527988	1	11.8	3.66666666666667
11.8	-0.693525084777122	1	11.8	4.66666666666667
10.7612019885015	-0.97266030549383	1	11.8	4.66666666666667
10.9999621087678	-0.999990373527988	1	11.8	4.66666666666667
10.9955742594045	-1	1	11.8	4.66666666666667
11.8	-0.693525084777122	1	11.8	5.66666666666667
10.7612019885015	-0.97266030549383	1	11.8	5.66666666666667
10.9999621087678	-0.999990373527988	1	11.8	5.66666666666667
10.9955742594045	-1	1	11.8	5.66666666666667
10.9955742875643	-1	1	11.8	5.66666666666667
11.9	-0.618137112237033	1	11.9	1.66666666666667
11.9	-0.618137112237033	1	11.9	2.66666666666667
10.6283237317749	-0.933318061873555	1	11.9	2.66666666666667
11.9	-0.618137112237033	1	11.9	3.66666666666667
10.6283237317749	-0.933318061873555	1	11.9	3.66666666666667
11.0130271903646	-0.999847701957861	1	11.9	3.66666666666667
11.9	-0.618137112237033	1	11.9	4.66666666666667
10.6283237317749	-0.933318061873555	1	11.9	4.66666666666667
11.0130271903646	-0.999847701957861	1	11.9	4.66666666666667
10.9955725152747	-0.99999999999843	1	11.9	4.66666666666667
11.9	-0.618137112237033	1	11.9	5.66666666666667
10.6283237317749	-0.933318061873555	1	11.9	5.66666666666667
11.0130271903646	-0.999847701957861	1	11.9	5.66666666666667
10.9955725152747	-0.99999999999843	1	11.9	5.66666666666667
10.9955742875643	-1	1	11.9	5.66666666666667
12	-0.536572918000435	1	12	1.66666666666667
12	-0.536572918000435	1	12	2.66666666666667
10.4273265936023	-0.842845282615336	1	12	2.66666666666667
12	-0.536572918000435	1	12	3.66666666666667
10.4273265936023	-0.842845282615336	1	12	3.66666666666667
11.0658256917599	-0.997533384803552	1	12	3.66666666666667
12	-0.536572918000435	1	12	4.66666666666667
10.4273265936023	-0.842845282615336	1	12	4.66666666666667
11.0658256917599	-0.997533384803552	1	12	4.66666666666667
10.9954584893177	-0.999999993295383	1	12	4.66666666666667
12	-0.536572918000435	1	12	5.66666666666667
10.4273265936023	-0.842845282615336	1	12	5.66666666666667
11.0658256917599	-0.997533384803552	1	12	5.66666666666667
10.9954584893177	-0.999999993295383	1	12	5.66666666666667
10.9955742875648	-1	1	12	5.66666666666667
12	-0.536572918000435	1	12	6.66666666666667
10.4273265936023	-0.842845282615336	1	12	6.66666666666667
11.0658256917599	-0.997533384803552	1	12	6.66666666666667
10.9954584893177	-0.999999993295383	1	12	6.66666666666667
10.9955742875648	-1	1	12	6.66666666666667
10.9955742875643	-1	1	12	6.66666666666667
12.1	-0.4496474645346	1	12.1	1.66666666666667
12.1	-0.4496474645346	1	12.1	2.66666666666667
10.1135413141186	-0.635582936937177	1	12.1	2.66666666666667
12.1	-0.4496474645346	1	12.1	3.66666666666667
10.1135413141186	-0.635582936937177	1	12.1	3.66666666666667
11.3282255854744	-0.945179884887034	1	12.1	3.66666666666667
12.1	-0.4496474645346	1	12.1	4.66666666666667
10.1135413141186	-0.635582936937177	1	12.1	4.66666666666667
11.3282255854744	-0.945179884887034	1	12.1	4.66666666666667
10.9827356614338	-0.999917585971577	1	12.1	4.66666666666667
12.1	-0.4496474645346	1	12.1	5.66666666666667
10.1135413141186	-0.635582936937177	1	12.1	5.66666666666667
11.3282255854744	-0.945179884887034	1	12.1	5.66666666666667
10.9827356614338	-0.999917585971577	1	12.1	5.66666666666667
10.9955749930091	-0.999999999999751	1	12.1	5.66666666666667
12.1	-0.4496474645346	1	12.1	6.66666666666667
10.1135413141186	-0.635582936937177	1	12.1	6.66666666666667
11.3282255854744	-0.945179884887034	1	12.1	6.66666666666667
10.9827356614338	-0.999917585971577	1	12.1	6.66666666666667
10.9955749930091	-0.999999999999751	1	12.1	6.66666666666667
10.9955742875643	-1	1	12.1	6.66666666666667
12.2	-0.358229282236827	1	12.2	1.66666666666667
12.2	-0.358229282236827	1	12.2	2.66666666666667
9.59375397163259	-0.168173032450284	1	12.2	2.66666666666667
12.2	-0.358229282236827	1	12.2	3.66666666666667
9.59375397163259	-0.168173032450284	1	12.2	3.66666666666667
15.4553209344512	0.249963282346008	1	12.2	3.66666666666667
12.2	-0.358229282236827	1	12.2	4.66666666666667
9.59375397163259	-0.168173032450284	1	12.2	4.66666666666667
15.4553209344512	0.249963282346008	1	12.2	4.66666666666667
11.5817307528083	-0.83307292912781	1	12.2	4.66666666666667
12.2	-0.358229282236827	1	12.2	5.66666666666667
9.59375397163259	-0.168173032450284	1	12.2	5.66666666666667
15.4553209344512	0.249963282346008	1	12.2	5.66666666666667
11.5817307528083	-0.83307292912781	1	12.2	5.66666666666667
10.9177274554183	-0.996971465268627	1	12.2	5.66666666666667
12.2	-0.358229282236827	1	12.2	6.66666666666667
9.59375397163259	-0.168173032450284	1	12.2	6.66666666666667
15.4553209344512	0.249963282346008	1	12.2	6.66666666666667
11.5817307528083	-0.83307292912781	1	12.2	6.66666666666667
10.9177274554183	-0.996971465268627	1	12.2	6.66666666666667
10.9957319236488	-0.999999987575432	1	12.2	6.66666666666667
12.2	-0.358229282236827	1	12.2	7.66666666666667
9.59375397163259	-0.168173032450284	1	12.2	7.66666666666667
15.4553209344512	0.249963282346008	1	12.2	7.66666666666667
11.5817307528083	-0.83307292912781	1	12.2	7.66666666666667
10.9177274554183	-0.996971465268627	1	12.2	7.66666666666667
10.9957319236488	-0.999999987575432	1	12.2	7.66666666666667
10.995574287563	-1	1	12.2	7.66666666666667
12.2	-0.358229282236827	1	12.2	8.66666666666667
9.59375397163259	-0.168173032450284	1	12.2	8.66666666666667
15.4553209344512	0.249963282346008	1	12.2	8.66666666666667
11.5817307528083	-0.83307292912781	1	12.2	8.66666666666667
10.9177274554183	-0.996971465268627	1	12.2	8.66666666666667
10.9957319236488	-0.999999987575432	1	12.2	8.66666666666667
10.995574287563	-1	1	12.2	8.66666666666667
10.9955742875643	-1	1	12.2	8.66666666666667
12.3	-0.263231791365801	1	12.3	1.66666666666667
12.3	-0.263231791365801	1	12.3	2.66666666666667
8.63504519769056	0.710165153599564	1	12.3	2.66666666666667
12.3	-0.263231791365801	1	12.3	3.66666666666667
8.63504519769056	0.710165153599564	1	12.3	3.66666666666667
7.64367703555222	0.977967372797581	1	12.3	3.66666666666667
12.3	-0.263231791365801	1	12.3	4.66666666666667
8.63504519769056	0.710165153599564	1	12.3	4.66666666666667
7.64367703555222	0.977967372797581	1	12.3	4.66666666666667
7.85713793685754	0.99999501888019	1	12.3	4.66666666666667
12.3	-0.263231791365801	1	12.3	5.66666666666667
8.63504519769056	0.710165153599564	1	12.3	5.66666666666667
7.64367703555222	0.977967372797581	1	12.3	5.66666666666667
7.85713793685754	0.99999501888019	1	12.3	5.66666666666667
7.85398162349315	1	1	12.3	5.66666666666667
12.3	-0.263231791365801	1	12.3	6.66666666666667
8.63504519769056	0.710165153599564	1	12.3	6.66666666666667
7.64367703555222	0.977967372797581	1	12.3	6.66666666666667
7.85713793685754	0.99999501888019	1	12.3	6.66666666666667
7.85398162349315	1	1	12.3	6.66666666666667
7.85398163397448	1	1	12.3	6.66666666666667
12.4	-0.165604175448309	1	12.4	1.66666666666667
12.4	-0.165604175448309	1	12.4	2.66666666666667
6.44488262684725	0.160993616604834	1	12.4	2.66666666666667
12.4	-0.165604175448309	1	12.4	3.66666666666667
6.44488262684725	0.160993616604834	1	12.4	3.66666666666667
12.5752837467514	0.0089130143770174	1	12.4	3.66666666666667
12.4	-0.165604175448309	1	12.4	4.66666666666667
6.44488262684725	0.160993616604834	1	12.4	4.66666666666667
12.5752837467514	0.0089130143770174	1	12.4	4.66666666666667
16.4933614313464	-0.781702291107254	1	12.4	4.66666666666667
12.4	-0.165604175448309	1	12.4	5.66666666666667
6.44488262684725	0.160993616604834	1	12.4	5.66666666666667
12.5752837467514	0.0089130143770174	1	12.4	5.66666666666667
16.4933614313464	-0.781702291107254	1	12.4	5.66666666666667
16.4933614313464	-0.992271452427372	1	12.4	5.66666666666667
12.4	-0.165604175448309	1	12.4	6.66666666666667
6.44488262684725	0.160993616604834	1	12.4	6.66666666666667
12.5752837467514	0.0089130143770174	1	12.4	6.66666666666667
16.4933614313464	-0.781702291107254	1	12.4	6.66666666666667
16.4933614313464	-0.992271452427372	1	12.4	6.66666666666667
16.4933614313464	-0.999999791461557	1	12.4	6.66666666666667
12.4	-0.165604175448309	1	12.4	7.66666666666667
6.44488262684725	0.160993616604834	1	12.4	7.66666666666667
12.5752837467514	0.0089130143770174	1	12.4	7.66666666666667
16.4933614313464	-0.781702291107254	1	12.4	7.66666666666667
16.4933614313464	-0.992271452427372	1	12.4	7.66666666666667
16.4933614313464	-0.999999791461557	1	12.4	7.66666666666667
16.4933614313464	-1	1	12.4	7.66666666666667
12.4	-0.165604175448309	1	12.4	8.66666666666667
6.44488262684725	0.160993616604834	1	12.4	8.66666666666667
12.5752837467514	0.0089130143770174	1	12.4	8.66666666666667
16.4933614313464	-0.781702291107254	1	12.4	8.66666666666667
16.4933614313464	-0.992271452427372	1	12.4	8.66666666666667
16.4933614313464	-0.999999791461557	1	12.4	8.66666666666667
16.4933614313464	-1	1	12.4	8.66666666666667
16.4933614313464	-1	1	12.4	8.66666666666667
12.5	-0.0663218973512007	1	12.5	1.66666666666667
12.5	-0.0663218973512007	1	12.5	2.66666666666667
-0.785398163397448	-0.562009922691766	1	12.5	2.66666666666667
12.5	-0.0663218973512007	1	12.5	3.66666666666667
-0.785398163397448	-0.562009922691766	1	12.5	3.66666666666667
-0.785398163397448	-0.878657175722465	1	12.5	3.66666666666667
12.5	-0.0663218973512007	1	12.5	4.66666666666667
-0.785398163397448	-0.562009922691766	1	12.5	4.66666666666667
-0.785398163397448	-0.878657175722465	1	12.5	4.66666666666667
-0.785398163397448	-0.99895887103585	1	12.5	4.66666666666667
12.5	-0.0663218973512007	1	12.5	5.66666666666667
-0.785398163397448	-0.562009922691766	1	12.5	5.66666666666667
-0.785398163397448	-0.878657175722465	1	12.5	5.66666666666667
-0.785398163397448	-0.99895887103585	1	12.5	5.66666666666667
-0.785398163397448	-0.999999999497332	1	12.5	5.66666666666667
12.5	-0.0663218973512007	1	12.5	6.66666666666667
-0.785398163397448	-0.562009922691766	1	12.5	6.66666666666667
-0.785398163397448	-0.878657175722465	1	12.5	6.66666666666667
-0.785398163397448	-0.99895887103585	1	12.5	6.66666666666667
-0.785398163397448	-0.999999999497332	1	12.5	6.66666666666667
-0.785398163397448	-1	1	12.5	6.66666666666667
12.5	-0.0663218973512007	1	12.5	7.66666666666667
-0.785398163397448	-0.562009922691766	1	12.5	7.66666666666667
-0.785398163397448	-0.878657175722465	1	12.5	7.66666666666667
-0.785398163397448	-0.99895887103585	1	12.5	7.66666666666667
-0.785398163397448	-0.999999999497332	1	12.5	7.66666666666667
-0.785398163397448	-1	1	12.5	7.66666666666667
-0.785398163397448	-1	1	12.5	7.66666666666667
