group	x	y	showSelected2
1	0	1.660057155417	1.33333333333333
1	0.0789344887836631	1.65867765055458	1.33333333333333
1	0.157868977567326	1.65521095059539	1.33333333333333
1	0.236803466350989	1.64965705553943	1.33333333333333
1	0.315737955134653	1.6420159653867	1.33333333333333
1	0.394672443918316	1.63228768013719	1.33333333333333
1	0.473606932701979	1.62047219979091	1.33333333333333
1	0.552541421485642	1.60656952434786	1.33333333333333
1	0.631475910269305	1.59057965380803	1.33333333333333
1	0.710410399052968	1.57250258817143	1.33333333333333
1	0.789344887836632	1.55233832743806	1.33333333333333
1	0.868279376620295	1.53008687160792	1.33333333333333
1	0.947213865403958	1.50574822068101	1.33333333333333
1	1.02614835418762	1.47932237465732	1.33333333333333
1	1.10508284297128	1.45080933353686	1.33333333333333
1	1.18401733175495	1.42020909731963	1.33333333333333
1	1.26295182053861	1.38752166600562	1.33333333333333
1	1.34188630932227	1.35274703959484	1.33333333333333
1	1.42082079810594	1.31588521808729	1.33333333333333
1	1.4997552868896	1.27693620148297	1.33333333333333
1	1.57868977567326	1.23589998978188	1.33333333333333
1	1.65762426445693	1.19277658298401	1.33333333333333
1	1.73655875324059	1.14756598108937	1.33333333333333
1	1.81549324202425	1.10026818409796	1.33333333333333
1	1.89442773080792	1.05088319200977	1.33333333333333
1	1.97336221959158	0.999411004824814	1.33333333333333
1	2.05229670837524	0.945851622543084	1.33333333333333
1	2.1312311971589	0.890205045164582	1.33333333333333
1	2.21016568594257	0.832471272689307	1.33333333333333
1	2.28910017472623	0.77265030511726	1.33333333333333
1	2.36803466350989	0.71074214244844	1.33333333333333
1	2.44696915229356	0.646746784682848	1.33333333333333
1	2.52590364107722	0.580664231820483	1.33333333333333
1	2.60483812986088	0.512494483861345	1.33333333333333
1	2.68377261864455	0.442237540805435	1.33333333333333
1	2.76270710742821	0.369893402652753	1.33333333333333
1	2.84164159621187	0.295462069403298	1.33333333333333
1	2.92057608499554	0.218943541057071	1.33333333333333
1	2.9995105737792	0.140337817614071	1.33333333333333
1	3.07844506256286	0.0596448990742987	1.33333333333333
1	3.15737955134653	-0.0231352145622461	1.33333333333333
1	3.23631404013019	-0.108002523295563	1.33333333333333
1	3.31524852891385	-0.194957027125653	1.33333333333333
1	3.39418301769752	-0.283998726052515	1.33333333333333
1	3.47311750648118	-0.37512762007615	1.33333333333333
1	3.55205199526484	-0.468343709196558	1.33333333333333
1	3.63098648404851	-0.563646993413737	1.33333333333333
1	3.70992097283217	-0.66103747272769	1.33333333333333
1	3.78885546161583	-0.760515147138414	1.33333333333333
1	3.86778995039949	-0.862080016645911	1.33333333333333
1	3.94672443918316	-0.965732081250181	1.33333333333333
1	4.02565892796682	-1.07147134095122	1.33333333333333
1	4.10459341675048	-1.17929779574904	1.33333333333333
1	4.18352790553415	-1.28921144564363	1.33333333333333
1	4.26246239431781	-1.40121229063498	1.33333333333333
1	4.34139688310147	-1.51530033072312	1.33333333333333
1	4.42033137188514	-1.63147556590802	1.33333333333333
1	4.4992658606688	-1.7497379961897	1.33333333333333
1	4.57820034945246	-1.87008762156815	1.33333333333333
1	4.65713483823613	-1.99252444204337	1.33333333333333
1	4.73606932701979	-2.11704845761537	1.33333333333333
1	4.81500381580345	-2.2	1.33333333333333
1	4.89393830458712	-2.2	1.33333333333333
1	4.97287279337078	-2.2	1.33333333333333
1	5.05180728215444	-2.2	1.33333333333333
1	5.1307417709381	-2.2	1.33333333333333
1	5.20967625972177	-2.2	1.33333333333333
1	5.28861074850543	-2.2	1.33333333333333
1	5.36754523728909	-2.2	1.33333333333333
1	5.44647972607276	-2.2	1.33333333333333
1	5.52541421485642	-2.2	1.33333333333333
1	5.60434870364008	-2.2	1.33333333333333
1	5.68328319242375	-2.2	1.33333333333333
1	5.76221768120741	-2.2	1.33333333333333
1	5.84115216999107	-2.2	1.33333333333333
1	5.92008665877474	-2.2	1.33333333333333
1	5.9990211475584	-2.2	1.33333333333333
1	6.07795563634206	-2.2	1.33333333333333
1	6.15689012512573	-2.2	1.33333333333333
1	6.23582461390939	-2.2	1.33333333333333
1	6.31475910269305	-2.2	1.33333333333333
1	6.39369359147672	-2.2	1.33333333333333
1	6.47262808026038	-2.2	1.33333333333333
1	6.55156256904404	-2.2	1.33333333333333
1	6.6304970578277	-2.2	1.33333333333333
1	6.70943154661137	-2.2	1.33333333333333
1	6.78836603539503	-2.2	1.33333333333333
1	6.86730052417869	-2.2	1.33333333333333
1	6.94623501296236	-2.2	1.33333333333333
1	7.02516950174602	-2.2	1.33333333333333
1	7.10410399052968	-2.2	1.33333333333333
1	7.18303847931335	-2.2	1.33333333333333
1	7.26197296809701	-2.2	1.33333333333333
1	7.34090745688067	-2.2	1.33333333333333
1	7.41984194566434	-2.2	1.33333333333333
1	7.498776434448	-2.2	1.33333333333333
1	7.57771092323166	-2.2	1.33333333333333
1	7.65664541201533	-2.2	1.33333333333333
1	7.73557990079899	-2.2	1.33333333333333
1	7.81451438958265	-2.2	1.33333333333333
1	7.89344887836631	-2.2	1.33333333333333
1	7.97238336714998	-2.2	1.33333333333333
1	8.05131785593364	-2.2	1.33333333333333
1	8.1302523447173	-2.2	1.33333333333333
1	8.20918683350097	-2.2	1.33333333333333
1	8.28812132228463	-2.2	1.33333333333333
1	8.36705581106829	-2.2	1.33333333333333
1	8.44599029985196	-2.2	1.33333333333333
1	8.52492478863562	-2.2	1.33333333333333
1	8.60385927741928	-2.2	1.33333333333333
1	8.68279376620295	-2.2	1.33333333333333
1	8.76172825498661	-2.2	1.33333333333333
1	8.84066274377027	-2.2	1.33333333333333
1	8.91959723255394	-2.2	1.33333333333333
1	8.9985317213376	-2.2	1.33333333333333
1	9.07746621012126	-2.2	1.33333333333333
1	9.15640069890492	-2.2	1.33333333333333
1	9.23533518768859	-2.2	1.33333333333333
1	9.31426967647225	-2.2	1.33333333333333
1	9.39320416525591	-2.2	1.33333333333333
1	9.47213865403958	-2.2	1.33333333333333
1	9.55107314282324	-2.2	1.33333333333333
1	9.6300076316069	-2.2	1.33333333333333
1	9.70894212039057	-2.2	1.33333333333333
1	9.78787660917423	-2.2	1.33333333333333
1	9.86681109795789	-2.2	1.33333333333333
1	9.94574558674156	-2.2	1.33333333333333
1	10.0246800755252	-2.2	1.33333333333333
1	10.1036145643089	-2.2	1.33333333333333
1	10.1825490530925	-2.2	1.33333333333333
1	10.2614835418762	-2.2	1.33333333333333
1	10.3404180306599	-2.2	1.33333333333333
1	10.4193525194435	-2.2	1.33333333333333
1	10.4982870082272	-2.2	1.33333333333333
1	10.5772214970109	-2.2	1.33333333333333
1	10.6561559857945	-2.2	1.33333333333333
1	10.7350904745782	-2.2	1.33333333333333
1	10.8140249633619	-2.2	1.33333333333333
1	10.8929594521455	-2.2	1.33333333333333
1	10.9718939409292	-2.2	1.33333333333333
1	11.0508284297128	-2.2	1.33333333333333
1	11.1297629184965	-2.2	1.33333333333333
1	11.2086974072802	-2.2	1.33333333333333
1	11.2876318960638	-2.2	1.33333333333333
1	11.3665663848475	-2.2	1.33333333333333
1	11.4455008736312	-2.2	1.33333333333333
1	11.5244353624148	-2.2	1.33333333333333
1	11.6033698511985	-2.2	1.33333333333333
1	11.6823043399821	-2.2	1.33333333333333
1	11.7612388287658	-2.2	1.33333333333333
1	11.8401733175495	-2.2	1.33333333333333
1	11.9191078063331	-2.2	1.33333333333333
1	11.9980422951168	-2.2	1.33333333333333
1	12.0769767839005	-2.2	1.33333333333333
1	12.1559112726841	-2.2	1.33333333333333
1	12.2348457614678	-2.2	1.33333333333333
1	12.3137802502515	-2.2	1.33333333333333
1	12.3927147390351	-2.2	1.33333333333333
1	12.4716492278188	-2.2	1.33333333333333
1	12.5505837166024	-2.2	1.33333333333333
1	12.6295182053861	-2.2	1.33333333333333
1	12.7084526941698	-2.2	1.33333333333333
1	12.7873871829534	-2.2	1.33333333333333
1	12.8663216717371	-2.2	1.33333333333333
1	12.9452561605208	-2.2	1.33333333333333
1	13.0241906493044	-2.2	1.33333333333333
1	13.1031251380881	-2.2	1.33333333333333
1	13.1820596268717	-2.2	1.33333333333333
1	13.2609941156554	-2.2	1.33333333333333
1	13.3399286044391	-2.2	1.33333333333333
1	13.4188630932227	-2.2	1.33333333333333
1	13.4977975820064	-2.2	1.33333333333333
1	13.5767320707901	-2.2	1.33333333333333
1	13.6556665595737	-2.2	1.33333333333333
1	13.7346010483574	-2.2	1.33333333333333
1	13.8135355371411	-2.2	1.33333333333333
1	13.8924700259247	-2.2	1.33333333333333
1	13.9714045147084	-2.2	1.33333333333333
1	14.050339003492	-2.2	1.33333333333333
1	14.1292734922757	-2.2	1.33333333333333
1	14.2082079810594	-2.2	1.33333333333333
1	14.287142469843	-2.2	1.33333333333333
1	14.3660769586267	-2.2	1.33333333333333
1	14.4450114474104	-2.2	1.33333333333333
1	14.523945936194	-2.2	1.33333333333333
1	14.6028804249777	-2.2	1.33333333333333
1	14.6818149137613	-2.2	1.33333333333333
1	14.760749402545	-2.2	1.33333333333333
1	14.8396838913287	-2.2	1.33333333333333
1	14.9186183801123	-2.2	1.33333333333333
1	14.997552868896	-2.2	1.33333333333333
1	15.0764873576797	-2.2	1.33333333333333
1	15.1554218464633	-2.2	1.33333333333333
1	15.234356335247	-2.2	1.33333333333333
1	15.3132908240307	-2.2	1.33333333333333
1	15.3922253128143	-2.2	1.33333333333333
1	15.471159801598	-2.2	1.33333333333333
1	15.5500942903816	-2.2	1.33333333333333
1	15.6290287791653	-2.2	1.33333333333333
1	15.707963267949	-2.2	1.33333333333333
1	0	3.41662542671143e-07	2.33333333333333
1	0.0789344887836631	0.0789807738379657	2.33333333333333
1	0.157868977567326	0.158040354959267	2.33333333333333
1	0.236803466350989	0.237179085026447	2.33333333333333
1	0.315737955134653	0.316396964039505	2.33333333333333
1	0.394672443918316	0.395693991998442	2.33333333333333
1	0.473606932701979	0.475070168903257	2.33333333333333
1	0.552541421485642	0.554525494753951	2.33333333333333
1	0.631475910269305	0.634059969550522	2.33333333333333
1	0.710410399052968	0.713673593292973	2.33333333333333
1	0.789344887836632	0.793366365981302	2.33333333333333
1	0.868279376620295	0.873138287615509	2.33333333333333
1	0.947213865403958	0.952989358195594	2.33333333333333
1	1.02614835418762	1.03291957772156	2.33333333333333
1	1.10508284297128	1.1129289461934	2.33333333333333
1	1.18401733175495	1.19301746361112	2.33333333333333
1	1.26295182053861	1.27318512997472	2.33333333333333
1	1.34188630932227	1.3534319452842	2.33333333333333
1	1.42082079810594	1.43375790953956	2.33333333333333
1	1.4997552868896	1.51416302274079	2.33333333333333
1	1.57868977567326	1.5946472848879	2.33333333333333
1	1.65762426445693	1.67521069598089	2.33333333333333
1	1.73655875324059	1.75585325601976	2.33333333333333
1	1.81549324202425	1.83657496500451	2.33333333333333
1	1.89442773080792	1.91737582293514	2.33333333333333
1	1.97336221959158	1.99825582981164	2.33333333333333
1	2.05229670837524	2.07921498563403	2.33333333333333
1	2.1312311971589	2.16025329040229	2.33333333333333
1	2.21016568594257	2.2	2.33333333333333
1	2.28910017472623	2.2	2.33333333333333
1	2.36803466350989	2.2	2.33333333333333
1	2.44696915229356	2.2	2.33333333333333
1	2.52590364107722	2.2	2.33333333333333
1	2.60483812986088	2.2	2.33333333333333
1	2.68377261864455	2.2	2.33333333333333
1	2.76270710742821	2.2	2.33333333333333
1	2.84164159621187	2.2	2.33333333333333
1	2.92057608499554	2.2	2.33333333333333
1	2.9995105737792	2.2	2.33333333333333
1	3.07844506256286	2.2	2.33333333333333
1	3.15737955134653	2.2	2.33333333333333
1	3.23631404013019	2.2	2.33333333333333
1	3.31524852891385	2.2	2.33333333333333
1	3.39418301769752	2.2	2.33333333333333
1	3.47311750648118	2.2	2.33333333333333
1	3.55205199526484	2.2	2.33333333333333
1	3.63098648404851	2.2	2.33333333333333
1	3.70992097283217	2.2	2.33333333333333
1	3.78885546161583	2.2	2.33333333333333
1	3.86778995039949	2.2	2.33333333333333
1	3.94672443918316	2.2	2.33333333333333
1	4.02565892796682	2.2	2.33333333333333
1	4.10459341675048	2.2	2.33333333333333
1	4.18352790553415	2.2	2.33333333333333
1	4.26246239431781	2.2	2.33333333333333
1	4.34139688310147	2.2	2.33333333333333
1	4.42033137188514	2.2	2.33333333333333
1	4.4992658606688	2.2	2.33333333333333
1	4.57820034945246	2.2	2.33333333333333
1	4.65713483823613	2.2	2.33333333333333
1	4.73606932701979	2.2	2.33333333333333
1	4.81500381580345	2.2	2.33333333333333
1	4.89393830458712	2.2	2.33333333333333
1	4.97287279337078	2.2	2.33333333333333
1	5.05180728215444	2.2	2.33333333333333
1	5.1307417709381	2.2	2.33333333333333
1	5.20967625972177	2.2	2.33333333333333
1	5.28861074850543	2.2	2.33333333333333
1	5.36754523728909	2.2	2.33333333333333
1	5.44647972607276	2.2	2.33333333333333
1	5.52541421485642	2.2	2.33333333333333
1	5.60434870364008	2.2	2.33333333333333
1	5.68328319242375	2.2	2.33333333333333
1	5.76221768120741	2.2	2.33333333333333
1	5.84115216999107	2.2	2.33333333333333
1	5.92008665877474	2.2	2.33333333333333
1	5.9990211475584	2.2	2.33333333333333
1	6.07795563634206	2.2	2.33333333333333
1	6.15689012512573	2.2	2.33333333333333
1	6.23582461390939	2.2	2.33333333333333
1	6.31475910269305	2.2	2.33333333333333
1	6.39369359147672	2.2	2.33333333333333
1	6.47262808026038	2.2	2.33333333333333
1	6.55156256904404	2.2	2.33333333333333
1	6.6304970578277	2.2	2.33333333333333
1	6.70943154661137	2.2	2.33333333333333
1	6.78836603539503	2.2	2.33333333333333
1	6.86730052417869	2.2	2.33333333333333
1	6.94623501296236	2.2	2.33333333333333
1	7.02516950174602	2.2	2.33333333333333
1	7.10410399052968	2.2	2.33333333333333
1	7.18303847931335	2.2	2.33333333333333
1	7.26197296809701	2.2	2.33333333333333
1	7.34090745688067	2.2	2.33333333333333
1	7.41984194566434	2.2	2.33333333333333
1	7.498776434448	2.2	2.33333333333333
1	7.57771092323166	2.2	2.33333333333333
1	7.65664541201533	2.2	2.33333333333333
1	7.73557990079899	2.2	2.33333333333333
1	7.81451438958265	2.2	2.33333333333333
1	7.89344887836631	2.2	2.33333333333333
1	7.97238336714998	2.2	2.33333333333333
1	8.05131785593364	2.2	2.33333333333333
1	8.1302523447173	2.2	2.33333333333333
1	8.20918683350097	2.2	2.33333333333333
1	8.28812132228463	2.2	2.33333333333333
1	8.36705581106829	2.2	2.33333333333333
1	8.44599029985196	2.2	2.33333333333333
1	8.52492478863562	2.2	2.33333333333333
1	8.60385927741928	2.2	2.33333333333333
1	8.68279376620295	2.2	2.33333333333333
1	8.76172825498661	2.2	2.33333333333333
1	8.84066274377027	2.2	2.33333333333333
1	8.91959723255394	2.2	2.33333333333333
1	8.9985317213376	2.2	2.33333333333333
1	9.07746621012126	2.2	2.33333333333333
1	9.15640069890492	2.2	2.33333333333333
1	9.23533518768859	2.2	2.33333333333333
1	9.31426967647225	2.2	2.33333333333333
1	9.39320416525591	2.2	2.33333333333333
1	9.47213865403958	2.2	2.33333333333333
1	9.55107314282324	2.2	2.33333333333333
1	9.6300076316069	2.2	2.33333333333333
1	9.70894212039057	2.2	2.33333333333333
1	9.78787660917423	2.2	2.33333333333333
1	9.86681109795789	2.2	2.33333333333333
1	9.94574558674156	2.2	2.33333333333333
1	10.0246800755252	2.2	2.33333333333333
1	10.1036145643089	2.2	2.33333333333333
1	10.1825490530925	2.2	2.33333333333333
1	10.2614835418762	2.2	2.33333333333333
1	10.3404180306599	2.2	2.33333333333333
1	10.4193525194435	2.2	2.33333333333333
1	10.4982870082272	2.2	2.33333333333333
1	10.5772214970109	2.2	2.33333333333333
1	10.6561559857945	2.2	2.33333333333333
1	10.7350904745782	2.2	2.33333333333333
1	10.8140249633619	2.2	2.33333333333333
1	10.8929594521455	2.2	2.33333333333333
1	10.9718939409292	2.2	2.33333333333333
1	11.0508284297128	2.2	2.33333333333333
1	11.1297629184965	2.2	2.33333333333333
1	11.2086974072802	2.2	2.33333333333333
1	11.2876318960638	2.2	2.33333333333333
1	11.3665663848475	2.2	2.33333333333333
1	11.4455008736312	2.2	2.33333333333333
1	11.5244353624148	2.2	2.33333333333333
1	11.6033698511985	2.2	2.33333333333333
1	11.6823043399821	2.2	2.33333333333333
1	11.7612388287658	2.2	2.33333333333333
1	11.8401733175495	2.2	2.33333333333333
1	11.9191078063331	2.2	2.33333333333333
1	11.9980422951168	2.2	2.33333333333333
1	12.0769767839005	2.2	2.33333333333333
1	12.1559112726841	2.2	2.33333333333333
1	12.2348457614678	2.2	2.33333333333333
1	12.3137802502515	2.2	2.33333333333333
1	12.3927147390351	2.2	2.33333333333333
1	12.4716492278188	2.2	2.33333333333333
1	12.5505837166024	2.2	2.33333333333333
1	12.6295182053861	2.2	2.33333333333333
1	12.7084526941698	2.2	2.33333333333333
1	12.7873871829534	2.2	2.33333333333333
1	12.8663216717371	2.2	2.33333333333333
1	12.9452561605208	2.2	2.33333333333333
1	13.0241906493044	2.2	2.33333333333333
1	13.1031251380881	2.2	2.33333333333333
1	13.1820596268717	2.2	2.33333333333333
1	13.2609941156554	2.2	2.33333333333333
1	13.3399286044391	2.2	2.33333333333333
1	13.4188630932227	2.2	2.33333333333333
1	13.4977975820064	2.2	2.33333333333333
1	13.5767320707901	2.2	2.33333333333333
1	13.6556665595737	2.2	2.33333333333333
1	13.7346010483574	2.2	2.33333333333333
1	13.8135355371411	2.2	2.33333333333333
1	13.8924700259247	2.2	2.33333333333333
1	13.9714045147084	2.2	2.33333333333333
1	14.050339003492	2.2	2.33333333333333
1	14.1292734922757	2.2	2.33333333333333
1	14.2082079810594	2.2	2.33333333333333
1	14.287142469843	2.2	2.33333333333333
1	14.3660769586267	2.2	2.33333333333333
1	14.4450114474104	2.2	2.33333333333333
1	14.523945936194	2.2	2.33333333333333
1	14.6028804249777	2.2	2.33333333333333
1	14.6818149137613	2.2	2.33333333333333
1	14.760749402545	2.2	2.33333333333333
1	14.8396838913287	2.2	2.33333333333333
1	14.9186183801123	2.2	2.33333333333333
1	14.997552868896	2.2	2.33333333333333
1	15.0764873576797	2.2	2.33333333333333
1	15.1554218464633	2.2	2.33333333333333
1	15.234356335247	2.2	2.33333333333333
1	15.3132908240307	2.2	2.33333333333333
1	15.3922253128143	2.2	2.33333333333333
1	15.471159801598	2.2	2.33333333333333
1	15.5500942903816	2.2	2.33333333333333
1	15.6290287791653	2.2	2.33333333333333
1	15.707963267949	2.2	2.33333333333333
1	0	-2.2	3.33333333333333
1	0.0789344887836631	-2.2	3.33333333333333
1	0.157868977567326	-2.2	3.33333333333333
1	0.236803466350989	-2.2	3.33333333333333
1	0.315737955134653	-2.2	3.33333333333333
1	0.394672443918316	-2.2	3.33333333333333
1	0.473606932701979	-2.2	3.33333333333333
1	0.552541421485642	-2.2	3.33333333333333
1	0.631475910269305	-2.2	3.33333333333333
1	0.710410399052968	-2.2	3.33333333333333
1	0.789344887836632	-2.2	3.33333333333333
1	0.868279376620295	-2.2	3.33333333333333
1	0.947213865403958	-2.2	3.33333333333333
1	1.02614835418762	-2.2	3.33333333333333
1	1.10508284297128	-2.2	3.33333333333333
1	1.18401733175495	-2.2	3.33333333333333
1	1.26295182053861	-2.2	3.33333333333333
1	1.34188630932227	-2.2	3.33333333333333
1	1.42082079810594	-2.2	3.33333333333333
1	1.4997552868896	-2.2	3.33333333333333
1	1.57868977567326	-2.2	3.33333333333333
1	1.65762426445693	-2.2	3.33333333333333
1	1.73655875324059	-2.2	3.33333333333333
1	1.81549324202425	-2.2	3.33333333333333
1	1.89442773080792	-2.2	3.33333333333333
1	1.97336221959158	-2.2	3.33333333333333
1	2.05229670837524	-2.2	3.33333333333333
1	2.1312311971589	-2.2	3.33333333333333
1	2.21016568594257	-2.2	3.33333333333333
1	2.28910017472623	-2.2	3.33333333333333
1	2.36803466350989	-2.2	3.33333333333333
1	2.44696915229356	-2.2	3.33333333333333
1	2.52590364107722	-2.2	3.33333333333333
1	2.60483812986088	-2.2	3.33333333333333
1	2.68377261864455	-2.2	3.33333333333333
1	2.76270710742821	-2.2	3.33333333333333
1	2.84164159621187	-2.2	3.33333333333333
1	2.92057608499554	-2.2	3.33333333333333
1	2.9995105737792	-2.2	3.33333333333333
1	3.07844506256286	-2.2	3.33333333333333
1	3.15737955134653	-2.2	3.33333333333333
1	3.23631404013019	-2.2	3.33333333333333
1	3.31524852891385	-2.2	3.33333333333333
1	3.39418301769752	-2.2	3.33333333333333
1	3.47311750648118	-2.2	3.33333333333333
1	3.55205199526484	-2.2	3.33333333333333
1	3.63098648404851	-2.2	3.33333333333333
1	3.70992097283217	-2.2	3.33333333333333
1	3.78885546161583	-2.2	3.33333333333333
1	3.86778995039949	-2.2	3.33333333333333
1	3.94672443918316	-2.2	3.33333333333333
1	4.02565892796682	-2.2	3.33333333333333
1	4.10459341675048	-2.2	3.33333333333333
1	4.18352790553415	-2.2	3.33333333333333
1	4.26246239431781	-2.2	3.33333333333333
1	4.34139688310147	-2.2	3.33333333333333
1	4.42033137188514	-2.2	3.33333333333333
1	4.4992658606688	-2.2	3.33333333333333
1	4.57820034945246	-2.2	3.33333333333333
1	4.65713483823613	-2.2	3.33333333333333
1	4.73606932701979	-2.2	3.33333333333333
1	4.81500381580345	-2.2	3.33333333333333
1	4.89393830458712	-2.2	3.33333333333333
1	4.97287279337078	-2.2	3.33333333333333
1	5.05180728215444	-2.2	3.33333333333333
1	5.1307417709381	-2.2	3.33333333333333
1	5.20967625972177	-2.2	3.33333333333333
1	5.28861074850543	-2.2	3.33333333333333
1	5.36754523728909	-2.2	3.33333333333333
1	5.44647972607276	-2.2	3.33333333333333
1	5.52541421485642	-2.2	3.33333333333333
1	5.60434870364008	-2.2	3.33333333333333
1	5.68328319242375	-2.2	3.33333333333333
1	5.76221768120741	-2.2	3.33333333333333
1	5.84115216999107	-2.2	3.33333333333333
1	5.92008665877474	-2.2	3.33333333333333
1	5.9990211475584	-2.2	3.33333333333333
1	6.07795563634206	-2.2	3.33333333333333
1	6.15689012512573	-2.2	3.33333333333333
1	6.23582461390939	-2.2	3.33333333333333
1	6.31475910269305	-2.2	3.33333333333333
1	6.39369359147672	-2.2	3.33333333333333
1	6.47262808026038	-2.2	3.33333333333333
1	6.55156256904404	-2.2	3.33333333333333
1	6.6304970578277	-2.2	3.33333333333333
1	6.70943154661137	-2.2	3.33333333333333
1	6.78836603539503	-2.2	3.33333333333333
1	6.86730052417869	-2.2	3.33333333333333
1	6.94623501296236	-2.2	3.33333333333333
1	7.02516950174602	-2.2	3.33333333333333
1	7.10410399052968	-2.2	3.33333333333333
1	7.18303847931335	-2.2	3.33333333333333
1	7.26197296809701	-2.2	3.33333333333333
1	7.34090745688067	-2.2	3.33333333333333
1	7.41984194566434	-2.2	3.33333333333333
1	7.498776434448	-2.2	3.33333333333333
1	7.57771092323166	-2.2	3.33333333333333
1	7.65664541201533	-2.2	3.33333333333333
1	7.73557990079899	-2.2	3.33333333333333
1	7.81451438958265	-2.2	3.33333333333333
1	7.89344887836631	-2.2	3.33333333333333
1	7.97238336714998	-2.2	3.33333333333333
1	8.05131785593364	-2.2	3.33333333333333
1	8.1302523447173	-2.2	3.33333333333333
1	8.20918683350097	-2.2	3.33333333333333
1	8.28812132228463	-2.2	3.33333333333333
1	8.36705581106829	-2.2	3.33333333333333
1	8.44599029985196	-2.2	3.33333333333333
1	8.52492478863562	-2.2	3.33333333333333
1	8.60385927741928	-2.2	3.33333333333333
1	8.68279376620295	-2.2	3.33333333333333
1	8.76172825498661	-2.2	3.33333333333333
1	8.84066274377027	-2.2	3.33333333333333
1	8.91959723255394	-2.2	3.33333333333333
1	8.9985317213376	-2.2	3.33333333333333
1	9.07746621012126	-2.2	3.33333333333333
1	9.15640069890492	-2.2	3.33333333333333
1	9.23533518768859	-2.2	3.33333333333333
1	9.31426967647225	-2.2	3.33333333333333
1	9.39320416525591	-2.2	3.33333333333333
1	9.47213865403958	-2.2	3.33333333333333
1	9.55107314282324	-2.2	3.33333333333333
1	9.6300076316069	-2.2	3.33333333333333
1	9.70894212039057	-2.2	3.33333333333333
1	9.78787660917423	-2.2	3.33333333333333
1	9.86681109795789	-2.2	3.33333333333333
1	9.94574558674156	-2.2	3.33333333333333
1	10.0246800755252	-2.2	3.33333333333333
1	10.1036145643089	-2.2	3.33333333333333
1	10.1825490530925	-2.2	3.33333333333333
1	10.2614835418762	-2.2	3.33333333333333
1	10.3404180306599	-2.2	3.33333333333333
1	10.4193525194435	-2.2	3.33333333333333
1	10.4982870082272	-2.2	3.33333333333333
1	10.5772214970109	-2.2	3.33333333333333
1	10.6561559857945	-2.2	3.33333333333333
1	10.7350904745782	-2.2	3.33333333333333
1	10.8140249633619	-2.2	3.33333333333333
1	10.8929594521455	-2.2	3.33333333333333
1	10.9718939409292	-2.2	3.33333333333333
1	11.0508284297128	-2.2	3.33333333333333
1	11.1297629184965	-2.2	3.33333333333333
1	11.2086974072802	-2.2	3.33333333333333
1	11.2876318960638	-2.2	3.33333333333333
1	11.3665663848475	-2.2	3.33333333333333
1	11.4455008736312	-2.2	3.33333333333333
1	11.5244353624148	-2.2	3.33333333333333
1	11.6033698511985	-2.2	3.33333333333333
1	11.6823043399821	-2.2	3.33333333333333
1	11.7612388287658	-2.2	3.33333333333333
1	11.8401733175495	-2.2	3.33333333333333
1	11.9191078063331	-2.2	3.33333333333333
1	11.9980422951168	-2.2	3.33333333333333
1	12.0769767839005	-2.2	3.33333333333333
1	12.1559112726841	-2.2	3.33333333333333
1	12.2348457614678	-2.2	3.33333333333333
1	12.3137802502515	-2.2	3.33333333333333
1	12.3927147390351	-2.2	3.33333333333333
1	12.4716492278188	-2.2	3.33333333333333
1	12.5505837166024	-2.2	3.33333333333333
1	12.6295182053861	-2.2	3.33333333333333
1	12.7084526941698	-2.2	3.33333333333333
1	12.7873871829534	-2.2	3.33333333333333
1	12.8663216717371	-2.2	3.33333333333333
1	12.9452561605208	-2.2	3.33333333333333
1	13.0241906493044	-2.2	3.33333333333333
1	13.1031251380881	-2.2	3.33333333333333
1	13.1820596268717	-2.2	3.33333333333333
1	13.2609941156554	-2.2	3.33333333333333
1	13.3399286044391	-2.2	3.33333333333333
1	13.4188630932227	-2.2	3.33333333333333
1	13.4977975820064	-2.2	3.33333333333333
1	13.5767320707901	-2.2	3.33333333333333
1	13.6556665595737	-2.2	3.33333333333333
1	13.7346010483574	-2.2	3.33333333333333
1	13.8135355371411	-2.2	3.33333333333333
1	13.8924700259247	-2.2	3.33333333333333
1	13.9714045147084	-2.2	3.33333333333333
1	14.050339003492	-2.2	3.33333333333333
1	14.1292734922757	-2.2	3.33333333333333
1	14.2082079810594	-2.2	3.33333333333333
1	14.287142469843	-2.2	3.33333333333333
1	14.3660769586267	-2.2	3.33333333333333
1	14.4450114474104	-2.2	3.33333333333333
1	14.523945936194	-2.2	3.33333333333333
1	14.6028804249777	-2.2	3.33333333333333
1	14.6818149137613	-2.2	3.33333333333333
1	14.760749402545	-2.2	3.33333333333333
1	14.8396838913287	-2.2	3.33333333333333
1	14.9186183801123	-2.2	3.33333333333333
1	14.997552868896	-2.2	3.33333333333333
1	15.0764873576797	-2.2	3.33333333333333
1	15.1554218464633	-2.2	3.33333333333333
1	15.234356335247	-2.2	3.33333333333333
1	15.3132908240307	-2.2	3.33333333333333
1	15.3922253128143	-2.2	3.33333333333333
1	15.471159801598	-2.2	3.33333333333333
1	15.5500942903816	-2.2	3.33333333333333
1	15.6290287791653	-2.2	3.33333333333333
1	15.707963267949	-2.2	3.33333333333333
1	0	2.2	4.33333333333333
1	0.0789344887836631	2.2	4.33333333333333
1	0.157868977567326	2.2	4.33333333333333
1	0.236803466350989	2.2	4.33333333333333
1	0.315737955134653	2.2	4.33333333333333
1	0.394672443918316	2.2	4.33333333333333
1	0.473606932701979	2.2	4.33333333333333
1	0.552541421485642	2.2	4.33333333333333
1	0.631475910269305	2.2	4.33333333333333
1	0.710410399052968	2.2	4.33333333333333
1	0.789344887836632	2.2	4.33333333333333
1	0.868279376620295	2.2	4.33333333333333
1	0.947213865403958	2.2	4.33333333333333
1	1.02614835418762	2.2	4.33333333333333
1	1.10508284297128	2.2	4.33333333333333
1	1.18401733175495	2.2	4.33333333333333
1	1.26295182053861	2.2	4.33333333333333
1	1.34188630932227	2.2	4.33333333333333
1	1.42082079810594	2.2	4.33333333333333
1	1.4997552868896	2.2	4.33333333333333
1	1.57868977567326	2.2	4.33333333333333
1	1.65762426445693	2.2	4.33333333333333
1	1.73655875324059	2.2	4.33333333333333
1	1.81549324202425	2.2	4.33333333333333
1	1.89442773080792	2.2	4.33333333333333
1	1.97336221959158	2.2	4.33333333333333
1	2.05229670837524	2.2	4.33333333333333
1	2.1312311971589	2.2	4.33333333333333
1	2.21016568594257	2.2	4.33333333333333
1	2.28910017472623	2.2	4.33333333333333
1	2.36803466350989	2.2	4.33333333333333
1	2.44696915229356	2.2	4.33333333333333
1	2.52590364107722	2.2	4.33333333333333
1	2.60483812986088	2.2	4.33333333333333
1	2.68377261864455	2.2	4.33333333333333
1	2.76270710742821	2.2	4.33333333333333
1	2.84164159621187	2.2	4.33333333333333
1	2.92057608499554	2.2	4.33333333333333
1	2.9995105737792	2.2	4.33333333333333
1	3.07844506256286	2.2	4.33333333333333
1	3.15737955134653	2.2	4.33333333333333
1	3.23631404013019	2.2	4.33333333333333
1	3.31524852891385	2.2	4.33333333333333
1	3.39418301769752	2.2	4.33333333333333
1	3.47311750648118	2.2	4.33333333333333
1	3.55205199526484	2.2	4.33333333333333
1	3.63098648404851	2.2	4.33333333333333
1	3.70992097283217	2.2	4.33333333333333
1	3.78885546161583	2.2	4.33333333333333
1	3.86778995039949	2.2	4.33333333333333
1	3.94672443918316	2.2	4.33333333333333
1	4.02565892796682	2.2	4.33333333333333
1	4.10459341675048	2.2	4.33333333333333
1	4.18352790553415	2.2	4.33333333333333
1	4.26246239431781	2.2	4.33333333333333
1	4.34139688310147	2.2	4.33333333333333
1	4.42033137188514	2.2	4.33333333333333
1	4.4992658606688	2.2	4.33333333333333
1	4.57820034945246	2.2	4.33333333333333
1	4.65713483823613	2.2	4.33333333333333
1	4.73606932701979	2.2	4.33333333333333
1	4.81500381580345	2.2	4.33333333333333
1	4.89393830458712	2.2	4.33333333333333
1	4.97287279337078	2.2	4.33333333333333
1	5.05180728215444	2.2	4.33333333333333
1	5.1307417709381	2.2	4.33333333333333
1	5.20967625972177	2.2	4.33333333333333
1	5.28861074850543	2.2	4.33333333333333
1	5.36754523728909	2.2	4.33333333333333
1	5.44647972607276	2.2	4.33333333333333
1	5.52541421485642	2.2	4.33333333333333
1	5.60434870364008	2.2	4.33333333333333
1	5.68328319242375	2.2	4.33333333333333
1	5.76221768120741	2.2	4.33333333333333
1	5.84115216999107	2.2	4.33333333333333
1	5.92008665877474	2.2	4.33333333333333
1	5.9990211475584	2.2	4.33333333333333
1	6.07795563634206	2.2	4.33333333333333
1	6.15689012512573	2.2	4.33333333333333
1	6.23582461390939	2.2	4.33333333333333
1	6.31475910269305	2.2	4.33333333333333
1	6.39369359147672	2.2	4.33333333333333
1	6.47262808026038	2.2	4.33333333333333
1	6.55156256904404	2.2	4.33333333333333
1	6.6304970578277	2.2	4.33333333333333
1	6.70943154661137	2.2	4.33333333333333
1	6.78836603539503	2.2	4.33333333333333
1	6.86730052417869	2.2	4.33333333333333
1	6.94623501296236	2.2	4.33333333333333
1	7.02516950174602	2.2	4.33333333333333
1	7.10410399052968	2.2	4.33333333333333
1	7.18303847931335	2.2	4.33333333333333
1	7.26197296809701	2.2	4.33333333333333
1	7.34090745688067	2.2	4.33333333333333
1	7.41984194566434	2.2	4.33333333333333
1	7.498776434448	2.2	4.33333333333333
1	7.57771092323166	2.2	4.33333333333333
1	7.65664541201533	2.2	4.33333333333333
1	7.73557990079899	2.2	4.33333333333333
1	7.81451438958265	2.2	4.33333333333333
1	7.89344887836631	2.2	4.33333333333333
1	7.97238336714998	2.2	4.33333333333333
1	8.05131785593364	2.2	4.33333333333333
1	8.1302523447173	2.2	4.33333333333333
1	8.20918683350097	2.2	4.33333333333333
1	8.28812132228463	2.2	4.33333333333333
1	8.36705581106829	2.2	4.33333333333333
1	8.44599029985196	2.2	4.33333333333333
1	8.52492478863562	2.2	4.33333333333333
1	8.60385927741928	2.2	4.33333333333333
1	8.68279376620295	2.2	4.33333333333333
1	8.76172825498661	2.2	4.33333333333333
1	8.84066274377027	2.2	4.33333333333333
1	8.91959723255394	2.2	4.33333333333333
1	8.9985317213376	2.2	4.33333333333333
1	9.07746621012126	2.2	4.33333333333333
1	9.15640069890492	2.2	4.33333333333333
1	9.23533518768859	2.2	4.33333333333333
1	9.31426967647225	2.2	4.33333333333333
1	9.39320416525591	2.2	4.33333333333333
1	9.47213865403958	2.2	4.33333333333333
1	9.55107314282324	2.2	4.33333333333333
1	9.6300076316069	2.2	4.33333333333333
1	9.70894212039057	2.2	4.33333333333333
1	9.78787660917423	2.2	4.33333333333333
1	9.86681109795789	2.2	4.33333333333333
1	9.94574558674156	2.2	4.33333333333333
1	10.0246800755252	2.2	4.33333333333333
1	10.1036145643089	2.2	4.33333333333333
1	10.1825490530925	2.2	4.33333333333333
1	10.2614835418762	2.2	4.33333333333333
1	10.3404180306599	2.2	4.33333333333333
1	10.4193525194435	2.2	4.33333333333333
1	10.4982870082272	2.2	4.33333333333333
1	10.5772214970109	2.2	4.33333333333333
1	10.6561559857945	2.2	4.33333333333333
1	10.7350904745782	2.2	4.33333333333333
1	10.8140249633619	2.2	4.33333333333333
1	10.8929594521455	2.2	4.33333333333333
1	10.9718939409292	2.2	4.33333333333333
1	11.0508284297128	2.2	4.33333333333333
1	11.1297629184965	2.2	4.33333333333333
1	11.2086974072802	2.2	4.33333333333333
1	11.2876318960638	2.2	4.33333333333333
1	11.3665663848475	2.2	4.33333333333333
1	11.4455008736312	2.2	4.33333333333333
1	11.5244353624148	2.2	4.33333333333333
1	11.6033698511985	2.2	4.33333333333333
1	11.6823043399821	2.2	4.33333333333333
1	11.7612388287658	2.2	4.33333333333333
1	11.8401733175495	2.2	4.33333333333333
1	11.9191078063331	2.2	4.33333333333333
1	11.9980422951168	2.2	4.33333333333333
1	12.0769767839005	2.2	4.33333333333333
1	12.1559112726841	2.2	4.33333333333333
1	12.2348457614678	2.2	4.33333333333333
1	12.3137802502515	2.2	4.33333333333333
1	12.3927147390351	2.2	4.33333333333333
1	12.4716492278188	2.2	4.33333333333333
1	12.5505837166024	2.2	4.33333333333333
1	12.6295182053861	2.2	4.33333333333333
1	12.7084526941698	2.2	4.33333333333333
1	12.7873871829534	2.2	4.33333333333333
1	12.8663216717371	2.2	4.33333333333333
1	12.9452561605208	2.2	4.33333333333333
1	13.0241906493044	2.2	4.33333333333333
1	13.1031251380881	2.2	4.33333333333333
1	13.1820596268717	2.2	4.33333333333333
1	13.2609941156554	2.2	4.33333333333333
1	13.3399286044391	2.2	4.33333333333333
1	13.4188630932227	2.2	4.33333333333333
1	13.4977975820064	2.2	4.33333333333333
1	13.5767320707901	2.2	4.33333333333333
1	13.6556665595737	2.2	4.33333333333333
1	13.7346010483574	2.2	4.33333333333333
1	13.8135355371411	2.2	4.33333333333333
1	13.8924700259247	2.2	4.33333333333333
1	13.9714045147084	2.2	4.33333333333333
1	14.050339003492	2.2	4.33333333333333
1	14.1292734922757	2.2	4.33333333333333
1	14.2082079810594	2.2	4.33333333333333
1	14.287142469843	2.2	4.33333333333333
1	14.3660769586267	2.2	4.33333333333333
1	14.4450114474104	2.2	4.33333333333333
1	14.523945936194	2.2	4.33333333333333
1	14.6028804249777	2.2	4.33333333333333
1	14.6818149137613	2.2	4.33333333333333
1	14.760749402545	2.2	4.33333333333333
1	14.8396838913287	2.2	4.33333333333333
1	14.9186183801123	2.2	4.33333333333333
1	14.997552868896	2.2	4.33333333333333
1	15.0764873576797	2.2	4.33333333333333
1	15.1554218464633	2.2	4.33333333333333
1	15.234356335247	2.2	4.33333333333333
1	15.3132908240307	2.2	4.33333333333333
1	15.3922253128143	2.2	4.33333333333333
1	15.471159801598	2.2	4.33333333333333
1	15.5500942903816	2.2	4.33333333333333
1	15.6290287791653	2.2	4.33333333333333
1	15.707963267949	2.2	4.33333333333333
1	0	2.2	5.33333333333333
1	0.0789344887836631	2.2	5.33333333333333
1	0.157868977567326	2.2	5.33333333333333
1	0.236803466350989	2.2	5.33333333333333
1	0.315737955134653	2.2	5.33333333333333
1	0.394672443918316	2.2	5.33333333333333
1	0.473606932701979	2.2	5.33333333333333
1	0.552541421485642	2.2	5.33333333333333
1	0.631475910269305	2.2	5.33333333333333
1	0.710410399052968	2.2	5.33333333333333
1	0.789344887836632	2.2	5.33333333333333
1	0.868279376620295	2.2	5.33333333333333
1	0.947213865403958	2.2	5.33333333333333
1	1.02614835418762	2.2	5.33333333333333
1	1.10508284297128	2.2	5.33333333333333
1	1.18401733175495	2.2	5.33333333333333
1	1.26295182053861	2.2	5.33333333333333
1	1.34188630932227	2.2	5.33333333333333
1	1.42082079810594	2.2	5.33333333333333
1	1.4997552868896	2.2	5.33333333333333
1	1.57868977567326	2.2	5.33333333333333
1	1.65762426445693	2.2	5.33333333333333
1	1.73655875324059	2.2	5.33333333333333
1	1.81549324202425	2.2	5.33333333333333
1	1.89442773080792	2.2	5.33333333333333
1	1.97336221959158	2.2	5.33333333333333
1	2.05229670837524	2.2	5.33333333333333
1	2.1312311971589	2.2	5.33333333333333
1	2.21016568594257	2.2	5.33333333333333
1	2.28910017472623	2.2	5.33333333333333
1	2.36803466350989	2.2	5.33333333333333
1	2.44696915229356	2.2	5.33333333333333
1	2.52590364107722	2.2	5.33333333333333
1	2.60483812986088	2.2	5.33333333333333
1	2.68377261864455	2.2	5.33333333333333
1	2.76270710742821	2.2	5.33333333333333
1	2.84164159621187	2.2	5.33333333333333
1	2.92057608499554	2.2	5.33333333333333
1	2.9995105737792	2.2	5.33333333333333
1	3.07844506256286	2.2	5.33333333333333
1	3.15737955134653	2.2	5.33333333333333
1	3.23631404013019	2.2	5.33333333333333
1	3.31524852891385	2.2	5.33333333333333
1	3.39418301769752	2.2	5.33333333333333
1	3.47311750648118	2.2	5.33333333333333
1	3.55205199526484	2.2	5.33333333333333
1	3.63098648404851	2.2	5.33333333333333
1	3.70992097283217	2.2	5.33333333333333
1	3.78885546161583	2.2	5.33333333333333
1	3.86778995039949	2.2	5.33333333333333
1	3.94672443918316	2.2	5.33333333333333
1	4.02565892796682	2.2	5.33333333333333
1	4.10459341675048	2.2	5.33333333333333
1	4.18352790553415	2.2	5.33333333333333
1	4.26246239431781	2.2	5.33333333333333
1	4.34139688310147	2.2	5.33333333333333
1	4.42033137188514	2.2	5.33333333333333
1	4.4992658606688	2.2	5.33333333333333
1	4.57820034945246	2.2	5.33333333333333
1	4.65713483823613	2.2	5.33333333333333
1	4.73606932701979	2.2	5.33333333333333
1	4.81500381580345	2.2	5.33333333333333
1	4.89393830458712	2.2	5.33333333333333
1	4.97287279337078	2.2	5.33333333333333
1	5.05180728215444	2.2	5.33333333333333
1	5.1307417709381	2.2	5.33333333333333
1	5.20967625972177	2.2	5.33333333333333
1	5.28861074850543	2.2	5.33333333333333
1	5.36754523728909	2.2	5.33333333333333
1	5.44647972607276	2.2	5.33333333333333
1	5.52541421485642	2.2	5.33333333333333
1	5.60434870364008	2.2	5.33333333333333
1	5.68328319242375	2.2	5.33333333333333
1	5.76221768120741	2.2	5.33333333333333
1	5.84115216999107	2.2	5.33333333333333
1	5.92008665877474	2.2	5.33333333333333
1	5.9990211475584	2.2	5.33333333333333
1	6.07795563634206	2.2	5.33333333333333
1	6.15689012512573	2.2	5.33333333333333
1	6.23582461390939	2.2	5.33333333333333
1	6.31475910269305	2.2	5.33333333333333
1	6.39369359147672	2.2	5.33333333333333
1	6.47262808026038	2.2	5.33333333333333
1	6.55156256904404	2.2	5.33333333333333
1	6.6304970578277	2.2	5.33333333333333
1	6.70943154661137	2.2	5.33333333333333
1	6.78836603539503	2.2	5.33333333333333
1	6.86730052417869	2.2	5.33333333333333
1	6.94623501296236	2.2	5.33333333333333
1	7.02516950174602	2.2	5.33333333333333
1	7.10410399052968	2.2	5.33333333333333
1	7.18303847931335	2.2	5.33333333333333
1	7.26197296809701	2.2	5.33333333333333
1	7.34090745688067	2.2	5.33333333333333
1	7.41984194566434	2.2	5.33333333333333
1	7.498776434448	2.2	5.33333333333333
1	7.57771092323166	2.2	5.33333333333333
1	7.65664541201533	2.2	5.33333333333333
1	7.73557990079899	2.2	5.33333333333333
1	7.81451438958265	2.2	5.33333333333333
1	7.89344887836631	2.2	5.33333333333333
1	7.97238336714998	2.2	5.33333333333333
1	8.05131785593364	2.2	5.33333333333333
1	8.1302523447173	2.2	5.33333333333333
1	8.20918683350097	2.2	5.33333333333333
1	8.28812132228463	2.2	5.33333333333333
1	8.36705581106829	2.2	5.33333333333333
1	8.44599029985196	2.2	5.33333333333333
1	8.52492478863562	2.2	5.33333333333333
1	8.60385927741928	2.2	5.33333333333333
1	8.68279376620295	2.2	5.33333333333333
1	8.76172825498661	2.2	5.33333333333333
1	8.84066274377027	2.2	5.33333333333333
1	8.91959723255394	2.2	5.33333333333333
1	8.9985317213376	2.2	5.33333333333333
1	9.07746621012126	2.2	5.33333333333333
1	9.15640069890492	2.2	5.33333333333333
1	9.23533518768859	2.2	5.33333333333333
1	9.31426967647225	2.2	5.33333333333333
1	9.39320416525591	2.2	5.33333333333333
1	9.47213865403958	2.2	5.33333333333333
1	9.55107314282324	2.2	5.33333333333333
1	9.6300076316069	2.2	5.33333333333333
1	9.70894212039057	2.2	5.33333333333333
1	9.78787660917423	2.2	5.33333333333333
1	9.86681109795789	2.2	5.33333333333333
1	9.94574558674156	2.2	5.33333333333333
1	10.0246800755252	2.2	5.33333333333333
1	10.1036145643089	2.2	5.33333333333333
1	10.1825490530925	2.2	5.33333333333333
1	10.2614835418762	2.2	5.33333333333333
1	10.3404180306599	2.2	5.33333333333333
1	10.4193525194435	2.2	5.33333333333333
1	10.4982870082272	2.2	5.33333333333333
1	10.5772214970109	2.2	5.33333333333333
1	10.6561559857945	2.2	5.33333333333333
1	10.7350904745782	2.2	5.33333333333333
1	10.8140249633619	2.2	5.33333333333333
1	10.8929594521455	2.2	5.33333333333333
1	10.9718939409292	2.2	5.33333333333333
1	11.0508284297128	2.2	5.33333333333333
1	11.1297629184965	2.2	5.33333333333333
1	11.2086974072802	2.2	5.33333333333333
1	11.2876318960638	2.2	5.33333333333333
1	11.3665663848475	2.2	5.33333333333333
1	11.4455008736312	2.2	5.33333333333333
1	11.5244353624148	2.2	5.33333333333333
1	11.6033698511985	2.2	5.33333333333333
1	11.6823043399821	2.2	5.33333333333333
1	11.7612388287658	2.2	5.33333333333333
1	11.8401733175495	2.2	5.33333333333333
1	11.9191078063331	2.2	5.33333333333333
1	11.9980422951168	2.2	5.33333333333333
1	12.0769767839005	2.2	5.33333333333333
1	12.1559112726841	2.2	5.33333333333333
1	12.2348457614678	2.2	5.33333333333333
1	12.3137802502515	2.2	5.33333333333333
1	12.3927147390351	2.2	5.33333333333333
1	12.4716492278188	2.2	5.33333333333333
1	12.5505837166024	2.2	5.33333333333333
1	12.6295182053861	2.2	5.33333333333333
1	12.7084526941698	2.2	5.33333333333333
1	12.7873871829534	2.2	5.33333333333333
1	12.8663216717371	2.2	5.33333333333333
1	12.9452561605208	2.2	5.33333333333333
1	13.0241906493044	2.2	5.33333333333333
1	13.1031251380881	2.2	5.33333333333333
1	13.1820596268717	2.2	5.33333333333333
1	13.2609941156554	2.2	5.33333333333333
1	13.3399286044391	2.2	5.33333333333333
1	13.4188630932227	2.2	5.33333333333333
1	13.4977975820064	2.2	5.33333333333333
1	13.5767320707901	2.2	5.33333333333333
1	13.6556665595737	2.2	5.33333333333333
1	13.7346010483574	2.2	5.33333333333333
1	13.8135355371411	2.2	5.33333333333333
1	13.8924700259247	2.2	5.33333333333333
1	13.9714045147084	2.2	5.33333333333333
1	14.050339003492	2.2	5.33333333333333
1	14.1292734922757	2.2	5.33333333333333
1	14.2082079810594	2.2	5.33333333333333
1	14.287142469843	2.2	5.33333333333333
1	14.3660769586267	2.2	5.33333333333333
1	14.4450114474104	2.2	5.33333333333333
1	14.523945936194	2.2	5.33333333333333
1	14.6028804249777	2.2	5.33333333333333
1	14.6818149137613	2.2	5.33333333333333
1	14.760749402545	2.2	5.33333333333333
1	14.8396838913287	2.2	5.33333333333333
1	14.9186183801123	2.2	5.33333333333333
1	14.997552868896	2.2	5.33333333333333
1	15.0764873576797	2.2	5.33333333333333
1	15.1554218464633	2.2	5.33333333333333
1	15.234356335247	2.2	5.33333333333333
1	15.3132908240307	2.2	5.33333333333333
1	15.3922253128143	2.2	5.33333333333333
1	15.471159801598	2.2	5.33333333333333
1	15.5500942903816	2.2	5.33333333333333
1	15.6290287791653	2.2	5.33333333333333
1	15.707963267949	2.2	5.33333333333333
1	0	2.2	6.33333333333333
1	0.0789344887836631	2.2	6.33333333333333
1	0.157868977567326	2.2	6.33333333333333
1	0.236803466350989	2.2	6.33333333333333
1	0.315737955134653	2.2	6.33333333333333
1	0.394672443918316	2.2	6.33333333333333
1	0.473606932701979	2.2	6.33333333333333
1	0.552541421485642	2.2	6.33333333333333
1	0.631475910269305	2.2	6.33333333333333
1	0.710410399052968	2.2	6.33333333333333
1	0.789344887836632	2.2	6.33333333333333
1	0.868279376620295	2.2	6.33333333333333
1	0.947213865403958	2.2	6.33333333333333
1	1.02614835418762	2.2	6.33333333333333
1	1.10508284297128	2.2	6.33333333333333
1	1.18401733175495	2.2	6.33333333333333
1	1.26295182053861	2.2	6.33333333333333
1	1.34188630932227	2.2	6.33333333333333
1	1.42082079810594	2.2	6.33333333333333
1	1.4997552868896	2.2	6.33333333333333
1	1.57868977567326	2.2	6.33333333333333
1	1.65762426445693	2.2	6.33333333333333
1	1.73655875324059	2.2	6.33333333333333
1	1.81549324202425	2.2	6.33333333333333
1	1.89442773080792	2.2	6.33333333333333
1	1.97336221959158	2.2	6.33333333333333
1	2.05229670837524	2.2	6.33333333333333
1	2.1312311971589	2.2	6.33333333333333
1	2.21016568594257	2.2	6.33333333333333
1	2.28910017472623	2.2	6.33333333333333
1	2.36803466350989	2.2	6.33333333333333
1	2.44696915229356	2.2	6.33333333333333
1	2.52590364107722	2.2	6.33333333333333
1	2.60483812986088	2.2	6.33333333333333
1	2.68377261864455	2.2	6.33333333333333
1	2.76270710742821	2.2	6.33333333333333
1	2.84164159621187	2.2	6.33333333333333
1	2.92057608499554	2.2	6.33333333333333
1	2.9995105737792	2.2	6.33333333333333
1	3.07844506256286	2.2	6.33333333333333
1	3.15737955134653	2.2	6.33333333333333
1	3.23631404013019	2.2	6.33333333333333
1	3.31524852891385	2.2	6.33333333333333
1	3.39418301769752	2.2	6.33333333333333
1	3.47311750648118	2.2	6.33333333333333
1	3.55205199526484	2.2	6.33333333333333
1	3.63098648404851	2.2	6.33333333333333
1	3.70992097283217	2.2	6.33333333333333
1	3.78885546161583	2.2	6.33333333333333
1	3.86778995039949	2.2	6.33333333333333
1	3.94672443918316	2.2	6.33333333333333
1	4.02565892796682	2.2	6.33333333333333
1	4.10459341675048	2.2	6.33333333333333
1	4.18352790553415	2.2	6.33333333333333
1	4.26246239431781	2.2	6.33333333333333
1	4.34139688310147	2.2	6.33333333333333
1	4.42033137188514	2.2	6.33333333333333
1	4.4992658606688	2.2	6.33333333333333
1	4.57820034945246	2.2	6.33333333333333
1	4.65713483823613	2.2	6.33333333333333
1	4.73606932701979	2.2	6.33333333333333
1	4.81500381580345	2.2	6.33333333333333
1	4.89393830458712	2.2	6.33333333333333
1	4.97287279337078	2.2	6.33333333333333
1	5.05180728215444	2.2	6.33333333333333
1	5.1307417709381	2.2	6.33333333333333
1	5.20967625972177	2.2	6.33333333333333
1	5.28861074850543	2.2	6.33333333333333
1	5.36754523728909	2.2	6.33333333333333
1	5.44647972607276	2.2	6.33333333333333
1	5.52541421485642	2.2	6.33333333333333
1	5.60434870364008	2.2	6.33333333333333
1	5.68328319242375	2.2	6.33333333333333
1	5.76221768120741	2.2	6.33333333333333
1	5.84115216999107	2.2	6.33333333333333
1	5.92008665877474	2.2	6.33333333333333
1	5.9990211475584	2.2	6.33333333333333
1	6.07795563634206	2.2	6.33333333333333
1	6.15689012512573	2.2	6.33333333333333
1	6.23582461390939	2.2	6.33333333333333
1	6.31475910269305	2.2	6.33333333333333
1	6.39369359147672	2.2	6.33333333333333
1	6.47262808026038	2.2	6.33333333333333
1	6.55156256904404	2.2	6.33333333333333
1	6.6304970578277	2.2	6.33333333333333
1	6.70943154661137	2.2	6.33333333333333
1	6.78836603539503	2.2	6.33333333333333
1	6.86730052417869	2.2	6.33333333333333
1	6.94623501296236	2.2	6.33333333333333
1	7.02516950174602	2.2	6.33333333333333
1	7.10410399052968	2.2	6.33333333333333
1	7.18303847931335	2.2	6.33333333333333
1	7.26197296809701	2.2	6.33333333333333
1	7.34090745688067	2.2	6.33333333333333
1	7.41984194566434	2.2	6.33333333333333
1	7.498776434448	2.2	6.33333333333333
1	7.57771092323166	2.2	6.33333333333333
1	7.65664541201533	2.2	6.33333333333333
1	7.73557990079899	2.2	6.33333333333333
1	7.81451438958265	2.2	6.33333333333333
1	7.89344887836631	2.2	6.33333333333333
1	7.97238336714998	2.2	6.33333333333333
1	8.05131785593364	2.2	6.33333333333333
1	8.1302523447173	2.2	6.33333333333333
1	8.20918683350097	2.2	6.33333333333333
1	8.28812132228463	2.2	6.33333333333333
1	8.36705581106829	2.2	6.33333333333333
1	8.44599029985196	2.2	6.33333333333333
1	8.52492478863562	2.2	6.33333333333333
1	8.60385927741928	2.2	6.33333333333333
1	8.68279376620295	2.2	6.33333333333333
1	8.76172825498661	2.2	6.33333333333333
1	8.84066274377027	2.2	6.33333333333333
1	8.91959723255394	2.2	6.33333333333333
1	8.9985317213376	2.2	6.33333333333333
1	9.07746621012126	2.2	6.33333333333333
1	9.15640069890492	2.2	6.33333333333333
1	9.23533518768859	2.2	6.33333333333333
1	9.31426967647225	2.2	6.33333333333333
1	9.39320416525591	2.2	6.33333333333333
1	9.47213865403958	2.2	6.33333333333333
1	9.55107314282324	2.2	6.33333333333333
1	9.6300076316069	2.2	6.33333333333333
1	9.70894212039057	2.2	6.33333333333333
1	9.78787660917423	2.2	6.33333333333333
1	9.86681109795789	2.2	6.33333333333333
1	9.94574558674156	2.2	6.33333333333333
1	10.0246800755252	2.2	6.33333333333333
1	10.1036145643089	2.2	6.33333333333333
1	10.1825490530925	2.2	6.33333333333333
1	10.2614835418762	2.2	6.33333333333333
1	10.3404180306599	2.2	6.33333333333333
1	10.4193525194435	2.2	6.33333333333333
1	10.4982870082272	2.2	6.33333333333333
1	10.5772214970109	2.2	6.33333333333333
1	10.6561559857945	2.2	6.33333333333333
1	10.7350904745782	2.2	6.33333333333333
1	10.8140249633619	2.2	6.33333333333333
1	10.8929594521455	2.2	6.33333333333333
1	10.9718939409292	2.2	6.33333333333333
1	11.0508284297128	2.2	6.33333333333333
1	11.1297629184965	2.2	6.33333333333333
1	11.2086974072802	2.2	6.33333333333333
1	11.2876318960638	2.2	6.33333333333333
1	11.3665663848475	2.2	6.33333333333333
1	11.4455008736312	2.2	6.33333333333333
1	11.5244353624148	2.2	6.33333333333333
1	11.6033698511985	2.2	6.33333333333333
1	11.6823043399821	2.2	6.33333333333333
1	11.7612388287658	2.2	6.33333333333333
1	11.8401733175495	2.2	6.33333333333333
1	11.9191078063331	2.2	6.33333333333333
1	11.9980422951168	2.2	6.33333333333333
1	12.0769767839005	2.2	6.33333333333333
1	12.1559112726841	2.2	6.33333333333333
1	12.2348457614678	2.2	6.33333333333333
1	12.3137802502515	2.2	6.33333333333333
1	12.3927147390351	2.2	6.33333333333333
1	12.4716492278188	2.2	6.33333333333333
1	12.5505837166024	2.2	6.33333333333333
1	12.6295182053861	2.2	6.33333333333333
1	12.7084526941698	2.2	6.33333333333333
1	12.7873871829534	2.2	6.33333333333333
1	12.8663216717371	2.2	6.33333333333333
1	12.9452561605208	2.2	6.33333333333333
1	13.0241906493044	2.2	6.33333333333333
1	13.1031251380881	2.2	6.33333333333333
1	13.1820596268717	2.2	6.33333333333333
1	13.2609941156554	2.2	6.33333333333333
1	13.3399286044391	2.2	6.33333333333333
1	13.4188630932227	2.2	6.33333333333333
1	13.4977975820064	2.2	6.33333333333333
1	13.5767320707901	2.2	6.33333333333333
1	13.6556665595737	2.2	6.33333333333333
1	13.7346010483574	2.2	6.33333333333333
1	13.8135355371411	2.2	6.33333333333333
1	13.8924700259247	2.2	6.33333333333333
1	13.9714045147084	2.2	6.33333333333333
1	14.050339003492	2.2	6.33333333333333
1	14.1292734922757	2.2	6.33333333333333
1	14.2082079810594	2.2	6.33333333333333
1	14.287142469843	2.2	6.33333333333333
1	14.3660769586267	2.2	6.33333333333333
1	14.4450114474104	2.2	6.33333333333333
1	14.523945936194	2.2	6.33333333333333
1	14.6028804249777	2.2	6.33333333333333
1	14.6818149137613	2.2	6.33333333333333
1	14.760749402545	2.2	6.33333333333333
1	14.8396838913287	2.2	6.33333333333333
1	14.9186183801123	2.2	6.33333333333333
1	14.997552868896	2.2	6.33333333333333
1	15.0764873576797	2.2	6.33333333333333
1	15.1554218464633	2.2	6.33333333333333
1	15.234356335247	2.2	6.33333333333333
1	15.3132908240307	2.2	6.33333333333333
1	15.3922253128143	2.2	6.33333333333333
1	15.471159801598	2.2	6.33333333333333
1	15.5500942903816	2.2	6.33333333333333
1	15.6290287791653	2.2	6.33333333333333
1	15.707963267949	2.2	6.33333333333333
1	0	2.2	7.33333333333333
1	0.0789344887836631	2.2	7.33333333333333
1	0.157868977567326	2.2	7.33333333333333
1	0.236803466350989	2.2	7.33333333333333
1	0.315737955134653	2.2	7.33333333333333
1	0.394672443918316	2.2	7.33333333333333
1	0.473606932701979	2.2	7.33333333333333
1	0.552541421485642	2.2	7.33333333333333
1	0.631475910269305	2.2	7.33333333333333
1	0.710410399052968	2.2	7.33333333333333
1	0.789344887836632	2.2	7.33333333333333
1	0.868279376620295	2.2	7.33333333333333
1	0.947213865403958	2.2	7.33333333333333
1	1.02614835418762	2.2	7.33333333333333
1	1.10508284297128	2.2	7.33333333333333
1	1.18401733175495	2.2	7.33333333333333
1	1.26295182053861	2.2	7.33333333333333
1	1.34188630932227	2.2	7.33333333333333
1	1.42082079810594	2.2	7.33333333333333
1	1.4997552868896	2.2	7.33333333333333
1	1.57868977567326	2.2	7.33333333333333
1	1.65762426445693	2.2	7.33333333333333
1	1.73655875324059	2.2	7.33333333333333
1	1.81549324202425	2.2	7.33333333333333
1	1.89442773080792	2.2	7.33333333333333
1	1.97336221959158	2.2	7.33333333333333
1	2.05229670837524	2.2	7.33333333333333
1	2.1312311971589	2.2	7.33333333333333
1	2.21016568594257	2.2	7.33333333333333
1	2.28910017472623	2.2	7.33333333333333
1	2.36803466350989	2.2	7.33333333333333
1	2.44696915229356	2.2	7.33333333333333
1	2.52590364107722	2.2	7.33333333333333
1	2.60483812986088	2.2	7.33333333333333
1	2.68377261864455	2.2	7.33333333333333
1	2.76270710742821	2.2	7.33333333333333
1	2.84164159621187	2.2	7.33333333333333
1	2.92057608499554	2.2	7.33333333333333
1	2.9995105737792	2.2	7.33333333333333
1	3.07844506256286	2.2	7.33333333333333
1	3.15737955134653	2.2	7.33333333333333
1	3.23631404013019	2.2	7.33333333333333
1	3.31524852891385	2.2	7.33333333333333
1	3.39418301769752	2.2	7.33333333333333
1	3.47311750648118	2.2	7.33333333333333
1	3.55205199526484	2.2	7.33333333333333
1	3.63098648404851	2.2	7.33333333333333
1	3.70992097283217	2.2	7.33333333333333
1	3.78885546161583	2.2	7.33333333333333
1	3.86778995039949	2.2	7.33333333333333
1	3.94672443918316	2.2	7.33333333333333
1	4.02565892796682	2.2	7.33333333333333
1	4.10459341675048	2.2	7.33333333333333
1	4.18352790553415	2.2	7.33333333333333
1	4.26246239431781	2.2	7.33333333333333
1	4.34139688310147	2.2	7.33333333333333
1	4.42033137188514	2.2	7.33333333333333
1	4.4992658606688	2.2	7.33333333333333
1	4.57820034945246	2.2	7.33333333333333
1	4.65713483823613	2.2	7.33333333333333
1	4.73606932701979	2.2	7.33333333333333
1	4.81500381580345	2.2	7.33333333333333
1	4.89393830458712	2.2	7.33333333333333
1	4.97287279337078	2.2	7.33333333333333
1	5.05180728215444	2.2	7.33333333333333
1	5.1307417709381	2.2	7.33333333333333
1	5.20967625972177	2.2	7.33333333333333
1	5.28861074850543	2.2	7.33333333333333
1	5.36754523728909	2.2	7.33333333333333
1	5.44647972607276	2.2	7.33333333333333
1	5.52541421485642	2.2	7.33333333333333
1	5.60434870364008	2.2	7.33333333333333
1	5.68328319242375	2.2	7.33333333333333
1	5.76221768120741	2.2	7.33333333333333
1	5.84115216999107	2.2	7.33333333333333
1	5.92008665877474	2.2	7.33333333333333
1	5.9990211475584	2.2	7.33333333333333
1	6.07795563634206	2.2	7.33333333333333
1	6.15689012512573	2.2	7.33333333333333
1	6.23582461390939	2.2	7.33333333333333
1	6.31475910269305	2.2	7.33333333333333
1	6.39369359147672	2.2	7.33333333333333
1	6.47262808026038	2.2	7.33333333333333
1	6.55156256904404	2.2	7.33333333333333
1	6.6304970578277	2.2	7.33333333333333
1	6.70943154661137	2.2	7.33333333333333
1	6.78836603539503	2.2	7.33333333333333
1	6.86730052417869	2.2	7.33333333333333
1	6.94623501296236	2.2	7.33333333333333
1	7.02516950174602	2.2	7.33333333333333
1	7.10410399052968	2.2	7.33333333333333
1	7.18303847931335	2.2	7.33333333333333
1	7.26197296809701	2.2	7.33333333333333
1	7.34090745688067	2.2	7.33333333333333
1	7.41984194566434	2.2	7.33333333333333
1	7.498776434448	2.2	7.33333333333333
1	7.57771092323166	2.2	7.33333333333333
1	7.65664541201533	2.2	7.33333333333333
1	7.73557990079899	2.2	7.33333333333333
1	7.81451438958265	2.2	7.33333333333333
1	7.89344887836631	2.2	7.33333333333333
1	7.97238336714998	2.2	7.33333333333333
1	8.05131785593364	2.2	7.33333333333333
1	8.1302523447173	2.2	7.33333333333333
1	8.20918683350097	2.2	7.33333333333333
1	8.28812132228463	2.2	7.33333333333333
1	8.36705581106829	2.2	7.33333333333333
1	8.44599029985196	2.2	7.33333333333333
1	8.52492478863562	2.2	7.33333333333333
1	8.60385927741928	2.2	7.33333333333333
1	8.68279376620295	2.2	7.33333333333333
1	8.76172825498661	2.2	7.33333333333333
1	8.84066274377027	2.2	7.33333333333333
1	8.91959723255394	2.2	7.33333333333333
1	8.9985317213376	2.2	7.33333333333333
1	9.07746621012126	2.2	7.33333333333333
1	9.15640069890492	2.2	7.33333333333333
1	9.23533518768859	2.2	7.33333333333333
1	9.31426967647225	2.2	7.33333333333333
1	9.39320416525591	2.2	7.33333333333333
1	9.47213865403958	2.2	7.33333333333333
1	9.55107314282324	2.2	7.33333333333333
1	9.6300076316069	2.2	7.33333333333333
1	9.70894212039057	2.2	7.33333333333333
1	9.78787660917423	2.2	7.33333333333333
1	9.86681109795789	2.2	7.33333333333333
1	9.94574558674156	2.2	7.33333333333333
1	10.0246800755252	2.2	7.33333333333333
1	10.1036145643089	2.2	7.33333333333333
1	10.1825490530925	2.2	7.33333333333333
1	10.2614835418762	2.2	7.33333333333333
1	10.3404180306599	2.2	7.33333333333333
1	10.4193525194435	2.2	7.33333333333333
1	10.4982870082272	2.2	7.33333333333333
1	10.5772214970109	2.2	7.33333333333333
1	10.6561559857945	2.2	7.33333333333333
1	10.7350904745782	2.2	7.33333333333333
1	10.8140249633619	2.2	7.33333333333333
1	10.8929594521455	2.2	7.33333333333333
1	10.9718939409292	2.2	7.33333333333333
1	11.0508284297128	2.2	7.33333333333333
1	11.1297629184965	2.2	7.33333333333333
1	11.2086974072802	2.2	7.33333333333333
1	11.2876318960638	2.2	7.33333333333333
1	11.3665663848475	2.2	7.33333333333333
1	11.4455008736312	2.2	7.33333333333333
1	11.5244353624148	2.2	7.33333333333333
1	11.6033698511985	2.2	7.33333333333333
1	11.6823043399821	2.2	7.33333333333333
1	11.7612388287658	2.2	7.33333333333333
1	11.8401733175495	2.2	7.33333333333333
1	11.9191078063331	2.2	7.33333333333333
1	11.9980422951168	2.2	7.33333333333333
1	12.0769767839005	2.2	7.33333333333333
1	12.1559112726841	2.2	7.33333333333333
1	12.2348457614678	2.2	7.33333333333333
1	12.3137802502515	2.2	7.33333333333333
1	12.3927147390351	2.2	7.33333333333333
1	12.4716492278188	2.2	7.33333333333333
1	12.5505837166024	2.2	7.33333333333333
1	12.6295182053861	2.2	7.33333333333333
1	12.7084526941698	2.2	7.33333333333333
1	12.7873871829534	2.2	7.33333333333333
1	12.8663216717371	2.2	7.33333333333333
1	12.9452561605208	2.2	7.33333333333333
1	13.0241906493044	2.2	7.33333333333333
1	13.1031251380881	2.2	7.33333333333333
1	13.1820596268717	2.2	7.33333333333333
1	13.2609941156554	2.2	7.33333333333333
1	13.3399286044391	2.2	7.33333333333333
1	13.4188630932227	2.2	7.33333333333333
1	13.4977975820064	2.2	7.33333333333333
1	13.5767320707901	2.2	7.33333333333333
1	13.6556665595737	2.2	7.33333333333333
1	13.7346010483574	2.2	7.33333333333333
1	13.8135355371411	2.2	7.33333333333333
1	13.8924700259247	2.2	7.33333333333333
1	13.9714045147084	2.2	7.33333333333333
1	14.050339003492	2.2	7.33333333333333
1	14.1292734922757	2.2	7.33333333333333
1	14.2082079810594	2.2	7.33333333333333
1	14.287142469843	2.2	7.33333333333333
1	14.3660769586267	2.2	7.33333333333333
1	14.4450114474104	2.2	7.33333333333333
1	14.523945936194	2.2	7.33333333333333
1	14.6028804249777	2.2	7.33333333333333
1	14.6818149137613	2.2	7.33333333333333
1	14.760749402545	2.2	7.33333333333333
1	14.8396838913287	2.2	7.33333333333333
1	14.9186183801123	2.2	7.33333333333333
1	14.997552868896	2.2	7.33333333333333
1	15.0764873576797	2.2	7.33333333333333
1	15.1554218464633	2.2	7.33333333333333
1	15.234356335247	2.2	7.33333333333333
1	15.3132908240307	2.2	7.33333333333333
1	15.3922253128143	2.2	7.33333333333333
1	15.471159801598	2.2	7.33333333333333
1	15.5500942903816	2.2	7.33333333333333
1	15.6290287791653	2.2	7.33333333333333
1	15.707963267949	2.2	7.33333333333333
1	0	2.2	8.33333333333333
1	0.0789344887836631	2.2	8.33333333333333
1	0.157868977567326	2.2	8.33333333333333
1	0.236803466350989	2.2	8.33333333333333
1	0.315737955134653	2.2	8.33333333333333
1	0.394672443918316	2.2	8.33333333333333
1	0.473606932701979	2.2	8.33333333333333
1	0.552541421485642	2.2	8.33333333333333
1	0.631475910269305	2.2	8.33333333333333
1	0.710410399052968	2.2	8.33333333333333
1	0.789344887836632	2.2	8.33333333333333
1	0.868279376620295	2.2	8.33333333333333
1	0.947213865403958	2.2	8.33333333333333
1	1.02614835418762	2.2	8.33333333333333
1	1.10508284297128	2.2	8.33333333333333
1	1.18401733175495	2.2	8.33333333333333
1	1.26295182053861	2.2	8.33333333333333
1	1.34188630932227	2.2	8.33333333333333
1	1.42082079810594	2.2	8.33333333333333
1	1.4997552868896	2.2	8.33333333333333
1	1.57868977567326	2.2	8.33333333333333
1	1.65762426445693	2.2	8.33333333333333
1	1.73655875324059	2.2	8.33333333333333
1	1.81549324202425	2.2	8.33333333333333
1	1.89442773080792	2.2	8.33333333333333
1	1.97336221959158	2.2	8.33333333333333
1	2.05229670837524	2.2	8.33333333333333
1	2.1312311971589	2.2	8.33333333333333
1	2.21016568594257	2.2	8.33333333333333
1	2.28910017472623	2.2	8.33333333333333
1	2.36803466350989	2.2	8.33333333333333
1	2.44696915229356	2.2	8.33333333333333
1	2.52590364107722	2.2	8.33333333333333
1	2.60483812986088	2.2	8.33333333333333
1	2.68377261864455	2.2	8.33333333333333
1	2.76270710742821	2.2	8.33333333333333
1	2.84164159621187	2.2	8.33333333333333
1	2.92057608499554	2.2	8.33333333333333
1	2.9995105737792	2.2	8.33333333333333
1	3.07844506256286	2.2	8.33333333333333
1	3.15737955134653	2.2	8.33333333333333
1	3.23631404013019	2.2	8.33333333333333
1	3.31524852891385	2.2	8.33333333333333
1	3.39418301769752	2.2	8.33333333333333
1	3.47311750648118	2.2	8.33333333333333
1	3.55205199526484	2.2	8.33333333333333
1	3.63098648404851	2.2	8.33333333333333
1	3.70992097283217	2.2	8.33333333333333
1	3.78885546161583	2.2	8.33333333333333
1	3.86778995039949	2.2	8.33333333333333
1	3.94672443918316	2.2	8.33333333333333
1	4.02565892796682	2.2	8.33333333333333
1	4.10459341675048	2.2	8.33333333333333
1	4.18352790553415	2.2	8.33333333333333
1	4.26246239431781	2.2	8.33333333333333
1	4.34139688310147	2.2	8.33333333333333
1	4.42033137188514	2.2	8.33333333333333
1	4.4992658606688	2.2	8.33333333333333
1	4.57820034945246	2.2	8.33333333333333
1	4.65713483823613	2.2	8.33333333333333
1	4.73606932701979	2.2	8.33333333333333
1	4.81500381580345	2.2	8.33333333333333
1	4.89393830458712	2.2	8.33333333333333
1	4.97287279337078	2.2	8.33333333333333
1	5.05180728215444	2.2	8.33333333333333
1	5.1307417709381	2.2	8.33333333333333
1	5.20967625972177	2.2	8.33333333333333
1	5.28861074850543	2.2	8.33333333333333
1	5.36754523728909	2.2	8.33333333333333
1	5.44647972607276	2.2	8.33333333333333
1	5.52541421485642	2.2	8.33333333333333
1	5.60434870364008	2.2	8.33333333333333
1	5.68328319242375	2.2	8.33333333333333
1	5.76221768120741	2.2	8.33333333333333
1	5.84115216999107	2.2	8.33333333333333
1	5.92008665877474	2.2	8.33333333333333
1	5.9990211475584	2.2	8.33333333333333
1	6.07795563634206	2.2	8.33333333333333
1	6.15689012512573	2.2	8.33333333333333
1	6.23582461390939	2.2	8.33333333333333
1	6.31475910269305	2.2	8.33333333333333
1	6.39369359147672	2.2	8.33333333333333
1	6.47262808026038	2.2	8.33333333333333
1	6.55156256904404	2.2	8.33333333333333
1	6.6304970578277	2.2	8.33333333333333
1	6.70943154661137	2.2	8.33333333333333
1	6.78836603539503	2.2	8.33333333333333
1	6.86730052417869	2.2	8.33333333333333
1	6.94623501296236	2.2	8.33333333333333
1	7.02516950174602	2.2	8.33333333333333
1	7.10410399052968	2.2	8.33333333333333
1	7.18303847931335	2.2	8.33333333333333
1	7.26197296809701	2.2	8.33333333333333
1	7.34090745688067	2.2	8.33333333333333
1	7.41984194566434	2.2	8.33333333333333
1	7.498776434448	2.2	8.33333333333333
1	7.57771092323166	2.2	8.33333333333333
1	7.65664541201533	2.2	8.33333333333333
1	7.73557990079899	2.2	8.33333333333333
1	7.81451438958265	2.2	8.33333333333333
1	7.89344887836631	2.2	8.33333333333333
1	7.97238336714998	2.2	8.33333333333333
1	8.05131785593364	2.2	8.33333333333333
1	8.1302523447173	2.2	8.33333333333333
1	8.20918683350097	2.2	8.33333333333333
1	8.28812132228463	2.2	8.33333333333333
1	8.36705581106829	2.2	8.33333333333333
1	8.44599029985196	2.2	8.33333333333333
1	8.52492478863562	2.2	8.33333333333333
1	8.60385927741928	2.2	8.33333333333333
1	8.68279376620295	2.2	8.33333333333333
1	8.76172825498661	2.2	8.33333333333333
1	8.84066274377027	2.2	8.33333333333333
1	8.91959723255394	2.2	8.33333333333333
1	8.9985317213376	2.2	8.33333333333333
1	9.07746621012126	2.2	8.33333333333333
1	9.15640069890492	2.2	8.33333333333333
1	9.23533518768859	2.2	8.33333333333333
1	9.31426967647225	2.2	8.33333333333333
1	9.39320416525591	2.2	8.33333333333333
1	9.47213865403958	2.2	8.33333333333333
1	9.55107314282324	2.2	8.33333333333333
1	9.6300076316069	2.2	8.33333333333333
1	9.70894212039057	2.2	8.33333333333333
1	9.78787660917423	2.2	8.33333333333333
1	9.86681109795789	2.2	8.33333333333333
1	9.94574558674156	2.2	8.33333333333333
1	10.0246800755252	2.2	8.33333333333333
1	10.1036145643089	2.2	8.33333333333333
1	10.1825490530925	2.2	8.33333333333333
1	10.2614835418762	2.2	8.33333333333333
1	10.3404180306599	2.2	8.33333333333333
1	10.4193525194435	2.2	8.33333333333333
1	10.4982870082272	2.2	8.33333333333333
1	10.5772214970109	2.2	8.33333333333333
1	10.6561559857945	2.2	8.33333333333333
1	10.7350904745782	2.2	8.33333333333333
1	10.8140249633619	2.2	8.33333333333333
1	10.8929594521455	2.2	8.33333333333333
1	10.9718939409292	2.2	8.33333333333333
1	11.0508284297128	2.2	8.33333333333333
1	11.1297629184965	2.2	8.33333333333333
1	11.2086974072802	2.2	8.33333333333333
1	11.2876318960638	2.2	8.33333333333333
1	11.3665663848475	2.2	8.33333333333333
1	11.4455008736312	2.2	8.33333333333333
1	11.5244353624148	2.2	8.33333333333333
1	11.6033698511985	2.2	8.33333333333333
1	11.6823043399821	2.2	8.33333333333333
1	11.7612388287658	2.2	8.33333333333333
1	11.8401733175495	2.2	8.33333333333333
1	11.9191078063331	2.2	8.33333333333333
1	11.9980422951168	2.2	8.33333333333333
1	12.0769767839005	2.2	8.33333333333333
1	12.1559112726841	2.2	8.33333333333333
1	12.2348457614678	2.2	8.33333333333333
1	12.3137802502515	2.2	8.33333333333333
1	12.3927147390351	2.2	8.33333333333333
1	12.4716492278188	2.2	8.33333333333333
1	12.5505837166024	2.2	8.33333333333333
1	12.6295182053861	2.2	8.33333333333333
1	12.7084526941698	2.2	8.33333333333333
1	12.7873871829534	2.2	8.33333333333333
1	12.8663216717371	2.2	8.33333333333333
1	12.9452561605208	2.2	8.33333333333333
1	13.0241906493044	2.2	8.33333333333333
1	13.1031251380881	2.2	8.33333333333333
1	13.1820596268717	2.2	8.33333333333333
1	13.2609941156554	2.2	8.33333333333333
1	13.3399286044391	2.2	8.33333333333333
1	13.4188630932227	2.2	8.33333333333333
1	13.4977975820064	2.2	8.33333333333333
1	13.5767320707901	2.2	8.33333333333333
1	13.6556665595737	2.2	8.33333333333333
1	13.7346010483574	2.2	8.33333333333333
1	13.8135355371411	2.2	8.33333333333333
1	13.8924700259247	2.2	8.33333333333333
1	13.9714045147084	2.2	8.33333333333333
1	14.050339003492	2.2	8.33333333333333
1	14.1292734922757	2.2	8.33333333333333
1	14.2082079810594	2.2	8.33333333333333
1	14.287142469843	2.2	8.33333333333333
1	14.3660769586267	2.2	8.33333333333333
1	14.4450114474104	2.2	8.33333333333333
1	14.523945936194	2.2	8.33333333333333
1	14.6028804249777	2.2	8.33333333333333
1	14.6818149137613	2.2	8.33333333333333
1	14.760749402545	2.2	8.33333333333333
1	14.8396838913287	2.2	8.33333333333333
1	14.9186183801123	2.2	8.33333333333333
1	14.997552868896	2.2	8.33333333333333
1	15.0764873576797	2.2	8.33333333333333
1	15.1554218464633	2.2	8.33333333333333
1	15.234356335247	2.2	8.33333333333333
1	15.3132908240307	2.2	8.33333333333333
1	15.3922253128143	2.2	8.33333333333333
1	15.471159801598	2.2	8.33333333333333
1	15.5500942903816	2.2	8.33333333333333
1	15.6290287791653	2.2	8.33333333333333
1	15.707963267949	2.2	8.33333333333333
1	0	1.660057155417	1.66666666666667
1	0.0789344887836631	1.65867765055458	1.66666666666667
1	0.157868977567326	1.65521095059539	1.66666666666667
1	0.236803466350989	1.64965705553943	1.66666666666667
1	0.315737955134653	1.6420159653867	1.66666666666667
1	0.394672443918316	1.63228768013719	1.66666666666667
1	0.473606932701979	1.62047219979091	1.66666666666667
1	0.552541421485642	1.60656952434786	1.66666666666667
1	0.631475910269305	1.59057965380803	1.66666666666667
1	0.710410399052968	1.57250258817143	1.66666666666667
1	0.789344887836632	1.55233832743806	1.66666666666667
1	0.868279376620295	1.53008687160792	1.66666666666667
1	0.947213865403958	1.50574822068101	1.66666666666667
1	1.02614835418762	1.47932237465732	1.66666666666667
1	1.10508284297128	1.45080933353686	1.66666666666667
1	1.18401733175495	1.42020909731963	1.66666666666667
1	1.26295182053861	1.38752166600562	1.66666666666667
1	1.34188630932227	1.35274703959484	1.66666666666667
1	1.42082079810594	1.31588521808729	1.66666666666667
1	1.4997552868896	1.27693620148297	1.66666666666667
1	1.57868977567326	1.23589998978188	1.66666666666667
1	1.65762426445693	1.19277658298401	1.66666666666667
1	1.73655875324059	1.14756598108937	1.66666666666667
1	1.81549324202425	1.10026818409796	1.66666666666667
1	1.89442773080792	1.05088319200977	1.66666666666667
1	1.97336221959158	0.999411004824814	1.66666666666667
1	2.05229670837524	0.945851622543084	1.66666666666667
1	2.1312311971589	0.890205045164582	1.66666666666667
1	2.21016568594257	0.832471272689307	1.66666666666667
1	2.28910017472623	0.77265030511726	1.66666666666667
1	2.36803466350989	0.71074214244844	1.66666666666667
1	2.44696915229356	0.646746784682848	1.66666666666667
1	2.52590364107722	0.580664231820483	1.66666666666667
1	2.60483812986088	0.512494483861345	1.66666666666667
1	2.68377261864455	0.442237540805435	1.66666666666667
1	2.76270710742821	0.369893402652753	1.66666666666667
1	2.84164159621187	0.295462069403298	1.66666666666667
1	2.92057608499554	0.218943541057071	1.66666666666667
1	2.9995105737792	0.140337817614071	1.66666666666667
1	3.07844506256286	0.0596448990742987	1.66666666666667
1	3.15737955134653	-0.0231352145622461	1.66666666666667
1	3.23631404013019	-0.108002523295563	1.66666666666667
1	3.31524852891385	-0.194957027125653	1.66666666666667
1	3.39418301769752	-0.283998726052515	1.66666666666667
1	3.47311750648118	-0.37512762007615	1.66666666666667
1	3.55205199526484	-0.468343709196558	1.66666666666667
1	3.63098648404851	-0.563646993413737	1.66666666666667
1	3.70992097283217	-0.66103747272769	1.66666666666667
1	3.78885546161583	-0.760515147138414	1.66666666666667
1	3.86778995039949	-0.862080016645911	1.66666666666667
1	3.94672443918316	-0.965732081250181	1.66666666666667
1	4.02565892796682	-1.07147134095122	1.66666666666667
1	4.10459341675048	-1.17929779574904	1.66666666666667
1	4.18352790553415	-1.28921144564363	1.66666666666667
1	4.26246239431781	-1.40121229063498	1.66666666666667
1	4.34139688310147	-1.51530033072312	1.66666666666667
1	4.42033137188514	-1.63147556590802	1.66666666666667
1	4.4992658606688	-1.7497379961897	1.66666666666667
1	4.57820034945246	-1.87008762156815	1.66666666666667
1	4.65713483823613	-1.99252444204337	1.66666666666667
1	4.73606932701979	-2.11704845761537	1.66666666666667
1	4.81500381580345	-2.2	1.66666666666667
1	4.89393830458712	-2.2	1.66666666666667
1	4.97287279337078	-2.2	1.66666666666667
1	5.05180728215444	-2.2	1.66666666666667
1	5.1307417709381	-2.2	1.66666666666667
1	5.20967625972177	-2.2	1.66666666666667
1	5.28861074850543	-2.2	1.66666666666667
1	5.36754523728909	-2.2	1.66666666666667
1	5.44647972607276	-2.2	1.66666666666667
1	5.52541421485642	-2.2	1.66666666666667
1	5.60434870364008	-2.2	1.66666666666667
1	5.68328319242375	-2.2	1.66666666666667
1	5.76221768120741	-2.2	1.66666666666667
1	5.84115216999107	-2.2	1.66666666666667
1	5.92008665877474	-2.2	1.66666666666667
1	5.9990211475584	-2.2	1.66666666666667
1	6.07795563634206	-2.2	1.66666666666667
1	6.15689012512573	-2.2	1.66666666666667
1	6.23582461390939	-2.2	1.66666666666667
1	6.31475910269305	-2.2	1.66666666666667
1	6.39369359147672	-2.2	1.66666666666667
1	6.47262808026038	-2.2	1.66666666666667
1	6.55156256904404	-2.2	1.66666666666667
1	6.6304970578277	-2.2	1.66666666666667
1	6.70943154661137	-2.2	1.66666666666667
1	6.78836603539503	-2.2	1.66666666666667
1	6.86730052417869	-2.2	1.66666666666667
1	6.94623501296236	-2.2	1.66666666666667
1	7.02516950174602	-2.2	1.66666666666667
1	7.10410399052968	-2.2	1.66666666666667
1	7.18303847931335	-2.2	1.66666666666667
1	7.26197296809701	-2.2	1.66666666666667
1	7.34090745688067	-2.2	1.66666666666667
1	7.41984194566434	-2.2	1.66666666666667
1	7.498776434448	-2.2	1.66666666666667
1	7.57771092323166	-2.2	1.66666666666667
1	7.65664541201533	-2.2	1.66666666666667
1	7.73557990079899	-2.2	1.66666666666667
1	7.81451438958265	-2.2	1.66666666666667
1	7.89344887836631	-2.2	1.66666666666667
1	7.97238336714998	-2.2	1.66666666666667
1	8.05131785593364	-2.2	1.66666666666667
1	8.1302523447173	-2.2	1.66666666666667
1	8.20918683350097	-2.2	1.66666666666667
1	8.28812132228463	-2.2	1.66666666666667
1	8.36705581106829	-2.2	1.66666666666667
1	8.44599029985196	-2.2	1.66666666666667
1	8.52492478863562	-2.2	1.66666666666667
1	8.60385927741928	-2.2	1.66666666666667
1	8.68279376620295	-2.2	1.66666666666667
1	8.76172825498661	-2.2	1.66666666666667
1	8.84066274377027	-2.2	1.66666666666667
1	8.91959723255394	-2.2	1.66666666666667
1	8.9985317213376	-2.2	1.66666666666667
1	9.07746621012126	-2.2	1.66666666666667
1	9.15640069890492	-2.2	1.66666666666667
1	9.23533518768859	-2.2	1.66666666666667
1	9.31426967647225	-2.2	1.66666666666667
1	9.39320416525591	-2.2	1.66666666666667
1	9.47213865403958	-2.2	1.66666666666667
1	9.55107314282324	-2.2	1.66666666666667
1	9.6300076316069	-2.2	1.66666666666667
1	9.70894212039057	-2.2	1.66666666666667
1	9.78787660917423	-2.2	1.66666666666667
1	9.86681109795789	-2.2	1.66666666666667
1	9.94574558674156	-2.2	1.66666666666667
1	10.0246800755252	-2.2	1.66666666666667
1	10.1036145643089	-2.2	1.66666666666667
1	10.1825490530925	-2.2	1.66666666666667
1	10.2614835418762	-2.2	1.66666666666667
1	10.3404180306599	-2.2	1.66666666666667
1	10.4193525194435	-2.2	1.66666666666667
1	10.4982870082272	-2.2	1.66666666666667
1	10.5772214970109	-2.2	1.66666666666667
1	10.6561559857945	-2.2	1.66666666666667
1	10.7350904745782	-2.2	1.66666666666667
1	10.8140249633619	-2.2	1.66666666666667
1	10.8929594521455	-2.2	1.66666666666667
1	10.9718939409292	-2.2	1.66666666666667
1	11.0508284297128	-2.2	1.66666666666667
1	11.1297629184965	-2.2	1.66666666666667
1	11.2086974072802	-2.2	1.66666666666667
1	11.2876318960638	-2.2	1.66666666666667
1	11.3665663848475	-2.2	1.66666666666667
1	11.4455008736312	-2.2	1.66666666666667
1	11.5244353624148	-2.2	1.66666666666667
1	11.6033698511985	-2.2	1.66666666666667
1	11.6823043399821	-2.2	1.66666666666667
1	11.7612388287658	-2.2	1.66666666666667
1	11.8401733175495	-2.2	1.66666666666667
1	11.9191078063331	-2.2	1.66666666666667
1	11.9980422951168	-2.2	1.66666666666667
1	12.0769767839005	-2.2	1.66666666666667
1	12.1559112726841	-2.2	1.66666666666667
1	12.2348457614678	-2.2	1.66666666666667
1	12.3137802502515	-2.2	1.66666666666667
1	12.3927147390351	-2.2	1.66666666666667
1	12.4716492278188	-2.2	1.66666666666667
1	12.5505837166024	-2.2	1.66666666666667
1	12.6295182053861	-2.2	1.66666666666667
1	12.7084526941698	-2.2	1.66666666666667
1	12.7873871829534	-2.2	1.66666666666667
1	12.8663216717371	-2.2	1.66666666666667
1	12.9452561605208	-2.2	1.66666666666667
1	13.0241906493044	-2.2	1.66666666666667
1	13.1031251380881	-2.2	1.66666666666667
1	13.1820596268717	-2.2	1.66666666666667
1	13.2609941156554	-2.2	1.66666666666667
1	13.3399286044391	-2.2	1.66666666666667
1	13.4188630932227	-2.2	1.66666666666667
1	13.4977975820064	-2.2	1.66666666666667
1	13.5767320707901	-2.2	1.66666666666667
1	13.6556665595737	-2.2	1.66666666666667
1	13.7346010483574	-2.2	1.66666666666667
1	13.8135355371411	-2.2	1.66666666666667
1	13.8924700259247	-2.2	1.66666666666667
1	13.9714045147084	-2.2	1.66666666666667
1	14.050339003492	-2.2	1.66666666666667
1	14.1292734922757	-2.2	1.66666666666667
1	14.2082079810594	-2.2	1.66666666666667
1	14.287142469843	-2.2	1.66666666666667
1	14.3660769586267	-2.2	1.66666666666667
1	14.4450114474104	-2.2	1.66666666666667
1	14.523945936194	-2.2	1.66666666666667
1	14.6028804249777	-2.2	1.66666666666667
1	14.6818149137613	-2.2	1.66666666666667
1	14.760749402545	-2.2	1.66666666666667
1	14.8396838913287	-2.2	1.66666666666667
1	14.9186183801123	-2.2	1.66666666666667
1	14.997552868896	-2.2	1.66666666666667
1	15.0764873576797	-2.2	1.66666666666667
1	15.1554218464633	-2.2	1.66666666666667
1	15.234356335247	-2.2	1.66666666666667
1	15.3132908240307	-2.2	1.66666666666667
1	15.3922253128143	-2.2	1.66666666666667
1	15.471159801598	-2.2	1.66666666666667
1	15.5500942903816	-2.2	1.66666666666667
1	15.6290287791653	-2.2	1.66666666666667
1	15.707963267949	-2.2	1.66666666666667
1	0	3.41662542671143e-07	2.66666666666667
1	0.0789344887836631	0.0789807738379657	2.66666666666667
1	0.157868977567326	0.158040354959267	2.66666666666667
1	0.236803466350989	0.237179085026447	2.66666666666667
1	0.315737955134653	0.316396964039505	2.66666666666667
1	0.394672443918316	0.395693991998442	2.66666666666667
1	0.473606932701979	0.475070168903257	2.66666666666667
1	0.552541421485642	0.554525494753951	2.66666666666667
1	0.631475910269305	0.634059969550522	2.66666666666667
1	0.710410399052968	0.713673593292973	2.66666666666667
1	0.789344887836632	0.793366365981302	2.66666666666667
1	0.868279376620295	0.873138287615509	2.66666666666667
1	0.947213865403958	0.952989358195594	2.66666666666667
1	1.02614835418762	1.03291957772156	2.66666666666667
1	1.10508284297128	1.1129289461934	2.66666666666667
1	1.18401733175495	1.19301746361112	2.66666666666667
1	1.26295182053861	1.27318512997472	2.66666666666667
1	1.34188630932227	1.3534319452842	2.66666666666667
1	1.42082079810594	1.43375790953956	2.66666666666667
1	1.4997552868896	1.51416302274079	2.66666666666667
1	1.57868977567326	1.5946472848879	2.66666666666667
1	1.65762426445693	1.67521069598089	2.66666666666667
1	1.73655875324059	1.75585325601976	2.66666666666667
1	1.81549324202425	1.83657496500451	2.66666666666667
1	1.89442773080792	1.91737582293514	2.66666666666667
1	1.97336221959158	1.99825582981164	2.66666666666667
1	2.05229670837524	2.07921498563403	2.66666666666667
1	2.1312311971589	2.16025329040229	2.66666666666667
1	2.21016568594257	2.2	2.66666666666667
1	2.28910017472623	2.2	2.66666666666667
1	2.36803466350989	2.2	2.66666666666667
1	2.44696915229356	2.2	2.66666666666667
1	2.52590364107722	2.2	2.66666666666667
1	2.60483812986088	2.2	2.66666666666667
1	2.68377261864455	2.2	2.66666666666667
1	2.76270710742821	2.2	2.66666666666667
1	2.84164159621187	2.2	2.66666666666667
1	2.92057608499554	2.2	2.66666666666667
1	2.9995105737792	2.2	2.66666666666667
1	3.07844506256286	2.2	2.66666666666667
1	3.15737955134653	2.2	2.66666666666667
1	3.23631404013019	2.2	2.66666666666667
1	3.31524852891385	2.2	2.66666666666667
1	3.39418301769752	2.2	2.66666666666667
1	3.47311750648118	2.2	2.66666666666667
1	3.55205199526484	2.2	2.66666666666667
1	3.63098648404851	2.2	2.66666666666667
1	3.70992097283217	2.2	2.66666666666667
1	3.78885546161583	2.2	2.66666666666667
1	3.86778995039949	2.2	2.66666666666667
1	3.94672443918316	2.2	2.66666666666667
1	4.02565892796682	2.2	2.66666666666667
1	4.10459341675048	2.2	2.66666666666667
1	4.18352790553415	2.2	2.66666666666667
1	4.26246239431781	2.2	2.66666666666667
1	4.34139688310147	2.2	2.66666666666667
1	4.42033137188514	2.2	2.66666666666667
1	4.4992658606688	2.2	2.66666666666667
1	4.57820034945246	2.2	2.66666666666667
1	4.65713483823613	2.2	2.66666666666667
1	4.73606932701979	2.2	2.66666666666667
1	4.81500381580345	2.2	2.66666666666667
1	4.89393830458712	2.2	2.66666666666667
1	4.97287279337078	2.2	2.66666666666667
1	5.05180728215444	2.2	2.66666666666667
1	5.1307417709381	2.2	2.66666666666667
1	5.20967625972177	2.2	2.66666666666667
1	5.28861074850543	2.2	2.66666666666667
1	5.36754523728909	2.2	2.66666666666667
1	5.44647972607276	2.2	2.66666666666667
1	5.52541421485642	2.2	2.66666666666667
1	5.60434870364008	2.2	2.66666666666667
1	5.68328319242375	2.2	2.66666666666667
1	5.76221768120741	2.2	2.66666666666667
1	5.84115216999107	2.2	2.66666666666667
1	5.92008665877474	2.2	2.66666666666667
1	5.9990211475584	2.2	2.66666666666667
1	6.07795563634206	2.2	2.66666666666667
1	6.15689012512573	2.2	2.66666666666667
1	6.23582461390939	2.2	2.66666666666667
1	6.31475910269305	2.2	2.66666666666667
1	6.39369359147672	2.2	2.66666666666667
1	6.47262808026038	2.2	2.66666666666667
1	6.55156256904404	2.2	2.66666666666667
1	6.6304970578277	2.2	2.66666666666667
1	6.70943154661137	2.2	2.66666666666667
1	6.78836603539503	2.2	2.66666666666667
1	6.86730052417869	2.2	2.66666666666667
1	6.94623501296236	2.2	2.66666666666667
1	7.02516950174602	2.2	2.66666666666667
1	7.10410399052968	2.2	2.66666666666667
1	7.18303847931335	2.2	2.66666666666667
1	7.26197296809701	2.2	2.66666666666667
1	7.34090745688067	2.2	2.66666666666667
1	7.41984194566434	2.2	2.66666666666667
1	7.498776434448	2.2	2.66666666666667
1	7.57771092323166	2.2	2.66666666666667
1	7.65664541201533	2.2	2.66666666666667
1	7.73557990079899	2.2	2.66666666666667
1	7.81451438958265	2.2	2.66666666666667
1	7.89344887836631	2.2	2.66666666666667
1	7.97238336714998	2.2	2.66666666666667
1	8.05131785593364	2.2	2.66666666666667
1	8.1302523447173	2.2	2.66666666666667
1	8.20918683350097	2.2	2.66666666666667
1	8.28812132228463	2.2	2.66666666666667
1	8.36705581106829	2.2	2.66666666666667
1	8.44599029985196	2.2	2.66666666666667
1	8.52492478863562	2.2	2.66666666666667
1	8.60385927741928	2.2	2.66666666666667
1	8.68279376620295	2.2	2.66666666666667
1	8.76172825498661	2.2	2.66666666666667
1	8.84066274377027	2.2	2.66666666666667
1	8.91959723255394	2.2	2.66666666666667
1	8.9985317213376	2.2	2.66666666666667
1	9.07746621012126	2.2	2.66666666666667
1	9.15640069890492	2.2	2.66666666666667
1	9.23533518768859	2.2	2.66666666666667
1	9.31426967647225	2.2	2.66666666666667
1	9.39320416525591	2.2	2.66666666666667
1	9.47213865403958	2.2	2.66666666666667
1	9.55107314282324	2.2	2.66666666666667
1	9.6300076316069	2.2	2.66666666666667
1	9.70894212039057	2.2	2.66666666666667
1	9.78787660917423	2.2	2.66666666666667
1	9.86681109795789	2.2	2.66666666666667
1	9.94574558674156	2.2	2.66666666666667
1	10.0246800755252	2.2	2.66666666666667
1	10.1036145643089	2.2	2.66666666666667
1	10.1825490530925	2.2	2.66666666666667
1	10.2614835418762	2.2	2.66666666666667
1	10.3404180306599	2.2	2.66666666666667
1	10.4193525194435	2.2	2.66666666666667
1	10.4982870082272	2.2	2.66666666666667
1	10.5772214970109	2.2	2.66666666666667
1	10.6561559857945	2.2	2.66666666666667
1	10.7350904745782	2.2	2.66666666666667
1	10.8140249633619	2.2	2.66666666666667
1	10.8929594521455	2.2	2.66666666666667
1	10.9718939409292	2.2	2.66666666666667
1	11.0508284297128	2.2	2.66666666666667
1	11.1297629184965	2.2	2.66666666666667
1	11.2086974072802	2.2	2.66666666666667
1	11.2876318960638	2.2	2.66666666666667
1	11.3665663848475	2.2	2.66666666666667
1	11.4455008736312	2.2	2.66666666666667
1	11.5244353624148	2.2	2.66666666666667
1	11.6033698511985	2.2	2.66666666666667
1	11.6823043399821	2.2	2.66666666666667
1	11.7612388287658	2.2	2.66666666666667
1	11.8401733175495	2.2	2.66666666666667
1	11.9191078063331	2.2	2.66666666666667
1	11.9980422951168	2.2	2.66666666666667
1	12.0769767839005	2.2	2.66666666666667
1	12.1559112726841	2.2	2.66666666666667
1	12.2348457614678	2.2	2.66666666666667
1	12.3137802502515	2.2	2.66666666666667
1	12.3927147390351	2.2	2.66666666666667
1	12.4716492278188	2.2	2.66666666666667
1	12.5505837166024	2.2	2.66666666666667
1	12.6295182053861	2.2	2.66666666666667
1	12.7084526941698	2.2	2.66666666666667
1	12.7873871829534	2.2	2.66666666666667
1	12.8663216717371	2.2	2.66666666666667
1	12.9452561605208	2.2	2.66666666666667
1	13.0241906493044	2.2	2.66666666666667
1	13.1031251380881	2.2	2.66666666666667
1	13.1820596268717	2.2	2.66666666666667
1	13.2609941156554	2.2	2.66666666666667
1	13.3399286044391	2.2	2.66666666666667
1	13.4188630932227	2.2	2.66666666666667
1	13.4977975820064	2.2	2.66666666666667
1	13.5767320707901	2.2	2.66666666666667
1	13.6556665595737	2.2	2.66666666666667
1	13.7346010483574	2.2	2.66666666666667
1	13.8135355371411	2.2	2.66666666666667
1	13.8924700259247	2.2	2.66666666666667
1	13.9714045147084	2.2	2.66666666666667
1	14.050339003492	2.2	2.66666666666667
1	14.1292734922757	2.2	2.66666666666667
1	14.2082079810594	2.2	2.66666666666667
1	14.287142469843	2.2	2.66666666666667
1	14.3660769586267	2.2	2.66666666666667
1	14.4450114474104	2.2	2.66666666666667
1	14.523945936194	2.2	2.66666666666667
1	14.6028804249777	2.2	2.66666666666667
1	14.6818149137613	2.2	2.66666666666667
1	14.760749402545	2.2	2.66666666666667
1	14.8396838913287	2.2	2.66666666666667
1	14.9186183801123	2.2	2.66666666666667
1	14.997552868896	2.2	2.66666666666667
1	15.0764873576797	2.2	2.66666666666667
1	15.1554218464633	2.2	2.66666666666667
1	15.234356335247	2.2	2.66666666666667
1	15.3132908240307	2.2	2.66666666666667
1	15.3922253128143	2.2	2.66666666666667
1	15.471159801598	2.2	2.66666666666667
1	15.5500942903816	2.2	2.66666666666667
1	15.6290287791653	2.2	2.66666666666667
1	15.707963267949	2.2	2.66666666666667
1	0	-2.2	3.66666666666667
1	0.0789344887836631	-2.2	3.66666666666667
1	0.157868977567326	-2.2	3.66666666666667
1	0.236803466350989	-2.2	3.66666666666667
1	0.315737955134653	-2.2	3.66666666666667
1	0.394672443918316	-2.2	3.66666666666667
1	0.473606932701979	-2.2	3.66666666666667
1	0.552541421485642	-2.2	3.66666666666667
1	0.631475910269305	-2.2	3.66666666666667
1	0.710410399052968	-2.2	3.66666666666667
1	0.789344887836632	-2.2	3.66666666666667
1	0.868279376620295	-2.2	3.66666666666667
1	0.947213865403958	-2.2	3.66666666666667
1	1.02614835418762	-2.2	3.66666666666667
1	1.10508284297128	-2.2	3.66666666666667
1	1.18401733175495	-2.2	3.66666666666667
1	1.26295182053861	-2.2	3.66666666666667
1	1.34188630932227	-2.2	3.66666666666667
1	1.42082079810594	-2.2	3.66666666666667
1	1.4997552868896	-2.2	3.66666666666667
1	1.57868977567326	-2.2	3.66666666666667
1	1.65762426445693	-2.2	3.66666666666667
1	1.73655875324059	-2.2	3.66666666666667
1	1.81549324202425	-2.2	3.66666666666667
1	1.89442773080792	-2.2	3.66666666666667
1	1.97336221959158	-2.2	3.66666666666667
1	2.05229670837524	-2.2	3.66666666666667
1	2.1312311971589	-2.2	3.66666666666667
1	2.21016568594257	-2.2	3.66666666666667
1	2.28910017472623	-2.2	3.66666666666667
1	2.36803466350989	-2.2	3.66666666666667
1	2.44696915229356	-2.2	3.66666666666667
1	2.52590364107722	-2.2	3.66666666666667
1	2.60483812986088	-2.2	3.66666666666667
1	2.68377261864455	-2.2	3.66666666666667
1	2.76270710742821	-2.2	3.66666666666667
1	2.84164159621187	-2.2	3.66666666666667
1	2.92057608499554	-2.2	3.66666666666667
1	2.9995105737792	-2.2	3.66666666666667
1	3.07844506256286	-2.2	3.66666666666667
1	3.15737955134653	-2.2	3.66666666666667
1	3.23631404013019	-2.2	3.66666666666667
1	3.31524852891385	-2.2	3.66666666666667
1	3.39418301769752	-2.2	3.66666666666667
1	3.47311750648118	-2.2	3.66666666666667
1	3.55205199526484	-2.2	3.66666666666667
1	3.63098648404851	-2.2	3.66666666666667
1	3.70992097283217	-2.2	3.66666666666667
1	3.78885546161583	-2.2	3.66666666666667
1	3.86778995039949	-2.2	3.66666666666667
1	3.94672443918316	-2.2	3.66666666666667
1	4.02565892796682	-2.2	3.66666666666667
1	4.10459341675048	-2.2	3.66666666666667
1	4.18352790553415	-2.2	3.66666666666667
1	4.26246239431781	-2.2	3.66666666666667
1	4.34139688310147	-2.2	3.66666666666667
1	4.42033137188514	-2.2	3.66666666666667
1	4.4992658606688	-2.2	3.66666666666667
1	4.57820034945246	-2.2	3.66666666666667
1	4.65713483823613	-2.2	3.66666666666667
1	4.73606932701979	-2.2	3.66666666666667
1	4.81500381580345	-2.2	3.66666666666667
1	4.89393830458712	-2.2	3.66666666666667
1	4.97287279337078	-2.2	3.66666666666667
1	5.05180728215444	-2.2	3.66666666666667
1	5.1307417709381	-2.2	3.66666666666667
1	5.20967625972177	-2.2	3.66666666666667
1	5.28861074850543	-2.2	3.66666666666667
1	5.36754523728909	-2.2	3.66666666666667
1	5.44647972607276	-2.2	3.66666666666667
1	5.52541421485642	-2.2	3.66666666666667
1	5.60434870364008	-2.2	3.66666666666667
1	5.68328319242375	-2.2	3.66666666666667
1	5.76221768120741	-2.2	3.66666666666667
1	5.84115216999107	-2.2	3.66666666666667
1	5.92008665877474	-2.2	3.66666666666667
1	5.9990211475584	-2.2	3.66666666666667
1	6.07795563634206	-2.2	3.66666666666667
1	6.15689012512573	-2.2	3.66666666666667
1	6.23582461390939	-2.2	3.66666666666667
1	6.31475910269305	-2.2	3.66666666666667
1	6.39369359147672	-2.2	3.66666666666667
1	6.47262808026038	-2.2	3.66666666666667
1	6.55156256904404	-2.2	3.66666666666667
1	6.6304970578277	-2.2	3.66666666666667
1	6.70943154661137	-2.2	3.66666666666667
1	6.78836603539503	-2.2	3.66666666666667
1	6.86730052417869	-2.2	3.66666666666667
1	6.94623501296236	-2.2	3.66666666666667
1	7.02516950174602	-2.2	3.66666666666667
1	7.10410399052968	-2.2	3.66666666666667
1	7.18303847931335	-2.2	3.66666666666667
1	7.26197296809701	-2.2	3.66666666666667
1	7.34090745688067	-2.2	3.66666666666667
1	7.41984194566434	-2.2	3.66666666666667
1	7.498776434448	-2.2	3.66666666666667
1	7.57771092323166	-2.2	3.66666666666667
1	7.65664541201533	-2.2	3.66666666666667
1	7.73557990079899	-2.2	3.66666666666667
1	7.81451438958265	-2.2	3.66666666666667
1	7.89344887836631	-2.2	3.66666666666667
1	7.97238336714998	-2.2	3.66666666666667
1	8.05131785593364	-2.2	3.66666666666667
1	8.1302523447173	-2.2	3.66666666666667
1	8.20918683350097	-2.2	3.66666666666667
1	8.28812132228463	-2.2	3.66666666666667
1	8.36705581106829	-2.2	3.66666666666667
1	8.44599029985196	-2.2	3.66666666666667
1	8.52492478863562	-2.2	3.66666666666667
1	8.60385927741928	-2.2	3.66666666666667
1	8.68279376620295	-2.2	3.66666666666667
1	8.76172825498661	-2.2	3.66666666666667
1	8.84066274377027	-2.2	3.66666666666667
1	8.91959723255394	-2.2	3.66666666666667
1	8.9985317213376	-2.2	3.66666666666667
1	9.07746621012126	-2.2	3.66666666666667
1	9.15640069890492	-2.2	3.66666666666667
1	9.23533518768859	-2.2	3.66666666666667
1	9.31426967647225	-2.2	3.66666666666667
1	9.39320416525591	-2.2	3.66666666666667
1	9.47213865403958	-2.2	3.66666666666667
1	9.55107314282324	-2.2	3.66666666666667
1	9.6300076316069	-2.2	3.66666666666667
1	9.70894212039057	-2.2	3.66666666666667
1	9.78787660917423	-2.2	3.66666666666667
1	9.86681109795789	-2.2	3.66666666666667
1	9.94574558674156	-2.2	3.66666666666667
1	10.0246800755252	-2.2	3.66666666666667
1	10.1036145643089	-2.2	3.66666666666667
1	10.1825490530925	-2.2	3.66666666666667
1	10.2614835418762	-2.2	3.66666666666667
1	10.3404180306599	-2.2	3.66666666666667
1	10.4193525194435	-2.2	3.66666666666667
1	10.4982870082272	-2.2	3.66666666666667
1	10.5772214970109	-2.2	3.66666666666667
1	10.6561559857945	-2.2	3.66666666666667
1	10.7350904745782	-2.2	3.66666666666667
1	10.8140249633619	-2.2	3.66666666666667
1	10.8929594521455	-2.2	3.66666666666667
1	10.9718939409292	-2.2	3.66666666666667
1	11.0508284297128	-2.2	3.66666666666667
1	11.1297629184965	-2.2	3.66666666666667
1	11.2086974072802	-2.2	3.66666666666667
1	11.2876318960638	-2.2	3.66666666666667
1	11.3665663848475	-2.2	3.66666666666667
1	11.4455008736312	-2.2	3.66666666666667
1	11.5244353624148	-2.2	3.66666666666667
1	11.6033698511985	-2.2	3.66666666666667
1	11.6823043399821	-2.2	3.66666666666667
1	11.7612388287658	-2.2	3.66666666666667
1	11.8401733175495	-2.2	3.66666666666667
1	11.9191078063331	-2.2	3.66666666666667
1	11.9980422951168	-2.2	3.66666666666667
1	12.0769767839005	-2.2	3.66666666666667
1	12.1559112726841	-2.2	3.66666666666667
1	12.2348457614678	-2.2	3.66666666666667
1	12.3137802502515	-2.2	3.66666666666667
1	12.3927147390351	-2.2	3.66666666666667
1	12.4716492278188	-2.2	3.66666666666667
1	12.5505837166024	-2.2	3.66666666666667
1	12.6295182053861	-2.2	3.66666666666667
1	12.7084526941698	-2.2	3.66666666666667
1	12.7873871829534	-2.2	3.66666666666667
1	12.8663216717371	-2.2	3.66666666666667
1	12.9452561605208	-2.2	3.66666666666667
1	13.0241906493044	-2.2	3.66666666666667
1	13.1031251380881	-2.2	3.66666666666667
1	13.1820596268717	-2.2	3.66666666666667
1	13.2609941156554	-2.2	3.66666666666667
1	13.3399286044391	-2.2	3.66666666666667
1	13.4188630932227	-2.2	3.66666666666667
1	13.4977975820064	-2.2	3.66666666666667
1	13.5767320707901	-2.2	3.66666666666667
1	13.6556665595737	-2.2	3.66666666666667
1	13.7346010483574	-2.2	3.66666666666667
1	13.8135355371411	-2.2	3.66666666666667
1	13.8924700259247	-2.2	3.66666666666667
1	13.9714045147084	-2.2	3.66666666666667
1	14.050339003492	-2.2	3.66666666666667
1	14.1292734922757	-2.2	3.66666666666667
1	14.2082079810594	-2.2	3.66666666666667
1	14.287142469843	-2.2	3.66666666666667
1	14.3660769586267	-2.2	3.66666666666667
1	14.4450114474104	-2.2	3.66666666666667
1	14.523945936194	-2.2	3.66666666666667
1	14.6028804249777	-2.2	3.66666666666667
1	14.6818149137613	-2.2	3.66666666666667
1	14.760749402545	-2.2	3.66666666666667
1	14.8396838913287	-2.2	3.66666666666667
1	14.9186183801123	-2.2	3.66666666666667
1	14.997552868896	-2.2	3.66666666666667
1	15.0764873576797	-2.2	3.66666666666667
1	15.1554218464633	-2.2	3.66666666666667
1	15.234356335247	-2.2	3.66666666666667
1	15.3132908240307	-2.2	3.66666666666667
1	15.3922253128143	-2.2	3.66666666666667
1	15.471159801598	-2.2	3.66666666666667
1	15.5500942903816	-2.2	3.66666666666667
1	15.6290287791653	-2.2	3.66666666666667
1	15.707963267949	-2.2	3.66666666666667
1	0	2.2	4.66666666666667
1	0.0789344887836631	2.2	4.66666666666667
1	0.157868977567326	2.2	4.66666666666667
1	0.236803466350989	2.2	4.66666666666667
1	0.315737955134653	2.2	4.66666666666667
1	0.394672443918316	2.2	4.66666666666667
1	0.473606932701979	2.2	4.66666666666667
1	0.552541421485642	2.2	4.66666666666667
1	0.631475910269305	2.2	4.66666666666667
1	0.710410399052968	2.2	4.66666666666667
1	0.789344887836632	2.2	4.66666666666667
1	0.868279376620295	2.2	4.66666666666667
1	0.947213865403958	2.2	4.66666666666667
1	1.02614835418762	2.2	4.66666666666667
1	1.10508284297128	2.2	4.66666666666667
1	1.18401733175495	2.2	4.66666666666667
1	1.26295182053861	2.2	4.66666666666667
1	1.34188630932227	2.2	4.66666666666667
1	1.42082079810594	2.2	4.66666666666667
1	1.4997552868896	2.2	4.66666666666667
1	1.57868977567326	2.2	4.66666666666667
1	1.65762426445693	2.2	4.66666666666667
1	1.73655875324059	2.2	4.66666666666667
1	1.81549324202425	2.2	4.66666666666667
1	1.89442773080792	2.2	4.66666666666667
1	1.97336221959158	2.2	4.66666666666667
1	2.05229670837524	2.2	4.66666666666667
1	2.1312311971589	2.2	4.66666666666667
1	2.21016568594257	2.2	4.66666666666667
1	2.28910017472623	2.2	4.66666666666667
1	2.36803466350989	2.2	4.66666666666667
1	2.44696915229356	2.2	4.66666666666667
1	2.52590364107722	2.2	4.66666666666667
1	2.60483812986088	2.2	4.66666666666667
1	2.68377261864455	2.2	4.66666666666667
1	2.76270710742821	2.2	4.66666666666667
1	2.84164159621187	2.2	4.66666666666667
1	2.92057608499554	2.2	4.66666666666667
1	2.9995105737792	2.2	4.66666666666667
1	3.07844506256286	2.2	4.66666666666667
1	3.15737955134653	2.2	4.66666666666667
1	3.23631404013019	2.2	4.66666666666667
1	3.31524852891385	2.2	4.66666666666667
1	3.39418301769752	2.2	4.66666666666667
1	3.47311750648118	2.2	4.66666666666667
1	3.55205199526484	2.2	4.66666666666667
1	3.63098648404851	2.2	4.66666666666667
1	3.70992097283217	2.2	4.66666666666667
1	3.78885546161583	2.2	4.66666666666667
1	3.86778995039949	2.2	4.66666666666667
1	3.94672443918316	2.2	4.66666666666667
1	4.02565892796682	2.2	4.66666666666667
1	4.10459341675048	2.2	4.66666666666667
1	4.18352790553415	2.2	4.66666666666667
1	4.26246239431781	2.2	4.66666666666667
1	4.34139688310147	2.2	4.66666666666667
1	4.42033137188514	2.2	4.66666666666667
1	4.4992658606688	2.2	4.66666666666667
1	4.57820034945246	2.2	4.66666666666667
1	4.65713483823613	2.2	4.66666666666667
1	4.73606932701979	2.2	4.66666666666667
1	4.81500381580345	2.2	4.66666666666667
1	4.89393830458712	2.2	4.66666666666667
1	4.97287279337078	2.2	4.66666666666667
1	5.05180728215444	2.2	4.66666666666667
1	5.1307417709381	2.2	4.66666666666667
1	5.20967625972177	2.2	4.66666666666667
1	5.28861074850543	2.2	4.66666666666667
1	5.36754523728909	2.2	4.66666666666667
1	5.44647972607276	2.2	4.66666666666667
1	5.52541421485642	2.2	4.66666666666667
1	5.60434870364008	2.2	4.66666666666667
1	5.68328319242375	2.2	4.66666666666667
1	5.76221768120741	2.2	4.66666666666667
1	5.84115216999107	2.2	4.66666666666667
1	5.92008665877474	2.2	4.66666666666667
1	5.9990211475584	2.2	4.66666666666667
1	6.07795563634206	2.2	4.66666666666667
1	6.15689012512573	2.2	4.66666666666667
1	6.23582461390939	2.2	4.66666666666667
1	6.31475910269305	2.2	4.66666666666667
1	6.39369359147672	2.2	4.66666666666667
1	6.47262808026038	2.2	4.66666666666667
1	6.55156256904404	2.2	4.66666666666667
1	6.6304970578277	2.2	4.66666666666667
1	6.70943154661137	2.2	4.66666666666667
1	6.78836603539503	2.2	4.66666666666667
1	6.86730052417869	2.2	4.66666666666667
1	6.94623501296236	2.2	4.66666666666667
1	7.02516950174602	2.2	4.66666666666667
1	7.10410399052968	2.2	4.66666666666667
1	7.18303847931335	2.2	4.66666666666667
1	7.26197296809701	2.2	4.66666666666667
1	7.34090745688067	2.2	4.66666666666667
1	7.41984194566434	2.2	4.66666666666667
1	7.498776434448	2.2	4.66666666666667
1	7.57771092323166	2.2	4.66666666666667
1	7.65664541201533	2.2	4.66666666666667
1	7.73557990079899	2.2	4.66666666666667
1	7.81451438958265	2.2	4.66666666666667
1	7.89344887836631	2.2	4.66666666666667
1	7.97238336714998	2.2	4.66666666666667
1	8.05131785593364	2.2	4.66666666666667
1	8.1302523447173	2.2	4.66666666666667
1	8.20918683350097	2.2	4.66666666666667
1	8.28812132228463	2.2	4.66666666666667
1	8.36705581106829	2.2	4.66666666666667
1	8.44599029985196	2.2	4.66666666666667
1	8.52492478863562	2.2	4.66666666666667
1	8.60385927741928	2.2	4.66666666666667
1	8.68279376620295	2.2	4.66666666666667
1	8.76172825498661	2.2	4.66666666666667
1	8.84066274377027	2.2	4.66666666666667
1	8.91959723255394	2.2	4.66666666666667
1	8.9985317213376	2.2	4.66666666666667
1	9.07746621012126	2.2	4.66666666666667
1	9.15640069890492	2.2	4.66666666666667
1	9.23533518768859	2.2	4.66666666666667
1	9.31426967647225	2.2	4.66666666666667
1	9.39320416525591	2.2	4.66666666666667
1	9.47213865403958	2.2	4.66666666666667
1	9.55107314282324	2.2	4.66666666666667
1	9.6300076316069	2.2	4.66666666666667
1	9.70894212039057	2.2	4.66666666666667
1	9.78787660917423	2.2	4.66666666666667
1	9.86681109795789	2.2	4.66666666666667
1	9.94574558674156	2.2	4.66666666666667
1	10.0246800755252	2.2	4.66666666666667
1	10.1036145643089	2.2	4.66666666666667
1	10.1825490530925	2.2	4.66666666666667
1	10.2614835418762	2.2	4.66666666666667
1	10.3404180306599	2.2	4.66666666666667
1	10.4193525194435	2.2	4.66666666666667
1	10.4982870082272	2.2	4.66666666666667
1	10.5772214970109	2.2	4.66666666666667
1	10.6561559857945	2.2	4.66666666666667
1	10.7350904745782	2.2	4.66666666666667
1	10.8140249633619	2.2	4.66666666666667
1	10.8929594521455	2.2	4.66666666666667
1	10.9718939409292	2.2	4.66666666666667
1	11.0508284297128	2.2	4.66666666666667
1	11.1297629184965	2.2	4.66666666666667
1	11.2086974072802	2.2	4.66666666666667
1	11.2876318960638	2.2	4.66666666666667
1	11.3665663848475	2.2	4.66666666666667
1	11.4455008736312	2.2	4.66666666666667
1	11.5244353624148	2.2	4.66666666666667
1	11.6033698511985	2.2	4.66666666666667
1	11.6823043399821	2.2	4.66666666666667
1	11.7612388287658	2.2	4.66666666666667
1	11.8401733175495	2.2	4.66666666666667
1	11.9191078063331	2.2	4.66666666666667
1	11.9980422951168	2.2	4.66666666666667
1	12.0769767839005	2.2	4.66666666666667
1	12.1559112726841	2.2	4.66666666666667
1	12.2348457614678	2.2	4.66666666666667
1	12.3137802502515	2.2	4.66666666666667
1	12.3927147390351	2.2	4.66666666666667
1	12.4716492278188	2.2	4.66666666666667
1	12.5505837166024	2.2	4.66666666666667
1	12.6295182053861	2.2	4.66666666666667
1	12.7084526941698	2.2	4.66666666666667
1	12.7873871829534	2.2	4.66666666666667
1	12.8663216717371	2.2	4.66666666666667
1	12.9452561605208	2.2	4.66666666666667
1	13.0241906493044	2.2	4.66666666666667
1	13.1031251380881	2.2	4.66666666666667
1	13.1820596268717	2.2	4.66666666666667
1	13.2609941156554	2.2	4.66666666666667
1	13.3399286044391	2.2	4.66666666666667
1	13.4188630932227	2.2	4.66666666666667
1	13.4977975820064	2.2	4.66666666666667
1	13.5767320707901	2.2	4.66666666666667
1	13.6556665595737	2.2	4.66666666666667
1	13.7346010483574	2.2	4.66666666666667
1	13.8135355371411	2.2	4.66666666666667
1	13.8924700259247	2.2	4.66666666666667
1	13.9714045147084	2.2	4.66666666666667
1	14.050339003492	2.2	4.66666666666667
1	14.1292734922757	2.2	4.66666666666667
1	14.2082079810594	2.2	4.66666666666667
1	14.287142469843	2.2	4.66666666666667
1	14.3660769586267	2.2	4.66666666666667
1	14.4450114474104	2.2	4.66666666666667
1	14.523945936194	2.2	4.66666666666667
1	14.6028804249777	2.2	4.66666666666667
1	14.6818149137613	2.2	4.66666666666667
1	14.760749402545	2.2	4.66666666666667
1	14.8396838913287	2.2	4.66666666666667
1	14.9186183801123	2.2	4.66666666666667
1	14.997552868896	2.2	4.66666666666667
1	15.0764873576797	2.2	4.66666666666667
1	15.1554218464633	2.2	4.66666666666667
1	15.234356335247	2.2	4.66666666666667
1	15.3132908240307	2.2	4.66666666666667
1	15.3922253128143	2.2	4.66666666666667
1	15.471159801598	2.2	4.66666666666667
1	15.5500942903816	2.2	4.66666666666667
1	15.6290287791653	2.2	4.66666666666667
1	15.707963267949	2.2	4.66666666666667
1	0	2.2	5.66666666666667
1	0.0789344887836631	2.2	5.66666666666667
1	0.157868977567326	2.2	5.66666666666667
1	0.236803466350989	2.2	5.66666666666667
1	0.315737955134653	2.2	5.66666666666667
1	0.394672443918316	2.2	5.66666666666667
1	0.473606932701979	2.2	5.66666666666667
1	0.552541421485642	2.2	5.66666666666667
1	0.631475910269305	2.2	5.66666666666667
1	0.710410399052968	2.2	5.66666666666667
1	0.789344887836632	2.2	5.66666666666667
1	0.868279376620295	2.2	5.66666666666667
1	0.947213865403958	2.2	5.66666666666667
1	1.02614835418762	2.2	5.66666666666667
1	1.10508284297128	2.2	5.66666666666667
1	1.18401733175495	2.2	5.66666666666667
1	1.26295182053861	2.2	5.66666666666667
1	1.34188630932227	2.2	5.66666666666667
1	1.42082079810594	2.2	5.66666666666667
1	1.4997552868896	2.2	5.66666666666667
1	1.57868977567326	2.2	5.66666666666667
1	1.65762426445693	2.2	5.66666666666667
1	1.73655875324059	2.2	5.66666666666667
1	1.81549324202425	2.2	5.66666666666667
1	1.89442773080792	2.2	5.66666666666667
1	1.97336221959158	2.2	5.66666666666667
1	2.05229670837524	2.2	5.66666666666667
1	2.1312311971589	2.2	5.66666666666667
1	2.21016568594257	2.2	5.66666666666667
1	2.28910017472623	2.2	5.66666666666667
1	2.36803466350989	2.2	5.66666666666667
1	2.44696915229356	2.2	5.66666666666667
1	2.52590364107722	2.2	5.66666666666667
1	2.60483812986088	2.2	5.66666666666667
1	2.68377261864455	2.2	5.66666666666667
1	2.76270710742821	2.2	5.66666666666667
1	2.84164159621187	2.2	5.66666666666667
1	2.92057608499554	2.2	5.66666666666667
1	2.9995105737792	2.2	5.66666666666667
1	3.07844506256286	2.2	5.66666666666667
1	3.15737955134653	2.2	5.66666666666667
1	3.23631404013019	2.2	5.66666666666667
1	3.31524852891385	2.2	5.66666666666667
1	3.39418301769752	2.2	5.66666666666667
1	3.47311750648118	2.2	5.66666666666667
1	3.55205199526484	2.2	5.66666666666667
1	3.63098648404851	2.2	5.66666666666667
1	3.70992097283217	2.2	5.66666666666667
1	3.78885546161583	2.2	5.66666666666667
1	3.86778995039949	2.2	5.66666666666667
1	3.94672443918316	2.2	5.66666666666667
1	4.02565892796682	2.2	5.66666666666667
1	4.10459341675048	2.2	5.66666666666667
1	4.18352790553415	2.2	5.66666666666667
1	4.26246239431781	2.2	5.66666666666667
1	4.34139688310147	2.2	5.66666666666667
1	4.42033137188514	2.2	5.66666666666667
1	4.4992658606688	2.2	5.66666666666667
1	4.57820034945246	2.2	5.66666666666667
1	4.65713483823613	2.2	5.66666666666667
1	4.73606932701979	2.2	5.66666666666667
1	4.81500381580345	2.2	5.66666666666667
1	4.89393830458712	2.2	5.66666666666667
1	4.97287279337078	2.2	5.66666666666667
1	5.05180728215444	2.2	5.66666666666667
1	5.1307417709381	2.2	5.66666666666667
1	5.20967625972177	2.2	5.66666666666667
1	5.28861074850543	2.2	5.66666666666667
1	5.36754523728909	2.2	5.66666666666667
1	5.44647972607276	2.2	5.66666666666667
1	5.52541421485642	2.2	5.66666666666667
1	5.60434870364008	2.2	5.66666666666667
1	5.68328319242375	2.2	5.66666666666667
1	5.76221768120741	2.2	5.66666666666667
1	5.84115216999107	2.2	5.66666666666667
1	5.92008665877474	2.2	5.66666666666667
1	5.9990211475584	2.2	5.66666666666667
1	6.07795563634206	2.2	5.66666666666667
1	6.15689012512573	2.2	5.66666666666667
1	6.23582461390939	2.2	5.66666666666667
1	6.31475910269305	2.2	5.66666666666667
1	6.39369359147672	2.2	5.66666666666667
1	6.47262808026038	2.2	5.66666666666667
1	6.55156256904404	2.2	5.66666666666667
1	6.6304970578277	2.2	5.66666666666667
1	6.70943154661137	2.2	5.66666666666667
1	6.78836603539503	2.2	5.66666666666667
1	6.86730052417869	2.2	5.66666666666667
1	6.94623501296236	2.2	5.66666666666667
1	7.02516950174602	2.2	5.66666666666667
1	7.10410399052968	2.2	5.66666666666667
1	7.18303847931335	2.2	5.66666666666667
1	7.26197296809701	2.2	5.66666666666667
1	7.34090745688067	2.2	5.66666666666667
1	7.41984194566434	2.2	5.66666666666667
1	7.498776434448	2.2	5.66666666666667
1	7.57771092323166	2.2	5.66666666666667
1	7.65664541201533	2.2	5.66666666666667
1	7.73557990079899	2.2	5.66666666666667
1	7.81451438958265	2.2	5.66666666666667
1	7.89344887836631	2.2	5.66666666666667
1	7.97238336714998	2.2	5.66666666666667
1	8.05131785593364	2.2	5.66666666666667
1	8.1302523447173	2.2	5.66666666666667
1	8.20918683350097	2.2	5.66666666666667
1	8.28812132228463	2.2	5.66666666666667
1	8.36705581106829	2.2	5.66666666666667
1	8.44599029985196	2.2	5.66666666666667
1	8.52492478863562	2.2	5.66666666666667
1	8.60385927741928	2.2	5.66666666666667
1	8.68279376620295	2.2	5.66666666666667
1	8.76172825498661	2.2	5.66666666666667
1	8.84066274377027	2.2	5.66666666666667
1	8.91959723255394	2.2	5.66666666666667
1	8.9985317213376	2.2	5.66666666666667
1	9.07746621012126	2.2	5.66666666666667
1	9.15640069890492	2.2	5.66666666666667
1	9.23533518768859	2.2	5.66666666666667
1	9.31426967647225	2.2	5.66666666666667
1	9.39320416525591	2.2	5.66666666666667
1	9.47213865403958	2.2	5.66666666666667
1	9.55107314282324	2.2	5.66666666666667
1	9.6300076316069	2.2	5.66666666666667
1	9.70894212039057	2.2	5.66666666666667
1	9.78787660917423	2.2	5.66666666666667
1	9.86681109795789	2.2	5.66666666666667
1	9.94574558674156	2.2	5.66666666666667
1	10.0246800755252	2.2	5.66666666666667
1	10.1036145643089	2.2	5.66666666666667
1	10.1825490530925	2.2	5.66666666666667
1	10.2614835418762	2.2	5.66666666666667
1	10.3404180306599	2.2	5.66666666666667
1	10.4193525194435	2.2	5.66666666666667
1	10.4982870082272	2.2	5.66666666666667
1	10.5772214970109	2.2	5.66666666666667
1	10.6561559857945	2.2	5.66666666666667
1	10.7350904745782	2.2	5.66666666666667
1	10.8140249633619	2.2	5.66666666666667
1	10.8929594521455	2.2	5.66666666666667
1	10.9718939409292	2.2	5.66666666666667
1	11.0508284297128	2.2	5.66666666666667
1	11.1297629184965	2.2	5.66666666666667
1	11.2086974072802	2.2	5.66666666666667
1	11.2876318960638	2.2	5.66666666666667
1	11.3665663848475	2.2	5.66666666666667
1	11.4455008736312	2.2	5.66666666666667
1	11.5244353624148	2.2	5.66666666666667
1	11.6033698511985	2.2	5.66666666666667
1	11.6823043399821	2.2	5.66666666666667
1	11.7612388287658	2.2	5.66666666666667
1	11.8401733175495	2.2	5.66666666666667
1	11.9191078063331	2.2	5.66666666666667
1	11.9980422951168	2.2	5.66666666666667
1	12.0769767839005	2.2	5.66666666666667
1	12.1559112726841	2.2	5.66666666666667
1	12.2348457614678	2.2	5.66666666666667
1	12.3137802502515	2.2	5.66666666666667
1	12.3927147390351	2.2	5.66666666666667
1	12.4716492278188	2.2	5.66666666666667
1	12.5505837166024	2.2	5.66666666666667
1	12.6295182053861	2.2	5.66666666666667
1	12.7084526941698	2.2	5.66666666666667
1	12.7873871829534	2.2	5.66666666666667
1	12.8663216717371	2.2	5.66666666666667
1	12.9452561605208	2.2	5.66666666666667
1	13.0241906493044	2.2	5.66666666666667
1	13.1031251380881	2.2	5.66666666666667
1	13.1820596268717	2.2	5.66666666666667
1	13.2609941156554	2.2	5.66666666666667
1	13.3399286044391	2.2	5.66666666666667
1	13.4188630932227	2.2	5.66666666666667
1	13.4977975820064	2.2	5.66666666666667
1	13.5767320707901	2.2	5.66666666666667
1	13.6556665595737	2.2	5.66666666666667
1	13.7346010483574	2.2	5.66666666666667
1	13.8135355371411	2.2	5.66666666666667
1	13.8924700259247	2.2	5.66666666666667
1	13.9714045147084	2.2	5.66666666666667
1	14.050339003492	2.2	5.66666666666667
1	14.1292734922757	2.2	5.66666666666667
1	14.2082079810594	2.2	5.66666666666667
1	14.287142469843	2.2	5.66666666666667
1	14.3660769586267	2.2	5.66666666666667
1	14.4450114474104	2.2	5.66666666666667
1	14.523945936194	2.2	5.66666666666667
1	14.6028804249777	2.2	5.66666666666667
1	14.6818149137613	2.2	5.66666666666667
1	14.760749402545	2.2	5.66666666666667
1	14.8396838913287	2.2	5.66666666666667
1	14.9186183801123	2.2	5.66666666666667
1	14.997552868896	2.2	5.66666666666667
1	15.0764873576797	2.2	5.66666666666667
1	15.1554218464633	2.2	5.66666666666667
1	15.234356335247	2.2	5.66666666666667
1	15.3132908240307	2.2	5.66666666666667
1	15.3922253128143	2.2	5.66666666666667
1	15.471159801598	2.2	5.66666666666667
1	15.5500942903816	2.2	5.66666666666667
1	15.6290287791653	2.2	5.66666666666667
1	15.707963267949	2.2	5.66666666666667
1	0	2.2	6.66666666666667
1	0.0789344887836631	2.2	6.66666666666667
1	0.157868977567326	2.2	6.66666666666667
1	0.236803466350989	2.2	6.66666666666667
1	0.315737955134653	2.2	6.66666666666667
1	0.394672443918316	2.2	6.66666666666667
1	0.473606932701979	2.2	6.66666666666667
1	0.552541421485642	2.2	6.66666666666667
1	0.631475910269305	2.2	6.66666666666667
1	0.710410399052968	2.2	6.66666666666667
1	0.789344887836632	2.2	6.66666666666667
1	0.868279376620295	2.2	6.66666666666667
1	0.947213865403958	2.2	6.66666666666667
1	1.02614835418762	2.2	6.66666666666667
1	1.10508284297128	2.2	6.66666666666667
1	1.18401733175495	2.2	6.66666666666667
1	1.26295182053861	2.2	6.66666666666667
1	1.34188630932227	2.2	6.66666666666667
1	1.42082079810594	2.2	6.66666666666667
1	1.4997552868896	2.2	6.66666666666667
1	1.57868977567326	2.2	6.66666666666667
1	1.65762426445693	2.2	6.66666666666667
1	1.73655875324059	2.2	6.66666666666667
1	1.81549324202425	2.2	6.66666666666667
1	1.89442773080792	2.2	6.66666666666667
1	1.97336221959158	2.2	6.66666666666667
1	2.05229670837524	2.2	6.66666666666667
1	2.1312311971589	2.2	6.66666666666667
1	2.21016568594257	2.2	6.66666666666667
1	2.28910017472623	2.2	6.66666666666667
1	2.36803466350989	2.2	6.66666666666667
1	2.44696915229356	2.2	6.66666666666667
1	2.52590364107722	2.2	6.66666666666667
1	2.60483812986088	2.2	6.66666666666667
1	2.68377261864455	2.2	6.66666666666667
1	2.76270710742821	2.2	6.66666666666667
1	2.84164159621187	2.2	6.66666666666667
1	2.92057608499554	2.2	6.66666666666667
1	2.9995105737792	2.2	6.66666666666667
1	3.07844506256286	2.2	6.66666666666667
1	3.15737955134653	2.2	6.66666666666667
1	3.23631404013019	2.2	6.66666666666667
1	3.31524852891385	2.2	6.66666666666667
1	3.39418301769752	2.2	6.66666666666667
1	3.47311750648118	2.2	6.66666666666667
1	3.55205199526484	2.2	6.66666666666667
1	3.63098648404851	2.2	6.66666666666667
1	3.70992097283217	2.2	6.66666666666667
1	3.78885546161583	2.2	6.66666666666667
1	3.86778995039949	2.2	6.66666666666667
1	3.94672443918316	2.2	6.66666666666667
1	4.02565892796682	2.2	6.66666666666667
1	4.10459341675048	2.2	6.66666666666667
1	4.18352790553415	2.2	6.66666666666667
1	4.26246239431781	2.2	6.66666666666667
1	4.34139688310147	2.2	6.66666666666667
1	4.42033137188514	2.2	6.66666666666667
1	4.4992658606688	2.2	6.66666666666667
1	4.57820034945246	2.2	6.66666666666667
1	4.65713483823613	2.2	6.66666666666667
1	4.73606932701979	2.2	6.66666666666667
1	4.81500381580345	2.2	6.66666666666667
1	4.89393830458712	2.2	6.66666666666667
1	4.97287279337078	2.2	6.66666666666667
1	5.05180728215444	2.2	6.66666666666667
1	5.1307417709381	2.2	6.66666666666667
1	5.20967625972177	2.2	6.66666666666667
1	5.28861074850543	2.2	6.66666666666667
1	5.36754523728909	2.2	6.66666666666667
1	5.44647972607276	2.2	6.66666666666667
1	5.52541421485642	2.2	6.66666666666667
1	5.60434870364008	2.2	6.66666666666667
1	5.68328319242375	2.2	6.66666666666667
1	5.76221768120741	2.2	6.66666666666667
1	5.84115216999107	2.2	6.66666666666667
1	5.92008665877474	2.2	6.66666666666667
1	5.9990211475584	2.2	6.66666666666667
1	6.07795563634206	2.2	6.66666666666667
1	6.15689012512573	2.2	6.66666666666667
1	6.23582461390939	2.2	6.66666666666667
1	6.31475910269305	2.2	6.66666666666667
1	6.39369359147672	2.2	6.66666666666667
1	6.47262808026038	2.2	6.66666666666667
1	6.55156256904404	2.2	6.66666666666667
1	6.6304970578277	2.2	6.66666666666667
1	6.70943154661137	2.2	6.66666666666667
1	6.78836603539503	2.2	6.66666666666667
1	6.86730052417869	2.2	6.66666666666667
1	6.94623501296236	2.2	6.66666666666667
1	7.02516950174602	2.2	6.66666666666667
1	7.10410399052968	2.2	6.66666666666667
1	7.18303847931335	2.2	6.66666666666667
1	7.26197296809701	2.2	6.66666666666667
1	7.34090745688067	2.2	6.66666666666667
1	7.41984194566434	2.2	6.66666666666667
1	7.498776434448	2.2	6.66666666666667
1	7.57771092323166	2.2	6.66666666666667
1	7.65664541201533	2.2	6.66666666666667
1	7.73557990079899	2.2	6.66666666666667
1	7.81451438958265	2.2	6.66666666666667
1	7.89344887836631	2.2	6.66666666666667
1	7.97238336714998	2.2	6.66666666666667
1	8.05131785593364	2.2	6.66666666666667
1	8.1302523447173	2.2	6.66666666666667
1	8.20918683350097	2.2	6.66666666666667
1	8.28812132228463	2.2	6.66666666666667
1	8.36705581106829	2.2	6.66666666666667
1	8.44599029985196	2.2	6.66666666666667
1	8.52492478863562	2.2	6.66666666666667
1	8.60385927741928	2.2	6.66666666666667
1	8.68279376620295	2.2	6.66666666666667
1	8.76172825498661	2.2	6.66666666666667
1	8.84066274377027	2.2	6.66666666666667
1	8.91959723255394	2.2	6.66666666666667
1	8.9985317213376	2.2	6.66666666666667
1	9.07746621012126	2.2	6.66666666666667
1	9.15640069890492	2.2	6.66666666666667
1	9.23533518768859	2.2	6.66666666666667
1	9.31426967647225	2.2	6.66666666666667
1	9.39320416525591	2.2	6.66666666666667
1	9.47213865403958	2.2	6.66666666666667
1	9.55107314282324	2.2	6.66666666666667
1	9.6300076316069	2.2	6.66666666666667
1	9.70894212039057	2.2	6.66666666666667
1	9.78787660917423	2.2	6.66666666666667
1	9.86681109795789	2.2	6.66666666666667
1	9.94574558674156	2.2	6.66666666666667
1	10.0246800755252	2.2	6.66666666666667
1	10.1036145643089	2.2	6.66666666666667
1	10.1825490530925	2.2	6.66666666666667
1	10.2614835418762	2.2	6.66666666666667
1	10.3404180306599	2.2	6.66666666666667
1	10.4193525194435	2.2	6.66666666666667
1	10.4982870082272	2.2	6.66666666666667
1	10.5772214970109	2.2	6.66666666666667
1	10.6561559857945	2.2	6.66666666666667
1	10.7350904745782	2.2	6.66666666666667
1	10.8140249633619	2.2	6.66666666666667
1	10.8929594521455	2.2	6.66666666666667
1	10.9718939409292	2.2	6.66666666666667
1	11.0508284297128	2.2	6.66666666666667
1	11.1297629184965	2.2	6.66666666666667
1	11.2086974072802	2.2	6.66666666666667
1	11.2876318960638	2.2	6.66666666666667
1	11.3665663848475	2.2	6.66666666666667
1	11.4455008736312	2.2	6.66666666666667
1	11.5244353624148	2.2	6.66666666666667
1	11.6033698511985	2.2	6.66666666666667
1	11.6823043399821	2.2	6.66666666666667
1	11.7612388287658	2.2	6.66666666666667
1	11.8401733175495	2.2	6.66666666666667
1	11.9191078063331	2.2	6.66666666666667
1	11.9980422951168	2.2	6.66666666666667
1	12.0769767839005	2.2	6.66666666666667
1	12.1559112726841	2.2	6.66666666666667
1	12.2348457614678	2.2	6.66666666666667
1	12.3137802502515	2.2	6.66666666666667
1	12.3927147390351	2.2	6.66666666666667
1	12.4716492278188	2.2	6.66666666666667
1	12.5505837166024	2.2	6.66666666666667
1	12.6295182053861	2.2	6.66666666666667
1	12.7084526941698	2.2	6.66666666666667
1	12.7873871829534	2.2	6.66666666666667
1	12.8663216717371	2.2	6.66666666666667
1	12.9452561605208	2.2	6.66666666666667
1	13.0241906493044	2.2	6.66666666666667
1	13.1031251380881	2.2	6.66666666666667
1	13.1820596268717	2.2	6.66666666666667
1	13.2609941156554	2.2	6.66666666666667
1	13.3399286044391	2.2	6.66666666666667
1	13.4188630932227	2.2	6.66666666666667
1	13.4977975820064	2.2	6.66666666666667
1	13.5767320707901	2.2	6.66666666666667
1	13.6556665595737	2.2	6.66666666666667
1	13.7346010483574	2.2	6.66666666666667
1	13.8135355371411	2.2	6.66666666666667
1	13.8924700259247	2.2	6.66666666666667
1	13.9714045147084	2.2	6.66666666666667
1	14.050339003492	2.2	6.66666666666667
1	14.1292734922757	2.2	6.66666666666667
1	14.2082079810594	2.2	6.66666666666667
1	14.287142469843	2.2	6.66666666666667
1	14.3660769586267	2.2	6.66666666666667
1	14.4450114474104	2.2	6.66666666666667
1	14.523945936194	2.2	6.66666666666667
1	14.6028804249777	2.2	6.66666666666667
1	14.6818149137613	2.2	6.66666666666667
1	14.760749402545	2.2	6.66666666666667
1	14.8396838913287	2.2	6.66666666666667
1	14.9186183801123	2.2	6.66666666666667
1	14.997552868896	2.2	6.66666666666667
1	15.0764873576797	2.2	6.66666666666667
1	15.1554218464633	2.2	6.66666666666667
1	15.234356335247	2.2	6.66666666666667
1	15.3132908240307	2.2	6.66666666666667
1	15.3922253128143	2.2	6.66666666666667
1	15.471159801598	2.2	6.66666666666667
1	15.5500942903816	2.2	6.66666666666667
1	15.6290287791653	2.2	6.66666666666667
1	15.707963267949	2.2	6.66666666666667
1	0	2.2	7.66666666666667
1	0.0789344887836631	2.2	7.66666666666667
1	0.157868977567326	2.2	7.66666666666667
1	0.236803466350989	2.2	7.66666666666667
1	0.315737955134653	2.2	7.66666666666667
1	0.394672443918316	2.2	7.66666666666667
1	0.473606932701979	2.2	7.66666666666667
1	0.552541421485642	2.2	7.66666666666667
1	0.631475910269305	2.2	7.66666666666667
1	0.710410399052968	2.2	7.66666666666667
1	0.789344887836632	2.2	7.66666666666667
1	0.868279376620295	2.2	7.66666666666667
1	0.947213865403958	2.2	7.66666666666667
1	1.02614835418762	2.2	7.66666666666667
1	1.10508284297128	2.2	7.66666666666667
1	1.18401733175495	2.2	7.66666666666667
1	1.26295182053861	2.2	7.66666666666667
1	1.34188630932227	2.2	7.66666666666667
1	1.42082079810594	2.2	7.66666666666667
1	1.4997552868896	2.2	7.66666666666667
1	1.57868977567326	2.2	7.66666666666667
1	1.65762426445693	2.2	7.66666666666667
1	1.73655875324059	2.2	7.66666666666667
1	1.81549324202425	2.2	7.66666666666667
1	1.89442773080792	2.2	7.66666666666667
1	1.97336221959158	2.2	7.66666666666667
1	2.05229670837524	2.2	7.66666666666667
1	2.1312311971589	2.2	7.66666666666667
1	2.21016568594257	2.2	7.66666666666667
1	2.28910017472623	2.2	7.66666666666667
1	2.36803466350989	2.2	7.66666666666667
1	2.44696915229356	2.2	7.66666666666667
1	2.52590364107722	2.2	7.66666666666667
1	2.60483812986088	2.2	7.66666666666667
1	2.68377261864455	2.2	7.66666666666667
1	2.76270710742821	2.2	7.66666666666667
1	2.84164159621187	2.2	7.66666666666667
1	2.92057608499554	2.2	7.66666666666667
1	2.9995105737792	2.2	7.66666666666667
1	3.07844506256286	2.2	7.66666666666667
1	3.15737955134653	2.2	7.66666666666667
1	3.23631404013019	2.2	7.66666666666667
1	3.31524852891385	2.2	7.66666666666667
1	3.39418301769752	2.2	7.66666666666667
1	3.47311750648118	2.2	7.66666666666667
1	3.55205199526484	2.2	7.66666666666667
1	3.63098648404851	2.2	7.66666666666667
1	3.70992097283217	2.2	7.66666666666667
1	3.78885546161583	2.2	7.66666666666667
1	3.86778995039949	2.2	7.66666666666667
1	3.94672443918316	2.2	7.66666666666667
1	4.02565892796682	2.2	7.66666666666667
1	4.10459341675048	2.2	7.66666666666667
1	4.18352790553415	2.2	7.66666666666667
1	4.26246239431781	2.2	7.66666666666667
1	4.34139688310147	2.2	7.66666666666667
1	4.42033137188514	2.2	7.66666666666667
1	4.4992658606688	2.2	7.66666666666667
1	4.57820034945246	2.2	7.66666666666667
1	4.65713483823613	2.2	7.66666666666667
1	4.73606932701979	2.2	7.66666666666667
1	4.81500381580345	2.2	7.66666666666667
1	4.89393830458712	2.2	7.66666666666667
1	4.97287279337078	2.2	7.66666666666667
1	5.05180728215444	2.2	7.66666666666667
1	5.1307417709381	2.2	7.66666666666667
1	5.20967625972177	2.2	7.66666666666667
1	5.28861074850543	2.2	7.66666666666667
1	5.36754523728909	2.2	7.66666666666667
1	5.44647972607276	2.2	7.66666666666667
1	5.52541421485642	2.2	7.66666666666667
1	5.60434870364008	2.2	7.66666666666667
1	5.68328319242375	2.2	7.66666666666667
1	5.76221768120741	2.2	7.66666666666667
1	5.84115216999107	2.2	7.66666666666667
1	5.92008665877474	2.2	7.66666666666667
1	5.9990211475584	2.2	7.66666666666667
1	6.07795563634206	2.2	7.66666666666667
1	6.15689012512573	2.2	7.66666666666667
1	6.23582461390939	2.2	7.66666666666667
1	6.31475910269305	2.2	7.66666666666667
1	6.39369359147672	2.2	7.66666666666667
1	6.47262808026038	2.2	7.66666666666667
1	6.55156256904404	2.2	7.66666666666667
1	6.6304970578277	2.2	7.66666666666667
1	6.70943154661137	2.2	7.66666666666667
1	6.78836603539503	2.2	7.66666666666667
1	6.86730052417869	2.2	7.66666666666667
1	6.94623501296236	2.2	7.66666666666667
1	7.02516950174602	2.2	7.66666666666667
1	7.10410399052968	2.2	7.66666666666667
1	7.18303847931335	2.2	7.66666666666667
1	7.26197296809701	2.2	7.66666666666667
1	7.34090745688067	2.2	7.66666666666667
1	7.41984194566434	2.2	7.66666666666667
1	7.498776434448	2.2	7.66666666666667
1	7.57771092323166	2.2	7.66666666666667
1	7.65664541201533	2.2	7.66666666666667
1	7.73557990079899	2.2	7.66666666666667
1	7.81451438958265	2.2	7.66666666666667
1	7.89344887836631	2.2	7.66666666666667
1	7.97238336714998	2.2	7.66666666666667
1	8.05131785593364	2.2	7.66666666666667
1	8.1302523447173	2.2	7.66666666666667
1	8.20918683350097	2.2	7.66666666666667
1	8.28812132228463	2.2	7.66666666666667
1	8.36705581106829	2.2	7.66666666666667
1	8.44599029985196	2.2	7.66666666666667
1	8.52492478863562	2.2	7.66666666666667
1	8.60385927741928	2.2	7.66666666666667
1	8.68279376620295	2.2	7.66666666666667
1	8.76172825498661	2.2	7.66666666666667
1	8.84066274377027	2.2	7.66666666666667
1	8.91959723255394	2.2	7.66666666666667
1	8.9985317213376	2.2	7.66666666666667
1	9.07746621012126	2.2	7.66666666666667
1	9.15640069890492	2.2	7.66666666666667
1	9.23533518768859	2.2	7.66666666666667
1	9.31426967647225	2.2	7.66666666666667
1	9.39320416525591	2.2	7.66666666666667
1	9.47213865403958	2.2	7.66666666666667
1	9.55107314282324	2.2	7.66666666666667
1	9.6300076316069	2.2	7.66666666666667
1	9.70894212039057	2.2	7.66666666666667
1	9.78787660917423	2.2	7.66666666666667
1	9.86681109795789	2.2	7.66666666666667
1	9.94574558674156	2.2	7.66666666666667
1	10.0246800755252	2.2	7.66666666666667
1	10.1036145643089	2.2	7.66666666666667
1	10.1825490530925	2.2	7.66666666666667
1	10.2614835418762	2.2	7.66666666666667
1	10.3404180306599	2.2	7.66666666666667
1	10.4193525194435	2.2	7.66666666666667
1	10.4982870082272	2.2	7.66666666666667
1	10.5772214970109	2.2	7.66666666666667
1	10.6561559857945	2.2	7.66666666666667
1	10.7350904745782	2.2	7.66666666666667
1	10.8140249633619	2.2	7.66666666666667
1	10.8929594521455	2.2	7.66666666666667
1	10.9718939409292	2.2	7.66666666666667
1	11.0508284297128	2.2	7.66666666666667
1	11.1297629184965	2.2	7.66666666666667
1	11.2086974072802	2.2	7.66666666666667
1	11.2876318960638	2.2	7.66666666666667
1	11.3665663848475	2.2	7.66666666666667
1	11.4455008736312	2.2	7.66666666666667
1	11.5244353624148	2.2	7.66666666666667
1	11.6033698511985	2.2	7.66666666666667
1	11.6823043399821	2.2	7.66666666666667
1	11.7612388287658	2.2	7.66666666666667
1	11.8401733175495	2.2	7.66666666666667
1	11.9191078063331	2.2	7.66666666666667
1	11.9980422951168	2.2	7.66666666666667
1	12.0769767839005	2.2	7.66666666666667
1	12.1559112726841	2.2	7.66666666666667
1	12.2348457614678	2.2	7.66666666666667
1	12.3137802502515	2.2	7.66666666666667
1	12.3927147390351	2.2	7.66666666666667
1	12.4716492278188	2.2	7.66666666666667
1	12.5505837166024	2.2	7.66666666666667
1	12.6295182053861	2.2	7.66666666666667
1	12.7084526941698	2.2	7.66666666666667
1	12.7873871829534	2.2	7.66666666666667
1	12.8663216717371	2.2	7.66666666666667
1	12.9452561605208	2.2	7.66666666666667
1	13.0241906493044	2.2	7.66666666666667
1	13.1031251380881	2.2	7.66666666666667
1	13.1820596268717	2.2	7.66666666666667
1	13.2609941156554	2.2	7.66666666666667
1	13.3399286044391	2.2	7.66666666666667
1	13.4188630932227	2.2	7.66666666666667
1	13.4977975820064	2.2	7.66666666666667
1	13.5767320707901	2.2	7.66666666666667
1	13.6556665595737	2.2	7.66666666666667
1	13.7346010483574	2.2	7.66666666666667
1	13.8135355371411	2.2	7.66666666666667
1	13.8924700259247	2.2	7.66666666666667
1	13.9714045147084	2.2	7.66666666666667
1	14.050339003492	2.2	7.66666666666667
1	14.1292734922757	2.2	7.66666666666667
1	14.2082079810594	2.2	7.66666666666667
1	14.287142469843	2.2	7.66666666666667
1	14.3660769586267	2.2	7.66666666666667
1	14.4450114474104	2.2	7.66666666666667
1	14.523945936194	2.2	7.66666666666667
1	14.6028804249777	2.2	7.66666666666667
1	14.6818149137613	2.2	7.66666666666667
1	14.760749402545	2.2	7.66666666666667
1	14.8396838913287	2.2	7.66666666666667
1	14.9186183801123	2.2	7.66666666666667
1	14.997552868896	2.2	7.66666666666667
1	15.0764873576797	2.2	7.66666666666667
1	15.1554218464633	2.2	7.66666666666667
1	15.234356335247	2.2	7.66666666666667
1	15.3132908240307	2.2	7.66666666666667
1	15.3922253128143	2.2	7.66666666666667
1	15.471159801598	2.2	7.66666666666667
1	15.5500942903816	2.2	7.66666666666667
1	15.6290287791653	2.2	7.66666666666667
1	15.707963267949	2.2	7.66666666666667
1	0	2.2	8.66666666666667
1	0.0789344887836631	2.2	8.66666666666667
1	0.157868977567326	2.2	8.66666666666667
1	0.236803466350989	2.2	8.66666666666667
1	0.315737955134653	2.2	8.66666666666667
1	0.394672443918316	2.2	8.66666666666667
1	0.473606932701979	2.2	8.66666666666667
1	0.552541421485642	2.2	8.66666666666667
1	0.631475910269305	2.2	8.66666666666667
1	0.710410399052968	2.2	8.66666666666667
1	0.789344887836632	2.2	8.66666666666667
1	0.868279376620295	2.2	8.66666666666667
1	0.947213865403958	2.2	8.66666666666667
1	1.02614835418762	2.2	8.66666666666667
1	1.10508284297128	2.2	8.66666666666667
1	1.18401733175495	2.2	8.66666666666667
1	1.26295182053861	2.2	8.66666666666667
1	1.34188630932227	2.2	8.66666666666667
1	1.42082079810594	2.2	8.66666666666667
1	1.4997552868896	2.2	8.66666666666667
1	1.57868977567326	2.2	8.66666666666667
1	1.65762426445693	2.2	8.66666666666667
1	1.73655875324059	2.2	8.66666666666667
1	1.81549324202425	2.2	8.66666666666667
1	1.89442773080792	2.2	8.66666666666667
1	1.97336221959158	2.2	8.66666666666667
1	2.05229670837524	2.2	8.66666666666667
1	2.1312311971589	2.2	8.66666666666667
1	2.21016568594257	2.2	8.66666666666667
1	2.28910017472623	2.2	8.66666666666667
1	2.36803466350989	2.2	8.66666666666667
1	2.44696915229356	2.2	8.66666666666667
1	2.52590364107722	2.2	8.66666666666667
1	2.60483812986088	2.2	8.66666666666667
1	2.68377261864455	2.2	8.66666666666667
1	2.76270710742821	2.2	8.66666666666667
1	2.84164159621187	2.2	8.66666666666667
1	2.92057608499554	2.2	8.66666666666667
1	2.9995105737792	2.2	8.66666666666667
1	3.07844506256286	2.2	8.66666666666667
1	3.15737955134653	2.2	8.66666666666667
1	3.23631404013019	2.2	8.66666666666667
1	3.31524852891385	2.2	8.66666666666667
1	3.39418301769752	2.2	8.66666666666667
1	3.47311750648118	2.2	8.66666666666667
1	3.55205199526484	2.2	8.66666666666667
1	3.63098648404851	2.2	8.66666666666667
1	3.70992097283217	2.2	8.66666666666667
1	3.78885546161583	2.2	8.66666666666667
1	3.86778995039949	2.2	8.66666666666667
1	3.94672443918316	2.2	8.66666666666667
1	4.02565892796682	2.2	8.66666666666667
1	4.10459341675048	2.2	8.66666666666667
1	4.18352790553415	2.2	8.66666666666667
1	4.26246239431781	2.2	8.66666666666667
1	4.34139688310147	2.2	8.66666666666667
1	4.42033137188514	2.2	8.66666666666667
1	4.4992658606688	2.2	8.66666666666667
1	4.57820034945246	2.2	8.66666666666667
1	4.65713483823613	2.2	8.66666666666667
1	4.73606932701979	2.2	8.66666666666667
1	4.81500381580345	2.2	8.66666666666667
1	4.89393830458712	2.2	8.66666666666667
1	4.97287279337078	2.2	8.66666666666667
1	5.05180728215444	2.2	8.66666666666667
1	5.1307417709381	2.2	8.66666666666667
1	5.20967625972177	2.2	8.66666666666667
1	5.28861074850543	2.2	8.66666666666667
1	5.36754523728909	2.2	8.66666666666667
1	5.44647972607276	2.2	8.66666666666667
1	5.52541421485642	2.2	8.66666666666667
1	5.60434870364008	2.2	8.66666666666667
1	5.68328319242375	2.2	8.66666666666667
1	5.76221768120741	2.2	8.66666666666667
1	5.84115216999107	2.2	8.66666666666667
1	5.92008665877474	2.2	8.66666666666667
1	5.9990211475584	2.2	8.66666666666667
1	6.07795563634206	2.2	8.66666666666667
1	6.15689012512573	2.2	8.66666666666667
1	6.23582461390939	2.2	8.66666666666667
1	6.31475910269305	2.2	8.66666666666667
1	6.39369359147672	2.2	8.66666666666667
1	6.47262808026038	2.2	8.66666666666667
1	6.55156256904404	2.2	8.66666666666667
1	6.6304970578277	2.2	8.66666666666667
1	6.70943154661137	2.2	8.66666666666667
1	6.78836603539503	2.2	8.66666666666667
1	6.86730052417869	2.2	8.66666666666667
1	6.94623501296236	2.2	8.66666666666667
1	7.02516950174602	2.2	8.66666666666667
1	7.10410399052968	2.2	8.66666666666667
1	7.18303847931335	2.2	8.66666666666667
1	7.26197296809701	2.2	8.66666666666667
1	7.34090745688067	2.2	8.66666666666667
1	7.41984194566434	2.2	8.66666666666667
1	7.498776434448	2.2	8.66666666666667
1	7.57771092323166	2.2	8.66666666666667
1	7.65664541201533	2.2	8.66666666666667
1	7.73557990079899	2.2	8.66666666666667
1	7.81451438958265	2.2	8.66666666666667
1	7.89344887836631	2.2	8.66666666666667
1	7.97238336714998	2.2	8.66666666666667
1	8.05131785593364	2.2	8.66666666666667
1	8.1302523447173	2.2	8.66666666666667
1	8.20918683350097	2.2	8.66666666666667
1	8.28812132228463	2.2	8.66666666666667
1	8.36705581106829	2.2	8.66666666666667
1	8.44599029985196	2.2	8.66666666666667
1	8.52492478863562	2.2	8.66666666666667
1	8.60385927741928	2.2	8.66666666666667
1	8.68279376620295	2.2	8.66666666666667
1	8.76172825498661	2.2	8.66666666666667
1	8.84066274377027	2.2	8.66666666666667
1	8.91959723255394	2.2	8.66666666666667
1	8.9985317213376	2.2	8.66666666666667
1	9.07746621012126	2.2	8.66666666666667
1	9.15640069890492	2.2	8.66666666666667
1	9.23533518768859	2.2	8.66666666666667
1	9.31426967647225	2.2	8.66666666666667
1	9.39320416525591	2.2	8.66666666666667
1	9.47213865403958	2.2	8.66666666666667
1	9.55107314282324	2.2	8.66666666666667
1	9.6300076316069	2.2	8.66666666666667
1	9.70894212039057	2.2	8.66666666666667
1	9.78787660917423	2.2	8.66666666666667
1	9.86681109795789	2.2	8.66666666666667
1	9.94574558674156	2.2	8.66666666666667
1	10.0246800755252	2.2	8.66666666666667
1	10.1036145643089	2.2	8.66666666666667
1	10.1825490530925	2.2	8.66666666666667
1	10.2614835418762	2.2	8.66666666666667
1	10.3404180306599	2.2	8.66666666666667
1	10.4193525194435	2.2	8.66666666666667
1	10.4982870082272	2.2	8.66666666666667
1	10.5772214970109	2.2	8.66666666666667
1	10.6561559857945	2.2	8.66666666666667
1	10.7350904745782	2.2	8.66666666666667
1	10.8140249633619	2.2	8.66666666666667
1	10.8929594521455	2.2	8.66666666666667
1	10.9718939409292	2.2	8.66666666666667
1	11.0508284297128	2.2	8.66666666666667
1	11.1297629184965	2.2	8.66666666666667
1	11.2086974072802	2.2	8.66666666666667
1	11.2876318960638	2.2	8.66666666666667
1	11.3665663848475	2.2	8.66666666666667
1	11.4455008736312	2.2	8.66666666666667
1	11.5244353624148	2.2	8.66666666666667
1	11.6033698511985	2.2	8.66666666666667
1	11.6823043399821	2.2	8.66666666666667
1	11.7612388287658	2.2	8.66666666666667
1	11.8401733175495	2.2	8.66666666666667
1	11.9191078063331	2.2	8.66666666666667
1	11.9980422951168	2.2	8.66666666666667
1	12.0769767839005	2.2	8.66666666666667
1	12.1559112726841	2.2	8.66666666666667
1	12.2348457614678	2.2	8.66666666666667
1	12.3137802502515	2.2	8.66666666666667
1	12.3927147390351	2.2	8.66666666666667
1	12.4716492278188	2.2	8.66666666666667
1	12.5505837166024	2.2	8.66666666666667
1	12.6295182053861	2.2	8.66666666666667
1	12.7084526941698	2.2	8.66666666666667
1	12.7873871829534	2.2	8.66666666666667
1	12.8663216717371	2.2	8.66666666666667
1	12.9452561605208	2.2	8.66666666666667
1	13.0241906493044	2.2	8.66666666666667
1	13.1031251380881	2.2	8.66666666666667
1	13.1820596268717	2.2	8.66666666666667
1	13.2609941156554	2.2	8.66666666666667
1	13.3399286044391	2.2	8.66666666666667
1	13.4188630932227	2.2	8.66666666666667
1	13.4977975820064	2.2	8.66666666666667
1	13.5767320707901	2.2	8.66666666666667
1	13.6556665595737	2.2	8.66666666666667
1	13.7346010483574	2.2	8.66666666666667
1	13.8135355371411	2.2	8.66666666666667
1	13.8924700259247	2.2	8.66666666666667
1	13.9714045147084	2.2	8.66666666666667
1	14.050339003492	2.2	8.66666666666667
1	14.1292734922757	2.2	8.66666666666667
1	14.2082079810594	2.2	8.66666666666667
1	14.287142469843	2.2	8.66666666666667
1	14.3660769586267	2.2	8.66666666666667
1	14.4450114474104	2.2	8.66666666666667
1	14.523945936194	2.2	8.66666666666667
1	14.6028804249777	2.2	8.66666666666667
1	14.6818149137613	2.2	8.66666666666667
1	14.760749402545	2.2	8.66666666666667
1	14.8396838913287	2.2	8.66666666666667
1	14.9186183801123	2.2	8.66666666666667
1	14.997552868896	2.2	8.66666666666667
1	15.0764873576797	2.2	8.66666666666667
1	15.1554218464633	2.2	8.66666666666667
1	15.234356335247	2.2	8.66666666666667
1	15.3132908240307	2.2	8.66666666666667
1	15.3922253128143	2.2	8.66666666666667
1	15.471159801598	2.2	8.66666666666667
1	15.5500942903816	2.2	8.66666666666667
1	15.6290287791653	2.2	8.66666666666667
1	15.707963267949	2.2	8.66666666666667
