group	x	y	showSelected2
1	0	2.2	1.33333333333333
1	0.0789344887836631	2.2	1.33333333333333
1	0.157868977567326	2.2	1.33333333333333
1	0.236803466350989	2.2	1.33333333333333
1	0.315737955134653	2.2	1.33333333333333
1	0.394672443918316	2.2	1.33333333333333
1	0.473606932701979	2.2	1.33333333333333
1	0.552541421485642	2.2	1.33333333333333
1	0.631475910269305	2.2	1.33333333333333
1	0.710410399052968	2.2	1.33333333333333
1	0.789344887836632	2.2	1.33333333333333
1	0.868279376620295	2.2	1.33333333333333
1	0.947213865403958	2.2	1.33333333333333
1	1.02614835418762	2.2	1.33333333333333
1	1.10508284297128	2.2	1.33333333333333
1	1.18401733175495	2.2	1.33333333333333
1	1.26295182053861	2.2	1.33333333333333
1	1.34188630932227	2.2	1.33333333333333
1	1.42082079810594	2.2	1.33333333333333
1	1.4997552868896	2.2	1.33333333333333
1	1.57868977567326	2.2	1.33333333333333
1	1.65762426445693	2.2	1.33333333333333
1	1.73655875324059	2.2	1.33333333333333
1	1.81549324202425	2.2	1.33333333333333
1	1.89442773080792	2.2	1.33333333333333
1	1.97336221959158	2.2	1.33333333333333
1	2.05229670837524	2.2	1.33333333333333
1	2.1312311971589	2.2	1.33333333333333
1	2.21016568594257	2.2	1.33333333333333
1	2.28910017472623	2.2	1.33333333333333
1	2.36803466350989	2.2	1.33333333333333
1	2.44696915229356	2.2	1.33333333333333
1	2.52590364107722	2.2	1.33333333333333
1	2.60483812986088	2.2	1.33333333333333
1	2.68377261864455	2.2	1.33333333333333
1	2.76270710742821	2.2	1.33333333333333
1	2.84164159621187	2.2	1.33333333333333
1	2.92057608499554	2.2	1.33333333333333
1	2.9995105737792	2.2	1.33333333333333
1	3.07844506256286	2.2	1.33333333333333
1	3.15737955134653	2.2	1.33333333333333
1	3.23631404013019	2.2	1.33333333333333
1	3.31524852891385	2.2	1.33333333333333
1	3.39418301769752	2.2	1.33333333333333
1	3.47311750648118	2.2	1.33333333333333
1	3.55205199526484	2.2	1.33333333333333
1	3.63098648404851	2.2	1.33333333333333
1	3.70992097283217	2.2	1.33333333333333
1	3.78885546161583	2.2	1.33333333333333
1	3.86778995039949	2.2	1.33333333333333
1	3.94672443918316	2.2	1.33333333333333
1	4.02565892796682	2.2	1.33333333333333
1	4.10459341675048	2.2	1.33333333333333
1	4.18352790553415	2.2	1.33333333333333
1	4.26246239431781	2.2	1.33333333333333
1	4.34139688310147	2.2	1.33333333333333
1	4.42033137188514	2.2	1.33333333333333
1	4.4992658606688	2.2	1.33333333333333
1	4.57820034945246	2.2	1.33333333333333
1	4.65713483823613	2.2	1.33333333333333
1	4.73606932701979	2.2	1.33333333333333
1	4.81500381580345	2.2	1.33333333333333
1	4.89393830458712	2.2	1.33333333333333
1	4.97287279337078	2.2	1.33333333333333
1	5.05180728215444	2.12013726473465	1.33333333333333
1	5.1307417709381	1.99282225067234	1.33333333333333
1	5.20967625972177	1.8677392391482	1.33333333333333
1	5.28861074850543	1.74488823016223	1.33333333333333
1	5.36754523728909	1.62426922371443	1.33333333333333
1	5.44647972607276	1.5058822198048	1.33333333333333
1	5.52541421485642	1.38972721843335	1.33333333333333
1	5.60434870364008	1.27580421960006	1.33333333333333
1	5.68328319242375	1.16411322330494	1.33333333333333
1	5.76221768120741	1.05465422954799	1.33333333333333
1	5.84115216999107	0.947427238329218	1.33333333333333
1	5.92008665877474	0.842432249648613	1.33333333333333
1	5.9990211475584	0.739669263506178	1.33333333333333
1	6.07795563634206	0.639138279901915	1.33333333333333
1	6.15689012512573	0.540839298835821	1.33333333333333
1	6.23582461390939	0.444772320307897	1.33333333333333
1	6.31475910269305	0.350937344318146	1.33333333333333
1	6.39369359147672	0.259334370866564	1.33333333333333
1	6.47262808026038	0.169963399953152	1.33333333333333
1	6.55156256904404	0.0828244315779116	1.33333333333333
1	6.6304970578277	-0.00208253425915927	1.33333333333333
1	6.70943154661137	-0.0847574975580576	1.33333333333333
1	6.78836603539503	-0.165200458318788	1.33333333333333
1	6.86730052417869	-0.243411416541346	1.33333333333333
1	6.94623501296236	-0.319390372225735	1.33333333333333
1	7.02516950174602	-0.393137325371952	1.33333333333333
1	7.10410399052968	-0.464652275979999	1.33333333333333
1	7.18303847931335	-0.533935224049875	1.33333333333333
1	7.26197296809701	-0.600986169581582	1.33333333333333
1	7.34090745688067	-0.665805112575117	1.33333333333333
1	7.41984194566434	-0.728392053030481	1.33333333333333
1	7.498776434448	-0.788746990947676	1.33333333333333
1	7.57771092323166	-0.846869926326699	1.33333333333333
1	7.65664541201533	-0.902760859167553	1.33333333333333
1	7.73557990079899	-0.956419789470235	1.33333333333333
1	7.81451438958265	-1.00784671723475	1.33333333333333
1	7.89344887836631	-1.05704164246109	1.33333333333333
1	7.97238336714998	-1.10400456514926	1.33333333333333
1	8.05131785593364	-1.14873548529926	1.33333333333333
1	8.1302523447173	-1.19123440291109	1.33333333333333
1	8.20918683350097	-1.23150131798475	1.33333333333333
1	8.28812132228463	-1.26953623052024	1.33333333333333
1	8.36705581106829	-1.30533914051756	1.33333333333333
1	8.44599029985196	-1.3389100479767	1.33333333333333
1	8.52492478863562	-1.37024895289768	1.33333333333333
1	8.60385927741928	-1.39935585528049	1.33333333333333
1	8.68279376620295	-1.42623075512512	1.33333333333333
1	8.76172825498661	-1.45087365243159	1.33333333333333
1	8.84066274377027	-1.47328454719988	1.33333333333333
1	8.91959723255394	-1.49346343943001	1.33333333333333
1	8.9985317213376	-1.51141032912196	1.33333333333333
1	9.07746621012126	-1.52712521627575	1.33333333333333
1	9.15640069890492	-1.54060810089136	1.33333333333333
1	9.23533518768859	-1.5518589829688	1.33333333333333
1	9.31426967647225	-1.56087786250807	1.33333333333333
1	9.39320416525591	-1.56766473950917	1.33333333333333
1	9.47213865403958	-1.5722196139721	1.33333333333333
1	9.55107314282324	-1.57454248589686	1.33333333333333
1	9.6300076316069	-1.57463335528345	1.33333333333333
1	9.70894212039057	-1.57249222213187	1.33333333333333
1	9.78787660917423	-1.56811908644212	1.33333333333333
1	9.86681109795789	-1.5615139482142	1.33333333333333
1	9.94574558674156	-1.55267680744811	1.33333333333333
1	10.0246800755252	-1.54160766414384	1.33333333333333
1	10.1036145643089	-1.52830651830141	1.33333333333333
1	10.1825490530925	-1.51277336992081	1.33333333333333
1	10.2614835418762	-1.49500821900203	1.33333333333333
1	10.3404180306599	-1.47501106554509	1.33333333333333
1	10.4193525194435	-1.45278190954997	1.33333333333333
1	10.4982870082272	-1.42832075101668	1.33333333333333
1	10.5772214970109	-1.40162758994523	1.33333333333333
1	10.6561559857945	-1.3727024263356	1.33333333333333
1	10.7350904745782	-1.3415452601878	1.33333333333333
1	10.8140249633619	-1.30815609150183	1.33333333333333
1	10.8929594521455	-1.27253492027769	1.33333333333333
1	10.9718939409292	-1.23468174651538	1.33333333333333
1	11.0508284297128	-1.1945965702149	1.33333333333333
1	11.1297629184965	-1.15227939137625	1.33333333333333
1	11.2086974072802	-1.10773020999943	1.33333333333333
1	11.2876318960638	-1.06094902608444	1.33333333333333
1	11.3665663848475	-1.01193583963128	1.33333333333333
1	11.4455008736312	-0.960690650639944	1.33333333333333
1	11.5244353624148	-0.90721345911044	1.33333333333333
1	11.6033698511985	-0.851504265042765	1.33333333333333
1	11.6823043399821	-0.793563068436921	1.33333333333333
1	11.7612388287658	-0.733389869292906	1.33333333333333
1	11.8401733175495	-0.670984667610721	1.33333333333333
1	11.9191078063331	-0.606347463390364	1.33333333333333
1	11.9980422951168	-0.539478256631837	1.33333333333333
1	12.0769767839005	-0.47037704733514	1.33333333333333
1	12.1559112726841	-0.399043835500273	1.33333333333333
1	12.2348457614678	-0.325478621127233	1.33333333333333
1	12.3137802502515	-0.249681404216024	1.33333333333333
1	12.3927147390351	-0.171652184766645	1.33333333333333
1	12.4716492278188	-0.0913909627790957	1.33333333333333
1	12.5505837166024	-0.00889773825337364	1.33333333333333
1	12.6295182053861	0.075827488810517	1.33333333333333
1	12.7084526941698	0.162784718412578	1.33333333333333
1	12.7873871829534	0.25197395055281	1.33333333333333
1	12.8663216717371	0.343395185231212	1.33333333333333
1	12.9452561605208	0.437048422447787	1.33333333333333
1	13.0241906493044	0.532933662202531	1.33333333333333
1	13.1031251380881	0.631050904495445	1.33333333333333
1	13.1820596268717	0.731400149326529	1.33333333333333
1	13.2609941156554	0.833981396695786	1.33333333333333
1	13.3399286044391	0.938794646603212	1.33333333333333
1	13.4188630932227	1.04583989904881	1.33333333333333
1	13.4977975820064	1.15511715403257	1.33333333333333
1	13.5767320707901	1.26662641155451	1.33333333333333
1	13.6556665595737	1.38036767161462	1.33333333333333
1	13.7346010483574	1.4963409342129	1.33333333333333
1	13.8135355371411	1.61454619934935	1.33333333333333
1	13.8924700259247	1.73498346702397	1.33333333333333
1	13.9714045147084	1.85765273723676	1.33333333333333
1	14.050339003492	1.98255400998772	1.33333333333333
1	14.1292734922757	2.10968728527685	1.33333333333333
1	14.2082079810594	2.2	1.33333333333333
1	14.287142469843	2.2	1.33333333333333
1	14.3660769586267	2.2	1.33333333333333
1	14.4450114474104	2.2	1.33333333333333
1	14.523945936194	2.2	1.33333333333333
1	14.6028804249777	2.2	1.33333333333333
1	14.6818149137613	2.2	1.33333333333333
1	14.760749402545	2.2	1.33333333333333
1	14.8396838913287	2.2	1.33333333333333
1	14.9186183801123	2.2	1.33333333333333
1	14.997552868896	2.2	1.33333333333333
1	15.0764873576797	2.2	1.33333333333333
1	15.1554218464633	2.2	1.33333333333333
1	15.234356335247	2.2	1.33333333333333
1	15.3132908240307	2.2	1.33333333333333
1	15.3922253128143	2.2	1.33333333333333
1	15.471159801598	2.2	1.33333333333333
1	15.5500942903816	2.2	1.33333333333333
1	15.6290287791653	2.2	1.33333333333333
1	15.707963267949	2.2	1.33333333333333
1	0	2.2	2.33333333333333
1	0.0789344887836631	2.2	2.33333333333333
1	0.157868977567326	2.2	2.33333333333333
1	0.236803466350989	2.2	2.33333333333333
1	0.315737955134653	2.2	2.33333333333333
1	0.394672443918316	2.2	2.33333333333333
1	0.473606932701979	2.2	2.33333333333333
1	0.552541421485642	2.2	2.33333333333333
1	0.631475910269305	2.2	2.33333333333333
1	0.710410399052968	2.2	2.33333333333333
1	0.789344887836632	2.2	2.33333333333333
1	0.868279376620295	2.2	2.33333333333333
1	0.947213865403958	2.2	2.33333333333333
1	1.02614835418762	2.2	2.33333333333333
1	1.10508284297128	2.2	2.33333333333333
1	1.18401733175495	2.2	2.33333333333333
1	1.26295182053861	2.2	2.33333333333333
1	1.34188630932227	2.2	2.33333333333333
1	1.42082079810594	2.2	2.33333333333333
1	1.4997552868896	2.2	2.33333333333333
1	1.57868977567326	2.2	2.33333333333333
1	1.65762426445693	2.2	2.33333333333333
1	1.73655875324059	2.2	2.33333333333333
1	1.81549324202425	2.2	2.33333333333333
1	1.89442773080792	2.2	2.33333333333333
1	1.97336221959158	2.2	2.33333333333333
1	2.05229670837524	2.2	2.33333333333333
1	2.1312311971589	2.2	2.33333333333333
1	2.21016568594257	2.2	2.33333333333333
1	2.28910017472623	2.2	2.33333333333333
1	2.36803466350989	2.2	2.33333333333333
1	2.44696915229356	2.2	2.33333333333333
1	2.52590364107722	2.2	2.33333333333333
1	2.60483812986088	2.2	2.33333333333333
1	2.68377261864455	2.2	2.33333333333333
1	2.76270710742821	2.2	2.33333333333333
1	2.84164159621187	2.2	2.33333333333333
1	2.92057608499554	2.2	2.33333333333333
1	2.9995105737792	2.2	2.33333333333333
1	3.07844506256286	2.2	2.33333333333333
1	3.15737955134653	2.2	2.33333333333333
1	3.23631404013019	2.2	2.33333333333333
1	3.31524852891385	2.2	2.33333333333333
1	3.39418301769752	2.2	2.33333333333333
1	3.47311750648118	2.2	2.33333333333333
1	3.55205199526484	2.2	2.33333333333333
1	3.63098648404851	2.2	2.33333333333333
1	3.70992097283217	2.2	2.33333333333333
1	3.78885546161583	2.2	2.33333333333333
1	3.86778995039949	2.2	2.33333333333333
1	3.94672443918316	2.2	2.33333333333333
1	4.02565892796682	2.2	2.33333333333333
1	4.10459341675048	2.2	2.33333333333333
1	4.18352790553415	2.2	2.33333333333333
1	4.26246239431781	2.2	2.33333333333333
1	4.34139688310147	2.2	2.33333333333333
1	4.42033137188514	2.2	2.33333333333333
1	4.4992658606688	2.2	2.33333333333333
1	4.57820034945246	2.2	2.33333333333333
1	4.65713483823613	2.2	2.33333333333333
1	4.73606932701979	2.2	2.33333333333333
1	4.81500381580345	2.2	2.33333333333333
1	4.89393830458712	2.2	2.33333333333333
1	4.97287279337078	2.2	2.33333333333333
1	5.05180728215444	2.2	2.33333333333333
1	5.1307417709381	2.2	2.33333333333333
1	5.20967625972177	2.2	2.33333333333333
1	5.28861074850543	2.2	2.33333333333333
1	5.36754523728909	2.2	2.33333333333333
1	5.44647972607276	2.2	2.33333333333333
1	5.52541421485642	2.2	2.33333333333333
1	5.60434870364008	2.2	2.33333333333333
1	5.68328319242375	2.2	2.33333333333333
1	5.76221768120741	2.2	2.33333333333333
1	5.84115216999107	2.2	2.33333333333333
1	5.92008665877474	2.2	2.33333333333333
1	5.9990211475584	2.2	2.33333333333333
1	6.07795563634206	2.2	2.33333333333333
1	6.15689012512573	2.2	2.33333333333333
1	6.23582461390939	2.2	2.33333333333333
1	6.31475910269305	2.2	2.33333333333333
1	6.39369359147672	2.2	2.33333333333333
1	6.47262808026038	2.2	2.33333333333333
1	6.55156256904404	2.2	2.33333333333333
1	6.6304970578277	2.2	2.33333333333333
1	6.70943154661137	2.2	2.33333333333333
1	6.78836603539503	2.2	2.33333333333333
1	6.86730052417869	2.2	2.33333333333333
1	6.94623501296236	2.2	2.33333333333333
1	7.02516950174602	2.2	2.33333333333333
1	7.10410399052968	2.2	2.33333333333333
1	7.18303847931335	2.2	2.33333333333333
1	7.26197296809701	2.2	2.33333333333333
1	7.34090745688067	2.2	2.33333333333333
1	7.41984194566434	2.2	2.33333333333333
1	7.498776434448	2.2	2.33333333333333
1	7.57771092323166	2.16092022802188	2.33333333333333
1	7.65664541201533	2.05687160777226	2.33333333333333
1	7.73557990079899	1.95387081541916	2.33333333333333
1	7.81451438958265	1.85191785096259	2.33333333333333
1	7.89344887836631	1.75101271440255	2.33333333333333
1	7.97238336714998	1.65115540573904	2.33333333333333
1	8.05131785593364	1.55234592497206	2.33333333333333
1	8.1302523447173	1.4545842721016	2.33333333333333
1	8.20918683350097	1.35787044712767	2.33333333333333
1	8.28812132228463	1.26220445005027	2.33333333333333
1	8.36705581106829	1.1675862808694	2.33333333333333
1	8.44599029985196	1.07401593958505	2.33333333333333
1	8.52492478863562	0.981493426197234	2.33333333333333
1	8.60385927741928	0.890018740705944	2.33333333333333
1	8.68279376620295	0.799591883111181	2.33333333333333
1	8.76172825498661	0.710212853412946	2.33333333333333
1	8.84066274377027	0.62188165161124	2.33333333333333
1	8.91959723255394	0.534598277706062	2.33333333333333
1	8.9985317213376	0.448362731697409	2.33333333333333
1	9.07746621012126	0.363175013585286	2.33333333333333
1	9.15640069890492	0.279035123369691	2.33333333333333
1	9.23533518768859	0.195943061050623	2.33333333333333
1	9.31426967647225	0.113898826628082	2.33333333333333
1	9.39320416525591	0.0329024201020701	2.33333333333333
1	9.47213865403958	-0.047046158527414	2.33333333333333
1	9.55107314282324	-0.12594690926037	2.33333333333333
1	9.6300076316069	-0.203799832096801	2.33333333333333
1	9.70894212039057	-0.280604927036701	2.33333333333333
1	9.78787660917423	-0.356362194080074	2.33333333333333
1	9.86681109795789	-0.43107163322692	2.33333333333333
1	9.94574558674156	-0.504733244477239	2.33333333333333
1	10.0246800755252	-0.577347027831028	2.33333333333333
1	10.1036145643089	-0.64891298328829	2.33333333333333
1	10.1825490530925	-0.719431110849024	2.33333333333333
1	10.2614835418762	-0.788901410513231	2.33333333333333
1	10.3404180306599	-0.857323882280911	2.33333333333333
1	10.4193525194435	-0.924698526152062	2.33333333333333
1	10.4982870082272	-0.991025342126685	2.33333333333333
1	10.5772214970109	-1.05630433020478	2.33333333333333
1	10.6561559857945	-1.12053549038635	2.33333333333333
1	10.7350904745782	-1.18371882267139	2.33333333333333
1	10.8140249633619	-1.2458543270599	2.33333333333333
1	10.8929594521455	-1.30694200355188	2.33333333333333
1	10.9718939409292	-1.36698185214734	2.33333333333333
1	11.0508284297128	-1.42597387284627	2.33333333333333
1	11.1297629184965	-1.48391806564867	2.33333333333333
1	11.2086974072802	-1.54081443055455	2.33333333333333
1	11.2876318960638	-1.59666296756389	2.33333333333333
1	11.3665663848475	-1.65146367667671	2.33333333333333
1	11.4455008736312	-1.705216557893	2.33333333333333
1	11.5244353624148	-1.75792161121276	2.33333333333333
1	11.6033698511985	-1.809578836636	2.33333333333333
1	11.6823043399821	-1.8601882341627	2.33333333333333
1	11.7612388287658	-1.90974980379288	2.33333333333333
1	11.8401733175495	-1.95826354552653	2.33333333333333
1	11.9191078063331	-2.00572945936366	2.33333333333333
1	11.9980422951168	-2.05214754530425	2.33333333333333
1	12.0769767839005	-2.09751780334832	2.33333333333333
1	12.1559112726841	-2.14184023349586	2.33333333333333
1	12.2348457614678	-2.18511483574687	2.33333333333333
1	12.3137802502515	-2.2	2.33333333333333
1	12.3927147390351	-2.2	2.33333333333333
1	12.4716492278188	-2.2	2.33333333333333
1	12.5505837166024	-2.2	2.33333333333333
1	12.6295182053861	-2.2	2.33333333333333
1	12.7084526941698	-2.2	2.33333333333333
1	12.7873871829534	-2.2	2.33333333333333
1	12.8663216717371	-2.2	2.33333333333333
1	12.9452561605208	-2.2	2.33333333333333
1	13.0241906493044	-2.2	2.33333333333333
1	13.1031251380881	-2.2	2.33333333333333
1	13.1820596268717	-2.2	2.33333333333333
1	13.2609941156554	-2.2	2.33333333333333
1	13.3399286044391	-2.2	2.33333333333333
1	13.4188630932227	-2.2	2.33333333333333
1	13.4977975820064	-2.2	2.33333333333333
1	13.5767320707901	-2.2	2.33333333333333
1	13.6556665595737	-2.2	2.33333333333333
1	13.7346010483574	-2.2	2.33333333333333
1	13.8135355371411	-2.2	2.33333333333333
1	13.8924700259247	-2.2	2.33333333333333
1	13.9714045147084	-2.2	2.33333333333333
1	14.050339003492	-2.2	2.33333333333333
1	14.1292734922757	-2.2	2.33333333333333
1	14.2082079810594	-2.2	2.33333333333333
1	14.287142469843	-2.2	2.33333333333333
1	14.3660769586267	-2.2	2.33333333333333
1	14.4450114474104	-2.2	2.33333333333333
1	14.523945936194	-2.2	2.33333333333333
1	14.6028804249777	-2.2	2.33333333333333
1	14.6818149137613	-2.2	2.33333333333333
1	14.760749402545	-2.2	2.33333333333333
1	14.8396838913287	-2.2	2.33333333333333
1	14.9186183801123	-2.2	2.33333333333333
1	14.997552868896	-2.2	2.33333333333333
1	15.0764873576797	-2.2	2.33333333333333
1	15.1554218464633	-2.2	2.33333333333333
1	15.234356335247	-2.2	2.33333333333333
1	15.3132908240307	-2.2	2.33333333333333
1	15.3922253128143	-2.2	2.33333333333333
1	15.471159801598	-2.2	2.33333333333333
1	15.5500942903816	-2.2	2.33333333333333
1	15.6290287791653	-2.2	2.33333333333333
1	15.707963267949	-2.2	2.33333333333333
1	0	-2.2	3.33333333333333
1	0.0789344887836631	-2.2	3.33333333333333
1	0.157868977567326	-2.2	3.33333333333333
1	0.236803466350989	-2.2	3.33333333333333
1	0.315737955134653	-2.2	3.33333333333333
1	0.394672443918316	-2.2	3.33333333333333
1	0.473606932701979	-2.2	3.33333333333333
1	0.552541421485642	-2.2	3.33333333333333
1	0.631475910269305	-2.2	3.33333333333333
1	0.710410399052968	-2.2	3.33333333333333
1	0.789344887836632	-2.2	3.33333333333333
1	0.868279376620295	-2.2	3.33333333333333
1	0.947213865403958	-2.2	3.33333333333333
1	1.02614835418762	-2.2	3.33333333333333
1	1.10508284297128	-2.2	3.33333333333333
1	1.18401733175495	-2.2	3.33333333333333
1	1.26295182053861	-2.2	3.33333333333333
1	1.34188630932227	-2.2	3.33333333333333
1	1.42082079810594	-2.2	3.33333333333333
1	1.4997552868896	-2.2	3.33333333333333
1	1.57868977567326	-2.2	3.33333333333333
1	1.65762426445693	-2.2	3.33333333333333
1	1.73655875324059	-2.2	3.33333333333333
1	1.81549324202425	-2.2	3.33333333333333
1	1.89442773080792	-2.2	3.33333333333333
1	1.97336221959158	-2.2	3.33333333333333
1	2.05229670837524	-2.2	3.33333333333333
1	2.1312311971589	-2.2	3.33333333333333
1	2.21016568594257	-2.2	3.33333333333333
1	2.28910017472623	-2.2	3.33333333333333
1	2.36803466350989	-2.2	3.33333333333333
1	2.44696915229356	-2.2	3.33333333333333
1	2.52590364107722	-2.2	3.33333333333333
1	2.60483812986088	-2.2	3.33333333333333
1	2.68377261864455	-2.2	3.33333333333333
1	2.76270710742821	-2.2	3.33333333333333
1	2.84164159621187	-2.2	3.33333333333333
1	2.92057608499554	-2.2	3.33333333333333
1	2.9995105737792	-2.2	3.33333333333333
1	3.07844506256286	-2.2	3.33333333333333
1	3.15737955134653	-2.2	3.33333333333333
1	3.23631404013019	-2.2	3.33333333333333
1	3.31524852891385	-2.2	3.33333333333333
1	3.39418301769752	-2.2	3.33333333333333
1	3.47311750648118	-2.2	3.33333333333333
1	3.55205199526484	-2.2	3.33333333333333
1	3.63098648404851	-2.2	3.33333333333333
1	3.70992097283217	-2.2	3.33333333333333
1	3.78885546161583	-2.2	3.33333333333333
1	3.86778995039949	-2.2	3.33333333333333
1	3.94672443918316	-2.2	3.33333333333333
1	4.02565892796682	-2.2	3.33333333333333
1	4.10459341675048	-2.2	3.33333333333333
1	4.18352790553415	-2.2	3.33333333333333
1	4.26246239431781	-2.2	3.33333333333333
1	4.34139688310147	-2.2	3.33333333333333
1	4.42033137188514	-2.2	3.33333333333333
1	4.4992658606688	-2.2	3.33333333333333
1	4.57820034945246	-2.2	3.33333333333333
1	4.65713483823613	-2.2	3.33333333333333
1	4.73606932701979	-2.2	3.33333333333333
1	4.81500381580345	-2.2	3.33333333333333
1	4.89393830458712	-2.2	3.33333333333333
1	4.97287279337078	-2.2	3.33333333333333
1	5.05180728215444	-2.2	3.33333333333333
1	5.1307417709381	-2.2	3.33333333333333
1	5.20967625972177	-2.2	3.33333333333333
1	5.28861074850543	-2.2	3.33333333333333
1	5.36754523728909	-2.2	3.33333333333333
1	5.44647972607276	-2.2	3.33333333333333
1	5.52541421485642	-2.2	3.33333333333333
1	5.60434870364008	-2.2	3.33333333333333
1	5.68328319242375	-2.2	3.33333333333333
1	5.76221768120741	-2.10744436978255	3.33333333333333
1	5.84115216999107	-1.993399881398	3.33333333333333
1	5.92008665877474	-1.88091282761835	3.33333333333333
1	5.9990211475584	-1.7699832084436	3.33333333333333
1	6.07795563634206	-1.66061102387376	3.33333333333333
1	6.15689012512573	-1.55279627390883	3.33333333333333
1	6.23582461390939	-1.4465389585488	3.33333333333333
1	6.31475910269305	-1.34183907779367	3.33333333333333
1	6.39369359147672	-1.23869663164345	3.33333333333333
1	6.47262808026038	-1.13711162009813	3.33333333333333
1	6.55156256904404	-1.03708404315772	3.33333333333333
1	6.6304970578277	-0.93861390082221	3.33333333333333
1	6.70943154661137	-0.841701193091607	3.33333333333333
1	6.78836603539503	-0.746345919965908	3.33333333333333
1	6.86730052417869	-0.652548081445113	3.33333333333333
1	6.94623501296236	-0.560307677529222	3.33333333333333
1	7.02516950174602	-0.469624708218237	3.33333333333333
1	7.10410399052968	-0.380499173512154	3.33333333333333
1	7.18303847931335	-0.29293107341098	3.33333333333333
1	7.26197296809701	-0.206920407914703	3.33333333333333
1	7.34090745688067	-0.122467177023339	3.33333333333333
1	7.41984194566434	-0.0395713807368736	3.33333333333333
1	7.498776434448	0.0417669809446837	3.33333333333333
1	7.57771092323166	0.121547908021338	3.33333333333333
1	7.65664541201533	0.199771400493088	3.33333333333333
1	7.73557990079899	0.276437458359934	3.33333333333333
1	7.81451438958265	0.351546081621875	3.33333333333333
1	7.89344887836631	0.425097270278911	3.33333333333333
1	7.97238336714998	0.497091024331044	3.33333333333333
1	8.05131785593364	0.567527343778272	3.33333333333333
1	8.1302523447173	0.636406228620595	3.33333333333333
1	8.20918683350097	0.703727678858013	3.33333333333333
1	8.28812132228463	0.769491694490527	3.33333333333333
1	8.36705581106829	0.833698275518138	3.33333333333333
1	8.44599029985196	0.896347421940844	3.33333333333333
1	8.52492478863562	0.957439133758643	3.33333333333333
1	8.60385927741928	1.01697341097154	3.33333333333333
1	8.68279376620295	1.07495025357953	3.33333333333333
1	8.76172825498661	1.13136966158262	3.33333333333333
1	8.84066274377027	1.1862316349808	3.33333333333333
1	8.91959723255394	1.23953617377408	3.33333333333333
1	8.9985317213376	1.29128327796245	3.33333333333333
1	9.07746621012126	1.34147294754592	3.33333333333333
1	9.15640069890492	1.39010518252449	3.33333333333333
1	9.23533518768859	1.43717998289815	3.33333333333333
1	9.31426967647225	1.4826973486669	3.33333333333333
1	9.39320416525591	1.52665727983075	3.33333333333333
1	9.47213865403958	1.5690597763897	3.33333333333333
1	9.55107314282324	1.60990483834374	3.33333333333333
1	9.6300076316069	1.64919246569288	3.33333333333333
1	9.70894212039057	1.68692265843712	3.33333333333333
1	9.78787660917423	1.72309541657644	3.33333333333333
1	9.86681109795789	1.75771074011087	3.33333333333333
1	9.94574558674156	1.79076862904039	3.33333333333333
1	10.0246800755252	1.822269083365	3.33333333333333
1	10.1036145643089	1.85221210308472	3.33333333333333
1	10.1825490530925	1.88059768819952	3.33333333333333
1	10.2614835418762	1.90742583870942	3.33333333333333
1	10.3404180306599	1.93269655461442	3.33333333333333
1	10.4193525194435	1.95640983591451	3.33333333333333
1	10.4982870082272	1.9785656826097	3.33333333333333
1	10.5772214970109	1.99916409469999	3.33333333333333
1	10.6561559857945	2.01820507218537	3.33333333333333
1	10.7350904745782	2.03568861506584	3.33333333333333
1	10.8140249633619	2.05161472334141	3.33333333333333
1	10.8929594521455	2.06598339701208	3.33333333333333
1	10.9718939409292	2.07879463607784	3.33333333333333
1	11.0508284297128	2.0900484405387	3.33333333333333
1	11.1297629184965	2.09974481039465	3.33333333333333
1	11.2086974072802	2.1078837456457	3.33333333333333
1	11.2876318960638	2.11446524629184	3.33333333333333
1	11.3665663848475	2.11948931233308	3.33333333333333
1	11.4455008736312	2.12295594376942	3.33333333333333
1	11.5244353624148	2.12486514060085	3.33333333333333
1	11.6033698511985	2.12521690282737	3.33333333333333
1	11.6823043399821	2.12401123044899	3.33333333333333
1	11.7612388287658	2.12124812346571	3.33333333333333
1	11.8401733175495	2.11692758187752	3.33333333333333
1	11.9191078063331	2.11104960568443	3.33333333333333
1	11.9980422951168	2.10361419488643	3.33333333333333
1	12.0769767839005	2.09462134948353	3.33333333333333
1	12.1559112726841	2.08407106947573	3.33333333333333
1	12.2348457614678	2.07196335486301	3.33333333333333
1	12.3137802502515	2.0582982056454	3.33333333333333
1	12.3927147390351	2.04307562182288	3.33333333333333
1	12.4716492278188	2.02629560339546	3.33333333333333
1	12.5505837166024	2.00795815036313	3.33333333333333
1	12.6295182053861	1.9880632627259	3.33333333333333
1	12.7084526941698	1.96661094048376	3.33333333333333
1	12.7873871829534	1.94360118363672	3.33333333333333
1	12.8663216717371	1.91903399218477	3.33333333333333
1	12.9452561605208	1.89290936612792	3.33333333333333
1	13.0241906493044	1.86522730546617	3.33333333333333
1	13.1031251380881	1.83598781019951	3.33333333333333
1	13.1820596268717	1.80519088032794	3.33333333333333
1	13.2609941156554	1.77283651585147	3.33333333333333
1	13.3399286044391	1.7389247167701	3.33333333333333
1	13.4188630932227	1.70345548308382	3.33333333333333
1	13.4977975820064	1.66642881479264	3.33333333333333
1	13.5767320707901	1.62784471189656	3.33333333333333
1	13.6556665595737	1.58770317439556	3.33333333333333
1	13.7346010483574	1.54600420228967	3.33333333333333
1	13.8135355371411	1.50274779557887	3.33333333333333
1	13.8924700259247	1.45793395426316	3.33333333333333
1	13.9714045147084	1.41156267834256	3.33333333333333
1	14.050339003492	1.36363396781704	3.33333333333333
1	14.1292734922757	1.31414782268663	3.33333333333333
1	14.2082079810594	1.2631042429513	3.33333333333333
1	14.287142469843	1.21050322861108	3.33333333333333
1	14.3660769586267	1.15634477966594	3.33333333333333
1	14.4450114474104	1.10062889611591	3.33333333333333
1	14.523945936194	1.04335557796097	3.33333333333333
1	14.6028804249777	0.984524825201123	3.33333333333333
1	14.6818149137613	0.924136637836374	3.33333333333333
1	14.760749402545	0.862191015866721	3.33333333333333
1	14.8396838913287	0.798687959292162	3.33333333333333
1	14.9186183801123	0.733627468112699	3.33333333333333
1	14.997552868896	0.667009542328332	3.33333333333333
1	15.0764873576797	0.598834181939061	3.33333333333333
1	15.1554218464633	0.529101386944885	3.33333333333333
1	15.234356335247	0.457811157345803	3.33333333333333
1	15.3132908240307	0.384963493141819	3.33333333333333
1	15.3922253128143	0.310558394332929	3.33333333333333
1	15.471159801598	0.234595860919136	3.33333333333333
1	15.5500942903816	0.157075892900436	3.33333333333333
1	15.6290287791653	0.077998490276833	3.33333333333333
1	15.707963267949	-0.00263634695167422	3.33333333333333
1	0	2.2	4.33333333333333
1	0.0789344887836631	2.2	4.33333333333333
1	0.157868977567326	2.2	4.33333333333333
1	0.236803466350989	2.2	4.33333333333333
1	0.315737955134653	2.2	4.33333333333333
1	0.394672443918316	2.2	4.33333333333333
1	0.473606932701979	2.2	4.33333333333333
1	0.552541421485642	2.2	4.33333333333333
1	0.631475910269305	2.2	4.33333333333333
1	0.710410399052968	2.2	4.33333333333333
1	0.789344887836632	2.2	4.33333333333333
1	0.868279376620295	2.2	4.33333333333333
1	0.947213865403958	2.2	4.33333333333333
1	1.02614835418762	2.2	4.33333333333333
1	1.10508284297128	2.2	4.33333333333333
1	1.18401733175495	2.2	4.33333333333333
1	1.26295182053861	2.2	4.33333333333333
1	1.34188630932227	2.2	4.33333333333333
1	1.42082079810594	2.2	4.33333333333333
1	1.4997552868896	2.2	4.33333333333333
1	1.57868977567326	2.2	4.33333333333333
1	1.65762426445693	2.2	4.33333333333333
1	1.73655875324059	2.2	4.33333333333333
1	1.81549324202425	2.2	4.33333333333333
1	1.89442773080792	2.2	4.33333333333333
1	1.97336221959158	2.2	4.33333333333333
1	2.05229670837524	2.2	4.33333333333333
1	2.1312311971589	2.2	4.33333333333333
1	2.21016568594257	2.2	4.33333333333333
1	2.28910017472623	2.2	4.33333333333333
1	2.36803466350989	2.2	4.33333333333333
1	2.44696915229356	2.2	4.33333333333333
1	2.52590364107722	2.2	4.33333333333333
1	2.60483812986088	2.2	4.33333333333333
1	2.68377261864455	2.2	4.33333333333333
1	2.76270710742821	2.2	4.33333333333333
1	2.84164159621187	2.2	4.33333333333333
1	2.92057608499554	2.2	4.33333333333333
1	2.9995105737792	2.2	4.33333333333333
1	3.07844506256286	2.2	4.33333333333333
1	3.15737955134653	2.2	4.33333333333333
1	3.23631404013019	2.2	4.33333333333333
1	3.31524852891385	2.2	4.33333333333333
1	3.39418301769752	2.2	4.33333333333333
1	3.47311750648118	2.2	4.33333333333333
1	3.55205199526484	2.2	4.33333333333333
1	3.63098648404851	2.2	4.33333333333333
1	3.70992097283217	2.2	4.33333333333333
1	3.78885546161583	2.2	4.33333333333333
1	3.86778995039949	2.2	4.33333333333333
1	3.94672443918316	2.2	4.33333333333333
1	4.02565892796682	2.2	4.33333333333333
1	4.10459341675048	2.2	4.33333333333333
1	4.18352790553415	2.2	4.33333333333333
1	4.26246239431781	2.2	4.33333333333333
1	4.34139688310147	2.2	4.33333333333333
1	4.42033137188514	2.2	4.33333333333333
1	4.4992658606688	2.2	4.33333333333333
1	4.57820034945246	2.2	4.33333333333333
1	4.65713483823613	2.2	4.33333333333333
1	4.73606932701979	2.2	4.33333333333333
1	4.81500381580345	2.2	4.33333333333333
1	4.89393830458712	2.2	4.33333333333333
1	4.97287279337078	2.2	4.33333333333333
1	5.05180728215444	2.2	4.33333333333333
1	5.1307417709381	2.2	4.33333333333333
1	5.20967625972177	2.2	4.33333333333333
1	5.28861074850543	2.2	4.33333333333333
1	5.36754523728909	2.2	4.33333333333333
1	5.44647972607276	2.2	4.33333333333333
1	5.52541421485642	2.2	4.33333333333333
1	5.60434870364008	2.2	4.33333333333333
1	5.68328319242375	2.2	4.33333333333333
1	5.76221768120741	2.2	4.33333333333333
1	5.84115216999107	2.2	4.33333333333333
1	5.92008665877474	2.2	4.33333333333333
1	5.9990211475584	2.2	4.33333333333333
1	6.07795563634206	2.2	4.33333333333333
1	6.15689012512573	2.2	4.33333333333333
1	6.23582461390939	2.2	4.33333333333333
1	6.31475910269305	2.2	4.33333333333333
1	6.39369359147672	2.2	4.33333333333333
1	6.47262808026038	2.2	4.33333333333333
1	6.55156256904404	2.2	4.33333333333333
1	6.6304970578277	2.2	4.33333333333333
1	6.70943154661137	2.2	4.33333333333333
1	6.78836603539503	2.2	4.33333333333333
1	6.86730052417869	2.2	4.33333333333333
1	6.94623501296236	2.2	4.33333333333333
1	7.02516950174602	2.2	4.33333333333333
1	7.10410399052968	2.2	4.33333333333333
1	7.18303847931335	2.2	4.33333333333333
1	7.26197296809701	2.2	4.33333333333333
1	7.34090745688067	2.2	4.33333333333333
1	7.41984194566434	2.2	4.33333333333333
1	7.498776434448	2.2	4.33333333333333
1	7.57771092323166	2.2	4.33333333333333
1	7.65664541201533	2.2	4.33333333333333
1	7.73557990079899	2.2	4.33333333333333
1	7.81451438958265	2.2	4.33333333333333
1	7.89344887836631	2.2	4.33333333333333
1	7.97238336714998	2.2	4.33333333333333
1	8.05131785593364	2.2	4.33333333333333
1	8.1302523447173	2.2	4.33333333333333
1	8.20918683350097	2.03906759004468	4.33333333333333
1	8.28812132228463	1.86355416702434	4.33333333333333
1	8.36705581106829	1.6932313327819	4.33333333333333
1	8.44599029985196	1.52809908731736	4.33333333333333
1	8.52492478863562	1.36815743063073	4.33333333333333
1	8.60385927741928	1.213406362722	4.33333333333333
1	8.68279376620295	1.06384588359117	4.33333333333333
1	8.76172825498661	0.919475993238238	4.33333333333333
1	8.84066274377027	0.780296691663213	4.33333333333333
1	8.91959723255394	0.64630797886609	4.33333333333333
1	8.9985317213376	0.517509854846866	4.33333333333333
1	9.07746621012126	0.393902319605547	4.33333333333333
1	9.15640069890492	0.275485373142131	4.33333333333333
1	9.23533518768859	0.162259015456616	4.33333333333333
1	9.31426967647225	0.0542232465490016	4.33333333333333
1	9.39320416525591	-0.0486219335807088	4.33333333333333
1	9.47213865403958	-0.146276524932516	4.33333333333333
1	9.55107314282324	-0.238740527506422	4.33333333333333
1	9.6300076316069	-0.326013941302427	4.33333333333333
1	9.70894212039057	-0.408096766320528	4.33333333333333
1	9.78787660917423	-0.484989002560727	4.33333333333333
1	9.86681109795789	-0.556690650023024	4.33333333333333
1	9.94574558674156	-0.623201708707421	4.33333333333333
1	10.0246800755252	-0.684522178613913	4.33333333333333
1	10.1036145643089	-0.740652059742503	4.33333333333333
1	10.1825490530925	-0.791591352093191	4.33333333333333
1	10.2614835418762	-0.837340055665977	4.33333333333333
1	10.3404180306599	-0.877898170460862	4.33333333333333
1	10.4193525194435	-0.913265696477843	4.33333333333333
1	10.4982870082272	-0.943442633716922	4.33333333333333
1	10.5772214970109	-0.9684289821781	4.33333333333333
1	10.6561559857945	-0.988224741861375	4.33333333333333
1	10.7350904745782	-1.00282991276675	4.33333333333333
1	10.8140249633619	-1.01224449489422	4.33333333333333
1	10.8929594521455	-1.01646848824379	4.33333333333333
1	10.9718939409292	-1.01550189281545	4.33333333333333
1	11.0508284297128	-1.00934470860922	4.33333333333333
1	11.1297629184965	-0.997996935625079	4.33333333333333
1	11.2086974072802	-0.981458573863038	4.33333333333333
1	11.2876318960638	-0.959729623323095	4.33333333333333
1	11.3665663848475	-0.93281008400525	4.33333333333333
1	11.4455008736312	-0.900699955909503	4.33333333333333
1	11.5244353624148	-0.863399239035854	4.33333333333333
1	11.6033698511985	-0.820907933384302	4.33333333333333
1	11.6823043399821	-0.773226038954848	4.33333333333333
1	11.7612388287658	-0.720353555747492	4.33333333333333
1	11.8401733175495	-0.662290483762235	4.33333333333333
1	11.9191078063331	-0.599036822999073	4.33333333333333
1	11.9980422951168	-0.530592573458011	4.33333333333333
1	12.0769767839005	-0.456957735139046	4.33333333333333
1	12.1559112726841	-0.378132308042179	4.33333333333333
1	12.2348457614678	-0.294116292167409	4.33333333333333
1	12.3137802502515	-0.204909687514737	4.33333333333333
1	12.3927147390351	-0.110512494084164	4.33333333333333
1	12.4716492278188	-0.0109247118756888	4.33333333333333
1	12.5505837166024	0.0938536591106913	4.33333333333333
1	12.6295182053861	0.203822618874971	4.33333333333333
1	12.7084526941698	0.318982167417153	4.33333333333333
1	12.7873871829534	0.439332304737238	4.33333333333333
1	12.8663216717371	0.564873030835224	4.33333333333333
1	12.9452561605208	0.695604345711115	4.33333333333333
1	13.0241906493044	0.831526249364906	4.33333333333333
1	13.1031251380881	0.972638741796599	4.33333333333333
1	13.1820596268717	1.11894182300619	4.33333333333333
1	13.2609941156554	1.2704354929937	4.33333333333333
1	13.3399286044391	1.42711975175909	4.33333333333333
1	13.4188630932227	1.5889945993024	4.33333333333333
1	13.4977975820064	1.7560600356236	4.33333333333333
1	13.5767320707901	1.92831606072271	4.33333333333333
1	13.6556665595737	2.10576267459972	4.33333333333333
1	13.7346010483574	2.2	4.33333333333333
1	13.8135355371411	2.2	4.33333333333333
1	13.8924700259247	2.2	4.33333333333333
1	13.9714045147084	2.2	4.33333333333333
1	14.050339003492	2.2	4.33333333333333
1	14.1292734922757	2.2	4.33333333333333
1	14.2082079810594	2.2	4.33333333333333
1	14.287142469843	2.2	4.33333333333333
1	14.3660769586267	2.2	4.33333333333333
1	14.4450114474104	2.2	4.33333333333333
1	14.523945936194	2.2	4.33333333333333
1	14.6028804249777	2.2	4.33333333333333
1	14.6818149137613	2.2	4.33333333333333
1	14.760749402545	2.2	4.33333333333333
1	14.8396838913287	2.2	4.33333333333333
1	14.9186183801123	2.2	4.33333333333333
1	14.997552868896	2.2	4.33333333333333
1	15.0764873576797	2.2	4.33333333333333
1	15.1554218464633	2.2	4.33333333333333
1	15.234356335247	2.2	4.33333333333333
1	15.3132908240307	2.2	4.33333333333333
1	15.3922253128143	2.2	4.33333333333333
1	15.471159801598	2.2	4.33333333333333
1	15.5500942903816	2.2	4.33333333333333
1	15.6290287791653	2.2	4.33333333333333
1	15.707963267949	2.2	4.33333333333333
1	0	2.2	5.33333333333333
1	0.0789344887836631	2.2	5.33333333333333
1	0.157868977567326	2.2	5.33333333333333
1	0.236803466350989	2.2	5.33333333333333
1	0.315737955134653	2.2	5.33333333333333
1	0.394672443918316	2.2	5.33333333333333
1	0.473606932701979	2.2	5.33333333333333
1	0.552541421485642	2.2	5.33333333333333
1	0.631475910269305	2.2	5.33333333333333
1	0.710410399052968	2.2	5.33333333333333
1	0.789344887836632	2.2	5.33333333333333
1	0.868279376620295	2.2	5.33333333333333
1	0.947213865403958	2.2	5.33333333333333
1	1.02614835418762	2.2	5.33333333333333
1	1.10508284297128	2.2	5.33333333333333
1	1.18401733175495	2.2	5.33333333333333
1	1.26295182053861	2.2	5.33333333333333
1	1.34188630932227	2.2	5.33333333333333
1	1.42082079810594	2.2	5.33333333333333
1	1.4997552868896	2.2	5.33333333333333
1	1.57868977567326	2.2	5.33333333333333
1	1.65762426445693	2.2	5.33333333333333
1	1.73655875324059	2.2	5.33333333333333
1	1.81549324202425	2.2	5.33333333333333
1	1.89442773080792	2.2	5.33333333333333
1	1.97336221959158	2.2	5.33333333333333
1	2.05229670837524	2.2	5.33333333333333
1	2.1312311971589	2.2	5.33333333333333
1	2.21016568594257	2.2	5.33333333333333
1	2.28910017472623	2.2	5.33333333333333
1	2.36803466350989	2.2	5.33333333333333
1	2.44696915229356	2.2	5.33333333333333
1	2.52590364107722	2.2	5.33333333333333
1	2.60483812986088	2.2	5.33333333333333
1	2.68377261864455	2.2	5.33333333333333
1	2.76270710742821	2.2	5.33333333333333
1	2.84164159621187	2.2	5.33333333333333
1	2.92057608499554	2.2	5.33333333333333
1	2.9995105737792	2.2	5.33333333333333
1	3.07844506256286	2.2	5.33333333333333
1	3.15737955134653	2.2	5.33333333333333
1	3.23631404013019	2.2	5.33333333333333
1	3.31524852891385	2.2	5.33333333333333
1	3.39418301769752	2.2	5.33333333333333
1	3.47311750648118	2.2	5.33333333333333
1	3.55205199526484	2.2	5.33333333333333
1	3.63098648404851	2.2	5.33333333333333
1	3.70992097283217	2.2	5.33333333333333
1	3.78885546161583	2.2	5.33333333333333
1	3.86778995039949	2.2	5.33333333333333
1	3.94672443918316	2.2	5.33333333333333
1	4.02565892796682	2.2	5.33333333333333
1	4.10459341675048	2.2	5.33333333333333
1	4.18352790553415	2.2	5.33333333333333
1	4.26246239431781	2.2	5.33333333333333
1	4.34139688310147	2.2	5.33333333333333
1	4.42033137188514	2.2	5.33333333333333
1	4.4992658606688	2.2	5.33333333333333
1	4.57820034945246	2.2	5.33333333333333
1	4.65713483823613	2.2	5.33333333333333
1	4.73606932701979	2.2	5.33333333333333
1	4.81500381580345	2.2	5.33333333333333
1	4.89393830458712	2.2	5.33333333333333
1	4.97287279337078	2.2	5.33333333333333
1	5.05180728215444	2.2	5.33333333333333
1	5.1307417709381	2.2	5.33333333333333
1	5.20967625972177	2.2	5.33333333333333
1	5.28861074850543	2.2	5.33333333333333
1	5.36754523728909	2.2	5.33333333333333
1	5.44647972607276	2.2	5.33333333333333
1	5.52541421485642	2.2	5.33333333333333
1	5.60434870364008	2.2	5.33333333333333
1	5.68328319242375	2.2	5.33333333333333
1	5.76221768120741	2.2	5.33333333333333
1	5.84115216999107	2.2	5.33333333333333
1	5.92008665877474	2.2	5.33333333333333
1	5.9990211475584	2.2	5.33333333333333
1	6.07795563634206	2.2	5.33333333333333
1	6.15689012512573	2.2	5.33333333333333
1	6.23582461390939	2.2	5.33333333333333
1	6.31475910269305	2.2	5.33333333333333
1	6.39369359147672	2.2	5.33333333333333
1	6.47262808026038	2.2	5.33333333333333
1	6.55156256904404	2.2	5.33333333333333
1	6.6304970578277	2.2	5.33333333333333
1	6.70943154661137	2.2	5.33333333333333
1	6.78836603539503	2.2	5.33333333333333
1	6.86730052417869	2.2	5.33333333333333
1	6.94623501296236	2.2	5.33333333333333
1	7.02516950174602	2.2	5.33333333333333
1	7.10410399052968	2.2	5.33333333333333
1	7.18303847931335	2.2	5.33333333333333
1	7.26197296809701	2.2	5.33333333333333
1	7.34090745688067	2.2	5.33333333333333
1	7.41984194566434	2.2	5.33333333333333
1	7.498776434448	2.2	5.33333333333333
1	7.57771092323166	2.2	5.33333333333333
1	7.65664541201533	2.2	5.33333333333333
1	7.73557990079899	2.2	5.33333333333333
1	7.81451438958265	2.2	5.33333333333333
1	7.89344887836631	2.2	5.33333333333333
1	7.97238336714998	2.2	5.33333333333333
1	8.05131785593364	2.2	5.33333333333333
1	8.1302523447173	2.2	5.33333333333333
1	8.20918683350097	2.2	5.33333333333333
1	8.28812132228463	2.2	5.33333333333333
1	8.36705581106829	2.2	5.33333333333333
1	8.44599029985196	2.2	5.33333333333333
1	8.52492478863562	2.04319491675789	5.33333333333333
1	8.60385927741928	1.85185957143415	5.33333333333333
1	8.68279376620295	1.66673600987937	5.33333333333333
1	8.76172825498661	1.48782423209354	5.33333333333333
1	8.84066274377027	1.31512423807667	5.33333333333333
1	8.91959723255394	1.14863602782875	5.33333333333333
1	8.9985317213376	0.988359601349782	5.33333333333333
1	9.07746621012126	0.834294958639774	5.33333333333333
1	9.15640069890492	0.686442099698722	5.33333333333333
1	9.23533518768859	0.544801024526625	5.33333333333333
1	9.31426967647225	0.40937173312348	5.33333333333333
1	9.39320416525591	0.280154225489293	5.33333333333333
1	9.47213865403958	0.157148501624061	5.33333333333333
1	9.55107314282324	0.0403545615277837	5.33333333333333
1	9.6300076316069	-0.0702275947995403	5.33333333333333
1	9.70894212039057	-0.174597967357907	5.33333333333333
1	9.78787660917423	-0.272756556147318	5.33333333333333
1	9.86681109795789	-0.364703361167774	5.33333333333333
1	9.94574558674156	-0.450438382419277	5.33333333333333
1	10.0246800755252	-0.529961619901823	5.33333333333333
1	10.1036145643089	-0.603273073615414	5.33333333333333
1	10.1825490530925	-0.67037274356005	5.33333333333333
1	10.2614835418762	-0.731260629735731	5.33333333333333
1	10.3404180306599	-0.785936732142457	5.33333333333333
1	10.4193525194435	-0.834401050780227	5.33333333333333
1	10.4982870082272	-0.876653585649043	5.33333333333333
1	10.5772214970109	-0.912694336748902	5.33333333333333
1	10.6561559857945	-0.942523304079808	5.33333333333333
1	10.7350904745782	-0.966140487641758	5.33333333333333
1	10.8140249633619	-0.983545887434753	5.33333333333333
1	10.8929594521455	-0.994739503458792	5.33333333333333
1	10.9718939409292	-0.999721335713877	5.33333333333333
1	11.0508284297128	-0.998491384200006	5.33333333333333
1	11.1297629184965	-0.99104964891718	5.33333333333333
1	11.2086974072802	-0.977396129865399	5.33333333333333
1	11.2876318960638	-0.957530827044662	5.33333333333333
1	11.3665663848475	-0.931453740454971	5.33333333333333
1	11.4455008736312	-0.899164870096324	5.33333333333333
1	11.5244353624148	-0.860664215968723	5.33333333333333
1	11.6033698511985	-0.815951778072165	5.33333333333333
1	11.6823043399821	-0.765027556406653	5.33333333333333
1	11.7612388287658	-0.707891550972186	5.33333333333333
1	11.8401733175495	-0.644543761768764	5.33333333333333
1	11.9191078063331	-0.574984188796385	5.33333333333333
1	11.9980422951168	-0.499212832055053	5.33333333333333
1	12.0769767839005	-0.417229691544765	5.33333333333333
1	12.1559112726841	-0.329034767265523	5.33333333333333
1	12.2348457614678	-0.234628059217323	5.33333333333333
1	12.3137802502515	-0.13400956740017	5.33333333333333
1	12.3927147390351	-0.0271792918140616	5.33333333333333
1	12.4716492278188	0.0858627675410015	5.33333333333333
1	12.5505837166024	0.205116610665022	5.33333333333333
1	12.6295182053861	0.330582237557996	5.33333333333333
1	12.7084526941698	0.462259648219925	5.33333333333333
1	12.7873871829534	0.600148842650808	5.33333333333333
1	12.8663216717371	0.744249820850647	5.33333333333333
1	12.9452561605208	0.894562582819445	5.33333333333333
1	13.0241906493044	1.05108712855719	5.33333333333333
1	13.1031251380881	1.2138234580639	5.33333333333333
1	13.1820596268717	1.38277157133956	5.33333333333333
1	13.2609941156554	1.55793146838418	5.33333333333333
1	13.3399286044391	1.73930314919775	5.33333333333333
1	13.4188630932227	1.92688661378027	5.33333333333333
1	13.4977975820064	2.12068186213175	5.33333333333333
1	13.5767320707901	2.2	5.33333333333333
1	13.6556665595737	2.2	5.33333333333333
1	13.7346010483574	2.2	5.33333333333333
1	13.8135355371411	2.2	5.33333333333333
1	13.8924700259247	2.2	5.33333333333333
1	13.9714045147084	2.2	5.33333333333333
1	14.050339003492	2.2	5.33333333333333
1	14.1292734922757	2.2	5.33333333333333
1	14.2082079810594	2.2	5.33333333333333
1	14.287142469843	2.2	5.33333333333333
1	14.3660769586267	2.2	5.33333333333333
1	14.4450114474104	2.2	5.33333333333333
1	14.523945936194	2.2	5.33333333333333
1	14.6028804249777	2.2	5.33333333333333
1	14.6818149137613	2.2	5.33333333333333
1	14.760749402545	2.2	5.33333333333333
1	14.8396838913287	2.2	5.33333333333333
1	14.9186183801123	2.2	5.33333333333333
1	14.997552868896	2.2	5.33333333333333
1	15.0764873576797	2.2	5.33333333333333
1	15.1554218464633	2.2	5.33333333333333
1	15.234356335247	2.2	5.33333333333333
1	15.3132908240307	2.2	5.33333333333333
1	15.3922253128143	2.2	5.33333333333333
1	15.471159801598	2.2	5.33333333333333
1	15.5500942903816	2.2	5.33333333333333
1	15.6290287791653	2.2	5.33333333333333
1	15.707963267949	2.2	5.33333333333333
1	0	2.2	6.33333333333333
1	0.0789344887836631	2.2	6.33333333333333
1	0.157868977567326	2.2	6.33333333333333
1	0.236803466350989	2.2	6.33333333333333
1	0.315737955134653	2.2	6.33333333333333
1	0.394672443918316	2.2	6.33333333333333
1	0.473606932701979	2.2	6.33333333333333
1	0.552541421485642	2.2	6.33333333333333
1	0.631475910269305	2.2	6.33333333333333
1	0.710410399052968	2.2	6.33333333333333
1	0.789344887836632	2.2	6.33333333333333
1	0.868279376620295	2.2	6.33333333333333
1	0.947213865403958	2.2	6.33333333333333
1	1.02614835418762	2.2	6.33333333333333
1	1.10508284297128	2.2	6.33333333333333
1	1.18401733175495	2.2	6.33333333333333
1	1.26295182053861	2.2	6.33333333333333
1	1.34188630932227	2.2	6.33333333333333
1	1.42082079810594	2.2	6.33333333333333
1	1.4997552868896	2.2	6.33333333333333
1	1.57868977567326	2.2	6.33333333333333
1	1.65762426445693	2.2	6.33333333333333
1	1.73655875324059	2.2	6.33333333333333
1	1.81549324202425	2.2	6.33333333333333
1	1.89442773080792	2.2	6.33333333333333
1	1.97336221959158	2.2	6.33333333333333
1	2.05229670837524	2.2	6.33333333333333
1	2.1312311971589	2.2	6.33333333333333
1	2.21016568594257	2.2	6.33333333333333
1	2.28910017472623	2.2	6.33333333333333
1	2.36803466350989	2.2	6.33333333333333
1	2.44696915229356	2.2	6.33333333333333
1	2.52590364107722	2.2	6.33333333333333
1	2.60483812986088	2.2	6.33333333333333
1	2.68377261864455	2.2	6.33333333333333
1	2.76270710742821	2.2	6.33333333333333
1	2.84164159621187	2.2	6.33333333333333
1	2.92057608499554	2.2	6.33333333333333
1	2.9995105737792	2.2	6.33333333333333
1	3.07844506256286	2.2	6.33333333333333
1	3.15737955134653	2.2	6.33333333333333
1	3.23631404013019	2.2	6.33333333333333
1	3.31524852891385	2.2	6.33333333333333
1	3.39418301769752	2.2	6.33333333333333
1	3.47311750648118	2.2	6.33333333333333
1	3.55205199526484	2.2	6.33333333333333
1	3.63098648404851	2.2	6.33333333333333
1	3.70992097283217	2.2	6.33333333333333
1	3.78885546161583	2.2	6.33333333333333
1	3.86778995039949	2.2	6.33333333333333
1	3.94672443918316	2.2	6.33333333333333
1	4.02565892796682	2.2	6.33333333333333
1	4.10459341675048	2.2	6.33333333333333
1	4.18352790553415	2.2	6.33333333333333
1	4.26246239431781	2.2	6.33333333333333
1	4.34139688310147	2.2	6.33333333333333
1	4.42033137188514	2.2	6.33333333333333
1	4.4992658606688	2.2	6.33333333333333
1	4.57820034945246	2.2	6.33333333333333
1	4.65713483823613	2.2	6.33333333333333
1	4.73606932701979	2.2	6.33333333333333
1	4.81500381580345	2.2	6.33333333333333
1	4.89393830458712	2.2	6.33333333333333
1	4.97287279337078	2.2	6.33333333333333
1	5.05180728215444	2.2	6.33333333333333
1	5.1307417709381	2.2	6.33333333333333
1	5.20967625972177	2.2	6.33333333333333
1	5.28861074850543	2.2	6.33333333333333
1	5.36754523728909	2.2	6.33333333333333
1	5.44647972607276	2.2	6.33333333333333
1	5.52541421485642	2.2	6.33333333333333
1	5.60434870364008	2.2	6.33333333333333
1	5.68328319242375	2.2	6.33333333333333
1	5.76221768120741	2.2	6.33333333333333
1	5.84115216999107	2.2	6.33333333333333
1	5.92008665877474	2.2	6.33333333333333
1	5.9990211475584	2.2	6.33333333333333
1	6.07795563634206	2.2	6.33333333333333
1	6.15689012512573	2.2	6.33333333333333
1	6.23582461390939	2.2	6.33333333333333
1	6.31475910269305	2.2	6.33333333333333
1	6.39369359147672	2.2	6.33333333333333
1	6.47262808026038	2.2	6.33333333333333
1	6.55156256904404	2.2	6.33333333333333
1	6.6304970578277	2.2	6.33333333333333
1	6.70943154661137	2.2	6.33333333333333
1	6.78836603539503	2.2	6.33333333333333
1	6.86730052417869	2.2	6.33333333333333
1	6.94623501296236	2.2	6.33333333333333
1	7.02516950174602	2.2	6.33333333333333
1	7.10410399052968	2.2	6.33333333333333
1	7.18303847931335	2.2	6.33333333333333
1	7.26197296809701	2.2	6.33333333333333
1	7.34090745688067	2.2	6.33333333333333
1	7.41984194566434	2.2	6.33333333333333
1	7.498776434448	2.2	6.33333333333333
1	7.57771092323166	2.2	6.33333333333333
1	7.65664541201533	2.2	6.33333333333333
1	7.73557990079899	2.2	6.33333333333333
1	7.81451438958265	2.2	6.33333333333333
1	7.89344887836631	2.2	6.33333333333333
1	7.97238336714998	2.2	6.33333333333333
1	8.05131785593364	2.2	6.33333333333333
1	8.1302523447173	2.2	6.33333333333333
1	8.20918683350097	2.2	6.33333333333333
1	8.28812132228463	2.2	6.33333333333333
1	8.36705581106829	2.2	6.33333333333333
1	8.44599029985196	2.2	6.33333333333333
1	8.52492478863562	2.05205443535453	6.33333333333333
1	8.60385927741928	1.86015030933718	6.33333333333333
1	8.68279376620295	1.67447683676195	6.33333333333333
1	8.76172825498661	1.49503401762886	6.33333333333333
1	8.84066274377027	1.32182185193788	6.33333333333333
1	8.91959723255394	1.15484033968903	6.33333333333333
1	8.9985317213376	0.994089480882309	6.33333333333333
1	9.07746621012126	0.839569275517711	6.33333333333333
1	9.15640069890492	0.691279723595238	6.33333333333333
1	9.23533518768859	0.54922082511489	6.33333333333333
1	9.31426967647225	0.413392580076665	6.33333333333333
1	9.39320416525591	0.283794988480567	6.33333333333333
1	9.47213865403958	0.160428050326594	6.33333333333333
1	9.55107314282324	0.0432917656147467	6.33333333333333
1	9.6300076316069	-0.0676138656549783	6.33333333333333
1	9.70894212039057	-0.172288843482576	6.33333333333333
1	9.78787660917423	-0.270733167868048	6.33333333333333
1	9.86681109795789	-0.362946838811396	6.33333333333333
1	9.94574558674156	-0.44892985631262	6.33333333333333
1	10.0246800755252	-0.528682220371717	6.33333333333333
1	10.1036145643089	-0.60220393098869	6.33333333333333
1	10.1825490530925	-0.669494988163537	6.33333333333333
1	10.2614835418762	-0.730555391896259	6.33333333333333
1	10.3404180306599	-0.785385142186858	6.33333333333333
1	10.4193525194435	-0.83398423903533	6.33333333333333
1	10.4982870082272	-0.876352682441677	6.33333333333333
1	10.5772214970109	-0.912490472405899	6.33333333333333
1	10.6561559857945	-0.942397608927997	6.33333333333333
1	10.7350904745782	-0.966074092007969	6.33333333333333
1	10.8140249633619	-0.983519921645816	6.33333333333333
1	10.8929594521455	-0.994735097841538	6.33333333333333
1	10.9718939409292	-0.999719620595135	6.33333333333333
1	11.0508284297128	-0.998473489906607	6.33333333333333
1	11.1297629184965	-0.990996705775954	6.33333333333333
1	11.2086974072802	-0.977289268203176	6.33333333333333
1	11.2876318960638	-0.957351177188272	6.33333333333333
1	11.3665663848475	-0.931182432731244	6.33333333333333
1	11.4455008736312	-0.898783034832091	6.33333333333333
1	11.5244353624148	-0.860152983490813	6.33333333333333
1	11.6033698511985	-0.815292278707409	6.33333333333333
1	11.6823043399821	-0.76420092048188	6.33333333333333
1	11.7612388287658	-0.706878908814227	6.33333333333333
1	11.8401733175495	-0.643326243704449	6.33333333333333
1	11.9191078063331	-0.573542925152544	6.33333333333333
1	11.9980422951168	-0.497528953158515	6.33333333333333
1	12.0769767839005	-0.415284327722361	6.33333333333333
1	12.1559112726841	-0.326809048844083	6.33333333333333
1	12.2348457614678	-0.232103116523677	6.33333333333333
1	12.3137802502515	-0.131166530761149	6.33333333333333
1	12.3927147390351	-0.0239992915564949	6.33333333333333
1	12.4716492278188	0.0893986010902838	6.33333333333333
1	12.5505837166024	0.20902714717919	6.33333333333333
1	12.6295182053861	0.334886346710219	6.33333333333333
1	12.7084526941698	0.466976199683373	6.33333333333333
1	12.7873871829534	0.605296706098652	6.33333333333333
1	12.8663216717371	0.749847865956055	6.33333333333333
1	12.9452561605208	0.900629679255587	6.33333333333333
1	13.0241906493044	1.05764214599724	6.33333333333333
1	13.1031251380881	1.22088526618102	6.33333333333333
1	13.1820596268717	1.39035903980692	6.33333333333333
1	13.2609941156554	1.56606346687496	6.33333333333333
1	13.3399286044391	1.74799854738511	6.33333333333333
1	13.4188630932227	1.93616428133739	6.33333333333333
1	13.4977975820064	2.13056066873179	6.33333333333333
1	13.5767320707901	2.2	6.33333333333333
1	13.6556665595737	2.2	6.33333333333333
1	13.7346010483574	2.2	6.33333333333333
1	13.8135355371411	2.2	6.33333333333333
1	13.8924700259247	2.2	6.33333333333333
1	13.9714045147084	2.2	6.33333333333333
1	14.050339003492	2.2	6.33333333333333
1	14.1292734922757	2.2	6.33333333333333
1	14.2082079810594	2.2	6.33333333333333
1	14.287142469843	2.2	6.33333333333333
1	14.3660769586267	2.2	6.33333333333333
1	14.4450114474104	2.2	6.33333333333333
1	14.523945936194	2.2	6.33333333333333
1	14.6028804249777	2.2	6.33333333333333
1	14.6818149137613	2.2	6.33333333333333
1	14.760749402545	2.2	6.33333333333333
1	14.8396838913287	2.2	6.33333333333333
1	14.9186183801123	2.2	6.33333333333333
1	14.997552868896	2.2	6.33333333333333
1	15.0764873576797	2.2	6.33333333333333
1	15.1554218464633	2.2	6.33333333333333
1	15.234356335247	2.2	6.33333333333333
1	15.3132908240307	2.2	6.33333333333333
1	15.3922253128143	2.2	6.33333333333333
1	15.471159801598	2.2	6.33333333333333
1	15.5500942903816	2.2	6.33333333333333
1	15.6290287791653	2.2	6.33333333333333
1	15.707963267949	2.2	6.33333333333333
1	0	2.2	7.33333333333333
1	0.0789344887836631	2.2	7.33333333333333
1	0.157868977567326	2.2	7.33333333333333
1	0.236803466350989	2.2	7.33333333333333
1	0.315737955134653	2.2	7.33333333333333
1	0.394672443918316	2.2	7.33333333333333
1	0.473606932701979	2.2	7.33333333333333
1	0.552541421485642	2.2	7.33333333333333
1	0.631475910269305	2.2	7.33333333333333
1	0.710410399052968	2.2	7.33333333333333
1	0.789344887836632	2.2	7.33333333333333
1	0.868279376620295	2.2	7.33333333333333
1	0.947213865403958	2.2	7.33333333333333
1	1.02614835418762	2.2	7.33333333333333
1	1.10508284297128	2.2	7.33333333333333
1	1.18401733175495	2.2	7.33333333333333
1	1.26295182053861	2.2	7.33333333333333
1	1.34188630932227	2.2	7.33333333333333
1	1.42082079810594	2.2	7.33333333333333
1	1.4997552868896	2.2	7.33333333333333
1	1.57868977567326	2.2	7.33333333333333
1	1.65762426445693	2.2	7.33333333333333
1	1.73655875324059	2.2	7.33333333333333
1	1.81549324202425	2.2	7.33333333333333
1	1.89442773080792	2.2	7.33333333333333
1	1.97336221959158	2.2	7.33333333333333
1	2.05229670837524	2.2	7.33333333333333
1	2.1312311971589	2.2	7.33333333333333
1	2.21016568594257	2.2	7.33333333333333
1	2.28910017472623	2.2	7.33333333333333
1	2.36803466350989	2.2	7.33333333333333
1	2.44696915229356	2.2	7.33333333333333
1	2.52590364107722	2.2	7.33333333333333
1	2.60483812986088	2.2	7.33333333333333
1	2.68377261864455	2.2	7.33333333333333
1	2.76270710742821	2.2	7.33333333333333
1	2.84164159621187	2.2	7.33333333333333
1	2.92057608499554	2.2	7.33333333333333
1	2.9995105737792	2.2	7.33333333333333
1	3.07844506256286	2.2	7.33333333333333
1	3.15737955134653	2.2	7.33333333333333
1	3.23631404013019	2.2	7.33333333333333
1	3.31524852891385	2.2	7.33333333333333
1	3.39418301769752	2.2	7.33333333333333
1	3.47311750648118	2.2	7.33333333333333
1	3.55205199526484	2.2	7.33333333333333
1	3.63098648404851	2.2	7.33333333333333
1	3.70992097283217	2.2	7.33333333333333
1	3.78885546161583	2.2	7.33333333333333
1	3.86778995039949	2.2	7.33333333333333
1	3.94672443918316	2.2	7.33333333333333
1	4.02565892796682	2.2	7.33333333333333
1	4.10459341675048	2.2	7.33333333333333
1	4.18352790553415	2.2	7.33333333333333
1	4.26246239431781	2.2	7.33333333333333
1	4.34139688310147	2.2	7.33333333333333
1	4.42033137188514	2.2	7.33333333333333
1	4.4992658606688	2.2	7.33333333333333
1	4.57820034945246	2.2	7.33333333333333
1	4.65713483823613	2.2	7.33333333333333
1	4.73606932701979	2.2	7.33333333333333
1	4.81500381580345	2.2	7.33333333333333
1	4.89393830458712	2.2	7.33333333333333
1	4.97287279337078	2.2	7.33333333333333
1	5.05180728215444	2.2	7.33333333333333
1	5.1307417709381	2.2	7.33333333333333
1	5.20967625972177	2.2	7.33333333333333
1	5.28861074850543	2.2	7.33333333333333
1	5.36754523728909	2.2	7.33333333333333
1	5.44647972607276	2.2	7.33333333333333
1	5.52541421485642	2.2	7.33333333333333
1	5.60434870364008	2.2	7.33333333333333
1	5.68328319242375	2.2	7.33333333333333
1	5.76221768120741	2.2	7.33333333333333
1	5.84115216999107	2.2	7.33333333333333
1	5.92008665877474	2.2	7.33333333333333
1	5.9990211475584	2.2	7.33333333333333
1	6.07795563634206	2.2	7.33333333333333
1	6.15689012512573	2.2	7.33333333333333
1	6.23582461390939	2.2	7.33333333333333
1	6.31475910269305	2.2	7.33333333333333
1	6.39369359147672	2.2	7.33333333333333
1	6.47262808026038	2.2	7.33333333333333
1	6.55156256904404	2.2	7.33333333333333
1	6.6304970578277	2.2	7.33333333333333
1	6.70943154661137	2.2	7.33333333333333
1	6.78836603539503	2.2	7.33333333333333
1	6.86730052417869	2.2	7.33333333333333
1	6.94623501296236	2.2	7.33333333333333
1	7.02516950174602	2.2	7.33333333333333
1	7.10410399052968	2.2	7.33333333333333
1	7.18303847931335	2.2	7.33333333333333
1	7.26197296809701	2.2	7.33333333333333
1	7.34090745688067	2.2	7.33333333333333
1	7.41984194566434	2.2	7.33333333333333
1	7.498776434448	2.2	7.33333333333333
1	7.57771092323166	2.2	7.33333333333333
1	7.65664541201533	2.2	7.33333333333333
1	7.73557990079899	2.2	7.33333333333333
1	7.81451438958265	2.2	7.33333333333333
1	7.89344887836631	2.2	7.33333333333333
1	7.97238336714998	2.2	7.33333333333333
1	8.05131785593364	2.2	7.33333333333333
1	8.1302523447173	2.2	7.33333333333333
1	8.20918683350097	2.2	7.33333333333333
1	8.28812132228463	2.2	7.33333333333333
1	8.36705581106829	2.2	7.33333333333333
1	8.44599029985196	2.2	7.33333333333333
1	8.52492478863562	2.05205447327821	7.33333333333333
1	8.60385927741928	1.86015034487644	7.33333333333333
1	8.68279376620295	1.67447686999419	7.33333333333333
1	8.76172825498661	1.49503404863149	7.33333333333333
1	8.84066274377027	1.32182188078833	7.33333333333333
1	8.91959723255394	1.15484036646471	7.33333333333333
1	8.9985317213376	0.994089505660616	7.33333333333333
1	9.07746621012126	0.839569298376068	7.33333333333333
1	9.15640069890492	0.691279744611059	7.33333333333333
1	9.23533518768859	0.549220844365588	7.33333333333333
1	9.31426967647225	0.413392597639652	7.33333333333333
1	9.39320416525591	0.283795004433257	7.33333333333333
1	9.47213865403958	0.1604280647464	7.33333333333333
1	9.55107314282324	0.0432917785790822	7.33333333333333
1	9.6300076316069	-0.0676138540687006	7.33333333333333
1	9.70894212039057	-0.172288833196942	7.33333333333333
1	9.78787660917423	-0.270733158805646	7.33333333333333
1	9.86681109795789	-0.362946830894812	7.33333333333333
1	9.94574558674156	-0.448929849464441	7.33333333333333
1	10.0246800755252	-0.52868221451453	7.33333333333333
1	10.1036145643089	-0.602203926045081	7.33333333333333
1	10.1825490530925	-0.669494984056093	7.33333333333333
1	10.2614835418762	-0.730555388547568	7.33333333333333
1	10.3404180306599	-0.785385139519506	7.33333333333333
1	10.4193525194435	-0.833984236971903	7.33333333333333
1	10.4982870082272	-0.876352680904763	7.33333333333333
1	10.5772214970109	-0.912490471318085	7.33333333333333
1	10.6561559857945	-0.942397608211869	7.33333333333333
1	10.7350904745782	-0.966074091586114	7.33333333333333
1	10.8140249633619	-0.983519921440821	7.33333333333333
1	10.8929594521455	-0.99473509777599	7.33333333333333
1	10.9718939409292	-0.999719620591621	7.33333333333333
1	11.0508284297128	-0.998473489887713	7.33333333333333
1	11.1297629184965	-0.990996705664267	7.33333333333333
1	11.2086974072802	-0.977289267921283	7.33333333333333
1	11.2876318960638	-0.957351176658761	7.33333333333333
1	11.3665663848475	-0.9311824318767	7.33333333333333
1	11.4455008736312	-0.898783033575101	7.33333333333333
1	11.5244353624148	-0.860152981753965	7.33333333333333
1	11.6033698511985	-0.815292276413289	7.33333333333333
1	11.6823043399821	-0.764200917553075	7.33333333333333
1	11.7612388287658	-0.706878905173324	7.33333333333333
1	11.8401733175495	-0.643326239274034	7.33333333333333
1	11.9191078063331	-0.573542919855204	7.33333333333333
1	11.9980422951168	-0.497528946916838	7.33333333333333
1	12.0769767839005	-0.415284320458934	7.33333333333333
1	12.1559112726841	-0.326809040481491	7.33333333333333
1	12.2348457614678	-0.232103106984508	7.33333333333333
1	12.3137802502515	-0.13116651996799	7.33333333333333
1	12.3927147390351	-0.0239992794319323	7.33333333333333
1	12.4716492278188	0.0893986146236632	7.33333333333333
1	12.5505837166024	0.2090271621988	7.33333333333333
1	12.6295182053861	0.334886363293471	7.33333333333333
1	12.7084526941698	0.466976217907681	7.33333333333333
1	12.7873871829534	0.60529672604143	7.33333333333333
1	12.8663216717371	0.749847887694716	7.33333333333333
1	12.9452561605208	0.900629702867544	7.33333333333333
1	13.0241906493044	1.05764217155991	7.33333333333333
1	13.1031251380881	1.22088529377181	7.33333333333333
1	13.1820596268717	1.39035906950325	7.33333333333333
1	13.2609941156554	1.56606349875423	7.33333333333333
1	13.3399286044391	1.74799858152474	7.33333333333333
1	13.4188630932227	1.9361643178148	7.33333333333333
1	13.4977975820064	2.13056070762439	7.33333333333333
1	13.5767320707901	2.2	7.33333333333333
1	13.6556665595737	2.2	7.33333333333333
1	13.7346010483574	2.2	7.33333333333333
1	13.8135355371411	2.2	7.33333333333333
1	13.8924700259247	2.2	7.33333333333333
1	13.9714045147084	2.2	7.33333333333333
1	14.050339003492	2.2	7.33333333333333
1	14.1292734922757	2.2	7.33333333333333
1	14.2082079810594	2.2	7.33333333333333
1	14.287142469843	2.2	7.33333333333333
1	14.3660769586267	2.2	7.33333333333333
1	14.4450114474104	2.2	7.33333333333333
1	14.523945936194	2.2	7.33333333333333
1	14.6028804249777	2.2	7.33333333333333
1	14.6818149137613	2.2	7.33333333333333
1	14.760749402545	2.2	7.33333333333333
1	14.8396838913287	2.2	7.33333333333333
1	14.9186183801123	2.2	7.33333333333333
1	14.997552868896	2.2	7.33333333333333
1	15.0764873576797	2.2	7.33333333333333
1	15.1554218464633	2.2	7.33333333333333
1	15.234356335247	2.2	7.33333333333333
1	15.3132908240307	2.2	7.33333333333333
1	15.3922253128143	2.2	7.33333333333333
1	15.471159801598	2.2	7.33333333333333
1	15.5500942903816	2.2	7.33333333333333
1	15.6290287791653	2.2	7.33333333333333
1	15.707963267949	2.2	7.33333333333333
1	0	2.2	8.33333333333333
1	0.0789344887836631	2.2	8.33333333333333
1	0.157868977567326	2.2	8.33333333333333
1	0.236803466350989	2.2	8.33333333333333
1	0.315737955134653	2.2	8.33333333333333
1	0.394672443918316	2.2	8.33333333333333
1	0.473606932701979	2.2	8.33333333333333
1	0.552541421485642	2.2	8.33333333333333
1	0.631475910269305	2.2	8.33333333333333
1	0.710410399052968	2.2	8.33333333333333
1	0.789344887836632	2.2	8.33333333333333
1	0.868279376620295	2.2	8.33333333333333
1	0.947213865403958	2.2	8.33333333333333
1	1.02614835418762	2.2	8.33333333333333
1	1.10508284297128	2.2	8.33333333333333
1	1.18401733175495	2.2	8.33333333333333
1	1.26295182053861	2.2	8.33333333333333
1	1.34188630932227	2.2	8.33333333333333
1	1.42082079810594	2.2	8.33333333333333
1	1.4997552868896	2.2	8.33333333333333
1	1.57868977567326	2.2	8.33333333333333
1	1.65762426445693	2.2	8.33333333333333
1	1.73655875324059	2.2	8.33333333333333
1	1.81549324202425	2.2	8.33333333333333
1	1.89442773080792	2.2	8.33333333333333
1	1.97336221959158	2.2	8.33333333333333
1	2.05229670837524	2.2	8.33333333333333
1	2.1312311971589	2.2	8.33333333333333
1	2.21016568594257	2.2	8.33333333333333
1	2.28910017472623	2.2	8.33333333333333
1	2.36803466350989	2.2	8.33333333333333
1	2.44696915229356	2.2	8.33333333333333
1	2.52590364107722	2.2	8.33333333333333
1	2.60483812986088	2.2	8.33333333333333
1	2.68377261864455	2.2	8.33333333333333
1	2.76270710742821	2.2	8.33333333333333
1	2.84164159621187	2.2	8.33333333333333
1	2.92057608499554	2.2	8.33333333333333
1	2.9995105737792	2.2	8.33333333333333
1	3.07844506256286	2.2	8.33333333333333
1	3.15737955134653	2.2	8.33333333333333
1	3.23631404013019	2.2	8.33333333333333
1	3.31524852891385	2.2	8.33333333333333
1	3.39418301769752	2.2	8.33333333333333
1	3.47311750648118	2.2	8.33333333333333
1	3.55205199526484	2.2	8.33333333333333
1	3.63098648404851	2.2	8.33333333333333
1	3.70992097283217	2.2	8.33333333333333
1	3.78885546161583	2.2	8.33333333333333
1	3.86778995039949	2.2	8.33333333333333
1	3.94672443918316	2.2	8.33333333333333
1	4.02565892796682	2.2	8.33333333333333
1	4.10459341675048	2.2	8.33333333333333
1	4.18352790553415	2.2	8.33333333333333
1	4.26246239431781	2.2	8.33333333333333
1	4.34139688310147	2.2	8.33333333333333
1	4.42033137188514	2.2	8.33333333333333
1	4.4992658606688	2.2	8.33333333333333
1	4.57820034945246	2.2	8.33333333333333
1	4.65713483823613	2.2	8.33333333333333
1	4.73606932701979	2.2	8.33333333333333
1	4.81500381580345	2.2	8.33333333333333
1	4.89393830458712	2.2	8.33333333333333
1	4.97287279337078	2.2	8.33333333333333
1	5.05180728215444	2.2	8.33333333333333
1	5.1307417709381	2.2	8.33333333333333
1	5.20967625972177	2.2	8.33333333333333
1	5.28861074850543	2.2	8.33333333333333
1	5.36754523728909	2.2	8.33333333333333
1	5.44647972607276	2.2	8.33333333333333
1	5.52541421485642	2.2	8.33333333333333
1	5.60434870364008	2.2	8.33333333333333
1	5.68328319242375	2.2	8.33333333333333
1	5.76221768120741	2.2	8.33333333333333
1	5.84115216999107	2.2	8.33333333333333
1	5.92008665877474	2.2	8.33333333333333
1	5.9990211475584	2.2	8.33333333333333
1	6.07795563634206	2.2	8.33333333333333
1	6.15689012512573	2.2	8.33333333333333
1	6.23582461390939	2.2	8.33333333333333
1	6.31475910269305	2.2	8.33333333333333
1	6.39369359147672	2.2	8.33333333333333
1	6.47262808026038	2.2	8.33333333333333
1	6.55156256904404	2.2	8.33333333333333
1	6.6304970578277	2.2	8.33333333333333
1	6.70943154661137	2.2	8.33333333333333
1	6.78836603539503	2.2	8.33333333333333
1	6.86730052417869	2.2	8.33333333333333
1	6.94623501296236	2.2	8.33333333333333
1	7.02516950174602	2.2	8.33333333333333
1	7.10410399052968	2.2	8.33333333333333
1	7.18303847931335	2.2	8.33333333333333
1	7.26197296809701	2.2	8.33333333333333
1	7.34090745688067	2.2	8.33333333333333
1	7.41984194566434	2.2	8.33333333333333
1	7.498776434448	2.2	8.33333333333333
1	7.57771092323166	2.2	8.33333333333333
1	7.65664541201533	2.2	8.33333333333333
1	7.73557990079899	2.2	8.33333333333333
1	7.81451438958265	2.2	8.33333333333333
1	7.89344887836631	2.2	8.33333333333333
1	7.97238336714998	2.2	8.33333333333333
1	8.05131785593364	2.2	8.33333333333333
1	8.1302523447173	2.2	8.33333333333333
1	8.20918683350097	2.2	8.33333333333333
1	8.28812132228463	2.2	8.33333333333333
1	8.36705581106829	2.2	8.33333333333333
1	8.44599029985196	2.2	8.33333333333333
1	8.52492478863562	2.05205447327821	8.33333333333333
1	8.60385927741928	1.86015034487643	8.33333333333333
1	8.68279376620295	1.67447686999419	8.33333333333333
1	8.76172825498661	1.49503404863149	8.33333333333333
1	8.84066274377027	1.32182188078833	8.33333333333333
1	8.91959723255394	1.15484036646471	8.33333333333333
1	8.9985317213376	0.994089505660616	8.33333333333333
1	9.07746621012126	0.839569298376068	8.33333333333333
1	9.15640069890492	0.691279744611059	8.33333333333333
1	9.23533518768859	0.549220844365588	8.33333333333333
1	9.31426967647225	0.413392597639652	8.33333333333333
1	9.39320416525591	0.283795004433257	8.33333333333333
1	9.47213865403958	0.1604280647464	8.33333333333333
1	9.55107314282324	0.0432917785790823	8.33333333333333
1	9.6300076316069	-0.0676138540687005	8.33333333333333
1	9.70894212039057	-0.172288833196942	8.33333333333333
1	9.78787660917423	-0.270733158805646	8.33333333333333
1	9.86681109795789	-0.362946830894812	8.33333333333333
1	9.94574558674156	-0.448929849464441	8.33333333333333
1	10.0246800755252	-0.52868221451453	8.33333333333333
1	10.1036145643089	-0.602203926045081	8.33333333333333
1	10.1825490530925	-0.669494984056093	8.33333333333333
1	10.2614835418762	-0.730555388547568	8.33333333333333
1	10.3404180306599	-0.785385139519505	8.33333333333333
1	10.4193525194435	-0.833984236971904	8.33333333333333
1	10.4982870082272	-0.876352680904763	8.33333333333333
1	10.5772214970109	-0.912490471318085	8.33333333333333
1	10.6561559857945	-0.942397608211869	8.33333333333333
1	10.7350904745782	-0.966074091586114	8.33333333333333
1	10.8140249633619	-0.983519921440821	8.33333333333333
1	10.8929594521455	-0.99473509777599	8.33333333333333
1	10.9718939409292	-0.999719620591621	8.33333333333333
1	11.0508284297128	-0.998473489887713	8.33333333333333
1	11.1297629184965	-0.990996705664267	8.33333333333333
1	11.2086974072802	-0.977289267921283	8.33333333333333
1	11.2876318960638	-0.957351176658761	8.33333333333333
1	11.3665663848475	-0.9311824318767	8.33333333333333
1	11.4455008736312	-0.898783033575102	8.33333333333333
1	11.5244353624148	-0.860152981753965	8.33333333333333
1	11.6033698511985	-0.815292276413288	8.33333333333333
1	11.6823043399821	-0.764200917553075	8.33333333333333
1	11.7612388287658	-0.706878905173324	8.33333333333333
1	11.8401733175495	-0.643326239274034	8.33333333333333
1	11.9191078063331	-0.573542919855204	8.33333333333333
1	11.9980422951168	-0.497528946916838	8.33333333333333
1	12.0769767839005	-0.415284320458934	8.33333333333333
1	12.1559112726841	-0.326809040481491	8.33333333333333
1	12.2348457614678	-0.232103106984508	8.33333333333333
1	12.3137802502515	-0.13116651996799	8.33333333333333
1	12.3927147390351	-0.0239992794319324	8.33333333333333
1	12.4716492278188	0.0893986146236632	8.33333333333333
1	12.5505837166024	0.209027162198799	8.33333333333333
1	12.6295182053861	0.334886363293471	8.33333333333333
1	12.7084526941698	0.466976217907681	8.33333333333333
1	12.7873871829534	0.60529672604143	8.33333333333333
1	12.8663216717371	0.749847887694716	8.33333333333333
1	12.9452561605208	0.900629702867544	8.33333333333333
1	13.0241906493044	1.05764217155991	8.33333333333333
1	13.1031251380881	1.22088529377181	8.33333333333333
1	13.1820596268717	1.39035906950325	8.33333333333333
1	13.2609941156554	1.56606349875423	8.33333333333333
1	13.3399286044391	1.74799858152474	8.33333333333333
1	13.4188630932227	1.9361643178148	8.33333333333333
1	13.4977975820064	2.13056070762439	8.33333333333333
1	13.5767320707901	2.2	8.33333333333333
1	13.6556665595737	2.2	8.33333333333333
1	13.7346010483574	2.2	8.33333333333333
1	13.8135355371411	2.2	8.33333333333333
1	13.8924700259247	2.2	8.33333333333333
1	13.9714045147084	2.2	8.33333333333333
1	14.050339003492	2.2	8.33333333333333
1	14.1292734922757	2.2	8.33333333333333
1	14.2082079810594	2.2	8.33333333333333
1	14.287142469843	2.2	8.33333333333333
1	14.3660769586267	2.2	8.33333333333333
1	14.4450114474104	2.2	8.33333333333333
1	14.523945936194	2.2	8.33333333333333
1	14.6028804249777	2.2	8.33333333333333
1	14.6818149137613	2.2	8.33333333333333
1	14.760749402545	2.2	8.33333333333333
1	14.8396838913287	2.2	8.33333333333333
1	14.9186183801123	2.2	8.33333333333333
1	14.997552868896	2.2	8.33333333333333
1	15.0764873576797	2.2	8.33333333333333
1	15.1554218464633	2.2	8.33333333333333
1	15.234356335247	2.2	8.33333333333333
1	15.3132908240307	2.2	8.33333333333333
1	15.3922253128143	2.2	8.33333333333333
1	15.471159801598	2.2	8.33333333333333
1	15.5500942903816	2.2	8.33333333333333
1	15.6290287791653	2.2	8.33333333333333
1	15.707963267949	2.2	8.33333333333333
1	0	2.2	1.66666666666667
1	0.0789344887836631	2.2	1.66666666666667
1	0.157868977567326	2.2	1.66666666666667
1	0.236803466350989	2.2	1.66666666666667
1	0.315737955134653	2.2	1.66666666666667
1	0.394672443918316	2.2	1.66666666666667
1	0.473606932701979	2.2	1.66666666666667
1	0.552541421485642	2.2	1.66666666666667
1	0.631475910269305	2.2	1.66666666666667
1	0.710410399052968	2.2	1.66666666666667
1	0.789344887836632	2.2	1.66666666666667
1	0.868279376620295	2.2	1.66666666666667
1	0.947213865403958	2.2	1.66666666666667
1	1.02614835418762	2.2	1.66666666666667
1	1.10508284297128	2.2	1.66666666666667
1	1.18401733175495	2.2	1.66666666666667
1	1.26295182053861	2.2	1.66666666666667
1	1.34188630932227	2.2	1.66666666666667
1	1.42082079810594	2.2	1.66666666666667
1	1.4997552868896	2.2	1.66666666666667
1	1.57868977567326	2.2	1.66666666666667
1	1.65762426445693	2.2	1.66666666666667
1	1.73655875324059	2.2	1.66666666666667
1	1.81549324202425	2.2	1.66666666666667
1	1.89442773080792	2.2	1.66666666666667
1	1.97336221959158	2.2	1.66666666666667
1	2.05229670837524	2.2	1.66666666666667
1	2.1312311971589	2.2	1.66666666666667
1	2.21016568594257	2.2	1.66666666666667
1	2.28910017472623	2.2	1.66666666666667
1	2.36803466350989	2.2	1.66666666666667
1	2.44696915229356	2.2	1.66666666666667
1	2.52590364107722	2.2	1.66666666666667
1	2.60483812986088	2.2	1.66666666666667
1	2.68377261864455	2.2	1.66666666666667
1	2.76270710742821	2.2	1.66666666666667
1	2.84164159621187	2.2	1.66666666666667
1	2.92057608499554	2.2	1.66666666666667
1	2.9995105737792	2.2	1.66666666666667
1	3.07844506256286	2.2	1.66666666666667
1	3.15737955134653	2.2	1.66666666666667
1	3.23631404013019	2.2	1.66666666666667
1	3.31524852891385	2.2	1.66666666666667
1	3.39418301769752	2.2	1.66666666666667
1	3.47311750648118	2.2	1.66666666666667
1	3.55205199526484	2.2	1.66666666666667
1	3.63098648404851	2.2	1.66666666666667
1	3.70992097283217	2.2	1.66666666666667
1	3.78885546161583	2.2	1.66666666666667
1	3.86778995039949	2.2	1.66666666666667
1	3.94672443918316	2.2	1.66666666666667
1	4.02565892796682	2.2	1.66666666666667
1	4.10459341675048	2.2	1.66666666666667
1	4.18352790553415	2.2	1.66666666666667
1	4.26246239431781	2.2	1.66666666666667
1	4.34139688310147	2.2	1.66666666666667
1	4.42033137188514	2.2	1.66666666666667
1	4.4992658606688	2.2	1.66666666666667
1	4.57820034945246	2.2	1.66666666666667
1	4.65713483823613	2.2	1.66666666666667
1	4.73606932701979	2.2	1.66666666666667
1	4.81500381580345	2.2	1.66666666666667
1	4.89393830458712	2.2	1.66666666666667
1	4.97287279337078	2.2	1.66666666666667
1	5.05180728215444	2.12013726473465	1.66666666666667
1	5.1307417709381	1.99282225067234	1.66666666666667
1	5.20967625972177	1.8677392391482	1.66666666666667
1	5.28861074850543	1.74488823016223	1.66666666666667
1	5.36754523728909	1.62426922371443	1.66666666666667
1	5.44647972607276	1.5058822198048	1.66666666666667
1	5.52541421485642	1.38972721843335	1.66666666666667
1	5.60434870364008	1.27580421960006	1.66666666666667
1	5.68328319242375	1.16411322330494	1.66666666666667
1	5.76221768120741	1.05465422954799	1.66666666666667
1	5.84115216999107	0.947427238329218	1.66666666666667
1	5.92008665877474	0.842432249648613	1.66666666666667
1	5.9990211475584	0.739669263506178	1.66666666666667
1	6.07795563634206	0.639138279901915	1.66666666666667
1	6.15689012512573	0.540839298835821	1.66666666666667
1	6.23582461390939	0.444772320307897	1.66666666666667
1	6.31475910269305	0.350937344318146	1.66666666666667
1	6.39369359147672	0.259334370866564	1.66666666666667
1	6.47262808026038	0.169963399953152	1.66666666666667
1	6.55156256904404	0.0828244315779116	1.66666666666667
1	6.6304970578277	-0.00208253425915927	1.66666666666667
1	6.70943154661137	-0.0847574975580576	1.66666666666667
1	6.78836603539503	-0.165200458318788	1.66666666666667
1	6.86730052417869	-0.243411416541346	1.66666666666667
1	6.94623501296236	-0.319390372225735	1.66666666666667
1	7.02516950174602	-0.393137325371952	1.66666666666667
1	7.10410399052968	-0.464652275979999	1.66666666666667
1	7.18303847931335	-0.533935224049875	1.66666666666667
1	7.26197296809701	-0.600986169581582	1.66666666666667
1	7.34090745688067	-0.665805112575117	1.66666666666667
1	7.41984194566434	-0.728392053030481	1.66666666666667
1	7.498776434448	-0.788746990947676	1.66666666666667
1	7.57771092323166	-0.846869926326699	1.66666666666667
1	7.65664541201533	-0.902760859167553	1.66666666666667
1	7.73557990079899	-0.956419789470235	1.66666666666667
1	7.81451438958265	-1.00784671723475	1.66666666666667
1	7.89344887836631	-1.05704164246109	1.66666666666667
1	7.97238336714998	-1.10400456514926	1.66666666666667
1	8.05131785593364	-1.14873548529926	1.66666666666667
1	8.1302523447173	-1.19123440291109	1.66666666666667
1	8.20918683350097	-1.23150131798475	1.66666666666667
1	8.28812132228463	-1.26953623052024	1.66666666666667
1	8.36705581106829	-1.30533914051756	1.66666666666667
1	8.44599029985196	-1.3389100479767	1.66666666666667
1	8.52492478863562	-1.37024895289768	1.66666666666667
1	8.60385927741928	-1.39935585528049	1.66666666666667
1	8.68279376620295	-1.42623075512512	1.66666666666667
1	8.76172825498661	-1.45087365243159	1.66666666666667
1	8.84066274377027	-1.47328454719988	1.66666666666667
1	8.91959723255394	-1.49346343943001	1.66666666666667
1	8.9985317213376	-1.51141032912196	1.66666666666667
1	9.07746621012126	-1.52712521627575	1.66666666666667
1	9.15640069890492	-1.54060810089136	1.66666666666667
1	9.23533518768859	-1.5518589829688	1.66666666666667
1	9.31426967647225	-1.56087786250807	1.66666666666667
1	9.39320416525591	-1.56766473950917	1.66666666666667
1	9.47213865403958	-1.5722196139721	1.66666666666667
1	9.55107314282324	-1.57454248589686	1.66666666666667
1	9.6300076316069	-1.57463335528345	1.66666666666667
1	9.70894212039057	-1.57249222213187	1.66666666666667
1	9.78787660917423	-1.56811908644212	1.66666666666667
1	9.86681109795789	-1.5615139482142	1.66666666666667
1	9.94574558674156	-1.55267680744811	1.66666666666667
1	10.0246800755252	-1.54160766414384	1.66666666666667
1	10.1036145643089	-1.52830651830141	1.66666666666667
1	10.1825490530925	-1.51277336992081	1.66666666666667
1	10.2614835418762	-1.49500821900203	1.66666666666667
1	10.3404180306599	-1.47501106554509	1.66666666666667
1	10.4193525194435	-1.45278190954997	1.66666666666667
1	10.4982870082272	-1.42832075101668	1.66666666666667
1	10.5772214970109	-1.40162758994523	1.66666666666667
1	10.6561559857945	-1.3727024263356	1.66666666666667
1	10.7350904745782	-1.3415452601878	1.66666666666667
1	10.8140249633619	-1.30815609150183	1.66666666666667
1	10.8929594521455	-1.27253492027769	1.66666666666667
1	10.9718939409292	-1.23468174651538	1.66666666666667
1	11.0508284297128	-1.1945965702149	1.66666666666667
1	11.1297629184965	-1.15227939137625	1.66666666666667
1	11.2086974072802	-1.10773020999943	1.66666666666667
1	11.2876318960638	-1.06094902608444	1.66666666666667
1	11.3665663848475	-1.01193583963128	1.66666666666667
1	11.4455008736312	-0.960690650639944	1.66666666666667
1	11.5244353624148	-0.90721345911044	1.66666666666667
1	11.6033698511985	-0.851504265042765	1.66666666666667
1	11.6823043399821	-0.793563068436921	1.66666666666667
1	11.7612388287658	-0.733389869292906	1.66666666666667
1	11.8401733175495	-0.670984667610721	1.66666666666667
1	11.9191078063331	-0.606347463390364	1.66666666666667
1	11.9980422951168	-0.539478256631837	1.66666666666667
1	12.0769767839005	-0.47037704733514	1.66666666666667
1	12.1559112726841	-0.399043835500273	1.66666666666667
1	12.2348457614678	-0.325478621127233	1.66666666666667
1	12.3137802502515	-0.249681404216024	1.66666666666667
1	12.3927147390351	-0.171652184766645	1.66666666666667
1	12.4716492278188	-0.0913909627790957	1.66666666666667
1	12.5505837166024	-0.00889773825337364	1.66666666666667
1	12.6295182053861	0.075827488810517	1.66666666666667
1	12.7084526941698	0.162784718412578	1.66666666666667
1	12.7873871829534	0.25197395055281	1.66666666666667
1	12.8663216717371	0.343395185231212	1.66666666666667
1	12.9452561605208	0.437048422447787	1.66666666666667
1	13.0241906493044	0.532933662202531	1.66666666666667
1	13.1031251380881	0.631050904495445	1.66666666666667
1	13.1820596268717	0.731400149326529	1.66666666666667
1	13.2609941156554	0.833981396695786	1.66666666666667
1	13.3399286044391	0.938794646603212	1.66666666666667
1	13.4188630932227	1.04583989904881	1.66666666666667
1	13.4977975820064	1.15511715403257	1.66666666666667
1	13.5767320707901	1.26662641155451	1.66666666666667
1	13.6556665595737	1.38036767161462	1.66666666666667
1	13.7346010483574	1.4963409342129	1.66666666666667
1	13.8135355371411	1.61454619934935	1.66666666666667
1	13.8924700259247	1.73498346702397	1.66666666666667
1	13.9714045147084	1.85765273723676	1.66666666666667
1	14.050339003492	1.98255400998772	1.66666666666667
1	14.1292734922757	2.10968728527685	1.66666666666667
1	14.2082079810594	2.2	1.66666666666667
1	14.287142469843	2.2	1.66666666666667
1	14.3660769586267	2.2	1.66666666666667
1	14.4450114474104	2.2	1.66666666666667
1	14.523945936194	2.2	1.66666666666667
1	14.6028804249777	2.2	1.66666666666667
1	14.6818149137613	2.2	1.66666666666667
1	14.760749402545	2.2	1.66666666666667
1	14.8396838913287	2.2	1.66666666666667
1	14.9186183801123	2.2	1.66666666666667
1	14.997552868896	2.2	1.66666666666667
1	15.0764873576797	2.2	1.66666666666667
1	15.1554218464633	2.2	1.66666666666667
1	15.234356335247	2.2	1.66666666666667
1	15.3132908240307	2.2	1.66666666666667
1	15.3922253128143	2.2	1.66666666666667
1	15.471159801598	2.2	1.66666666666667
1	15.5500942903816	2.2	1.66666666666667
1	15.6290287791653	2.2	1.66666666666667
1	15.707963267949	2.2	1.66666666666667
1	0	2.2	2.66666666666667
1	0.0789344887836631	2.2	2.66666666666667
1	0.157868977567326	2.2	2.66666666666667
1	0.236803466350989	2.2	2.66666666666667
1	0.315737955134653	2.2	2.66666666666667
1	0.394672443918316	2.2	2.66666666666667
1	0.473606932701979	2.2	2.66666666666667
1	0.552541421485642	2.2	2.66666666666667
1	0.631475910269305	2.2	2.66666666666667
1	0.710410399052968	2.2	2.66666666666667
1	0.789344887836632	2.2	2.66666666666667
1	0.868279376620295	2.2	2.66666666666667
1	0.947213865403958	2.2	2.66666666666667
1	1.02614835418762	2.2	2.66666666666667
1	1.10508284297128	2.2	2.66666666666667
1	1.18401733175495	2.2	2.66666666666667
1	1.26295182053861	2.2	2.66666666666667
1	1.34188630932227	2.2	2.66666666666667
1	1.42082079810594	2.2	2.66666666666667
1	1.4997552868896	2.2	2.66666666666667
1	1.57868977567326	2.2	2.66666666666667
1	1.65762426445693	2.2	2.66666666666667
1	1.73655875324059	2.2	2.66666666666667
1	1.81549324202425	2.2	2.66666666666667
1	1.89442773080792	2.2	2.66666666666667
1	1.97336221959158	2.2	2.66666666666667
1	2.05229670837524	2.2	2.66666666666667
1	2.1312311971589	2.2	2.66666666666667
1	2.21016568594257	2.2	2.66666666666667
1	2.28910017472623	2.2	2.66666666666667
1	2.36803466350989	2.2	2.66666666666667
1	2.44696915229356	2.2	2.66666666666667
1	2.52590364107722	2.2	2.66666666666667
1	2.60483812986088	2.2	2.66666666666667
1	2.68377261864455	2.2	2.66666666666667
1	2.76270710742821	2.2	2.66666666666667
1	2.84164159621187	2.2	2.66666666666667
1	2.92057608499554	2.2	2.66666666666667
1	2.9995105737792	2.2	2.66666666666667
1	3.07844506256286	2.2	2.66666666666667
1	3.15737955134653	2.2	2.66666666666667
1	3.23631404013019	2.2	2.66666666666667
1	3.31524852891385	2.2	2.66666666666667
1	3.39418301769752	2.2	2.66666666666667
1	3.47311750648118	2.2	2.66666666666667
1	3.55205199526484	2.2	2.66666666666667
1	3.63098648404851	2.2	2.66666666666667
1	3.70992097283217	2.2	2.66666666666667
1	3.78885546161583	2.2	2.66666666666667
1	3.86778995039949	2.2	2.66666666666667
1	3.94672443918316	2.2	2.66666666666667
1	4.02565892796682	2.2	2.66666666666667
1	4.10459341675048	2.2	2.66666666666667
1	4.18352790553415	2.2	2.66666666666667
1	4.26246239431781	2.2	2.66666666666667
1	4.34139688310147	2.2	2.66666666666667
1	4.42033137188514	2.2	2.66666666666667
1	4.4992658606688	2.2	2.66666666666667
1	4.57820034945246	2.2	2.66666666666667
1	4.65713483823613	2.2	2.66666666666667
1	4.73606932701979	2.2	2.66666666666667
1	4.81500381580345	2.2	2.66666666666667
1	4.89393830458712	2.2	2.66666666666667
1	4.97287279337078	2.2	2.66666666666667
1	5.05180728215444	2.2	2.66666666666667
1	5.1307417709381	2.2	2.66666666666667
1	5.20967625972177	2.2	2.66666666666667
1	5.28861074850543	2.2	2.66666666666667
1	5.36754523728909	2.2	2.66666666666667
1	5.44647972607276	2.2	2.66666666666667
1	5.52541421485642	2.2	2.66666666666667
1	5.60434870364008	2.2	2.66666666666667
1	5.68328319242375	2.2	2.66666666666667
1	5.76221768120741	2.2	2.66666666666667
1	5.84115216999107	2.2	2.66666666666667
1	5.92008665877474	2.2	2.66666666666667
1	5.9990211475584	2.2	2.66666666666667
1	6.07795563634206	2.2	2.66666666666667
1	6.15689012512573	2.2	2.66666666666667
1	6.23582461390939	2.2	2.66666666666667
1	6.31475910269305	2.2	2.66666666666667
1	6.39369359147672	2.2	2.66666666666667
1	6.47262808026038	2.2	2.66666666666667
1	6.55156256904404	2.2	2.66666666666667
1	6.6304970578277	2.2	2.66666666666667
1	6.70943154661137	2.2	2.66666666666667
1	6.78836603539503	2.2	2.66666666666667
1	6.86730052417869	2.2	2.66666666666667
1	6.94623501296236	2.2	2.66666666666667
1	7.02516950174602	2.2	2.66666666666667
1	7.10410399052968	2.2	2.66666666666667
1	7.18303847931335	2.2	2.66666666666667
1	7.26197296809701	2.2	2.66666666666667
1	7.34090745688067	2.2	2.66666666666667
1	7.41984194566434	2.2	2.66666666666667
1	7.498776434448	2.2	2.66666666666667
1	7.57771092323166	2.16092022802188	2.66666666666667
1	7.65664541201533	2.05687160777226	2.66666666666667
1	7.73557990079899	1.95387081541916	2.66666666666667
1	7.81451438958265	1.85191785096259	2.66666666666667
1	7.89344887836631	1.75101271440255	2.66666666666667
1	7.97238336714998	1.65115540573904	2.66666666666667
1	8.05131785593364	1.55234592497206	2.66666666666667
1	8.1302523447173	1.4545842721016	2.66666666666667
1	8.20918683350097	1.35787044712767	2.66666666666667
1	8.28812132228463	1.26220445005027	2.66666666666667
1	8.36705581106829	1.1675862808694	2.66666666666667
1	8.44599029985196	1.07401593958505	2.66666666666667
1	8.52492478863562	0.981493426197234	2.66666666666667
1	8.60385927741928	0.890018740705944	2.66666666666667
1	8.68279376620295	0.799591883111181	2.66666666666667
1	8.76172825498661	0.710212853412946	2.66666666666667
1	8.84066274377027	0.62188165161124	2.66666666666667
1	8.91959723255394	0.534598277706062	2.66666666666667
1	8.9985317213376	0.448362731697409	2.66666666666667
1	9.07746621012126	0.363175013585286	2.66666666666667
1	9.15640069890492	0.279035123369691	2.66666666666667
1	9.23533518768859	0.195943061050623	2.66666666666667
1	9.31426967647225	0.113898826628082	2.66666666666667
1	9.39320416525591	0.0329024201020701	2.66666666666667
1	9.47213865403958	-0.047046158527414	2.66666666666667
1	9.55107314282324	-0.12594690926037	2.66666666666667
1	9.6300076316069	-0.203799832096801	2.66666666666667
1	9.70894212039057	-0.280604927036701	2.66666666666667
1	9.78787660917423	-0.356362194080074	2.66666666666667
1	9.86681109795789	-0.43107163322692	2.66666666666667
1	9.94574558674156	-0.504733244477239	2.66666666666667
1	10.0246800755252	-0.577347027831028	2.66666666666667
1	10.1036145643089	-0.64891298328829	2.66666666666667
1	10.1825490530925	-0.719431110849024	2.66666666666667
1	10.2614835418762	-0.788901410513231	2.66666666666667
1	10.3404180306599	-0.857323882280911	2.66666666666667
1	10.4193525194435	-0.924698526152062	2.66666666666667
1	10.4982870082272	-0.991025342126685	2.66666666666667
1	10.5772214970109	-1.05630433020478	2.66666666666667
1	10.6561559857945	-1.12053549038635	2.66666666666667
1	10.7350904745782	-1.18371882267139	2.66666666666667
1	10.8140249633619	-1.2458543270599	2.66666666666667
1	10.8929594521455	-1.30694200355188	2.66666666666667
1	10.9718939409292	-1.36698185214734	2.66666666666667
1	11.0508284297128	-1.42597387284627	2.66666666666667
1	11.1297629184965	-1.48391806564867	2.66666666666667
1	11.2086974072802	-1.54081443055455	2.66666666666667
1	11.2876318960638	-1.59666296756389	2.66666666666667
1	11.3665663848475	-1.65146367667671	2.66666666666667
1	11.4455008736312	-1.705216557893	2.66666666666667
1	11.5244353624148	-1.75792161121276	2.66666666666667
1	11.6033698511985	-1.809578836636	2.66666666666667
1	11.6823043399821	-1.8601882341627	2.66666666666667
1	11.7612388287658	-1.90974980379288	2.66666666666667
1	11.8401733175495	-1.95826354552653	2.66666666666667
1	11.9191078063331	-2.00572945936366	2.66666666666667
1	11.9980422951168	-2.05214754530425	2.66666666666667
1	12.0769767839005	-2.09751780334832	2.66666666666667
1	12.1559112726841	-2.14184023349586	2.66666666666667
1	12.2348457614678	-2.18511483574687	2.66666666666667
1	12.3137802502515	-2.2	2.66666666666667
1	12.3927147390351	-2.2	2.66666666666667
1	12.4716492278188	-2.2	2.66666666666667
1	12.5505837166024	-2.2	2.66666666666667
1	12.6295182053861	-2.2	2.66666666666667
1	12.7084526941698	-2.2	2.66666666666667
1	12.7873871829534	-2.2	2.66666666666667
1	12.8663216717371	-2.2	2.66666666666667
1	12.9452561605208	-2.2	2.66666666666667
1	13.0241906493044	-2.2	2.66666666666667
1	13.1031251380881	-2.2	2.66666666666667
1	13.1820596268717	-2.2	2.66666666666667
1	13.2609941156554	-2.2	2.66666666666667
1	13.3399286044391	-2.2	2.66666666666667
1	13.4188630932227	-2.2	2.66666666666667
1	13.4977975820064	-2.2	2.66666666666667
1	13.5767320707901	-2.2	2.66666666666667
1	13.6556665595737	-2.2	2.66666666666667
1	13.7346010483574	-2.2	2.66666666666667
1	13.8135355371411	-2.2	2.66666666666667
1	13.8924700259247	-2.2	2.66666666666667
1	13.9714045147084	-2.2	2.66666666666667
1	14.050339003492	-2.2	2.66666666666667
1	14.1292734922757	-2.2	2.66666666666667
1	14.2082079810594	-2.2	2.66666666666667
1	14.287142469843	-2.2	2.66666666666667
1	14.3660769586267	-2.2	2.66666666666667
1	14.4450114474104	-2.2	2.66666666666667
1	14.523945936194	-2.2	2.66666666666667
1	14.6028804249777	-2.2	2.66666666666667
1	14.6818149137613	-2.2	2.66666666666667
1	14.760749402545	-2.2	2.66666666666667
1	14.8396838913287	-2.2	2.66666666666667
1	14.9186183801123	-2.2	2.66666666666667
1	14.997552868896	-2.2	2.66666666666667
1	15.0764873576797	-2.2	2.66666666666667
1	15.1554218464633	-2.2	2.66666666666667
1	15.234356335247	-2.2	2.66666666666667
1	15.3132908240307	-2.2	2.66666666666667
1	15.3922253128143	-2.2	2.66666666666667
1	15.471159801598	-2.2	2.66666666666667
1	15.5500942903816	-2.2	2.66666666666667
1	15.6290287791653	-2.2	2.66666666666667
1	15.707963267949	-2.2	2.66666666666667
1	0	-2.2	3.66666666666667
1	0.0789344887836631	-2.2	3.66666666666667
1	0.157868977567326	-2.2	3.66666666666667
1	0.236803466350989	-2.2	3.66666666666667
1	0.315737955134653	-2.2	3.66666666666667
1	0.394672443918316	-2.2	3.66666666666667
1	0.473606932701979	-2.2	3.66666666666667
1	0.552541421485642	-2.2	3.66666666666667
1	0.631475910269305	-2.2	3.66666666666667
1	0.710410399052968	-2.2	3.66666666666667
1	0.789344887836632	-2.2	3.66666666666667
1	0.868279376620295	-2.2	3.66666666666667
1	0.947213865403958	-2.2	3.66666666666667
1	1.02614835418762	-2.2	3.66666666666667
1	1.10508284297128	-2.2	3.66666666666667
1	1.18401733175495	-2.2	3.66666666666667
1	1.26295182053861	-2.2	3.66666666666667
1	1.34188630932227	-2.2	3.66666666666667
1	1.42082079810594	-2.2	3.66666666666667
1	1.4997552868896	-2.2	3.66666666666667
1	1.57868977567326	-2.2	3.66666666666667
1	1.65762426445693	-2.2	3.66666666666667
1	1.73655875324059	-2.2	3.66666666666667
1	1.81549324202425	-2.2	3.66666666666667
1	1.89442773080792	-2.2	3.66666666666667
1	1.97336221959158	-2.2	3.66666666666667
1	2.05229670837524	-2.2	3.66666666666667
1	2.1312311971589	-2.2	3.66666666666667
1	2.21016568594257	-2.2	3.66666666666667
1	2.28910017472623	-2.2	3.66666666666667
1	2.36803466350989	-2.2	3.66666666666667
1	2.44696915229356	-2.2	3.66666666666667
1	2.52590364107722	-2.2	3.66666666666667
1	2.60483812986088	-2.2	3.66666666666667
1	2.68377261864455	-2.2	3.66666666666667
1	2.76270710742821	-2.2	3.66666666666667
1	2.84164159621187	-2.2	3.66666666666667
1	2.92057608499554	-2.2	3.66666666666667
1	2.9995105737792	-2.2	3.66666666666667
1	3.07844506256286	-2.2	3.66666666666667
1	3.15737955134653	-2.2	3.66666666666667
1	3.23631404013019	-2.2	3.66666666666667
1	3.31524852891385	-2.2	3.66666666666667
1	3.39418301769752	-2.2	3.66666666666667
1	3.47311750648118	-2.2	3.66666666666667
1	3.55205199526484	-2.2	3.66666666666667
1	3.63098648404851	-2.2	3.66666666666667
1	3.70992097283217	-2.2	3.66666666666667
1	3.78885546161583	-2.2	3.66666666666667
1	3.86778995039949	-2.2	3.66666666666667
1	3.94672443918316	-2.2	3.66666666666667
1	4.02565892796682	-2.2	3.66666666666667
1	4.10459341675048	-2.2	3.66666666666667
1	4.18352790553415	-2.2	3.66666666666667
1	4.26246239431781	-2.2	3.66666666666667
1	4.34139688310147	-2.2	3.66666666666667
1	4.42033137188514	-2.2	3.66666666666667
1	4.4992658606688	-2.2	3.66666666666667
1	4.57820034945246	-2.2	3.66666666666667
1	4.65713483823613	-2.2	3.66666666666667
1	4.73606932701979	-2.2	3.66666666666667
1	4.81500381580345	-2.2	3.66666666666667
1	4.89393830458712	-2.2	3.66666666666667
1	4.97287279337078	-2.2	3.66666666666667
1	5.05180728215444	-2.2	3.66666666666667
1	5.1307417709381	-2.2	3.66666666666667
1	5.20967625972177	-2.2	3.66666666666667
1	5.28861074850543	-2.2	3.66666666666667
1	5.36754523728909	-2.2	3.66666666666667
1	5.44647972607276	-2.2	3.66666666666667
1	5.52541421485642	-2.2	3.66666666666667
1	5.60434870364008	-2.2	3.66666666666667
1	5.68328319242375	-2.2	3.66666666666667
1	5.76221768120741	-2.10744436978255	3.66666666666667
1	5.84115216999107	-1.993399881398	3.66666666666667
1	5.92008665877474	-1.88091282761835	3.66666666666667
1	5.9990211475584	-1.7699832084436	3.66666666666667
1	6.07795563634206	-1.66061102387376	3.66666666666667
1	6.15689012512573	-1.55279627390883	3.66666666666667
1	6.23582461390939	-1.4465389585488	3.66666666666667
1	6.31475910269305	-1.34183907779367	3.66666666666667
1	6.39369359147672	-1.23869663164345	3.66666666666667
1	6.47262808026038	-1.13711162009813	3.66666666666667
1	6.55156256904404	-1.03708404315772	3.66666666666667
1	6.6304970578277	-0.93861390082221	3.66666666666667
1	6.70943154661137	-0.841701193091607	3.66666666666667
1	6.78836603539503	-0.746345919965908	3.66666666666667
1	6.86730052417869	-0.652548081445113	3.66666666666667
1	6.94623501296236	-0.560307677529222	3.66666666666667
1	7.02516950174602	-0.469624708218237	3.66666666666667
1	7.10410399052968	-0.380499173512154	3.66666666666667
1	7.18303847931335	-0.29293107341098	3.66666666666667
1	7.26197296809701	-0.206920407914703	3.66666666666667
1	7.34090745688067	-0.122467177023339	3.66666666666667
1	7.41984194566434	-0.0395713807368736	3.66666666666667
1	7.498776434448	0.0417669809446837	3.66666666666667
1	7.57771092323166	0.121547908021338	3.66666666666667
1	7.65664541201533	0.199771400493088	3.66666666666667
1	7.73557990079899	0.276437458359934	3.66666666666667
1	7.81451438958265	0.351546081621875	3.66666666666667
1	7.89344887836631	0.425097270278911	3.66666666666667
1	7.97238336714998	0.497091024331044	3.66666666666667
1	8.05131785593364	0.567527343778272	3.66666666666667
1	8.1302523447173	0.636406228620595	3.66666666666667
1	8.20918683350097	0.703727678858013	3.66666666666667
1	8.28812132228463	0.769491694490527	3.66666666666667
1	8.36705581106829	0.833698275518138	3.66666666666667
1	8.44599029985196	0.896347421940844	3.66666666666667
1	8.52492478863562	0.957439133758643	3.66666666666667
1	8.60385927741928	1.01697341097154	3.66666666666667
1	8.68279376620295	1.07495025357953	3.66666666666667
1	8.76172825498661	1.13136966158262	3.66666666666667
1	8.84066274377027	1.1862316349808	3.66666666666667
1	8.91959723255394	1.23953617377408	3.66666666666667
1	8.9985317213376	1.29128327796245	3.66666666666667
1	9.07746621012126	1.34147294754592	3.66666666666667
1	9.15640069890492	1.39010518252449	3.66666666666667
1	9.23533518768859	1.43717998289815	3.66666666666667
1	9.31426967647225	1.4826973486669	3.66666666666667
1	9.39320416525591	1.52665727983075	3.66666666666667
1	9.47213865403958	1.5690597763897	3.66666666666667
1	9.55107314282324	1.60990483834374	3.66666666666667
1	9.6300076316069	1.64919246569288	3.66666666666667
1	9.70894212039057	1.68692265843712	3.66666666666667
1	9.78787660917423	1.72309541657644	3.66666666666667
1	9.86681109795789	1.75771074011087	3.66666666666667
1	9.94574558674156	1.79076862904039	3.66666666666667
1	10.0246800755252	1.822269083365	3.66666666666667
1	10.1036145643089	1.85221210308472	3.66666666666667
1	10.1825490530925	1.88059768819952	3.66666666666667
1	10.2614835418762	1.90742583870942	3.66666666666667
1	10.3404180306599	1.93269655461442	3.66666666666667
1	10.4193525194435	1.95640983591451	3.66666666666667
1	10.4982870082272	1.9785656826097	3.66666666666667
1	10.5772214970109	1.99916409469999	3.66666666666667
1	10.6561559857945	2.01820507218537	3.66666666666667
1	10.7350904745782	2.03568861506584	3.66666666666667
1	10.8140249633619	2.05161472334141	3.66666666666667
1	10.8929594521455	2.06598339701208	3.66666666666667
1	10.9718939409292	2.07879463607784	3.66666666666667
1	11.0508284297128	2.0900484405387	3.66666666666667
1	11.1297629184965	2.09974481039465	3.66666666666667
1	11.2086974072802	2.1078837456457	3.66666666666667
1	11.2876318960638	2.11446524629184	3.66666666666667
1	11.3665663848475	2.11948931233308	3.66666666666667
1	11.4455008736312	2.12295594376942	3.66666666666667
1	11.5244353624148	2.12486514060085	3.66666666666667
1	11.6033698511985	2.12521690282737	3.66666666666667
1	11.6823043399821	2.12401123044899	3.66666666666667
1	11.7612388287658	2.12124812346571	3.66666666666667
1	11.8401733175495	2.11692758187752	3.66666666666667
1	11.9191078063331	2.11104960568443	3.66666666666667
1	11.9980422951168	2.10361419488643	3.66666666666667
1	12.0769767839005	2.09462134948353	3.66666666666667
1	12.1559112726841	2.08407106947573	3.66666666666667
1	12.2348457614678	2.07196335486301	3.66666666666667
1	12.3137802502515	2.0582982056454	3.66666666666667
1	12.3927147390351	2.04307562182288	3.66666666666667
1	12.4716492278188	2.02629560339546	3.66666666666667
1	12.5505837166024	2.00795815036313	3.66666666666667
1	12.6295182053861	1.9880632627259	3.66666666666667
1	12.7084526941698	1.96661094048376	3.66666666666667
1	12.7873871829534	1.94360118363672	3.66666666666667
1	12.8663216717371	1.91903399218477	3.66666666666667
1	12.9452561605208	1.89290936612792	3.66666666666667
1	13.0241906493044	1.86522730546617	3.66666666666667
1	13.1031251380881	1.83598781019951	3.66666666666667
1	13.1820596268717	1.80519088032794	3.66666666666667
1	13.2609941156554	1.77283651585147	3.66666666666667
1	13.3399286044391	1.7389247167701	3.66666666666667
1	13.4188630932227	1.70345548308382	3.66666666666667
1	13.4977975820064	1.66642881479264	3.66666666666667
1	13.5767320707901	1.62784471189656	3.66666666666667
1	13.6556665595737	1.58770317439556	3.66666666666667
1	13.7346010483574	1.54600420228967	3.66666666666667
1	13.8135355371411	1.50274779557887	3.66666666666667
1	13.8924700259247	1.45793395426316	3.66666666666667
1	13.9714045147084	1.41156267834256	3.66666666666667
1	14.050339003492	1.36363396781704	3.66666666666667
1	14.1292734922757	1.31414782268663	3.66666666666667
1	14.2082079810594	1.2631042429513	3.66666666666667
1	14.287142469843	1.21050322861108	3.66666666666667
1	14.3660769586267	1.15634477966594	3.66666666666667
1	14.4450114474104	1.10062889611591	3.66666666666667
1	14.523945936194	1.04335557796097	3.66666666666667
1	14.6028804249777	0.984524825201123	3.66666666666667
1	14.6818149137613	0.924136637836374	3.66666666666667
1	14.760749402545	0.862191015866721	3.66666666666667
1	14.8396838913287	0.798687959292162	3.66666666666667
1	14.9186183801123	0.733627468112699	3.66666666666667
1	14.997552868896	0.667009542328332	3.66666666666667
1	15.0764873576797	0.598834181939061	3.66666666666667
1	15.1554218464633	0.529101386944885	3.66666666666667
1	15.234356335247	0.457811157345803	3.66666666666667
1	15.3132908240307	0.384963493141819	3.66666666666667
1	15.3922253128143	0.310558394332929	3.66666666666667
1	15.471159801598	0.234595860919136	3.66666666666667
1	15.5500942903816	0.157075892900436	3.66666666666667
1	15.6290287791653	0.077998490276833	3.66666666666667
1	15.707963267949	-0.00263634695167422	3.66666666666667
1	0	2.2	4.66666666666667
1	0.0789344887836631	2.2	4.66666666666667
1	0.157868977567326	2.2	4.66666666666667
1	0.236803466350989	2.2	4.66666666666667
1	0.315737955134653	2.2	4.66666666666667
1	0.394672443918316	2.2	4.66666666666667
1	0.473606932701979	2.2	4.66666666666667
1	0.552541421485642	2.2	4.66666666666667
1	0.631475910269305	2.2	4.66666666666667
1	0.710410399052968	2.2	4.66666666666667
1	0.789344887836632	2.2	4.66666666666667
1	0.868279376620295	2.2	4.66666666666667
1	0.947213865403958	2.2	4.66666666666667
1	1.02614835418762	2.2	4.66666666666667
1	1.10508284297128	2.2	4.66666666666667
1	1.18401733175495	2.2	4.66666666666667
1	1.26295182053861	2.2	4.66666666666667
1	1.34188630932227	2.2	4.66666666666667
1	1.42082079810594	2.2	4.66666666666667
1	1.4997552868896	2.2	4.66666666666667
1	1.57868977567326	2.2	4.66666666666667
1	1.65762426445693	2.2	4.66666666666667
1	1.73655875324059	2.2	4.66666666666667
1	1.81549324202425	2.2	4.66666666666667
1	1.89442773080792	2.2	4.66666666666667
1	1.97336221959158	2.2	4.66666666666667
1	2.05229670837524	2.2	4.66666666666667
1	2.1312311971589	2.2	4.66666666666667
1	2.21016568594257	2.2	4.66666666666667
1	2.28910017472623	2.2	4.66666666666667
1	2.36803466350989	2.2	4.66666666666667
1	2.44696915229356	2.2	4.66666666666667
1	2.52590364107722	2.2	4.66666666666667
1	2.60483812986088	2.2	4.66666666666667
1	2.68377261864455	2.2	4.66666666666667
1	2.76270710742821	2.2	4.66666666666667
1	2.84164159621187	2.2	4.66666666666667
1	2.92057608499554	2.2	4.66666666666667
1	2.9995105737792	2.2	4.66666666666667
1	3.07844506256286	2.2	4.66666666666667
1	3.15737955134653	2.2	4.66666666666667
1	3.23631404013019	2.2	4.66666666666667
1	3.31524852891385	2.2	4.66666666666667
1	3.39418301769752	2.2	4.66666666666667
1	3.47311750648118	2.2	4.66666666666667
1	3.55205199526484	2.2	4.66666666666667
1	3.63098648404851	2.2	4.66666666666667
1	3.70992097283217	2.2	4.66666666666667
1	3.78885546161583	2.2	4.66666666666667
1	3.86778995039949	2.2	4.66666666666667
1	3.94672443918316	2.2	4.66666666666667
1	4.02565892796682	2.2	4.66666666666667
1	4.10459341675048	2.2	4.66666666666667
1	4.18352790553415	2.2	4.66666666666667
1	4.26246239431781	2.2	4.66666666666667
1	4.34139688310147	2.2	4.66666666666667
1	4.42033137188514	2.2	4.66666666666667
1	4.4992658606688	2.2	4.66666666666667
1	4.57820034945246	2.2	4.66666666666667
1	4.65713483823613	2.2	4.66666666666667
1	4.73606932701979	2.2	4.66666666666667
1	4.81500381580345	2.2	4.66666666666667
1	4.89393830458712	2.2	4.66666666666667
1	4.97287279337078	2.2	4.66666666666667
1	5.05180728215444	2.2	4.66666666666667
1	5.1307417709381	2.2	4.66666666666667
1	5.20967625972177	2.2	4.66666666666667
1	5.28861074850543	2.2	4.66666666666667
1	5.36754523728909	2.2	4.66666666666667
1	5.44647972607276	2.2	4.66666666666667
1	5.52541421485642	2.2	4.66666666666667
1	5.60434870364008	2.2	4.66666666666667
1	5.68328319242375	2.2	4.66666666666667
1	5.76221768120741	2.2	4.66666666666667
1	5.84115216999107	2.2	4.66666666666667
1	5.92008665877474	2.2	4.66666666666667
1	5.9990211475584	2.2	4.66666666666667
1	6.07795563634206	2.2	4.66666666666667
1	6.15689012512573	2.2	4.66666666666667
1	6.23582461390939	2.2	4.66666666666667
1	6.31475910269305	2.2	4.66666666666667
1	6.39369359147672	2.2	4.66666666666667
1	6.47262808026038	2.2	4.66666666666667
1	6.55156256904404	2.2	4.66666666666667
1	6.6304970578277	2.2	4.66666666666667
1	6.70943154661137	2.2	4.66666666666667
1	6.78836603539503	2.2	4.66666666666667
1	6.86730052417869	2.2	4.66666666666667
1	6.94623501296236	2.2	4.66666666666667
1	7.02516950174602	2.2	4.66666666666667
1	7.10410399052968	2.2	4.66666666666667
1	7.18303847931335	2.2	4.66666666666667
1	7.26197296809701	2.2	4.66666666666667
1	7.34090745688067	2.2	4.66666666666667
1	7.41984194566434	2.2	4.66666666666667
1	7.498776434448	2.2	4.66666666666667
1	7.57771092323166	2.2	4.66666666666667
1	7.65664541201533	2.2	4.66666666666667
1	7.73557990079899	2.2	4.66666666666667
1	7.81451438958265	2.2	4.66666666666667
1	7.89344887836631	2.2	4.66666666666667
1	7.97238336714998	2.2	4.66666666666667
1	8.05131785593364	2.2	4.66666666666667
1	8.1302523447173	2.2	4.66666666666667
1	8.20918683350097	2.03906759004468	4.66666666666667
1	8.28812132228463	1.86355416702434	4.66666666666667
1	8.36705581106829	1.6932313327819	4.66666666666667
1	8.44599029985196	1.52809908731736	4.66666666666667
1	8.52492478863562	1.36815743063073	4.66666666666667
1	8.60385927741928	1.213406362722	4.66666666666667
1	8.68279376620295	1.06384588359117	4.66666666666667
1	8.76172825498661	0.919475993238238	4.66666666666667
1	8.84066274377027	0.780296691663213	4.66666666666667
1	8.91959723255394	0.64630797886609	4.66666666666667
1	8.9985317213376	0.517509854846866	4.66666666666667
1	9.07746621012126	0.393902319605547	4.66666666666667
1	9.15640069890492	0.275485373142131	4.66666666666667
1	9.23533518768859	0.162259015456616	4.66666666666667
1	9.31426967647225	0.0542232465490016	4.66666666666667
1	9.39320416525591	-0.0486219335807088	4.66666666666667
1	9.47213865403958	-0.146276524932516	4.66666666666667
1	9.55107314282324	-0.238740527506422	4.66666666666667
1	9.6300076316069	-0.326013941302427	4.66666666666667
1	9.70894212039057	-0.408096766320528	4.66666666666667
1	9.78787660917423	-0.484989002560727	4.66666666666667
1	9.86681109795789	-0.556690650023024	4.66666666666667
1	9.94574558674156	-0.623201708707421	4.66666666666667
1	10.0246800755252	-0.684522178613913	4.66666666666667
1	10.1036145643089	-0.740652059742503	4.66666666666667
1	10.1825490530925	-0.791591352093191	4.66666666666667
1	10.2614835418762	-0.837340055665977	4.66666666666667
1	10.3404180306599	-0.877898170460862	4.66666666666667
1	10.4193525194435	-0.913265696477843	4.66666666666667
1	10.4982870082272	-0.943442633716922	4.66666666666667
1	10.5772214970109	-0.9684289821781	4.66666666666667
1	10.6561559857945	-0.988224741861375	4.66666666666667
1	10.7350904745782	-1.00282991276675	4.66666666666667
1	10.8140249633619	-1.01224449489422	4.66666666666667
1	10.8929594521455	-1.01646848824379	4.66666666666667
1	10.9718939409292	-1.01550189281545	4.66666666666667
1	11.0508284297128	-1.00934470860922	4.66666666666667
1	11.1297629184965	-0.997996935625079	4.66666666666667
1	11.2086974072802	-0.981458573863038	4.66666666666667
1	11.2876318960638	-0.959729623323095	4.66666666666667
1	11.3665663848475	-0.93281008400525	4.66666666666667
1	11.4455008736312	-0.900699955909503	4.66666666666667
1	11.5244353624148	-0.863399239035854	4.66666666666667
1	11.6033698511985	-0.820907933384302	4.66666666666667
1	11.6823043399821	-0.773226038954848	4.66666666666667
1	11.7612388287658	-0.720353555747492	4.66666666666667
1	11.8401733175495	-0.662290483762235	4.66666666666667
1	11.9191078063331	-0.599036822999073	4.66666666666667
1	11.9980422951168	-0.530592573458011	4.66666666666667
1	12.0769767839005	-0.456957735139046	4.66666666666667
1	12.1559112726841	-0.378132308042179	4.66666666666667
1	12.2348457614678	-0.294116292167409	4.66666666666667
1	12.3137802502515	-0.204909687514737	4.66666666666667
1	12.3927147390351	-0.110512494084164	4.66666666666667
1	12.4716492278188	-0.0109247118756888	4.66666666666667
1	12.5505837166024	0.0938536591106913	4.66666666666667
1	12.6295182053861	0.203822618874971	4.66666666666667
1	12.7084526941698	0.318982167417153	4.66666666666667
1	12.7873871829534	0.439332304737238	4.66666666666667
1	12.8663216717371	0.564873030835224	4.66666666666667
1	12.9452561605208	0.695604345711115	4.66666666666667
1	13.0241906493044	0.831526249364906	4.66666666666667
1	13.1031251380881	0.972638741796599	4.66666666666667
1	13.1820596268717	1.11894182300619	4.66666666666667
1	13.2609941156554	1.2704354929937	4.66666666666667
1	13.3399286044391	1.42711975175909	4.66666666666667
1	13.4188630932227	1.5889945993024	4.66666666666667
1	13.4977975820064	1.7560600356236	4.66666666666667
1	13.5767320707901	1.92831606072271	4.66666666666667
1	13.6556665595737	2.10576267459972	4.66666666666667
1	13.7346010483574	2.2	4.66666666666667
1	13.8135355371411	2.2	4.66666666666667
1	13.8924700259247	2.2	4.66666666666667
1	13.9714045147084	2.2	4.66666666666667
1	14.050339003492	2.2	4.66666666666667
1	14.1292734922757	2.2	4.66666666666667
1	14.2082079810594	2.2	4.66666666666667
1	14.287142469843	2.2	4.66666666666667
1	14.3660769586267	2.2	4.66666666666667
1	14.4450114474104	2.2	4.66666666666667
1	14.523945936194	2.2	4.66666666666667
1	14.6028804249777	2.2	4.66666666666667
1	14.6818149137613	2.2	4.66666666666667
1	14.760749402545	2.2	4.66666666666667
1	14.8396838913287	2.2	4.66666666666667
1	14.9186183801123	2.2	4.66666666666667
1	14.997552868896	2.2	4.66666666666667
1	15.0764873576797	2.2	4.66666666666667
1	15.1554218464633	2.2	4.66666666666667
1	15.234356335247	2.2	4.66666666666667
1	15.3132908240307	2.2	4.66666666666667
1	15.3922253128143	2.2	4.66666666666667
1	15.471159801598	2.2	4.66666666666667
1	15.5500942903816	2.2	4.66666666666667
1	15.6290287791653	2.2	4.66666666666667
1	15.707963267949	2.2	4.66666666666667
1	0	2.2	5.66666666666667
1	0.0789344887836631	2.2	5.66666666666667
1	0.157868977567326	2.2	5.66666666666667
1	0.236803466350989	2.2	5.66666666666667
1	0.315737955134653	2.2	5.66666666666667
1	0.394672443918316	2.2	5.66666666666667
1	0.473606932701979	2.2	5.66666666666667
1	0.552541421485642	2.2	5.66666666666667
1	0.631475910269305	2.2	5.66666666666667
1	0.710410399052968	2.2	5.66666666666667
1	0.789344887836632	2.2	5.66666666666667
1	0.868279376620295	2.2	5.66666666666667
1	0.947213865403958	2.2	5.66666666666667
1	1.02614835418762	2.2	5.66666666666667
1	1.10508284297128	2.2	5.66666666666667
1	1.18401733175495	2.2	5.66666666666667
1	1.26295182053861	2.2	5.66666666666667
1	1.34188630932227	2.2	5.66666666666667
1	1.42082079810594	2.2	5.66666666666667
1	1.4997552868896	2.2	5.66666666666667
1	1.57868977567326	2.2	5.66666666666667
1	1.65762426445693	2.2	5.66666666666667
1	1.73655875324059	2.2	5.66666666666667
1	1.81549324202425	2.2	5.66666666666667
1	1.89442773080792	2.2	5.66666666666667
1	1.97336221959158	2.2	5.66666666666667
1	2.05229670837524	2.2	5.66666666666667
1	2.1312311971589	2.2	5.66666666666667
1	2.21016568594257	2.2	5.66666666666667
1	2.28910017472623	2.2	5.66666666666667
1	2.36803466350989	2.2	5.66666666666667
1	2.44696915229356	2.2	5.66666666666667
1	2.52590364107722	2.2	5.66666666666667
1	2.60483812986088	2.2	5.66666666666667
1	2.68377261864455	2.2	5.66666666666667
1	2.76270710742821	2.2	5.66666666666667
1	2.84164159621187	2.2	5.66666666666667
1	2.92057608499554	2.2	5.66666666666667
1	2.9995105737792	2.2	5.66666666666667
1	3.07844506256286	2.2	5.66666666666667
1	3.15737955134653	2.2	5.66666666666667
1	3.23631404013019	2.2	5.66666666666667
1	3.31524852891385	2.2	5.66666666666667
1	3.39418301769752	2.2	5.66666666666667
1	3.47311750648118	2.2	5.66666666666667
1	3.55205199526484	2.2	5.66666666666667
1	3.63098648404851	2.2	5.66666666666667
1	3.70992097283217	2.2	5.66666666666667
1	3.78885546161583	2.2	5.66666666666667
1	3.86778995039949	2.2	5.66666666666667
1	3.94672443918316	2.2	5.66666666666667
1	4.02565892796682	2.2	5.66666666666667
1	4.10459341675048	2.2	5.66666666666667
1	4.18352790553415	2.2	5.66666666666667
1	4.26246239431781	2.2	5.66666666666667
1	4.34139688310147	2.2	5.66666666666667
1	4.42033137188514	2.2	5.66666666666667
1	4.4992658606688	2.2	5.66666666666667
1	4.57820034945246	2.2	5.66666666666667
1	4.65713483823613	2.2	5.66666666666667
1	4.73606932701979	2.2	5.66666666666667
1	4.81500381580345	2.2	5.66666666666667
1	4.89393830458712	2.2	5.66666666666667
1	4.97287279337078	2.2	5.66666666666667
1	5.05180728215444	2.2	5.66666666666667
1	5.1307417709381	2.2	5.66666666666667
1	5.20967625972177	2.2	5.66666666666667
1	5.28861074850543	2.2	5.66666666666667
1	5.36754523728909	2.2	5.66666666666667
1	5.44647972607276	2.2	5.66666666666667
1	5.52541421485642	2.2	5.66666666666667
1	5.60434870364008	2.2	5.66666666666667
1	5.68328319242375	2.2	5.66666666666667
1	5.76221768120741	2.2	5.66666666666667
1	5.84115216999107	2.2	5.66666666666667
1	5.92008665877474	2.2	5.66666666666667
1	5.9990211475584	2.2	5.66666666666667
1	6.07795563634206	2.2	5.66666666666667
1	6.15689012512573	2.2	5.66666666666667
1	6.23582461390939	2.2	5.66666666666667
1	6.31475910269305	2.2	5.66666666666667
1	6.39369359147672	2.2	5.66666666666667
1	6.47262808026038	2.2	5.66666666666667
1	6.55156256904404	2.2	5.66666666666667
1	6.6304970578277	2.2	5.66666666666667
1	6.70943154661137	2.2	5.66666666666667
1	6.78836603539503	2.2	5.66666666666667
1	6.86730052417869	2.2	5.66666666666667
1	6.94623501296236	2.2	5.66666666666667
1	7.02516950174602	2.2	5.66666666666667
1	7.10410399052968	2.2	5.66666666666667
1	7.18303847931335	2.2	5.66666666666667
1	7.26197296809701	2.2	5.66666666666667
1	7.34090745688067	2.2	5.66666666666667
1	7.41984194566434	2.2	5.66666666666667
1	7.498776434448	2.2	5.66666666666667
1	7.57771092323166	2.2	5.66666666666667
1	7.65664541201533	2.2	5.66666666666667
1	7.73557990079899	2.2	5.66666666666667
1	7.81451438958265	2.2	5.66666666666667
1	7.89344887836631	2.2	5.66666666666667
1	7.97238336714998	2.2	5.66666666666667
1	8.05131785593364	2.2	5.66666666666667
1	8.1302523447173	2.2	5.66666666666667
1	8.20918683350097	2.2	5.66666666666667
1	8.28812132228463	2.2	5.66666666666667
1	8.36705581106829	2.2	5.66666666666667
1	8.44599029985196	2.2	5.66666666666667
1	8.52492478863562	2.04319491675789	5.66666666666667
1	8.60385927741928	1.85185957143415	5.66666666666667
1	8.68279376620295	1.66673600987937	5.66666666666667
1	8.76172825498661	1.48782423209354	5.66666666666667
1	8.84066274377027	1.31512423807667	5.66666666666667
1	8.91959723255394	1.14863602782875	5.66666666666667
1	8.9985317213376	0.988359601349782	5.66666666666667
1	9.07746621012126	0.834294958639774	5.66666666666667
1	9.15640069890492	0.686442099698722	5.66666666666667
1	9.23533518768859	0.544801024526625	5.66666666666667
1	9.31426967647225	0.40937173312348	5.66666666666667
1	9.39320416525591	0.280154225489293	5.66666666666667
1	9.47213865403958	0.157148501624061	5.66666666666667
1	9.55107314282324	0.0403545615277837	5.66666666666667
1	9.6300076316069	-0.0702275947995403	5.66666666666667
1	9.70894212039057	-0.174597967357907	5.66666666666667
1	9.78787660917423	-0.272756556147318	5.66666666666667
1	9.86681109795789	-0.364703361167774	5.66666666666667
1	9.94574558674156	-0.450438382419277	5.66666666666667
1	10.0246800755252	-0.529961619901823	5.66666666666667
1	10.1036145643089	-0.603273073615414	5.66666666666667
1	10.1825490530925	-0.67037274356005	5.66666666666667
1	10.2614835418762	-0.731260629735731	5.66666666666667
1	10.3404180306599	-0.785936732142457	5.66666666666667
1	10.4193525194435	-0.834401050780227	5.66666666666667
1	10.4982870082272	-0.876653585649043	5.66666666666667
1	10.5772214970109	-0.912694336748902	5.66666666666667
1	10.6561559857945	-0.942523304079808	5.66666666666667
1	10.7350904745782	-0.966140487641758	5.66666666666667
1	10.8140249633619	-0.983545887434753	5.66666666666667
1	10.8929594521455	-0.994739503458792	5.66666666666667
1	10.9718939409292	-0.999721335713877	5.66666666666667
1	11.0508284297128	-0.998491384200006	5.66666666666667
1	11.1297629184965	-0.99104964891718	5.66666666666667
1	11.2086974072802	-0.977396129865399	5.66666666666667
1	11.2876318960638	-0.957530827044662	5.66666666666667
1	11.3665663848475	-0.931453740454971	5.66666666666667
1	11.4455008736312	-0.899164870096324	5.66666666666667
1	11.5244353624148	-0.860664215968723	5.66666666666667
1	11.6033698511985	-0.815951778072165	5.66666666666667
1	11.6823043399821	-0.765027556406653	5.66666666666667
1	11.7612388287658	-0.707891550972186	5.66666666666667
1	11.8401733175495	-0.644543761768764	5.66666666666667
1	11.9191078063331	-0.574984188796385	5.66666666666667
1	11.9980422951168	-0.499212832055053	5.66666666666667
1	12.0769767839005	-0.417229691544765	5.66666666666667
1	12.1559112726841	-0.329034767265523	5.66666666666667
1	12.2348457614678	-0.234628059217323	5.66666666666667
1	12.3137802502515	-0.13400956740017	5.66666666666667
1	12.3927147390351	-0.0271792918140616	5.66666666666667
1	12.4716492278188	0.0858627675410015	5.66666666666667
1	12.5505837166024	0.205116610665022	5.66666666666667
1	12.6295182053861	0.330582237557996	5.66666666666667
1	12.7084526941698	0.462259648219925	5.66666666666667
1	12.7873871829534	0.600148842650808	5.66666666666667
1	12.8663216717371	0.744249820850647	5.66666666666667
1	12.9452561605208	0.894562582819445	5.66666666666667
1	13.0241906493044	1.05108712855719	5.66666666666667
1	13.1031251380881	1.2138234580639	5.66666666666667
1	13.1820596268717	1.38277157133956	5.66666666666667
1	13.2609941156554	1.55793146838418	5.66666666666667
1	13.3399286044391	1.73930314919775	5.66666666666667
1	13.4188630932227	1.92688661378027	5.66666666666667
1	13.4977975820064	2.12068186213175	5.66666666666667
1	13.5767320707901	2.2	5.66666666666667
1	13.6556665595737	2.2	5.66666666666667
1	13.7346010483574	2.2	5.66666666666667
1	13.8135355371411	2.2	5.66666666666667
1	13.8924700259247	2.2	5.66666666666667
1	13.9714045147084	2.2	5.66666666666667
1	14.050339003492	2.2	5.66666666666667
1	14.1292734922757	2.2	5.66666666666667
1	14.2082079810594	2.2	5.66666666666667
1	14.287142469843	2.2	5.66666666666667
1	14.3660769586267	2.2	5.66666666666667
1	14.4450114474104	2.2	5.66666666666667
1	14.523945936194	2.2	5.66666666666667
1	14.6028804249777	2.2	5.66666666666667
1	14.6818149137613	2.2	5.66666666666667
1	14.760749402545	2.2	5.66666666666667
1	14.8396838913287	2.2	5.66666666666667
1	14.9186183801123	2.2	5.66666666666667
1	14.997552868896	2.2	5.66666666666667
1	15.0764873576797	2.2	5.66666666666667
1	15.1554218464633	2.2	5.66666666666667
1	15.234356335247	2.2	5.66666666666667
1	15.3132908240307	2.2	5.66666666666667
1	15.3922253128143	2.2	5.66666666666667
1	15.471159801598	2.2	5.66666666666667
1	15.5500942903816	2.2	5.66666666666667
1	15.6290287791653	2.2	5.66666666666667
1	15.707963267949	2.2	5.66666666666667
1	0	2.2	6.66666666666667
1	0.0789344887836631	2.2	6.66666666666667
1	0.157868977567326	2.2	6.66666666666667
1	0.236803466350989	2.2	6.66666666666667
1	0.315737955134653	2.2	6.66666666666667
1	0.394672443918316	2.2	6.66666666666667
1	0.473606932701979	2.2	6.66666666666667
1	0.552541421485642	2.2	6.66666666666667
1	0.631475910269305	2.2	6.66666666666667
1	0.710410399052968	2.2	6.66666666666667
1	0.789344887836632	2.2	6.66666666666667
1	0.868279376620295	2.2	6.66666666666667
1	0.947213865403958	2.2	6.66666666666667
1	1.02614835418762	2.2	6.66666666666667
1	1.10508284297128	2.2	6.66666666666667
1	1.18401733175495	2.2	6.66666666666667
1	1.26295182053861	2.2	6.66666666666667
1	1.34188630932227	2.2	6.66666666666667
1	1.42082079810594	2.2	6.66666666666667
1	1.4997552868896	2.2	6.66666666666667
1	1.57868977567326	2.2	6.66666666666667
1	1.65762426445693	2.2	6.66666666666667
1	1.73655875324059	2.2	6.66666666666667
1	1.81549324202425	2.2	6.66666666666667
1	1.89442773080792	2.2	6.66666666666667
1	1.97336221959158	2.2	6.66666666666667
1	2.05229670837524	2.2	6.66666666666667
1	2.1312311971589	2.2	6.66666666666667
1	2.21016568594257	2.2	6.66666666666667
1	2.28910017472623	2.2	6.66666666666667
1	2.36803466350989	2.2	6.66666666666667
1	2.44696915229356	2.2	6.66666666666667
1	2.52590364107722	2.2	6.66666666666667
1	2.60483812986088	2.2	6.66666666666667
1	2.68377261864455	2.2	6.66666666666667
1	2.76270710742821	2.2	6.66666666666667
1	2.84164159621187	2.2	6.66666666666667
1	2.92057608499554	2.2	6.66666666666667
1	2.9995105737792	2.2	6.66666666666667
1	3.07844506256286	2.2	6.66666666666667
1	3.15737955134653	2.2	6.66666666666667
1	3.23631404013019	2.2	6.66666666666667
1	3.31524852891385	2.2	6.66666666666667
1	3.39418301769752	2.2	6.66666666666667
1	3.47311750648118	2.2	6.66666666666667
1	3.55205199526484	2.2	6.66666666666667
1	3.63098648404851	2.2	6.66666666666667
1	3.70992097283217	2.2	6.66666666666667
1	3.78885546161583	2.2	6.66666666666667
1	3.86778995039949	2.2	6.66666666666667
1	3.94672443918316	2.2	6.66666666666667
1	4.02565892796682	2.2	6.66666666666667
1	4.10459341675048	2.2	6.66666666666667
1	4.18352790553415	2.2	6.66666666666667
1	4.26246239431781	2.2	6.66666666666667
1	4.34139688310147	2.2	6.66666666666667
1	4.42033137188514	2.2	6.66666666666667
1	4.4992658606688	2.2	6.66666666666667
1	4.57820034945246	2.2	6.66666666666667
1	4.65713483823613	2.2	6.66666666666667
1	4.73606932701979	2.2	6.66666666666667
1	4.81500381580345	2.2	6.66666666666667
1	4.89393830458712	2.2	6.66666666666667
1	4.97287279337078	2.2	6.66666666666667
1	5.05180728215444	2.2	6.66666666666667
1	5.1307417709381	2.2	6.66666666666667
1	5.20967625972177	2.2	6.66666666666667
1	5.28861074850543	2.2	6.66666666666667
1	5.36754523728909	2.2	6.66666666666667
1	5.44647972607276	2.2	6.66666666666667
1	5.52541421485642	2.2	6.66666666666667
1	5.60434870364008	2.2	6.66666666666667
1	5.68328319242375	2.2	6.66666666666667
1	5.76221768120741	2.2	6.66666666666667
1	5.84115216999107	2.2	6.66666666666667
1	5.92008665877474	2.2	6.66666666666667
1	5.9990211475584	2.2	6.66666666666667
1	6.07795563634206	2.2	6.66666666666667
1	6.15689012512573	2.2	6.66666666666667
1	6.23582461390939	2.2	6.66666666666667
1	6.31475910269305	2.2	6.66666666666667
1	6.39369359147672	2.2	6.66666666666667
1	6.47262808026038	2.2	6.66666666666667
1	6.55156256904404	2.2	6.66666666666667
1	6.6304970578277	2.2	6.66666666666667
1	6.70943154661137	2.2	6.66666666666667
1	6.78836603539503	2.2	6.66666666666667
1	6.86730052417869	2.2	6.66666666666667
1	6.94623501296236	2.2	6.66666666666667
1	7.02516950174602	2.2	6.66666666666667
1	7.10410399052968	2.2	6.66666666666667
1	7.18303847931335	2.2	6.66666666666667
1	7.26197296809701	2.2	6.66666666666667
1	7.34090745688067	2.2	6.66666666666667
1	7.41984194566434	2.2	6.66666666666667
1	7.498776434448	2.2	6.66666666666667
1	7.57771092323166	2.2	6.66666666666667
1	7.65664541201533	2.2	6.66666666666667
1	7.73557990079899	2.2	6.66666666666667
1	7.81451438958265	2.2	6.66666666666667
1	7.89344887836631	2.2	6.66666666666667
1	7.97238336714998	2.2	6.66666666666667
1	8.05131785593364	2.2	6.66666666666667
1	8.1302523447173	2.2	6.66666666666667
1	8.20918683350097	2.2	6.66666666666667
1	8.28812132228463	2.2	6.66666666666667
1	8.36705581106829	2.2	6.66666666666667
1	8.44599029985196	2.2	6.66666666666667
1	8.52492478863562	2.05205443535453	6.66666666666667
1	8.60385927741928	1.86015030933718	6.66666666666667
1	8.68279376620295	1.67447683676195	6.66666666666667
1	8.76172825498661	1.49503401762886	6.66666666666667
1	8.84066274377027	1.32182185193788	6.66666666666667
1	8.91959723255394	1.15484033968903	6.66666666666667
1	8.9985317213376	0.994089480882309	6.66666666666667
1	9.07746621012126	0.839569275517711	6.66666666666667
1	9.15640069890492	0.691279723595238	6.66666666666667
1	9.23533518768859	0.54922082511489	6.66666666666667
1	9.31426967647225	0.413392580076665	6.66666666666667
1	9.39320416525591	0.283794988480567	6.66666666666667
1	9.47213865403958	0.160428050326594	6.66666666666667
1	9.55107314282324	0.0432917656147467	6.66666666666667
1	9.6300076316069	-0.0676138656549783	6.66666666666667
1	9.70894212039057	-0.172288843482576	6.66666666666667
1	9.78787660917423	-0.270733167868048	6.66666666666667
1	9.86681109795789	-0.362946838811396	6.66666666666667
1	9.94574558674156	-0.44892985631262	6.66666666666667
1	10.0246800755252	-0.528682220371717	6.66666666666667
1	10.1036145643089	-0.60220393098869	6.66666666666667
1	10.1825490530925	-0.669494988163537	6.66666666666667
1	10.2614835418762	-0.730555391896259	6.66666666666667
1	10.3404180306599	-0.785385142186858	6.66666666666667
1	10.4193525194435	-0.83398423903533	6.66666666666667
1	10.4982870082272	-0.876352682441677	6.66666666666667
1	10.5772214970109	-0.912490472405899	6.66666666666667
1	10.6561559857945	-0.942397608927997	6.66666666666667
1	10.7350904745782	-0.966074092007969	6.66666666666667
1	10.8140249633619	-0.983519921645816	6.66666666666667
1	10.8929594521455	-0.994735097841538	6.66666666666667
1	10.9718939409292	-0.999719620595135	6.66666666666667
1	11.0508284297128	-0.998473489906607	6.66666666666667
1	11.1297629184965	-0.990996705775954	6.66666666666667
1	11.2086974072802	-0.977289268203176	6.66666666666667
1	11.2876318960638	-0.957351177188272	6.66666666666667
1	11.3665663848475	-0.931182432731244	6.66666666666667
1	11.4455008736312	-0.898783034832091	6.66666666666667
1	11.5244353624148	-0.860152983490813	6.66666666666667
1	11.6033698511985	-0.815292278707409	6.66666666666667
1	11.6823043399821	-0.76420092048188	6.66666666666667
1	11.7612388287658	-0.706878908814227	6.66666666666667
1	11.8401733175495	-0.643326243704449	6.66666666666667
1	11.9191078063331	-0.573542925152544	6.66666666666667
1	11.9980422951168	-0.497528953158515	6.66666666666667
1	12.0769767839005	-0.415284327722361	6.66666666666667
1	12.1559112726841	-0.326809048844083	6.66666666666667
1	12.2348457614678	-0.232103116523677	6.66666666666667
1	12.3137802502515	-0.131166530761149	6.66666666666667
1	12.3927147390351	-0.0239992915564949	6.66666666666667
1	12.4716492278188	0.0893986010902838	6.66666666666667
1	12.5505837166024	0.20902714717919	6.66666666666667
1	12.6295182053861	0.334886346710219	6.66666666666667
1	12.7084526941698	0.466976199683373	6.66666666666667
1	12.7873871829534	0.605296706098652	6.66666666666667
1	12.8663216717371	0.749847865956055	6.66666666666667
1	12.9452561605208	0.900629679255587	6.66666666666667
1	13.0241906493044	1.05764214599724	6.66666666666667
1	13.1031251380881	1.22088526618102	6.66666666666667
1	13.1820596268717	1.39035903980692	6.66666666666667
1	13.2609941156554	1.56606346687496	6.66666666666667
1	13.3399286044391	1.74799854738511	6.66666666666667
1	13.4188630932227	1.93616428133739	6.66666666666667
1	13.4977975820064	2.13056066873179	6.66666666666667
1	13.5767320707901	2.2	6.66666666666667
1	13.6556665595737	2.2	6.66666666666667
1	13.7346010483574	2.2	6.66666666666667
1	13.8135355371411	2.2	6.66666666666667
1	13.8924700259247	2.2	6.66666666666667
1	13.9714045147084	2.2	6.66666666666667
1	14.050339003492	2.2	6.66666666666667
1	14.1292734922757	2.2	6.66666666666667
1	14.2082079810594	2.2	6.66666666666667
1	14.287142469843	2.2	6.66666666666667
1	14.3660769586267	2.2	6.66666666666667
1	14.4450114474104	2.2	6.66666666666667
1	14.523945936194	2.2	6.66666666666667
1	14.6028804249777	2.2	6.66666666666667
1	14.6818149137613	2.2	6.66666666666667
1	14.760749402545	2.2	6.66666666666667
1	14.8396838913287	2.2	6.66666666666667
1	14.9186183801123	2.2	6.66666666666667
1	14.997552868896	2.2	6.66666666666667
1	15.0764873576797	2.2	6.66666666666667
1	15.1554218464633	2.2	6.66666666666667
1	15.234356335247	2.2	6.66666666666667
1	15.3132908240307	2.2	6.66666666666667
1	15.3922253128143	2.2	6.66666666666667
1	15.471159801598	2.2	6.66666666666667
1	15.5500942903816	2.2	6.66666666666667
1	15.6290287791653	2.2	6.66666666666667
1	15.707963267949	2.2	6.66666666666667
1	0	2.2	7.66666666666667
1	0.0789344887836631	2.2	7.66666666666667
1	0.157868977567326	2.2	7.66666666666667
1	0.236803466350989	2.2	7.66666666666667
1	0.315737955134653	2.2	7.66666666666667
1	0.394672443918316	2.2	7.66666666666667
1	0.473606932701979	2.2	7.66666666666667
1	0.552541421485642	2.2	7.66666666666667
1	0.631475910269305	2.2	7.66666666666667
1	0.710410399052968	2.2	7.66666666666667
1	0.789344887836632	2.2	7.66666666666667
1	0.868279376620295	2.2	7.66666666666667
1	0.947213865403958	2.2	7.66666666666667
1	1.02614835418762	2.2	7.66666666666667
1	1.10508284297128	2.2	7.66666666666667
1	1.18401733175495	2.2	7.66666666666667
1	1.26295182053861	2.2	7.66666666666667
1	1.34188630932227	2.2	7.66666666666667
1	1.42082079810594	2.2	7.66666666666667
1	1.4997552868896	2.2	7.66666666666667
1	1.57868977567326	2.2	7.66666666666667
1	1.65762426445693	2.2	7.66666666666667
1	1.73655875324059	2.2	7.66666666666667
1	1.81549324202425	2.2	7.66666666666667
1	1.89442773080792	2.2	7.66666666666667
1	1.97336221959158	2.2	7.66666666666667
1	2.05229670837524	2.2	7.66666666666667
1	2.1312311971589	2.2	7.66666666666667
1	2.21016568594257	2.2	7.66666666666667
1	2.28910017472623	2.2	7.66666666666667
1	2.36803466350989	2.2	7.66666666666667
1	2.44696915229356	2.2	7.66666666666667
1	2.52590364107722	2.2	7.66666666666667
1	2.60483812986088	2.2	7.66666666666667
1	2.68377261864455	2.2	7.66666666666667
1	2.76270710742821	2.2	7.66666666666667
1	2.84164159621187	2.2	7.66666666666667
1	2.92057608499554	2.2	7.66666666666667
1	2.9995105737792	2.2	7.66666666666667
1	3.07844506256286	2.2	7.66666666666667
1	3.15737955134653	2.2	7.66666666666667
1	3.23631404013019	2.2	7.66666666666667
1	3.31524852891385	2.2	7.66666666666667
1	3.39418301769752	2.2	7.66666666666667
1	3.47311750648118	2.2	7.66666666666667
1	3.55205199526484	2.2	7.66666666666667
1	3.63098648404851	2.2	7.66666666666667
1	3.70992097283217	2.2	7.66666666666667
1	3.78885546161583	2.2	7.66666666666667
1	3.86778995039949	2.2	7.66666666666667
1	3.94672443918316	2.2	7.66666666666667
1	4.02565892796682	2.2	7.66666666666667
1	4.10459341675048	2.2	7.66666666666667
1	4.18352790553415	2.2	7.66666666666667
1	4.26246239431781	2.2	7.66666666666667
1	4.34139688310147	2.2	7.66666666666667
1	4.42033137188514	2.2	7.66666666666667
1	4.4992658606688	2.2	7.66666666666667
1	4.57820034945246	2.2	7.66666666666667
1	4.65713483823613	2.2	7.66666666666667
1	4.73606932701979	2.2	7.66666666666667
1	4.81500381580345	2.2	7.66666666666667
1	4.89393830458712	2.2	7.66666666666667
1	4.97287279337078	2.2	7.66666666666667
1	5.05180728215444	2.2	7.66666666666667
1	5.1307417709381	2.2	7.66666666666667
1	5.20967625972177	2.2	7.66666666666667
1	5.28861074850543	2.2	7.66666666666667
1	5.36754523728909	2.2	7.66666666666667
1	5.44647972607276	2.2	7.66666666666667
1	5.52541421485642	2.2	7.66666666666667
1	5.60434870364008	2.2	7.66666666666667
1	5.68328319242375	2.2	7.66666666666667
1	5.76221768120741	2.2	7.66666666666667
1	5.84115216999107	2.2	7.66666666666667
1	5.92008665877474	2.2	7.66666666666667
1	5.9990211475584	2.2	7.66666666666667
1	6.07795563634206	2.2	7.66666666666667
1	6.15689012512573	2.2	7.66666666666667
1	6.23582461390939	2.2	7.66666666666667
1	6.31475910269305	2.2	7.66666666666667
1	6.39369359147672	2.2	7.66666666666667
1	6.47262808026038	2.2	7.66666666666667
1	6.55156256904404	2.2	7.66666666666667
1	6.6304970578277	2.2	7.66666666666667
1	6.70943154661137	2.2	7.66666666666667
1	6.78836603539503	2.2	7.66666666666667
1	6.86730052417869	2.2	7.66666666666667
1	6.94623501296236	2.2	7.66666666666667
1	7.02516950174602	2.2	7.66666666666667
1	7.10410399052968	2.2	7.66666666666667
1	7.18303847931335	2.2	7.66666666666667
1	7.26197296809701	2.2	7.66666666666667
1	7.34090745688067	2.2	7.66666666666667
1	7.41984194566434	2.2	7.66666666666667
1	7.498776434448	2.2	7.66666666666667
1	7.57771092323166	2.2	7.66666666666667
1	7.65664541201533	2.2	7.66666666666667
1	7.73557990079899	2.2	7.66666666666667
1	7.81451438958265	2.2	7.66666666666667
1	7.89344887836631	2.2	7.66666666666667
1	7.97238336714998	2.2	7.66666666666667
1	8.05131785593364	2.2	7.66666666666667
1	8.1302523447173	2.2	7.66666666666667
1	8.20918683350097	2.2	7.66666666666667
1	8.28812132228463	2.2	7.66666666666667
1	8.36705581106829	2.2	7.66666666666667
1	8.44599029985196	2.2	7.66666666666667
1	8.52492478863562	2.05205447327821	7.66666666666667
1	8.60385927741928	1.86015034487644	7.66666666666667
1	8.68279376620295	1.67447686999419	7.66666666666667
1	8.76172825498661	1.49503404863149	7.66666666666667
1	8.84066274377027	1.32182188078833	7.66666666666667
1	8.91959723255394	1.15484036646471	7.66666666666667
1	8.9985317213376	0.994089505660616	7.66666666666667
1	9.07746621012126	0.839569298376068	7.66666666666667
1	9.15640069890492	0.691279744611059	7.66666666666667
1	9.23533518768859	0.549220844365588	7.66666666666667
1	9.31426967647225	0.413392597639652	7.66666666666667
1	9.39320416525591	0.283795004433257	7.66666666666667
1	9.47213865403958	0.1604280647464	7.66666666666667
1	9.55107314282324	0.0432917785790822	7.66666666666667
1	9.6300076316069	-0.0676138540687006	7.66666666666667
1	9.70894212039057	-0.172288833196942	7.66666666666667
1	9.78787660917423	-0.270733158805646	7.66666666666667
1	9.86681109795789	-0.362946830894812	7.66666666666667
1	9.94574558674156	-0.448929849464441	7.66666666666667
1	10.0246800755252	-0.52868221451453	7.66666666666667
1	10.1036145643089	-0.602203926045081	7.66666666666667
1	10.1825490530925	-0.669494984056093	7.66666666666667
1	10.2614835418762	-0.730555388547568	7.66666666666667
1	10.3404180306599	-0.785385139519506	7.66666666666667
1	10.4193525194435	-0.833984236971903	7.66666666666667
1	10.4982870082272	-0.876352680904763	7.66666666666667
1	10.5772214970109	-0.912490471318085	7.66666666666667
1	10.6561559857945	-0.942397608211869	7.66666666666667
1	10.7350904745782	-0.966074091586114	7.66666666666667
1	10.8140249633619	-0.983519921440821	7.66666666666667
1	10.8929594521455	-0.99473509777599	7.66666666666667
1	10.9718939409292	-0.999719620591621	7.66666666666667
1	11.0508284297128	-0.998473489887713	7.66666666666667
1	11.1297629184965	-0.990996705664267	7.66666666666667
1	11.2086974072802	-0.977289267921283	7.66666666666667
1	11.2876318960638	-0.957351176658761	7.66666666666667
1	11.3665663848475	-0.9311824318767	7.66666666666667
1	11.4455008736312	-0.898783033575101	7.66666666666667
1	11.5244353624148	-0.860152981753965	7.66666666666667
1	11.6033698511985	-0.815292276413289	7.66666666666667
1	11.6823043399821	-0.764200917553075	7.66666666666667
1	11.7612388287658	-0.706878905173324	7.66666666666667
1	11.8401733175495	-0.643326239274034	7.66666666666667
1	11.9191078063331	-0.573542919855204	7.66666666666667
1	11.9980422951168	-0.497528946916838	7.66666666666667
1	12.0769767839005	-0.415284320458934	7.66666666666667
1	12.1559112726841	-0.326809040481491	7.66666666666667
1	12.2348457614678	-0.232103106984508	7.66666666666667
1	12.3137802502515	-0.13116651996799	7.66666666666667
1	12.3927147390351	-0.0239992794319323	7.66666666666667
1	12.4716492278188	0.0893986146236632	7.66666666666667
1	12.5505837166024	0.2090271621988	7.66666666666667
1	12.6295182053861	0.334886363293471	7.66666666666667
1	12.7084526941698	0.466976217907681	7.66666666666667
1	12.7873871829534	0.60529672604143	7.66666666666667
1	12.8663216717371	0.749847887694716	7.66666666666667
1	12.9452561605208	0.900629702867544	7.66666666666667
1	13.0241906493044	1.05764217155991	7.66666666666667
1	13.1031251380881	1.22088529377181	7.66666666666667
1	13.1820596268717	1.39035906950325	7.66666666666667
1	13.2609941156554	1.56606349875423	7.66666666666667
1	13.3399286044391	1.74799858152474	7.66666666666667
1	13.4188630932227	1.9361643178148	7.66666666666667
1	13.4977975820064	2.13056070762439	7.66666666666667
1	13.5767320707901	2.2	7.66666666666667
1	13.6556665595737	2.2	7.66666666666667
1	13.7346010483574	2.2	7.66666666666667
1	13.8135355371411	2.2	7.66666666666667
1	13.8924700259247	2.2	7.66666666666667
1	13.9714045147084	2.2	7.66666666666667
1	14.050339003492	2.2	7.66666666666667
1	14.1292734922757	2.2	7.66666666666667
1	14.2082079810594	2.2	7.66666666666667
1	14.287142469843	2.2	7.66666666666667
1	14.3660769586267	2.2	7.66666666666667
1	14.4450114474104	2.2	7.66666666666667
1	14.523945936194	2.2	7.66666666666667
1	14.6028804249777	2.2	7.66666666666667
1	14.6818149137613	2.2	7.66666666666667
1	14.760749402545	2.2	7.66666666666667
1	14.8396838913287	2.2	7.66666666666667
1	14.9186183801123	2.2	7.66666666666667
1	14.997552868896	2.2	7.66666666666667
1	15.0764873576797	2.2	7.66666666666667
1	15.1554218464633	2.2	7.66666666666667
1	15.234356335247	2.2	7.66666666666667
1	15.3132908240307	2.2	7.66666666666667
1	15.3922253128143	2.2	7.66666666666667
1	15.471159801598	2.2	7.66666666666667
1	15.5500942903816	2.2	7.66666666666667
1	15.6290287791653	2.2	7.66666666666667
1	15.707963267949	2.2	7.66666666666667
1	0	2.2	8.66666666666667
1	0.0789344887836631	2.2	8.66666666666667
1	0.157868977567326	2.2	8.66666666666667
1	0.236803466350989	2.2	8.66666666666667
1	0.315737955134653	2.2	8.66666666666667
1	0.394672443918316	2.2	8.66666666666667
1	0.473606932701979	2.2	8.66666666666667
1	0.552541421485642	2.2	8.66666666666667
1	0.631475910269305	2.2	8.66666666666667
1	0.710410399052968	2.2	8.66666666666667
1	0.789344887836632	2.2	8.66666666666667
1	0.868279376620295	2.2	8.66666666666667
1	0.947213865403958	2.2	8.66666666666667
1	1.02614835418762	2.2	8.66666666666667
1	1.10508284297128	2.2	8.66666666666667
1	1.18401733175495	2.2	8.66666666666667
1	1.26295182053861	2.2	8.66666666666667
1	1.34188630932227	2.2	8.66666666666667
1	1.42082079810594	2.2	8.66666666666667
1	1.4997552868896	2.2	8.66666666666667
1	1.57868977567326	2.2	8.66666666666667
1	1.65762426445693	2.2	8.66666666666667
1	1.73655875324059	2.2	8.66666666666667
1	1.81549324202425	2.2	8.66666666666667
1	1.89442773080792	2.2	8.66666666666667
1	1.97336221959158	2.2	8.66666666666667
1	2.05229670837524	2.2	8.66666666666667
1	2.1312311971589	2.2	8.66666666666667
1	2.21016568594257	2.2	8.66666666666667
1	2.28910017472623	2.2	8.66666666666667
1	2.36803466350989	2.2	8.66666666666667
1	2.44696915229356	2.2	8.66666666666667
1	2.52590364107722	2.2	8.66666666666667
1	2.60483812986088	2.2	8.66666666666667
1	2.68377261864455	2.2	8.66666666666667
1	2.76270710742821	2.2	8.66666666666667
1	2.84164159621187	2.2	8.66666666666667
1	2.92057608499554	2.2	8.66666666666667
1	2.9995105737792	2.2	8.66666666666667
1	3.07844506256286	2.2	8.66666666666667
1	3.15737955134653	2.2	8.66666666666667
1	3.23631404013019	2.2	8.66666666666667
1	3.31524852891385	2.2	8.66666666666667
1	3.39418301769752	2.2	8.66666666666667
1	3.47311750648118	2.2	8.66666666666667
1	3.55205199526484	2.2	8.66666666666667
1	3.63098648404851	2.2	8.66666666666667
1	3.70992097283217	2.2	8.66666666666667
1	3.78885546161583	2.2	8.66666666666667
1	3.86778995039949	2.2	8.66666666666667
1	3.94672443918316	2.2	8.66666666666667
1	4.02565892796682	2.2	8.66666666666667
1	4.10459341675048	2.2	8.66666666666667
1	4.18352790553415	2.2	8.66666666666667
1	4.26246239431781	2.2	8.66666666666667
1	4.34139688310147	2.2	8.66666666666667
1	4.42033137188514	2.2	8.66666666666667
1	4.4992658606688	2.2	8.66666666666667
1	4.57820034945246	2.2	8.66666666666667
1	4.65713483823613	2.2	8.66666666666667
1	4.73606932701979	2.2	8.66666666666667
1	4.81500381580345	2.2	8.66666666666667
1	4.89393830458712	2.2	8.66666666666667
1	4.97287279337078	2.2	8.66666666666667
1	5.05180728215444	2.2	8.66666666666667
1	5.1307417709381	2.2	8.66666666666667
1	5.20967625972177	2.2	8.66666666666667
1	5.28861074850543	2.2	8.66666666666667
1	5.36754523728909	2.2	8.66666666666667
1	5.44647972607276	2.2	8.66666666666667
1	5.52541421485642	2.2	8.66666666666667
1	5.60434870364008	2.2	8.66666666666667
1	5.68328319242375	2.2	8.66666666666667
1	5.76221768120741	2.2	8.66666666666667
1	5.84115216999107	2.2	8.66666666666667
1	5.92008665877474	2.2	8.66666666666667
1	5.9990211475584	2.2	8.66666666666667
1	6.07795563634206	2.2	8.66666666666667
1	6.15689012512573	2.2	8.66666666666667
1	6.23582461390939	2.2	8.66666666666667
1	6.31475910269305	2.2	8.66666666666667
1	6.39369359147672	2.2	8.66666666666667
1	6.47262808026038	2.2	8.66666666666667
1	6.55156256904404	2.2	8.66666666666667
1	6.6304970578277	2.2	8.66666666666667
1	6.70943154661137	2.2	8.66666666666667
1	6.78836603539503	2.2	8.66666666666667
1	6.86730052417869	2.2	8.66666666666667
1	6.94623501296236	2.2	8.66666666666667
1	7.02516950174602	2.2	8.66666666666667
1	7.10410399052968	2.2	8.66666666666667
1	7.18303847931335	2.2	8.66666666666667
1	7.26197296809701	2.2	8.66666666666667
1	7.34090745688067	2.2	8.66666666666667
1	7.41984194566434	2.2	8.66666666666667
1	7.498776434448	2.2	8.66666666666667
1	7.57771092323166	2.2	8.66666666666667
1	7.65664541201533	2.2	8.66666666666667
1	7.73557990079899	2.2	8.66666666666667
1	7.81451438958265	2.2	8.66666666666667
1	7.89344887836631	2.2	8.66666666666667
1	7.97238336714998	2.2	8.66666666666667
1	8.05131785593364	2.2	8.66666666666667
1	8.1302523447173	2.2	8.66666666666667
1	8.20918683350097	2.2	8.66666666666667
1	8.28812132228463	2.2	8.66666666666667
1	8.36705581106829	2.2	8.66666666666667
1	8.44599029985196	2.2	8.66666666666667
1	8.52492478863562	2.05205447327821	8.66666666666667
1	8.60385927741928	1.86015034487643	8.66666666666667
1	8.68279376620295	1.67447686999419	8.66666666666667
1	8.76172825498661	1.49503404863149	8.66666666666667
1	8.84066274377027	1.32182188078833	8.66666666666667
1	8.91959723255394	1.15484036646471	8.66666666666667
1	8.9985317213376	0.994089505660616	8.66666666666667
1	9.07746621012126	0.839569298376068	8.66666666666667
1	9.15640069890492	0.691279744611059	8.66666666666667
1	9.23533518768859	0.549220844365588	8.66666666666667
1	9.31426967647225	0.413392597639652	8.66666666666667
1	9.39320416525591	0.283795004433257	8.66666666666667
1	9.47213865403958	0.1604280647464	8.66666666666667
1	9.55107314282324	0.0432917785790823	8.66666666666667
1	9.6300076316069	-0.0676138540687005	8.66666666666667
1	9.70894212039057	-0.172288833196942	8.66666666666667
1	9.78787660917423	-0.270733158805646	8.66666666666667
1	9.86681109795789	-0.362946830894812	8.66666666666667
1	9.94574558674156	-0.448929849464441	8.66666666666667
1	10.0246800755252	-0.52868221451453	8.66666666666667
1	10.1036145643089	-0.602203926045081	8.66666666666667
1	10.1825490530925	-0.669494984056093	8.66666666666667
1	10.2614835418762	-0.730555388547568	8.66666666666667
1	10.3404180306599	-0.785385139519505	8.66666666666667
1	10.4193525194435	-0.833984236971904	8.66666666666667
1	10.4982870082272	-0.876352680904763	8.66666666666667
1	10.5772214970109	-0.912490471318085	8.66666666666667
1	10.6561559857945	-0.942397608211869	8.66666666666667
1	10.7350904745782	-0.966074091586114	8.66666666666667
1	10.8140249633619	-0.983519921440821	8.66666666666667
1	10.8929594521455	-0.99473509777599	8.66666666666667
1	10.9718939409292	-0.999719620591621	8.66666666666667
1	11.0508284297128	-0.998473489887713	8.66666666666667
1	11.1297629184965	-0.990996705664267	8.66666666666667
1	11.2086974072802	-0.977289267921283	8.66666666666667
1	11.2876318960638	-0.957351176658761	8.66666666666667
1	11.3665663848475	-0.9311824318767	8.66666666666667
1	11.4455008736312	-0.898783033575102	8.66666666666667
1	11.5244353624148	-0.860152981753965	8.66666666666667
1	11.6033698511985	-0.815292276413288	8.66666666666667
1	11.6823043399821	-0.764200917553075	8.66666666666667
1	11.7612388287658	-0.706878905173324	8.66666666666667
1	11.8401733175495	-0.643326239274034	8.66666666666667
1	11.9191078063331	-0.573542919855204	8.66666666666667
1	11.9980422951168	-0.497528946916838	8.66666666666667
1	12.0769767839005	-0.415284320458934	8.66666666666667
1	12.1559112726841	-0.326809040481491	8.66666666666667
1	12.2348457614678	-0.232103106984508	8.66666666666667
1	12.3137802502515	-0.13116651996799	8.66666666666667
1	12.3927147390351	-0.0239992794319324	8.66666666666667
1	12.4716492278188	0.0893986146236632	8.66666666666667
1	12.5505837166024	0.209027162198799	8.66666666666667
1	12.6295182053861	0.334886363293471	8.66666666666667
1	12.7084526941698	0.466976217907681	8.66666666666667
1	12.7873871829534	0.60529672604143	8.66666666666667
1	12.8663216717371	0.749847887694716	8.66666666666667
1	12.9452561605208	0.900629702867544	8.66666666666667
1	13.0241906493044	1.05764217155991	8.66666666666667
1	13.1031251380881	1.22088529377181	8.66666666666667
1	13.1820596268717	1.39035906950325	8.66666666666667
1	13.2609941156554	1.56606349875423	8.66666666666667
1	13.3399286044391	1.74799858152474	8.66666666666667
1	13.4188630932227	1.9361643178148	8.66666666666667
1	13.4977975820064	2.13056070762439	8.66666666666667
1	13.5767320707901	2.2	8.66666666666667
1	13.6556665595737	2.2	8.66666666666667
1	13.7346010483574	2.2	8.66666666666667
1	13.8135355371411	2.2	8.66666666666667
1	13.8924700259247	2.2	8.66666666666667
1	13.9714045147084	2.2	8.66666666666667
1	14.050339003492	2.2	8.66666666666667
1	14.1292734922757	2.2	8.66666666666667
1	14.2082079810594	2.2	8.66666666666667
1	14.287142469843	2.2	8.66666666666667
1	14.3660769586267	2.2	8.66666666666667
1	14.4450114474104	2.2	8.66666666666667
1	14.523945936194	2.2	8.66666666666667
1	14.6028804249777	2.2	8.66666666666667
1	14.6818149137613	2.2	8.66666666666667
1	14.760749402545	2.2	8.66666666666667
1	14.8396838913287	2.2	8.66666666666667
1	14.9186183801123	2.2	8.66666666666667
1	14.997552868896	2.2	8.66666666666667
1	15.0764873576797	2.2	8.66666666666667
1	15.1554218464633	2.2	8.66666666666667
1	15.234356335247	2.2	8.66666666666667
1	15.3132908240307	2.2	8.66666666666667
1	15.3922253128143	2.2	8.66666666666667
1	15.471159801598	2.2	8.66666666666667
1	15.5500942903816	2.2	8.66666666666667
1	15.6290287791653	2.2	8.66666666666667
1	15.707963267949	2.2	8.66666666666667
