group	x	y	showSelected2
1	0	2.2	1.33333333333333
1	0.0789344887836631	2.2	1.33333333333333
1	0.157868977567326	2.2	1.33333333333333
1	0.236803466350989	2.2	1.33333333333333
1	0.315737955134653	2.2	1.33333333333333
1	0.394672443918316	2.2	1.33333333333333
1	0.473606932701979	2.2	1.33333333333333
1	0.552541421485642	2.2	1.33333333333333
1	0.631475910269305	2.2	1.33333333333333
1	0.710410399052968	2.2	1.33333333333333
1	0.789344887836632	2.2	1.33333333333333
1	0.868279376620295	2.2	1.33333333333333
1	0.947213865403958	2.2	1.33333333333333
1	1.02614835418762	2.2	1.33333333333333
1	1.10508284297128	2.2	1.33333333333333
1	1.18401733175495	2.2	1.33333333333333
1	1.26295182053861	2.2	1.33333333333333
1	1.34188630932227	2.2	1.33333333333333
1	1.42082079810594	2.2	1.33333333333333
1	1.4997552868896	2.2	1.33333333333333
1	1.57868977567326	2.2	1.33333333333333
1	1.65762426445693	2.2	1.33333333333333
1	1.73655875324059	2.2	1.33333333333333
1	1.81549324202425	2.2	1.33333333333333
1	1.89442773080792	2.2	1.33333333333333
1	1.97336221959158	2.2	1.33333333333333
1	2.05229670837524	2.2	1.33333333333333
1	2.1312311971589	2.2	1.33333333333333
1	2.21016568594257	2.2	1.33333333333333
1	2.28910017472623	2.2	1.33333333333333
1	2.36803466350989	2.2	1.33333333333333
1	2.44696915229356	2.2	1.33333333333333
1	2.52590364107722	2.2	1.33333333333333
1	2.60483812986088	2.2	1.33333333333333
1	2.68377261864455	2.2	1.33333333333333
1	2.76270710742821	2.2	1.33333333333333
1	2.84164159621187	2.2	1.33333333333333
1	2.92057608499554	2.2	1.33333333333333
1	2.9995105737792	2.2	1.33333333333333
1	3.07844506256286	2.2	1.33333333333333
1	3.15737955134653	2.2	1.33333333333333
1	3.23631404013019	2.2	1.33333333333333
1	3.31524852891385	2.2	1.33333333333333
1	3.39418301769752	2.2	1.33333333333333
1	3.47311750648118	2.2	1.33333333333333
1	3.55205199526484	2.2	1.33333333333333
1	3.63098648404851	2.2	1.33333333333333
1	3.70992097283217	2.2	1.33333333333333
1	3.78885546161583	2.2	1.33333333333333
1	3.86778995039949	2.2	1.33333333333333
1	3.94672443918316	2.2	1.33333333333333
1	4.02565892796682	2.2	1.33333333333333
1	4.10459341675048	2.2	1.33333333333333
1	4.18352790553415	2.2	1.33333333333333
1	4.26246239431781	2.2	1.33333333333333
1	4.34139688310147	2.2	1.33333333333333
1	4.42033137188514	2.2	1.33333333333333
1	4.4992658606688	2.2	1.33333333333333
1	4.57820034945246	2.2	1.33333333333333
1	4.65713483823613	2.2	1.33333333333333
1	4.73606932701979	2.2	1.33333333333333
1	4.81500381580345	2.2	1.33333333333333
1	4.89393830458712	2.2	1.33333333333333
1	4.97287279337078	2.2	1.33333333333333
1	5.05180728215444	2.2	1.33333333333333
1	5.1307417709381	2.2	1.33333333333333
1	5.20967625972177	2.2	1.33333333333333
1	5.28861074850543	2.2	1.33333333333333
1	5.36754523728909	2.2	1.33333333333333
1	5.44647972607276	2.2	1.33333333333333
1	5.52541421485642	2.2	1.33333333333333
1	5.60434870364008	2.2	1.33333333333333
1	5.68328319242375	2.2	1.33333333333333
1	5.76221768120741	2.2	1.33333333333333
1	5.84115216999107	2.2	1.33333333333333
1	5.92008665877474	2.2	1.33333333333333
1	5.9990211475584	2.2	1.33333333333333
1	6.07795563634206	2.2	1.33333333333333
1	6.15689012512573	2.2	1.33333333333333
1	6.23582461390939	2.2	1.33333333333333
1	6.31475910269305	2.2	1.33333333333333
1	6.39369359147672	2.2	1.33333333333333
1	6.47262808026038	2.2	1.33333333333333
1	6.55156256904404	2.2	1.33333333333333
1	6.6304970578277	2.2	1.33333333333333
1	6.70943154661137	2.2	1.33333333333333
1	6.78836603539503	2.2	1.33333333333333
1	6.86730052417869	2.2	1.33333333333333
1	6.94623501296236	2.2	1.33333333333333
1	7.02516950174602	2.2	1.33333333333333
1	7.10410399052968	2.2	1.33333333333333
1	7.18303847931335	2.2	1.33333333333333
1	7.26197296809701	2.2	1.33333333333333
1	7.34090745688067	2.2	1.33333333333333
1	7.41984194566434	2.2	1.33333333333333
1	7.498776434448	2.2	1.33333333333333
1	7.57771092323166	2.17346474506979	1.33333333333333
1	7.65664541201533	2.06845450022493	1.33333333333333
1	7.73557990079899	1.96453042515305	1.33333333333333
1	7.81451438958265	1.86169251985415	1.33333333333333
1	7.89344887836631	1.75994078432823	1.33333333333333
1	7.97238336714998	1.65927521857528	1.33333333333333
1	8.05131785593364	1.55969582259531	1.33333333333333
1	8.1302523447173	1.46120259638831	1.33333333333333
1	8.20918683350097	1.36379553995429	1.33333333333333
1	8.28812132228463	1.26747465329325	1.33333333333333
1	8.36705581106829	1.17223993640519	1.33333333333333
1	8.44599029985196	1.0780913892901	1.33333333333333
1	8.52492478863562	0.985029011947989	1.33333333333333
1	8.60385927741928	0.893052804378855	1.33333333333333
1	8.68279376620295	0.802162766582695	1.33333333333333
1	8.76172825498661	0.712358898559515	1.33333333333333
1	8.84066274377027	0.623641200309311	1.33333333333333
1	8.91959723255394	0.536009671832084	1.33333333333333
1	8.9985317213376	0.449464313127832	1.33333333333333
1	9.07746621012126	0.364005124196558	1.33333333333333
1	9.15640069890492	0.279632105038261	1.33333333333333
1	9.23533518768859	0.196345255652941	1.33333333333333
1	9.31426967647225	0.114144576040596	1.33333333333333
1	9.39320416525591	0.0330300662012293	1.33333333333333
1	9.47213865403958	-0.0469982738651607	1.33333333333333
1	9.55107314282324	-0.125940444158574	1.33333333333333
1	9.6300076316069	-0.203796444679012	1.33333333333333
1	9.70894212039057	-0.280566275426472	1.33333333333333
1	9.78787660917423	-0.356249936400955	1.33333333333333
1	9.86681109795789	-0.430847427602461	1.33333333333333
1	9.94574558674156	-0.504358749030992	1.33333333333333
1	10.0246800755252	-0.576783900686545	1.33333333333333
1	10.1036145643089	-0.648122882569121	1.33333333333333
1	10.1825490530925	-0.71837569467872	1.33333333333333
1	10.2614835418762	-0.787542337015343	1.33333333333333
1	10.3404180306599	-0.85562280957899	1.33333333333333
1	10.4193525194435	-0.922617112369659	1.33333333333333
1	10.4982870082272	-0.988525245387351	1.33333333333333
1	10.5772214970109	-1.05334720863207	1.33333333333333
1	10.6561559857945	-1.11708300210381	1.33333333333333
1	10.7350904745782	-1.17973262580257	1.33333333333333
1	10.8140249633619	-1.24129607972835	1.33333333333333
1	10.8929594521455	-1.30177336388116	1.33333333333333
1	10.9718939409292	-1.361164478261	1.33333333333333
1	11.0508284297128	-1.41946942286785	1.33333333333333
1	11.1297629184965	-1.47668819770173	1.33333333333333
1	11.2086974072802	-1.53282080276263	1.33333333333333
1	11.2876318960638	-1.58786723805056	1.33333333333333
1	11.3665663848475	-1.64182750356551	1.33333333333333
1	11.4455008736312	-1.69470159930748	1.33333333333333
1	11.5244353624148	-1.74648952527647	1.33333333333333
1	11.6033698511985	-1.79719128147249	1.33333333333333
1	11.6823043399821	-1.84680686789553	1.33333333333333
1	11.7612388287658	-1.8953362845456	1.33333333333333
1	11.8401733175495	-1.94277953142269	1.33333333333333
1	11.9191078063331	-1.9891366085268	1.33333333333333
1	11.9980422951168	-2.03440751585793	1.33333333333333
1	12.0769767839005	-2.07859225341609	1.33333333333333
1	12.1559112726841	-2.12169082120127	1.33333333333333
1	12.2348457614678	-2.16370321921348	1.33333333333333
1	12.3137802502515	-2.2	1.33333333333333
1	12.3927147390351	-2.2	1.33333333333333
1	12.4716492278188	-2.2	1.33333333333333
1	12.5505837166024	-2.2	1.33333333333333
1	12.6295182053861	-2.2	1.33333333333333
1	12.7084526941698	-2.2	1.33333333333333
1	12.7873871829534	-2.2	1.33333333333333
1	12.8663216717371	-2.2	1.33333333333333
1	12.9452561605208	-2.2	1.33333333333333
1	13.0241906493044	-2.2	1.33333333333333
1	13.1031251380881	-2.2	1.33333333333333
1	13.1820596268717	-2.2	1.33333333333333
1	13.2609941156554	-2.2	1.33333333333333
1	13.3399286044391	-2.2	1.33333333333333
1	13.4188630932227	-2.2	1.33333333333333
1	13.4977975820064	-2.2	1.33333333333333
1	13.5767320707901	-2.2	1.33333333333333
1	13.6556665595737	-2.2	1.33333333333333
1	13.7346010483574	-2.2	1.33333333333333
1	13.8135355371411	-2.2	1.33333333333333
1	13.8924700259247	-2.2	1.33333333333333
1	13.9714045147084	-2.2	1.33333333333333
1	14.050339003492	-2.2	1.33333333333333
1	14.1292734922757	-2.2	1.33333333333333
1	14.2082079810594	-2.2	1.33333333333333
1	14.287142469843	-2.2	1.33333333333333
1	14.3660769586267	-2.2	1.33333333333333
1	14.4450114474104	-2.2	1.33333333333333
1	14.523945936194	-2.2	1.33333333333333
1	14.6028804249777	-2.2	1.33333333333333
1	14.6818149137613	-2.2	1.33333333333333
1	14.760749402545	-2.2	1.33333333333333
1	14.8396838913287	-2.2	1.33333333333333
1	14.9186183801123	-2.2	1.33333333333333
1	14.997552868896	-2.2	1.33333333333333
1	15.0764873576797	-2.2	1.33333333333333
1	15.1554218464633	-2.2	1.33333333333333
1	15.234356335247	-2.2	1.33333333333333
1	15.3132908240307	-2.2	1.33333333333333
1	15.3922253128143	-2.2	1.33333333333333
1	15.471159801598	-2.2	1.33333333333333
1	15.5500942903816	-2.2	1.33333333333333
1	15.6290287791653	-2.2	1.33333333333333
1	15.707963267949	-2.2	1.33333333333333
1	0	-2.2	2.33333333333333
1	0.0789344887836631	-2.2	2.33333333333333
1	0.157868977567326	-2.2	2.33333333333333
1	0.236803466350989	-2.2	2.33333333333333
1	0.315737955134653	-2.2	2.33333333333333
1	0.394672443918316	-2.2	2.33333333333333
1	0.473606932701979	-2.2	2.33333333333333
1	0.552541421485642	-2.2	2.33333333333333
1	0.631475910269305	-2.2	2.33333333333333
1	0.710410399052968	-2.2	2.33333333333333
1	0.789344887836632	-2.2	2.33333333333333
1	0.868279376620295	-2.2	2.33333333333333
1	0.947213865403958	-2.2	2.33333333333333
1	1.02614835418762	-2.2	2.33333333333333
1	1.10508284297128	-2.2	2.33333333333333
1	1.18401733175495	-2.2	2.33333333333333
1	1.26295182053861	-2.2	2.33333333333333
1	1.34188630932227	-2.2	2.33333333333333
1	1.42082079810594	-2.2	2.33333333333333
1	1.4997552868896	-2.2	2.33333333333333
1	1.57868977567326	-2.2	2.33333333333333
1	1.65762426445693	-2.2	2.33333333333333
1	1.73655875324059	-2.2	2.33333333333333
1	1.81549324202425	-2.2	2.33333333333333
1	1.89442773080792	-2.2	2.33333333333333
1	1.97336221959158	-2.2	2.33333333333333
1	2.05229670837524	-2.2	2.33333333333333
1	2.1312311971589	-2.2	2.33333333333333
1	2.21016568594257	-2.2	2.33333333333333
1	2.28910017472623	-2.2	2.33333333333333
1	2.36803466350989	-2.2	2.33333333333333
1	2.44696915229356	-2.2	2.33333333333333
1	2.52590364107722	-2.2	2.33333333333333
1	2.60483812986088	-2.2	2.33333333333333
1	2.68377261864455	-2.2	2.33333333333333
1	2.76270710742821	-2.2	2.33333333333333
1	2.84164159621187	-2.2	2.33333333333333
1	2.92057608499554	-2.2	2.33333333333333
1	2.9995105737792	-2.2	2.33333333333333
1	3.07844506256286	-2.2	2.33333333333333
1	3.15737955134653	-2.2	2.33333333333333
1	3.23631404013019	-2.2	2.33333333333333
1	3.31524852891385	-2.2	2.33333333333333
1	3.39418301769752	-2.2	2.33333333333333
1	3.47311750648118	-2.2	2.33333333333333
1	3.55205199526484	-2.2	2.33333333333333
1	3.63098648404851	-2.2	2.33333333333333
1	3.70992097283217	-2.2	2.33333333333333
1	3.78885546161583	-2.2	2.33333333333333
1	3.86778995039949	-2.2	2.33333333333333
1	3.94672443918316	-2.2	2.33333333333333
1	4.02565892796682	-2.2	2.33333333333333
1	4.10459341675048	-2.2	2.33333333333333
1	4.18352790553415	-2.2	2.33333333333333
1	4.26246239431781	-2.2	2.33333333333333
1	4.34139688310147	-2.2	2.33333333333333
1	4.42033137188514	-2.2	2.33333333333333
1	4.4992658606688	-2.2	2.33333333333333
1	4.57820034945246	-2.2	2.33333333333333
1	4.65713483823613	-2.2	2.33333333333333
1	4.73606932701979	-2.2	2.33333333333333
1	4.81500381580345	-2.2	2.33333333333333
1	4.89393830458712	-2.2	2.33333333333333
1	4.97287279337078	-2.2	2.33333333333333
1	5.05180728215444	-2.2	2.33333333333333
1	5.1307417709381	-2.2	2.33333333333333
1	5.20967625972177	-2.2	2.33333333333333
1	5.28861074850543	-2.2	2.33333333333333
1	5.36754523728909	-2.2	2.33333333333333
1	5.44647972607276	-2.2	2.33333333333333
1	5.52541421485642	-2.2	2.33333333333333
1	5.60434870364008	-2.2	2.33333333333333
1	5.68328319242375	-2.2	2.33333333333333
1	5.76221768120741	-2.2	2.33333333333333
1	5.84115216999107	-2.2	2.33333333333333
1	5.92008665877474	-2.2	2.33333333333333
1	5.9990211475584	-2.2	2.33333333333333
1	6.07795563634206	-2.2	2.33333333333333
1	6.15689012512573	-2.2	2.33333333333333
1	6.23582461390939	-2.2	2.33333333333333
1	6.31475910269305	-2.2	2.33333333333333
1	6.39369359147672	-2.2	2.33333333333333
1	6.47262808026038	-2.2	2.33333333333333
1	6.55156256904404	-2.2	2.33333333333333
1	6.6304970578277	-2.2	2.33333333333333
1	6.70943154661137	-2.2	2.33333333333333
1	6.78836603539503	-2.2	2.33333333333333
1	6.86730052417869	-2.2	2.33333333333333
1	6.94623501296236	-2.2	2.33333333333333
1	7.02516950174602	-2.2	2.33333333333333
1	7.10410399052968	-2.2	2.33333333333333
1	7.18303847931335	-2.2	2.33333333333333
1	7.26197296809701	-2.2	2.33333333333333
1	7.34090745688067	-2.2	2.33333333333333
1	7.41984194566434	-2.2	2.33333333333333
1	7.498776434448	-2.2	2.33333333333333
1	7.57771092323166	-2.2	2.33333333333333
1	7.65664541201533	-2.2	2.33333333333333
1	7.73557990079899	-2.2	2.33333333333333
1	7.81451438958265	-2.2	2.33333333333333
1	7.89344887836631	-2.2	2.33333333333333
1	7.97238336714998	-2.2	2.33333333333333
1	8.05131785593364	-2.2	2.33333333333333
1	8.1302523447173	-2.2	2.33333333333333
1	8.20918683350097	-2.2	2.33333333333333
1	8.28812132228463	-2.2	2.33333333333333
1	8.36705581106829	-2.2	2.33333333333333
1	8.44599029985196	-2.2	2.33333333333333
1	8.52492478863562	-2.2	2.33333333333333
1	8.60385927741928	-2.2	2.33333333333333
1	8.68279376620295	-2.2	2.33333333333333
1	8.76172825498661	-2.2	2.33333333333333
1	8.84066274377027	-2.2	2.33333333333333
1	8.91959723255394	-2.2	2.33333333333333
1	8.9985317213376	-2.2	2.33333333333333
1	9.07746621012126	-2.2	2.33333333333333
1	9.15640069890492	-2.2	2.33333333333333
1	9.23533518768859	-2.18418291122837	2.33333333333333
1	9.31426967647225	-2.04583012454051	2.33333333333333
1	9.39320416525591	-1.91024033058753	2.33333333333333
1	9.47213865403958	-1.77741352936941	2.33333333333333
1	9.55107314282324	-1.64734972088616	2.33333333333333
1	9.6300076316069	-1.52004890513778	2.33333333333333
1	9.70894212039057	-1.39551108212426	2.33333333333333
1	9.78787660917423	-1.27373625184562	2.33333333333333
1	9.86681109795789	-1.15472441430184	2.33333333333333
1	9.94574558674156	-1.03847556949292	2.33333333333333
1	10.0246800755252	-0.924989717418873	2.33333333333333
1	10.1036145643089	-0.814266858079694	2.33333333333333
1	10.1825490530925	-0.706306991475381	2.33333333333333
1	10.2614835418762	-0.601110117605936	2.33333333333333
1	10.3404180306599	-0.498676236471355	2.33333333333333
1	10.4193525194435	-0.399005348071643	2.33333333333333
1	10.4982870082272	-0.3020974524068	2.33333333333333
1	10.5772214970109	-0.207952549476823	2.33333333333333
1	10.6561559857945	-0.116570639281711	2.33333333333333
1	10.7350904745782	-0.0279517218214682	2.33333333333333
1	10.8140249633619	0.0579042029039085	2.33333333333333
1	10.8929594521455	0.140997134894416	2.33333333333333
1	10.9718939409292	0.22132707415006	2.33333333333333
1	11.0508284297128	0.298894020670834	2.33333333333333
1	11.1297629184965	0.373697974456742	2.33333333333333
1	11.2086974072802	0.445738935507782	2.33333333333333
1	11.2876318960638	0.515016903823957	2.33333333333333
1	11.3665663848475	0.581531879405262	2.33333333333333
1	11.4455008736312	0.645283862251702	2.33333333333333
1	11.5244353624148	0.706272852363273	2.33333333333333
1	11.6033698511985	0.76449884973998	2.33333333333333
1	11.6823043399821	0.819961854381818	2.33333333333333
1	11.7612388287658	0.872661866288788	2.33333333333333
1	11.8401733175495	0.922598885460892	2.33333333333333
1	11.9191078063331	0.969772911898129	2.33333333333333
1	11.9980422951168	1.0141839456005	2.33333333333333
1	12.0769767839005	1.055831986568	2.33333333333333
1	12.1559112726841	1.09471703480064	2.33333333333333
1	12.2348457614678	1.13083909029841	2.33333333333333
1	12.3137802502515	1.16419815306131	2.33333333333333
1	12.3927147390351	1.19479422308934	2.33333333333333
1	12.4716492278188	1.22262730038251	2.33333333333333
1	12.5505837166024	1.24769738494081	2.33333333333333
1	12.6295182053861	1.27000447676424	2.33333333333333
1	12.7084526941698	1.2895485758528	2.33333333333333
1	12.7873871829534	1.3063296822065	2.33333333333333
1	12.8663216717371	1.32034779582533	2.33333333333333
1	12.9452561605208	1.3316029167093	2.33333333333333
1	13.0241906493044	1.3400950448584	2.33333333333333
1	13.1031251380881	1.34582418027263	2.33333333333333
1	13.1820596268717	1.34879032295199	2.33333333333333
1	13.2609941156554	1.34899347289648	2.33333333333333
1	13.3399286044391	1.34643363010611	2.33333333333333
1	13.4188630932227	1.34111079458088	2.33333333333333
1	13.4977975820064	1.33302496632077	2.33333333333333
1	13.5767320707901	1.3221761453258	2.33333333333333
1	13.6556665595737	1.30856433159596	2.33333333333333
1	13.7346010483574	1.29218952513125	2.33333333333333
1	13.8135355371411	1.27305172593168	2.33333333333333
1	13.8924700259247	1.25115093399724	2.33333333333333
1	13.9714045147084	1.22648714932793	2.33333333333333
1	14.050339003492	1.19906037192375	2.33333333333333
1	14.1292734922757	1.16887060178471	2.33333333333333
1	14.2082079810594	1.1359178389108	2.33333333333333
1	14.287142469843	1.10020208330202	2.33333333333333
1	14.3660769586267	1.06172333495838	2.33333333333333
1	14.4450114474104	1.02048159387987	2.33333333333333
1	14.523945936194	0.976476860066491	2.33333333333333
1	14.6028804249777	0.929709133518246	2.33333333333333
1	14.6818149137613	0.880178414235135	2.33333333333333
1	14.760749402545	0.827884702217156	2.33333333333333
1	14.8396838913287	0.772827997464309	2.33333333333333
1	14.9186183801123	0.715008299976596	2.33333333333333
1	14.997552868896	0.654425609754015	2.33333333333333
1	15.0764873576797	0.591079926796568	2.33333333333333
1	15.1554218464633	0.524971251104254	2.33333333333333
1	15.234356335247	0.456099582677071	2.33333333333333
1	15.3132908240307	0.384464921515022	2.33333333333333
1	15.3922253128143	0.310067267618107	2.33333333333333
1	15.471159801598	0.232906620986324	2.33333333333333
1	15.5500942903816	0.152982981619672	2.33333333333333
1	15.6290287791653	0.0702963495181552	2.33333333333333
1	15.707963267949	-0.0151532753182288	2.33333333333333
1	0	-2.2	3.33333333333333
1	0.0789344887836631	-2.2	3.33333333333333
1	0.157868977567326	-2.2	3.33333333333333
1	0.236803466350989	-2.2	3.33333333333333
1	0.315737955134653	-2.2	3.33333333333333
1	0.394672443918316	-2.2	3.33333333333333
1	0.473606932701979	-2.2	3.33333333333333
1	0.552541421485642	-2.2	3.33333333333333
1	0.631475910269305	-2.2	3.33333333333333
1	0.710410399052968	-2.2	3.33333333333333
1	0.789344887836632	-2.2	3.33333333333333
1	0.868279376620295	-2.2	3.33333333333333
1	0.947213865403958	-2.2	3.33333333333333
1	1.02614835418762	-2.2	3.33333333333333
1	1.10508284297128	-2.2	3.33333333333333
1	1.18401733175495	-2.2	3.33333333333333
1	1.26295182053861	-2.2	3.33333333333333
1	1.34188630932227	-2.2	3.33333333333333
1	1.42082079810594	-2.2	3.33333333333333
1	1.4997552868896	-2.2	3.33333333333333
1	1.57868977567326	-2.2	3.33333333333333
1	1.65762426445693	-2.2	3.33333333333333
1	1.73655875324059	-2.2	3.33333333333333
1	1.81549324202425	-2.2	3.33333333333333
1	1.89442773080792	-2.2	3.33333333333333
1	1.97336221959158	-2.2	3.33333333333333
1	2.05229670837524	-2.2	3.33333333333333
1	2.1312311971589	-2.2	3.33333333333333
1	2.21016568594257	-2.2	3.33333333333333
1	2.28910017472623	-2.2	3.33333333333333
1	2.36803466350989	-2.2	3.33333333333333
1	2.44696915229356	-2.2	3.33333333333333
1	2.52590364107722	-2.2	3.33333333333333
1	2.60483812986088	-2.2	3.33333333333333
1	2.68377261864455	-2.2	3.33333333333333
1	2.76270710742821	-2.2	3.33333333333333
1	2.84164159621187	-2.2	3.33333333333333
1	2.92057608499554	-2.2	3.33333333333333
1	2.9995105737792	-2.2	3.33333333333333
1	3.07844506256286	-2.2	3.33333333333333
1	3.15737955134653	-2.2	3.33333333333333
1	3.23631404013019	-2.2	3.33333333333333
1	3.31524852891385	-2.2	3.33333333333333
1	3.39418301769752	-2.2	3.33333333333333
1	3.47311750648118	-2.2	3.33333333333333
1	3.55205199526484	-2.2	3.33333333333333
1	3.63098648404851	-2.2	3.33333333333333
1	3.70992097283217	-2.2	3.33333333333333
1	3.78885546161583	-2.2	3.33333333333333
1	3.86778995039949	-2.2	3.33333333333333
1	3.94672443918316	-2.2	3.33333333333333
1	4.02565892796682	-2.2	3.33333333333333
1	4.10459341675048	-2.2	3.33333333333333
1	4.18352790553415	-2.2	3.33333333333333
1	4.26246239431781	-2.2	3.33333333333333
1	4.34139688310147	-2.2	3.33333333333333
1	4.42033137188514	-2.2	3.33333333333333
1	4.4992658606688	-2.2	3.33333333333333
1	4.57820034945246	-2.2	3.33333333333333
1	4.65713483823613	-2.2	3.33333333333333
1	4.73606932701979	-2.2	3.33333333333333
1	4.81500381580345	-2.2	3.33333333333333
1	4.89393830458712	-2.2	3.33333333333333
1	4.97287279337078	-2.2	3.33333333333333
1	5.05180728215444	-2.2	3.33333333333333
1	5.1307417709381	-2.2	3.33333333333333
1	5.20967625972177	-2.2	3.33333333333333
1	5.28861074850543	-2.2	3.33333333333333
1	5.36754523728909	-2.2	3.33333333333333
1	5.44647972607276	-2.2	3.33333333333333
1	5.52541421485642	-2.2	3.33333333333333
1	5.60434870364008	-2.2	3.33333333333333
1	5.68328319242375	-2.2	3.33333333333333
1	5.76221768120741	-2.2	3.33333333333333
1	5.84115216999107	-2.2	3.33333333333333
1	5.92008665877474	-2.2	3.33333333333333
1	5.9990211475584	-2.2	3.33333333333333
1	6.07795563634206	-2.2	3.33333333333333
1	6.15689012512573	-2.2	3.33333333333333
1	6.23582461390939	-2.2	3.33333333333333
1	6.31475910269305	-2.2	3.33333333333333
1	6.39369359147672	-2.2	3.33333333333333
1	6.47262808026038	-2.2	3.33333333333333
1	6.55156256904404	-2.2	3.33333333333333
1	6.6304970578277	-2.2	3.33333333333333
1	6.70943154661137	-2.2	3.33333333333333
1	6.78836603539503	-2.2	3.33333333333333
1	6.86730052417869	-2.2	3.33333333333333
1	6.94623501296236	-2.2	3.33333333333333
1	7.02516950174602	-2.2	3.33333333333333
1	7.10410399052968	-2.2	3.33333333333333
1	7.18303847931335	-2.2	3.33333333333333
1	7.26197296809701	-2.2	3.33333333333333
1	7.34090745688067	-2.2	3.33333333333333
1	7.41984194566434	-2.2	3.33333333333333
1	7.498776434448	-2.2	3.33333333333333
1	7.57771092323166	-2.2	3.33333333333333
1	7.65664541201533	-2.2	3.33333333333333
1	7.73557990079899	-2.2	3.33333333333333
1	7.81451438958265	-2.2	3.33333333333333
1	7.89344887836631	-2.2	3.33333333333333
1	7.97238336714998	-2.2	3.33333333333333
1	8.05131785593364	-2.2	3.33333333333333
1	8.1302523447173	-2.2	3.33333333333333
1	8.20918683350097	-2.2	3.33333333333333
1	8.28812132228463	-2.2	3.33333333333333
1	8.36705581106829	-2.2	3.33333333333333
1	8.44599029985196	-2.2	3.33333333333333
1	8.52492478863562	-2.2	3.33333333333333
1	8.60385927741928	-2.2	3.33333333333333
1	8.68279376620295	-2.2	3.33333333333333
1	8.76172825498661	-2.2	3.33333333333333
1	8.84066274377027	-2.2	3.33333333333333
1	8.91959723255394	-2.2	3.33333333333333
1	8.9985317213376	-2.2	3.33333333333333
1	9.07746621012126	-2.2	3.33333333333333
1	9.15640069890492	-2.2	3.33333333333333
1	9.23533518768859	-2.2	3.33333333333333
1	9.31426967647225	-2.2	3.33333333333333
1	9.39320416525591	-2.2	3.33333333333333
1	9.47213865403958	-2.2	3.33333333333333
1	9.55107314282324	-2.2	3.33333333333333
1	9.6300076316069	-2.2	3.33333333333333
1	9.70894212039057	-2.2	3.33333333333333
1	9.78787660917423	-2.2	3.33333333333333
1	9.86681109795789	-2.2	3.33333333333333
1	9.94574558674156	-2.2	3.33333333333333
1	10.0246800755252	-2.2	3.33333333333333
1	10.1036145643089	-2.2	3.33333333333333
1	10.1825490530925	-2.2	3.33333333333333
1	10.2614835418762	-2.2	3.33333333333333
1	10.3404180306599	-2.2	3.33333333333333
1	10.4193525194435	-2.2	3.33333333333333
1	10.4982870082272	-2.2	3.33333333333333
1	10.5772214970109	-2.2	3.33333333333333
1	10.6561559857945	-2.2	3.33333333333333
1	10.7350904745782	-2.2	3.33333333333333
1	10.8140249633619	-2.2	3.33333333333333
1	10.8929594521455	-2.2	3.33333333333333
1	10.9718939409292	-2.2	3.33333333333333
1	11.0508284297128	-2.2	3.33333333333333
1	11.1297629184965	-2.2	3.33333333333333
1	11.2086974072802	-2.2	3.33333333333333
1	11.2876318960638	-2.07216060148111	3.33333333333333
1	11.3665663848475	-1.91777202624576	3.33333333333333
1	11.4455008736312	-1.76720829291201	3.33333333333333
1	11.5244353624148	-1.62046940147988	3.33333333333333
1	11.6033698511985	-1.47755535194936	3.33333333333333
1	11.6823043399821	-1.33846614432046	3.33333333333333
1	11.7612388287658	-1.20320177859316	3.33333333333333
1	11.8401733175495	-1.07176225476749	3.33333333333333
1	11.9191078063331	-0.944147572843419	3.33333333333333
1	11.9980422951168	-0.820357732820967	3.33333333333333
1	12.0769767839005	-0.700392734700129	3.33333333333333
1	12.1559112726841	-0.584252578480904	3.33333333333333
1	12.2348457614678	-0.471937264163289	3.33333333333333
1	12.3137802502515	-0.363446791747291	3.33333333333333
1	12.3927147390351	-0.258781161232905	3.33333333333333
1	12.4716492278188	-0.157940372620133	3.33333333333333
1	12.5505837166024	-0.0609244259089714	3.33333333333333
1	12.6295182053861	0.0322666789005744	3.33333333333333
1	12.7084526941698	0.121632941808507	3.33333333333333
1	12.7873871829534	0.207174362814827	3.33333333333333
1	12.8663216717371	0.288890941919533	3.33333333333333
1	12.9452561605208	0.366782679122628	3.33333333333333
1	13.0241906493044	0.440849574424107	3.33333333333333
1	13.1031251380881	0.511091627823974	3.33333333333333
1	13.1820596268717	0.577508839322227	3.33333333333333
1	13.2609941156554	0.640101208918869	3.33333333333333
1	13.3399286044391	0.698868736613896	3.33333333333333
1	13.4188630932227	0.75381142240731	3.33333333333333
1	13.4977975820064	0.80492926629911	3.33333333333333
1	13.5767320707901	0.852222268289298	3.33333333333333
1	13.6556665595737	0.895690428377872	3.33333333333333
1	13.7346010483574	0.935333746564833	3.33333333333333
1	13.8135355371411	0.971152222850181	3.33333333333333
1	13.8924700259247	1.00314585723392	3.33333333333333
1	13.9714045147084	1.03131464971604	3.33333333333333
1	14.050339003492	1.05565860029655	3.33333333333333
1	14.1292734922757	1.07617770897544	3.33333333333333
1	14.2082079810594	1.09287197575272	3.33333333333333
1	14.287142469843	1.10574140062839	3.33333333333333
1	14.3660769586267	1.11478598360245	3.33333333333333
1	14.4450114474104	1.12000572467489	3.33333333333333
1	14.523945936194	1.12140062384572	3.33333333333333
1	14.6028804249777	1.11897068111493	3.33333333333333
1	14.6818149137613	1.11271589648253	3.33333333333333
1	14.760749402545	1.10263626994852	3.33333333333333
1	14.8396838913287	1.0887318015129	3.33333333333333
1	14.9186183801123	1.07100249117566	3.33333333333333
1	14.997552868896	1.04944833893681	3.33333333333333
1	15.0764873576797	1.02406934479635	3.33333333333333
1	15.1554218464633	0.994865508754269	3.33333333333333
1	15.234356335247	0.961836830810577	3.33333333333333
1	15.3132908240307	0.924983310965274	3.33333333333333
1	15.3922253128143	0.884304949218358	3.33333333333333
1	15.471159801598	0.839801745569828	3.33333333333333
1	15.5500942903816	0.791473700019683	3.33333333333333
1	15.6290287791653	0.739320812567927	3.33333333333333
1	15.707963267949	0.683343083214557	3.33333333333333
1	0	-2.2	4.33333333333333
1	0.0789344887836631	-2.2	4.33333333333333
1	0.157868977567326	-2.2	4.33333333333333
1	0.236803466350989	-2.2	4.33333333333333
1	0.315737955134653	-2.2	4.33333333333333
1	0.394672443918316	-2.2	4.33333333333333
1	0.473606932701979	-2.2	4.33333333333333
1	0.552541421485642	-2.2	4.33333333333333
1	0.631475910269305	-2.2	4.33333333333333
1	0.710410399052968	-2.2	4.33333333333333
1	0.789344887836632	-2.2	4.33333333333333
1	0.868279376620295	-2.2	4.33333333333333
1	0.947213865403958	-2.2	4.33333333333333
1	1.02614835418762	-2.2	4.33333333333333
1	1.10508284297128	-2.2	4.33333333333333
1	1.18401733175495	-2.2	4.33333333333333
1	1.26295182053861	-2.2	4.33333333333333
1	1.34188630932227	-2.2	4.33333333333333
1	1.42082079810594	-2.2	4.33333333333333
1	1.4997552868896	-2.2	4.33333333333333
1	1.57868977567326	-2.2	4.33333333333333
1	1.65762426445693	-2.2	4.33333333333333
1	1.73655875324059	-2.2	4.33333333333333
1	1.81549324202425	-2.2	4.33333333333333
1	1.89442773080792	-2.2	4.33333333333333
1	1.97336221959158	-2.2	4.33333333333333
1	2.05229670837524	-2.2	4.33333333333333
1	2.1312311971589	-2.2	4.33333333333333
1	2.21016568594257	-2.2	4.33333333333333
1	2.28910017472623	-2.2	4.33333333333333
1	2.36803466350989	-2.2	4.33333333333333
1	2.44696915229356	-2.2	4.33333333333333
1	2.52590364107722	-2.2	4.33333333333333
1	2.60483812986088	-2.2	4.33333333333333
1	2.68377261864455	-2.2	4.33333333333333
1	2.76270710742821	-2.2	4.33333333333333
1	2.84164159621187	-2.2	4.33333333333333
1	2.92057608499554	-2.2	4.33333333333333
1	2.9995105737792	-2.2	4.33333333333333
1	3.07844506256286	-2.2	4.33333333333333
1	3.15737955134653	-2.2	4.33333333333333
1	3.23631404013019	-2.2	4.33333333333333
1	3.31524852891385	-2.2	4.33333333333333
1	3.39418301769752	-2.2	4.33333333333333
1	3.47311750648118	-2.2	4.33333333333333
1	3.55205199526484	-2.2	4.33333333333333
1	3.63098648404851	-2.2	4.33333333333333
1	3.70992097283217	-2.2	4.33333333333333
1	3.78885546161583	-2.2	4.33333333333333
1	3.86778995039949	-2.2	4.33333333333333
1	3.94672443918316	-2.2	4.33333333333333
1	4.02565892796682	-2.2	4.33333333333333
1	4.10459341675048	-2.2	4.33333333333333
1	4.18352790553415	-2.2	4.33333333333333
1	4.26246239431781	-2.2	4.33333333333333
1	4.34139688310147	-2.2	4.33333333333333
1	4.42033137188514	-2.2	4.33333333333333
1	4.4992658606688	-2.2	4.33333333333333
1	4.57820034945246	-2.2	4.33333333333333
1	4.65713483823613	-2.2	4.33333333333333
1	4.73606932701979	-2.2	4.33333333333333
1	4.81500381580345	-2.2	4.33333333333333
1	4.89393830458712	-2.2	4.33333333333333
1	4.97287279337078	-2.2	4.33333333333333
1	5.05180728215444	-2.2	4.33333333333333
1	5.1307417709381	-2.2	4.33333333333333
1	5.20967625972177	-2.2	4.33333333333333
1	5.28861074850543	-2.2	4.33333333333333
1	5.36754523728909	-2.2	4.33333333333333
1	5.44647972607276	-2.2	4.33333333333333
1	5.52541421485642	-2.2	4.33333333333333
1	5.60434870364008	-2.2	4.33333333333333
1	5.68328319242375	-2.2	4.33333333333333
1	5.76221768120741	-2.2	4.33333333333333
1	5.84115216999107	-2.2	4.33333333333333
1	5.92008665877474	-2.2	4.33333333333333
1	5.9990211475584	-2.2	4.33333333333333
1	6.07795563634206	-2.2	4.33333333333333
1	6.15689012512573	-2.2	4.33333333333333
1	6.23582461390939	-2.2	4.33333333333333
1	6.31475910269305	-2.2	4.33333333333333
1	6.39369359147672	-2.2	4.33333333333333
1	6.47262808026038	-2.2	4.33333333333333
1	6.55156256904404	-2.2	4.33333333333333
1	6.6304970578277	-2.2	4.33333333333333
1	6.70943154661137	-2.2	4.33333333333333
1	6.78836603539503	-2.2	4.33333333333333
1	6.86730052417869	-2.2	4.33333333333333
1	6.94623501296236	-2.2	4.33333333333333
1	7.02516950174602	-2.2	4.33333333333333
1	7.10410399052968	-2.2	4.33333333333333
1	7.18303847931335	-2.2	4.33333333333333
1	7.26197296809701	-2.2	4.33333333333333
1	7.34090745688067	-2.2	4.33333333333333
1	7.41984194566434	-2.2	4.33333333333333
1	7.498776434448	-2.2	4.33333333333333
1	7.57771092323166	-2.2	4.33333333333333
1	7.65664541201533	-2.2	4.33333333333333
1	7.73557990079899	-2.2	4.33333333333333
1	7.81451438958265	-2.2	4.33333333333333
1	7.89344887836631	-2.2	4.33333333333333
1	7.97238336714998	-2.2	4.33333333333333
1	8.05131785593364	-2.2	4.33333333333333
1	8.1302523447173	-2.2	4.33333333333333
1	8.20918683350097	-2.2	4.33333333333333
1	8.28812132228463	-2.2	4.33333333333333
1	8.36705581106829	-2.2	4.33333333333333
1	8.44599029985196	-2.2	4.33333333333333
1	8.52492478863562	-2.2	4.33333333333333
1	8.60385927741928	-2.2	4.33333333333333
1	8.68279376620295	-2.2	4.33333333333333
1	8.76172825498661	-2.2	4.33333333333333
1	8.84066274377027	-2.2	4.33333333333333
1	8.91959723255394	-2.2	4.33333333333333
1	8.9985317213376	-2.2	4.33333333333333
1	9.07746621012126	-2.2	4.33333333333333
1	9.15640069890492	-2.2	4.33333333333333
1	9.23533518768859	-2.2	4.33333333333333
1	9.31426967647225	-2.2	4.33333333333333
1	9.39320416525591	-2.2	4.33333333333333
1	9.47213865403958	-2.2	4.33333333333333
1	9.55107314282324	-2.2	4.33333333333333
1	9.6300076316069	-2.2	4.33333333333333
1	9.70894212039057	-2.2	4.33333333333333
1	9.78787660917423	-2.2	4.33333333333333
1	9.86681109795789	-2.2	4.33333333333333
1	9.94574558674156	-2.2	4.33333333333333
1	10.0246800755252	-2.2	4.33333333333333
1	10.1036145643089	-2.2	4.33333333333333
1	10.1825490530925	-2.2	4.33333333333333
1	10.2614835418762	-2.2	4.33333333333333
1	10.3404180306599	-2.2	4.33333333333333
1	10.4193525194435	-2.2	4.33333333333333
1	10.4982870082272	-2.2	4.33333333333333
1	10.5772214970109	-2.2	4.33333333333333
1	10.6561559857945	-2.2	4.33333333333333
1	10.7350904745782	-2.2	4.33333333333333
1	10.8140249633619	-2.2	4.33333333333333
1	10.8929594521455	-2.2	4.33333333333333
1	10.9718939409292	-2.2	4.33333333333333
1	11.0508284297128	-2.2	4.33333333333333
1	11.1297629184965	-2.2	4.33333333333333
1	11.2086974072802	-2.2	4.33333333333333
1	11.2876318960638	-2.2	4.33333333333333
1	11.3665663848475	-2.2	4.33333333333333
1	11.4455008736312	-2.2	4.33333333333333
1	11.5244353624148	-2.12647577778809	4.33333333333333
1	11.6033698511985	-1.93893362545314	4.33333333333333
1	11.6823043399821	-1.75718663277313	4.33333333333333
1	11.7612388287658	-1.58123479974804	4.33333333333333
1	11.8401733175495	-1.41107812637787	4.33333333333333
1	11.9191078063331	-1.24671661266263	4.33333333333333
1	11.9980422951168	-1.08815025860232	4.33333333333333
1	12.0769767839005	-0.935379064196938	4.33333333333333
1	12.1559112726841	-0.788403029446481	4.33333333333333
1	12.2348457614678	-0.647222154350948	4.33333333333333
1	12.3137802502515	-0.511836438910345	4.33333333333333
1	12.3927147390351	-0.382245883124669	4.33333333333333
1	12.4716492278188	-0.258450486993919	4.33333333333333
1	12.5505837166024	-0.140450250518094	4.33333333333333
1	12.6295182053861	-0.0282451736971985	4.33333333333333
1	12.7084526941698	0.0781647434687709	4.33333333333333
1	12.7873871829534	0.178779500979813	4.33333333333333
1	12.8663216717371	0.273599098835929	4.33333333333333
1	12.9452561605208	0.36262353703712	4.33333333333333
1	13.0241906493044	0.445852815583382	4.33333333333333
1	13.1031251380881	0.523286934474717	4.33333333333333
1	13.1820596268717	0.594925893711125	4.33333333333333
1	13.2609941156554	0.660769693292609	4.33333333333333
1	13.3399286044391	0.720818333219163	4.33333333333333
1	13.4188630932227	0.775071813490792	4.33333333333333
1	13.4977975820064	0.823530134107493	4.33333333333333
1	13.5767320707901	0.866193295069268	4.33333333333333
1	13.6556665595737	0.903061296376116	4.33333333333333
1	13.7346010483574	0.934134138028037	4.33333333333333
1	13.8135355371411	0.959411820025031	4.33333333333333
1	13.8924700259247	0.978894342367099	4.33333333333333
1	13.9714045147084	0.99258170505424	4.33333333333333
1	14.050339003492	1.00047390808645	4.33333333333333
1	14.1292734922757	1.00257095146374	4.33333333333333
1	14.2082079810594	0.998872835186101	4.33333333333333
1	14.287142469843	0.989379559253534	4.33333333333333
1	14.3660769586267	0.974091123666041	4.33333333333333
1	14.4450114474104	0.953007528423621	4.33333333333333
1	14.523945936194	0.926128773526274	4.33333333333333
1	14.6028804249777	0.893454858974	4.33333333333333
1	14.6818149137613	0.8549857847668	4.33333333333333
1	14.760749402545	0.810721550904673	4.33333333333333
1	14.8396838913287	0.760662157387618	4.33333333333333
1	14.9186183801123	0.704807604215637	4.33333333333333
1	14.997552868896	0.643157891388729	4.33333333333333
1	15.0764873576797	0.575713018906895	4.33333333333333
1	15.1554218464633	0.502472986770134	4.33333333333333
1	15.234356335247	0.423437794978445	4.33333333333333
1	15.3132908240307	0.33860744353183	4.33333333333333
1	15.3922253128143	0.247981932430289	4.33333333333333
1	15.471159801598	0.15156126167382	4.33333333333333
1	15.5500942903816	0.0493454312624232	4.33333333333333
1	15.6290287791653	-0.0586655588038985	4.33333333333333
1	15.707963267949	-0.172471708525147	4.33333333333333
1	0	-2.2	5.33333333333333
1	0.0789344887836631	-2.2	5.33333333333333
1	0.157868977567326	-2.2	5.33333333333333
1	0.236803466350989	-2.2	5.33333333333333
1	0.315737955134653	-2.2	5.33333333333333
1	0.394672443918316	-2.2	5.33333333333333
1	0.473606932701979	-2.2	5.33333333333333
1	0.552541421485642	-2.2	5.33333333333333
1	0.631475910269305	-2.2	5.33333333333333
1	0.710410399052968	-2.2	5.33333333333333
1	0.789344887836632	-2.2	5.33333333333333
1	0.868279376620295	-2.2	5.33333333333333
1	0.947213865403958	-2.2	5.33333333333333
1	1.02614835418762	-2.2	5.33333333333333
1	1.10508284297128	-2.2	5.33333333333333
1	1.18401733175495	-2.2	5.33333333333333
1	1.26295182053861	-2.2	5.33333333333333
1	1.34188630932227	-2.2	5.33333333333333
1	1.42082079810594	-2.2	5.33333333333333
1	1.4997552868896	-2.2	5.33333333333333
1	1.57868977567326	-2.2	5.33333333333333
1	1.65762426445693	-2.2	5.33333333333333
1	1.73655875324059	-2.2	5.33333333333333
1	1.81549324202425	-2.2	5.33333333333333
1	1.89442773080792	-2.2	5.33333333333333
1	1.97336221959158	-2.2	5.33333333333333
1	2.05229670837524	-2.2	5.33333333333333
1	2.1312311971589	-2.2	5.33333333333333
1	2.21016568594257	-2.2	5.33333333333333
1	2.28910017472623	-2.2	5.33333333333333
1	2.36803466350989	-2.2	5.33333333333333
1	2.44696915229356	-2.2	5.33333333333333
1	2.52590364107722	-2.2	5.33333333333333
1	2.60483812986088	-2.2	5.33333333333333
1	2.68377261864455	-2.2	5.33333333333333
1	2.76270710742821	-2.2	5.33333333333333
1	2.84164159621187	-2.2	5.33333333333333
1	2.92057608499554	-2.2	5.33333333333333
1	2.9995105737792	-2.2	5.33333333333333
1	3.07844506256286	-2.2	5.33333333333333
1	3.15737955134653	-2.2	5.33333333333333
1	3.23631404013019	-2.2	5.33333333333333
1	3.31524852891385	-2.2	5.33333333333333
1	3.39418301769752	-2.2	5.33333333333333
1	3.47311750648118	-2.2	5.33333333333333
1	3.55205199526484	-2.2	5.33333333333333
1	3.63098648404851	-2.2	5.33333333333333
1	3.70992097283217	-2.2	5.33333333333333
1	3.78885546161583	-2.2	5.33333333333333
1	3.86778995039949	-2.2	5.33333333333333
1	3.94672443918316	-2.2	5.33333333333333
1	4.02565892796682	-2.2	5.33333333333333
1	4.10459341675048	-2.2	5.33333333333333
1	4.18352790553415	-2.2	5.33333333333333
1	4.26246239431781	-2.2	5.33333333333333
1	4.34139688310147	-2.2	5.33333333333333
1	4.42033137188514	-2.2	5.33333333333333
1	4.4992658606688	-2.2	5.33333333333333
1	4.57820034945246	-2.2	5.33333333333333
1	4.65713483823613	-2.2	5.33333333333333
1	4.73606932701979	-2.2	5.33333333333333
1	4.81500381580345	-2.2	5.33333333333333
1	4.89393830458712	-2.2	5.33333333333333
1	4.97287279337078	-2.2	5.33333333333333
1	5.05180728215444	-2.2	5.33333333333333
1	5.1307417709381	-2.2	5.33333333333333
1	5.20967625972177	-2.2	5.33333333333333
1	5.28861074850543	-2.2	5.33333333333333
1	5.36754523728909	-2.2	5.33333333333333
1	5.44647972607276	-2.2	5.33333333333333
1	5.52541421485642	-2.2	5.33333333333333
1	5.60434870364008	-2.2	5.33333333333333
1	5.68328319242375	-2.2	5.33333333333333
1	5.76221768120741	-2.2	5.33333333333333
1	5.84115216999107	-2.2	5.33333333333333
1	5.92008665877474	-2.2	5.33333333333333
1	5.9990211475584	-2.2	5.33333333333333
1	6.07795563634206	-2.2	5.33333333333333
1	6.15689012512573	-2.2	5.33333333333333
1	6.23582461390939	-2.2	5.33333333333333
1	6.31475910269305	-2.2	5.33333333333333
1	6.39369359147672	-2.2	5.33333333333333
1	6.47262808026038	-2.2	5.33333333333333
1	6.55156256904404	-2.2	5.33333333333333
1	6.6304970578277	-2.2	5.33333333333333
1	6.70943154661137	-2.2	5.33333333333333
1	6.78836603539503	-2.2	5.33333333333333
1	6.86730052417869	-2.2	5.33333333333333
1	6.94623501296236	-2.2	5.33333333333333
1	7.02516950174602	-2.2	5.33333333333333
1	7.10410399052968	-2.2	5.33333333333333
1	7.18303847931335	-2.2	5.33333333333333
1	7.26197296809701	-2.2	5.33333333333333
1	7.34090745688067	-2.2	5.33333333333333
1	7.41984194566434	-2.2	5.33333333333333
1	7.498776434448	-2.2	5.33333333333333
1	7.57771092323166	-2.2	5.33333333333333
1	7.65664541201533	-2.2	5.33333333333333
1	7.73557990079899	-2.2	5.33333333333333
1	7.81451438958265	-2.2	5.33333333333333
1	7.89344887836631	-2.2	5.33333333333333
1	7.97238336714998	-2.2	5.33333333333333
1	8.05131785593364	-2.2	5.33333333333333
1	8.1302523447173	-2.2	5.33333333333333
1	8.20918683350097	-2.2	5.33333333333333
1	8.28812132228463	-2.2	5.33333333333333
1	8.36705581106829	-2.2	5.33333333333333
1	8.44599029985196	-2.2	5.33333333333333
1	8.52492478863562	-2.2	5.33333333333333
1	8.60385927741928	-2.2	5.33333333333333
1	8.68279376620295	-2.2	5.33333333333333
1	8.76172825498661	-2.2	5.33333333333333
1	8.84066274377027	-2.2	5.33333333333333
1	8.91959723255394	-2.2	5.33333333333333
1	8.9985317213376	-2.2	5.33333333333333
1	9.07746621012126	-2.2	5.33333333333333
1	9.15640069890492	-2.2	5.33333333333333
1	9.23533518768859	-2.2	5.33333333333333
1	9.31426967647225	-2.2	5.33333333333333
1	9.39320416525591	-2.2	5.33333333333333
1	9.47213865403958	-2.2	5.33333333333333
1	9.55107314282324	-2.2	5.33333333333333
1	9.6300076316069	-2.2	5.33333333333333
1	9.70894212039057	-2.2	5.33333333333333
1	9.78787660917423	-2.2	5.33333333333333
1	9.86681109795789	-2.2	5.33333333333333
1	9.94574558674156	-2.2	5.33333333333333
1	10.0246800755252	-2.2	5.33333333333333
1	10.1036145643089	-2.2	5.33333333333333
1	10.1825490530925	-2.2	5.33333333333333
1	10.2614835418762	-2.2	5.33333333333333
1	10.3404180306599	-2.2	5.33333333333333
1	10.4193525194435	-2.2	5.33333333333333
1	10.4982870082272	-2.2	5.33333333333333
1	10.5772214970109	-2.2	5.33333333333333
1	10.6561559857945	-2.2	5.33333333333333
1	10.7350904745782	-2.2	5.33333333333333
1	10.8140249633619	-2.2	5.33333333333333
1	10.8929594521455	-2.2	5.33333333333333
1	10.9718939409292	-2.2	5.33333333333333
1	11.0508284297128	-2.2	5.33333333333333
1	11.1297629184965	-2.2	5.33333333333333
1	11.2086974072802	-2.2	5.33333333333333
1	11.2876318960638	-2.2	5.33333333333333
1	11.3665663848475	-2.2	5.33333333333333
1	11.4455008736312	-2.2	5.33333333333333
1	11.5244353624148	-2.2	5.33333333333333
1	11.6033698511985	-2.2	5.33333333333333
1	11.6823043399821	-2.01264829108891	5.33333333333333
1	11.7612388287658	-1.82202380128526	5.33333333333333
1	11.8401733175495	-1.63762886426108	5.33333333333333
1	11.9191078063331	-1.45946348001638	5.33333333333333
1	11.9980422951168	-1.28752764855116	5.33333333333333
1	12.0769767839005	-1.12182136986542	5.33333333333333
1	12.1559112726841	-0.96234464395916	5.33333333333333
1	12.2348457614678	-0.809097470832376	5.33333333333333
1	12.3137802502515	-0.662079850485075	5.33333333333333
1	12.3927147390351	-0.521291782917253	5.33333333333333
1	12.4716492278188	-0.38673326812891	5.33333333333333
1	12.5505837166024	-0.258404306120044	5.33333333333333
1	12.6295182053861	-0.136304896890661	5.33333333333333
1	12.7084526941698	-0.0204350404407564	5.33333333333333
1	12.7873871829534	0.0892052632296688	5.33333333333333
1	12.8663216717371	0.192616014120614	5.33333333333333
1	12.9452561605208	0.289797212232083	5.33333333333333
1	13.0241906493044	0.38074885756407	5.33333333333333
1	13.1031251380881	0.465470950116577	5.33333333333333
1	13.1820596268717	0.543963489889606	5.33333333333333
1	13.2609941156554	0.616226476883156	5.33333333333333
1	13.3399286044391	0.682259911097226	5.33333333333333
1	13.4188630932227	0.742063792531816	5.33333333333333
1	13.4977975820064	0.795638121186927	5.33333333333333
1	13.5767320707901	0.84298289706256	5.33333333333333
1	13.6556665595737	0.884098120158712	5.33333333333333
1	13.7346010483574	0.918983790475384	5.33333333333333
1	13.8135355371411	0.947639908012578	5.33333333333333
1	13.8924700259247	0.970066472770292	5.33333333333333
1	13.9714045147084	0.986263484748527	5.33333333333333
1	14.050339003492	0.996230943947282	5.33333333333333
1	14.1292734922757	0.999968850366558	5.33333333333333
1	14.2082079810594	0.997477204006355	5.33333333333333
1	14.287142469843	0.988756004866672	5.33333333333333
1	14.3660769586267	0.973805252947509	5.33333333333333
1	14.4450114474104	0.952624948248868	5.33333333333333
1	14.523945936194	0.925215090770747	5.33333333333333
1	14.6028804249777	0.891575680513147	5.33333333333333
1	14.6818149137613	0.851706717476067	5.33333333333333
1	14.760749402545	0.805608201659508	5.33333333333333
1	14.8396838913287	0.753280133063468	5.33333333333333
1	14.9186183801123	0.694722511687951	5.33333333333333
1	14.997552868896	0.629935337532954	5.33333333333333
1	15.0764873576797	0.558918610598477	5.33333333333333
1	15.1554218464633	0.481672330884522	5.33333333333333
1	15.234356335247	0.398196498391085	5.33333333333333
1	15.3132908240307	0.30849111311817	5.33333333333333
1	15.3922253128143	0.212556175065776	5.33333333333333
1	15.471159801598	0.110391684233903	5.33333333333333
1	15.5500942903816	0.00199764062254815	5.33333333333333
1	15.6290287791653	-0.112625955768284	5.33333333333333
1	15.707963267949	-0.233479104938595	5.33333333333333
1	0	-2.2	6.33333333333333
1	0.0789344887836631	-2.2	6.33333333333333
1	0.157868977567326	-2.2	6.33333333333333
1	0.236803466350989	-2.2	6.33333333333333
1	0.315737955134653	-2.2	6.33333333333333
1	0.394672443918316	-2.2	6.33333333333333
1	0.473606932701979	-2.2	6.33333333333333
1	0.552541421485642	-2.2	6.33333333333333
1	0.631475910269305	-2.2	6.33333333333333
1	0.710410399052968	-2.2	6.33333333333333
1	0.789344887836632	-2.2	6.33333333333333
1	0.868279376620295	-2.2	6.33333333333333
1	0.947213865403958	-2.2	6.33333333333333
1	1.02614835418762	-2.2	6.33333333333333
1	1.10508284297128	-2.2	6.33333333333333
1	1.18401733175495	-2.2	6.33333333333333
1	1.26295182053861	-2.2	6.33333333333333
1	1.34188630932227	-2.2	6.33333333333333
1	1.42082079810594	-2.2	6.33333333333333
1	1.4997552868896	-2.2	6.33333333333333
1	1.57868977567326	-2.2	6.33333333333333
1	1.65762426445693	-2.2	6.33333333333333
1	1.73655875324059	-2.2	6.33333333333333
1	1.81549324202425	-2.2	6.33333333333333
1	1.89442773080792	-2.2	6.33333333333333
1	1.97336221959158	-2.2	6.33333333333333
1	2.05229670837524	-2.2	6.33333333333333
1	2.1312311971589	-2.2	6.33333333333333
1	2.21016568594257	-2.2	6.33333333333333
1	2.28910017472623	-2.2	6.33333333333333
1	2.36803466350989	-2.2	6.33333333333333
1	2.44696915229356	-2.2	6.33333333333333
1	2.52590364107722	-2.2	6.33333333333333
1	2.60483812986088	-2.2	6.33333333333333
1	2.68377261864455	-2.2	6.33333333333333
1	2.76270710742821	-2.2	6.33333333333333
1	2.84164159621187	-2.2	6.33333333333333
1	2.92057608499554	-2.2	6.33333333333333
1	2.9995105737792	-2.2	6.33333333333333
1	3.07844506256286	-2.2	6.33333333333333
1	3.15737955134653	-2.2	6.33333333333333
1	3.23631404013019	-2.2	6.33333333333333
1	3.31524852891385	-2.2	6.33333333333333
1	3.39418301769752	-2.2	6.33333333333333
1	3.47311750648118	-2.2	6.33333333333333
1	3.55205199526484	-2.2	6.33333333333333
1	3.63098648404851	-2.2	6.33333333333333
1	3.70992097283217	-2.2	6.33333333333333
1	3.78885546161583	-2.2	6.33333333333333
1	3.86778995039949	-2.2	6.33333333333333
1	3.94672443918316	-2.2	6.33333333333333
1	4.02565892796682	-2.2	6.33333333333333
1	4.10459341675048	-2.2	6.33333333333333
1	4.18352790553415	-2.2	6.33333333333333
1	4.26246239431781	-2.2	6.33333333333333
1	4.34139688310147	-2.2	6.33333333333333
1	4.42033137188514	-2.2	6.33333333333333
1	4.4992658606688	-2.2	6.33333333333333
1	4.57820034945246	-2.2	6.33333333333333
1	4.65713483823613	-2.2	6.33333333333333
1	4.73606932701979	-2.2	6.33333333333333
1	4.81500381580345	-2.2	6.33333333333333
1	4.89393830458712	-2.2	6.33333333333333
1	4.97287279337078	-2.2	6.33333333333333
1	5.05180728215444	-2.2	6.33333333333333
1	5.1307417709381	-2.2	6.33333333333333
1	5.20967625972177	-2.2	6.33333333333333
1	5.28861074850543	-2.2	6.33333333333333
1	5.36754523728909	-2.2	6.33333333333333
1	5.44647972607276	-2.2	6.33333333333333
1	5.52541421485642	-2.2	6.33333333333333
1	5.60434870364008	-2.2	6.33333333333333
1	5.68328319242375	-2.2	6.33333333333333
1	5.76221768120741	-2.2	6.33333333333333
1	5.84115216999107	-2.2	6.33333333333333
1	5.92008665877474	-2.2	6.33333333333333
1	5.9990211475584	-2.2	6.33333333333333
1	6.07795563634206	-2.2	6.33333333333333
1	6.15689012512573	-2.2	6.33333333333333
1	6.23582461390939	-2.2	6.33333333333333
1	6.31475910269305	-2.2	6.33333333333333
1	6.39369359147672	-2.2	6.33333333333333
1	6.47262808026038	-2.2	6.33333333333333
1	6.55156256904404	-2.2	6.33333333333333
1	6.6304970578277	-2.2	6.33333333333333
1	6.70943154661137	-2.2	6.33333333333333
1	6.78836603539503	-2.2	6.33333333333333
1	6.86730052417869	-2.2	6.33333333333333
1	6.94623501296236	-2.2	6.33333333333333
1	7.02516950174602	-2.2	6.33333333333333
1	7.10410399052968	-2.2	6.33333333333333
1	7.18303847931335	-2.2	6.33333333333333
1	7.26197296809701	-2.2	6.33333333333333
1	7.34090745688067	-2.2	6.33333333333333
1	7.41984194566434	-2.2	6.33333333333333
1	7.498776434448	-2.2	6.33333333333333
1	7.57771092323166	-2.2	6.33333333333333
1	7.65664541201533	-2.2	6.33333333333333
1	7.73557990079899	-2.2	6.33333333333333
1	7.81451438958265	-2.2	6.33333333333333
1	7.89344887836631	-2.2	6.33333333333333
1	7.97238336714998	-2.2	6.33333333333333
1	8.05131785593364	-2.2	6.33333333333333
1	8.1302523447173	-2.2	6.33333333333333
1	8.20918683350097	-2.2	6.33333333333333
1	8.28812132228463	-2.2	6.33333333333333
1	8.36705581106829	-2.2	6.33333333333333
1	8.44599029985196	-2.2	6.33333333333333
1	8.52492478863562	-2.2	6.33333333333333
1	8.60385927741928	-2.2	6.33333333333333
1	8.68279376620295	-2.2	6.33333333333333
1	8.76172825498661	-2.2	6.33333333333333
1	8.84066274377027	-2.2	6.33333333333333
1	8.91959723255394	-2.2	6.33333333333333
1	8.9985317213376	-2.2	6.33333333333333
1	9.07746621012126	-2.2	6.33333333333333
1	9.15640069890492	-2.2	6.33333333333333
1	9.23533518768859	-2.2	6.33333333333333
1	9.31426967647225	-2.2	6.33333333333333
1	9.39320416525591	-2.2	6.33333333333333
1	9.47213865403958	-2.2	6.33333333333333
1	9.55107314282324	-2.2	6.33333333333333
1	9.6300076316069	-2.2	6.33333333333333
1	9.70894212039057	-2.2	6.33333333333333
1	9.78787660917423	-2.2	6.33333333333333
1	9.86681109795789	-2.2	6.33333333333333
1	9.94574558674156	-2.2	6.33333333333333
1	10.0246800755252	-2.2	6.33333333333333
1	10.1036145643089	-2.2	6.33333333333333
1	10.1825490530925	-2.2	6.33333333333333
1	10.2614835418762	-2.2	6.33333333333333
1	10.3404180306599	-2.2	6.33333333333333
1	10.4193525194435	-2.2	6.33333333333333
1	10.4982870082272	-2.2	6.33333333333333
1	10.5772214970109	-2.2	6.33333333333333
1	10.6561559857945	-2.2	6.33333333333333
1	10.7350904745782	-2.2	6.33333333333333
1	10.8140249633619	-2.2	6.33333333333333
1	10.8929594521455	-2.2	6.33333333333333
1	10.9718939409292	-2.2	6.33333333333333
1	11.0508284297128	-2.2	6.33333333333333
1	11.1297629184965	-2.2	6.33333333333333
1	11.2086974072802	-2.2	6.33333333333333
1	11.2876318960638	-2.2	6.33333333333333
1	11.3665663848475	-2.2	6.33333333333333
1	11.4455008736312	-2.2	6.33333333333333
1	11.5244353624148	-2.2	6.33333333333333
1	11.6033698511985	-2.2	6.33333333333333
1	11.6823043399821	-2.01317519530891	6.33333333333333
1	11.7612388287658	-1.8225171976115	6.33333333333333
1	11.8401733175495	-1.63808985343362	6.33333333333333
1	11.9191078063331	-1.45989316277526	6.33333333333333
1	11.9980422951168	-1.28792712563643	6.33333333333333
1	12.0769767839005	-1.12219174201712	6.33333333333333
1	12.1559112726841	-0.962687011917334	6.33333333333333
1	12.2348457614678	-0.809412935337067	6.33333333333333
1	12.3137802502515	-0.662369512276326	6.33333333333333
1	12.3927147390351	-0.521556742735107	6.33333333333333
1	12.4716492278188	-0.386974626713412	6.33333333333333
1	12.5505837166024	-0.258623164211236	6.33333333333333
1	12.6295182053861	-0.136502355228587	6.33333333333333
1	12.7084526941698	-0.02061219976546	6.33333333333333
1	12.7873871829534	0.0890473021781436	6.33333333333333
1	12.8663216717371	0.192476150602224	6.33333333333333
1	12.9452561605208	0.289674345506784	6.33333333333333
1	13.0241906493044	0.380641886891819	6.33333333333333
1	13.1031251380881	0.465378774757331	6.33333333333333
1	13.1820596268717	0.54388500910332	6.33333333333333
1	13.2609941156554	0.616160589929788	6.33333333333333
1	13.3399286044391	0.682205517236731	6.33333333333333
1	13.4188630932227	0.742019791024151	6.33333333333333
1	13.4977975820064	0.795603411292048	6.33333333333333
1	13.5767320707901	0.842956378040424	6.33333333333333
1	13.6556665595737	0.884078691269275	6.33333333333333
1	13.7346010483574	0.918970350978604	6.33333333333333
1	13.8135355371411	0.947631357168409	6.33333333333333
1	13.8924700259247	0.970061709838692	6.33333333333333
1	13.9714045147084	0.986261408989452	6.33333333333333
1	14.050339003492	0.996230454620689	6.33333333333333
1	14.1292734922757	0.999968846732403	6.33333333333333
1	14.2082079810594	0.997476585324593	6.33333333333333
1	14.287142469843	0.988753670397261	6.33333333333333
1	14.3660769586267	0.973800101950406	6.33333333333333
1	14.4450114474104	0.952615879984028	6.33333333333333
1	14.523945936194	0.925201004498127	6.33333333333333
1	14.6028804249777	0.891555475492703	6.33333333333333
1	14.6818149137613	0.851679292967756	6.33333333333333
1	14.760749402545	0.805572456923286	6.33333333333333
1	14.8396838913287	0.753234967359292	6.33333333333333
1	14.9186183801123	0.694666824275777	6.33333333333333
1	14.997552868896	0.629868027672738	6.33333333333333
1	15.0764873576797	0.558838577550177	6.33333333333333
1	15.1554218464633	0.481578473908093	6.33333333333333
1	15.234356335247	0.398087716746483	6.33333333333333
1	15.3132908240307	0.308366306065353	6.33333333333333
1	15.3922253128143	0.2124142418647	6.33333333333333
1	15.471159801598	0.110231524144524	6.33333333333333
1	15.5500942903816	0.00181815290482246	6.33333333333333
1	15.6290287791653	-0.1128258718544	6.33333333333333
1	15.707963267949	-0.233700550133145	6.33333333333333
1	0	-2.2	7.33333333333333
1	0.0789344887836631	-2.2	7.33333333333333
1	0.157868977567326	-2.2	7.33333333333333
1	0.236803466350989	-2.2	7.33333333333333
1	0.315737955134653	-2.2	7.33333333333333
1	0.394672443918316	-2.2	7.33333333333333
1	0.473606932701979	-2.2	7.33333333333333
1	0.552541421485642	-2.2	7.33333333333333
1	0.631475910269305	-2.2	7.33333333333333
1	0.710410399052968	-2.2	7.33333333333333
1	0.789344887836632	-2.2	7.33333333333333
1	0.868279376620295	-2.2	7.33333333333333
1	0.947213865403958	-2.2	7.33333333333333
1	1.02614835418762	-2.2	7.33333333333333
1	1.10508284297128	-2.2	7.33333333333333
1	1.18401733175495	-2.2	7.33333333333333
1	1.26295182053861	-2.2	7.33333333333333
1	1.34188630932227	-2.2	7.33333333333333
1	1.42082079810594	-2.2	7.33333333333333
1	1.4997552868896	-2.2	7.33333333333333
1	1.57868977567326	-2.2	7.33333333333333
1	1.65762426445693	-2.2	7.33333333333333
1	1.73655875324059	-2.2	7.33333333333333
1	1.81549324202425	-2.2	7.33333333333333
1	1.89442773080792	-2.2	7.33333333333333
1	1.97336221959158	-2.2	7.33333333333333
1	2.05229670837524	-2.2	7.33333333333333
1	2.1312311971589	-2.2	7.33333333333333
1	2.21016568594257	-2.2	7.33333333333333
1	2.28910017472623	-2.2	7.33333333333333
1	2.36803466350989	-2.2	7.33333333333333
1	2.44696915229356	-2.2	7.33333333333333
1	2.52590364107722	-2.2	7.33333333333333
1	2.60483812986088	-2.2	7.33333333333333
1	2.68377261864455	-2.2	7.33333333333333
1	2.76270710742821	-2.2	7.33333333333333
1	2.84164159621187	-2.2	7.33333333333333
1	2.92057608499554	-2.2	7.33333333333333
1	2.9995105737792	-2.2	7.33333333333333
1	3.07844506256286	-2.2	7.33333333333333
1	3.15737955134653	-2.2	7.33333333333333
1	3.23631404013019	-2.2	7.33333333333333
1	3.31524852891385	-2.2	7.33333333333333
1	3.39418301769752	-2.2	7.33333333333333
1	3.47311750648118	-2.2	7.33333333333333
1	3.55205199526484	-2.2	7.33333333333333
1	3.63098648404851	-2.2	7.33333333333333
1	3.70992097283217	-2.2	7.33333333333333
1	3.78885546161583	-2.2	7.33333333333333
1	3.86778995039949	-2.2	7.33333333333333
1	3.94672443918316	-2.2	7.33333333333333
1	4.02565892796682	-2.2	7.33333333333333
1	4.10459341675048	-2.2	7.33333333333333
1	4.18352790553415	-2.2	7.33333333333333
1	4.26246239431781	-2.2	7.33333333333333
1	4.34139688310147	-2.2	7.33333333333333
1	4.42033137188514	-2.2	7.33333333333333
1	4.4992658606688	-2.2	7.33333333333333
1	4.57820034945246	-2.2	7.33333333333333
1	4.65713483823613	-2.2	7.33333333333333
1	4.73606932701979	-2.2	7.33333333333333
1	4.81500381580345	-2.2	7.33333333333333
1	4.89393830458712	-2.2	7.33333333333333
1	4.97287279337078	-2.2	7.33333333333333
1	5.05180728215444	-2.2	7.33333333333333
1	5.1307417709381	-2.2	7.33333333333333
1	5.20967625972177	-2.2	7.33333333333333
1	5.28861074850543	-2.2	7.33333333333333
1	5.36754523728909	-2.2	7.33333333333333
1	5.44647972607276	-2.2	7.33333333333333
1	5.52541421485642	-2.2	7.33333333333333
1	5.60434870364008	-2.2	7.33333333333333
1	5.68328319242375	-2.2	7.33333333333333
1	5.76221768120741	-2.2	7.33333333333333
1	5.84115216999107	-2.2	7.33333333333333
1	5.92008665877474	-2.2	7.33333333333333
1	5.9990211475584	-2.2	7.33333333333333
1	6.07795563634206	-2.2	7.33333333333333
1	6.15689012512573	-2.2	7.33333333333333
1	6.23582461390939	-2.2	7.33333333333333
1	6.31475910269305	-2.2	7.33333333333333
1	6.39369359147672	-2.2	7.33333333333333
1	6.47262808026038	-2.2	7.33333333333333
1	6.55156256904404	-2.2	7.33333333333333
1	6.6304970578277	-2.2	7.33333333333333
1	6.70943154661137	-2.2	7.33333333333333
1	6.78836603539503	-2.2	7.33333333333333
1	6.86730052417869	-2.2	7.33333333333333
1	6.94623501296236	-2.2	7.33333333333333
1	7.02516950174602	-2.2	7.33333333333333
1	7.10410399052968	-2.2	7.33333333333333
1	7.18303847931335	-2.2	7.33333333333333
1	7.26197296809701	-2.2	7.33333333333333
1	7.34090745688067	-2.2	7.33333333333333
1	7.41984194566434	-2.2	7.33333333333333
1	7.498776434448	-2.2	7.33333333333333
1	7.57771092323166	-2.2	7.33333333333333
1	7.65664541201533	-2.2	7.33333333333333
1	7.73557990079899	-2.2	7.33333333333333
1	7.81451438958265	-2.2	7.33333333333333
1	7.89344887836631	-2.2	7.33333333333333
1	7.97238336714998	-2.2	7.33333333333333
1	8.05131785593364	-2.2	7.33333333333333
1	8.1302523447173	-2.2	7.33333333333333
1	8.20918683350097	-2.2	7.33333333333333
1	8.28812132228463	-2.2	7.33333333333333
1	8.36705581106829	-2.2	7.33333333333333
1	8.44599029985196	-2.2	7.33333333333333
1	8.52492478863562	-2.2	7.33333333333333
1	8.60385927741928	-2.2	7.33333333333333
1	8.68279376620295	-2.2	7.33333333333333
1	8.76172825498661	-2.2	7.33333333333333
1	8.84066274377027	-2.2	7.33333333333333
1	8.91959723255394	-2.2	7.33333333333333
1	8.9985317213376	-2.2	7.33333333333333
1	9.07746621012126	-2.2	7.33333333333333
1	9.15640069890492	-2.2	7.33333333333333
1	9.23533518768859	-2.2	7.33333333333333
1	9.31426967647225	-2.2	7.33333333333333
1	9.39320416525591	-2.2	7.33333333333333
1	9.47213865403958	-2.2	7.33333333333333
1	9.55107314282324	-2.2	7.33333333333333
1	9.6300076316069	-2.2	7.33333333333333
1	9.70894212039057	-2.2	7.33333333333333
1	9.78787660917423	-2.2	7.33333333333333
1	9.86681109795789	-2.2	7.33333333333333
1	9.94574558674156	-2.2	7.33333333333333
1	10.0246800755252	-2.2	7.33333333333333
1	10.1036145643089	-2.2	7.33333333333333
1	10.1825490530925	-2.2	7.33333333333333
1	10.2614835418762	-2.2	7.33333333333333
1	10.3404180306599	-2.2	7.33333333333333
1	10.4193525194435	-2.2	7.33333333333333
1	10.4982870082272	-2.2	7.33333333333333
1	10.5772214970109	-2.2	7.33333333333333
1	10.6561559857945	-2.2	7.33333333333333
1	10.7350904745782	-2.2	7.33333333333333
1	10.8140249633619	-2.2	7.33333333333333
1	10.8929594521455	-2.2	7.33333333333333
1	10.9718939409292	-2.2	7.33333333333333
1	11.0508284297128	-2.2	7.33333333333333
1	11.1297629184965	-2.2	7.33333333333333
1	11.2086974072802	-2.2	7.33333333333333
1	11.2876318960638	-2.2	7.33333333333333
1	11.3665663848475	-2.2	7.33333333333333
1	11.4455008736312	-2.2	7.33333333333333
1	11.5244353624148	-2.2	7.33333333333333
1	11.6033698511985	-2.2	7.33333333333333
1	11.6823043399821	-2.01317519531629	7.33333333333333
1	11.7612388287658	-1.82251719761842	7.33333333333333
1	11.8401733175495	-1.63808985344009	7.33333333333333
1	11.9191078063331	-1.45989316278129	7.33333333333333
1	11.9980422951168	-1.28792712564204	7.33333333333333
1	12.0769767839005	-1.12219174202232	7.33333333333333
1	12.1559112726841	-0.962687011922146	7.33333333333333
1	12.2348457614678	-0.809412935341502	7.33333333333333
1	12.3137802502515	-0.662369512280401	7.33333333333333
1	12.3927147390351	-0.521556742738837	7.33333333333333
1	12.4716492278188	-0.386974626716812	7.33333333333333
1	12.5505837166024	-0.258623164214322	7.33333333333333
1	12.6295182053861	-0.136502355231373	7.33333333333333
1	12.7084526941698	-0.0206121997679621	7.33333333333333
1	12.7873871829534	0.0890473021759103	7.33333333333333
1	12.8663216717371	0.192476150600245	7.33333333333333
1	12.9452561605208	0.289674345505043	7.33333333333333
1	13.0241906493044	0.380641886890301	7.33333333333333
1	13.1031251380881	0.46537877475602	7.33333333333333
1	13.1820596268717	0.543885009102202	7.33333333333333
1	13.2609941156554	0.616160589928847	7.33333333333333
1	13.3399286044391	0.682205517235952	7.33333333333333
1	13.4188630932227	0.742019791023519	7.33333333333333
1	13.4977975820064	0.795603411291547	7.33333333333333
1	13.5767320707901	0.842956378040039	7.33333333333333
1	13.6556665595737	0.884078691268991	7.33333333333333
1	13.7346010483574	0.918970350978405	7.33333333333333
1	13.8135355371411	0.947631357168281	7.33333333333333
1	13.8924700259247	0.970061709838619	7.33333333333333
1	13.9714045147084	0.986261408989418	7.33333333333333
1	14.050339003492	0.996230454620679	7.33333333333333
1	14.1292734922757	0.999968846732402	7.33333333333333
1	14.2082079810594	0.997476585324587	7.33333333333333
1	14.287142469843	0.988753670397233	7.33333333333333
1	14.3660769586267	0.973800101950342	7.33333333333333
1	14.4450114474104	0.952615879983912	7.33333333333333
1	14.523945936194	0.925201004497943	7.33333333333333
1	14.6028804249777	0.891555475492437	7.33333333333333
1	14.6818149137613	0.851679292967392	7.33333333333333
1	14.760749402545	0.80557245692281	7.33333333333333
1	14.8396838913287	0.753234967358688	7.33333333333333
1	14.9186183801123	0.694666824275028	7.33333333333333
1	14.997552868896	0.629868027671831	7.33333333333333
1	15.0764873576797	0.558838577549095	7.33333333333333
1	15.1554218464633	0.481578473906822	7.33333333333333
1	15.234356335247	0.398087716745008	7.33333333333333
1	15.3132908240307	0.308366306063658	7.33333333333333
1	15.3922253128143	0.212414241862769	7.33333333333333
1	15.471159801598	0.110231524142343	7.33333333333333
1	15.5500942903816	0.00181815290237553	7.33333333333333
1	15.6290287791653	-0.112825871857128	7.33333333333333
1	15.707963267949	-0.233700550136169	7.33333333333333
1	0	2.2	1.66666666666667
1	0.0789344887836631	2.2	1.66666666666667
1	0.157868977567326	2.2	1.66666666666667
1	0.236803466350989	2.2	1.66666666666667
1	0.315737955134653	2.2	1.66666666666667
1	0.394672443918316	2.2	1.66666666666667
1	0.473606932701979	2.2	1.66666666666667
1	0.552541421485642	2.2	1.66666666666667
1	0.631475910269305	2.2	1.66666666666667
1	0.710410399052968	2.2	1.66666666666667
1	0.789344887836632	2.2	1.66666666666667
1	0.868279376620295	2.2	1.66666666666667
1	0.947213865403958	2.2	1.66666666666667
1	1.02614835418762	2.2	1.66666666666667
1	1.10508284297128	2.2	1.66666666666667
1	1.18401733175495	2.2	1.66666666666667
1	1.26295182053861	2.2	1.66666666666667
1	1.34188630932227	2.2	1.66666666666667
1	1.42082079810594	2.2	1.66666666666667
1	1.4997552868896	2.2	1.66666666666667
1	1.57868977567326	2.2	1.66666666666667
1	1.65762426445693	2.2	1.66666666666667
1	1.73655875324059	2.2	1.66666666666667
1	1.81549324202425	2.2	1.66666666666667
1	1.89442773080792	2.2	1.66666666666667
1	1.97336221959158	2.2	1.66666666666667
1	2.05229670837524	2.2	1.66666666666667
1	2.1312311971589	2.2	1.66666666666667
1	2.21016568594257	2.2	1.66666666666667
1	2.28910017472623	2.2	1.66666666666667
1	2.36803466350989	2.2	1.66666666666667
1	2.44696915229356	2.2	1.66666666666667
1	2.52590364107722	2.2	1.66666666666667
1	2.60483812986088	2.2	1.66666666666667
1	2.68377261864455	2.2	1.66666666666667
1	2.76270710742821	2.2	1.66666666666667
1	2.84164159621187	2.2	1.66666666666667
1	2.92057608499554	2.2	1.66666666666667
1	2.9995105737792	2.2	1.66666666666667
1	3.07844506256286	2.2	1.66666666666667
1	3.15737955134653	2.2	1.66666666666667
1	3.23631404013019	2.2	1.66666666666667
1	3.31524852891385	2.2	1.66666666666667
1	3.39418301769752	2.2	1.66666666666667
1	3.47311750648118	2.2	1.66666666666667
1	3.55205199526484	2.2	1.66666666666667
1	3.63098648404851	2.2	1.66666666666667
1	3.70992097283217	2.2	1.66666666666667
1	3.78885546161583	2.2	1.66666666666667
1	3.86778995039949	2.2	1.66666666666667
1	3.94672443918316	2.2	1.66666666666667
1	4.02565892796682	2.2	1.66666666666667
1	4.10459341675048	2.2	1.66666666666667
1	4.18352790553415	2.2	1.66666666666667
1	4.26246239431781	2.2	1.66666666666667
1	4.34139688310147	2.2	1.66666666666667
1	4.42033137188514	2.2	1.66666666666667
1	4.4992658606688	2.2	1.66666666666667
1	4.57820034945246	2.2	1.66666666666667
1	4.65713483823613	2.2	1.66666666666667
1	4.73606932701979	2.2	1.66666666666667
1	4.81500381580345	2.2	1.66666666666667
1	4.89393830458712	2.2	1.66666666666667
1	4.97287279337078	2.2	1.66666666666667
1	5.05180728215444	2.2	1.66666666666667
1	5.1307417709381	2.2	1.66666666666667
1	5.20967625972177	2.2	1.66666666666667
1	5.28861074850543	2.2	1.66666666666667
1	5.36754523728909	2.2	1.66666666666667
1	5.44647972607276	2.2	1.66666666666667
1	5.52541421485642	2.2	1.66666666666667
1	5.60434870364008	2.2	1.66666666666667
1	5.68328319242375	2.2	1.66666666666667
1	5.76221768120741	2.2	1.66666666666667
1	5.84115216999107	2.2	1.66666666666667
1	5.92008665877474	2.2	1.66666666666667
1	5.9990211475584	2.2	1.66666666666667
1	6.07795563634206	2.2	1.66666666666667
1	6.15689012512573	2.2	1.66666666666667
1	6.23582461390939	2.2	1.66666666666667
1	6.31475910269305	2.2	1.66666666666667
1	6.39369359147672	2.2	1.66666666666667
1	6.47262808026038	2.2	1.66666666666667
1	6.55156256904404	2.2	1.66666666666667
1	6.6304970578277	2.2	1.66666666666667
1	6.70943154661137	2.2	1.66666666666667
1	6.78836603539503	2.2	1.66666666666667
1	6.86730052417869	2.2	1.66666666666667
1	6.94623501296236	2.2	1.66666666666667
1	7.02516950174602	2.2	1.66666666666667
1	7.10410399052968	2.2	1.66666666666667
1	7.18303847931335	2.2	1.66666666666667
1	7.26197296809701	2.2	1.66666666666667
1	7.34090745688067	2.2	1.66666666666667
1	7.41984194566434	2.2	1.66666666666667
1	7.498776434448	2.2	1.66666666666667
1	7.57771092323166	2.17346474506979	1.66666666666667
1	7.65664541201533	2.06845450022493	1.66666666666667
1	7.73557990079899	1.96453042515305	1.66666666666667
1	7.81451438958265	1.86169251985415	1.66666666666667
1	7.89344887836631	1.75994078432823	1.66666666666667
1	7.97238336714998	1.65927521857528	1.66666666666667
1	8.05131785593364	1.55969582259531	1.66666666666667
1	8.1302523447173	1.46120259638831	1.66666666666667
1	8.20918683350097	1.36379553995429	1.66666666666667
1	8.28812132228463	1.26747465329325	1.66666666666667
1	8.36705581106829	1.17223993640519	1.66666666666667
1	8.44599029985196	1.0780913892901	1.66666666666667
1	8.52492478863562	0.985029011947989	1.66666666666667
1	8.60385927741928	0.893052804378855	1.66666666666667
1	8.68279376620295	0.802162766582695	1.66666666666667
1	8.76172825498661	0.712358898559515	1.66666666666667
1	8.84066274377027	0.623641200309311	1.66666666666667
1	8.91959723255394	0.536009671832084	1.66666666666667
1	8.9985317213376	0.449464313127832	1.66666666666667
1	9.07746621012126	0.364005124196558	1.66666666666667
1	9.15640069890492	0.279632105038261	1.66666666666667
1	9.23533518768859	0.196345255652941	1.66666666666667
1	9.31426967647225	0.114144576040596	1.66666666666667
1	9.39320416525591	0.0330300662012293	1.66666666666667
1	9.47213865403958	-0.0469982738651607	1.66666666666667
1	9.55107314282324	-0.125940444158574	1.66666666666667
1	9.6300076316069	-0.203796444679012	1.66666666666667
1	9.70894212039057	-0.280566275426472	1.66666666666667
1	9.78787660917423	-0.356249936400955	1.66666666666667
1	9.86681109795789	-0.430847427602461	1.66666666666667
1	9.94574558674156	-0.504358749030992	1.66666666666667
1	10.0246800755252	-0.576783900686545	1.66666666666667
1	10.1036145643089	-0.648122882569121	1.66666666666667
1	10.1825490530925	-0.71837569467872	1.66666666666667
1	10.2614835418762	-0.787542337015343	1.66666666666667
1	10.3404180306599	-0.85562280957899	1.66666666666667
1	10.4193525194435	-0.922617112369659	1.66666666666667
1	10.4982870082272	-0.988525245387351	1.66666666666667
1	10.5772214970109	-1.05334720863207	1.66666666666667
1	10.6561559857945	-1.11708300210381	1.66666666666667
1	10.7350904745782	-1.17973262580257	1.66666666666667
1	10.8140249633619	-1.24129607972835	1.66666666666667
1	10.8929594521455	-1.30177336388116	1.66666666666667
1	10.9718939409292	-1.361164478261	1.66666666666667
1	11.0508284297128	-1.41946942286785	1.66666666666667
1	11.1297629184965	-1.47668819770173	1.66666666666667
1	11.2086974072802	-1.53282080276263	1.66666666666667
1	11.2876318960638	-1.58786723805056	1.66666666666667
1	11.3665663848475	-1.64182750356551	1.66666666666667
1	11.4455008736312	-1.69470159930748	1.66666666666667
1	11.5244353624148	-1.74648952527647	1.66666666666667
1	11.6033698511985	-1.79719128147249	1.66666666666667
1	11.6823043399821	-1.84680686789553	1.66666666666667
1	11.7612388287658	-1.8953362845456	1.66666666666667
1	11.8401733175495	-1.94277953142269	1.66666666666667
1	11.9191078063331	-1.9891366085268	1.66666666666667
1	11.9980422951168	-2.03440751585793	1.66666666666667
1	12.0769767839005	-2.07859225341609	1.66666666666667
1	12.1559112726841	-2.12169082120127	1.66666666666667
1	12.2348457614678	-2.16370321921348	1.66666666666667
1	12.3137802502515	-2.2	1.66666666666667
1	12.3927147390351	-2.2	1.66666666666667
1	12.4716492278188	-2.2	1.66666666666667
1	12.5505837166024	-2.2	1.66666666666667
1	12.6295182053861	-2.2	1.66666666666667
1	12.7084526941698	-2.2	1.66666666666667
1	12.7873871829534	-2.2	1.66666666666667
1	12.8663216717371	-2.2	1.66666666666667
1	12.9452561605208	-2.2	1.66666666666667
1	13.0241906493044	-2.2	1.66666666666667
1	13.1031251380881	-2.2	1.66666666666667
1	13.1820596268717	-2.2	1.66666666666667
1	13.2609941156554	-2.2	1.66666666666667
1	13.3399286044391	-2.2	1.66666666666667
1	13.4188630932227	-2.2	1.66666666666667
1	13.4977975820064	-2.2	1.66666666666667
1	13.5767320707901	-2.2	1.66666666666667
1	13.6556665595737	-2.2	1.66666666666667
1	13.7346010483574	-2.2	1.66666666666667
1	13.8135355371411	-2.2	1.66666666666667
1	13.8924700259247	-2.2	1.66666666666667
1	13.9714045147084	-2.2	1.66666666666667
1	14.050339003492	-2.2	1.66666666666667
1	14.1292734922757	-2.2	1.66666666666667
1	14.2082079810594	-2.2	1.66666666666667
1	14.287142469843	-2.2	1.66666666666667
1	14.3660769586267	-2.2	1.66666666666667
1	14.4450114474104	-2.2	1.66666666666667
1	14.523945936194	-2.2	1.66666666666667
1	14.6028804249777	-2.2	1.66666666666667
1	14.6818149137613	-2.2	1.66666666666667
1	14.760749402545	-2.2	1.66666666666667
1	14.8396838913287	-2.2	1.66666666666667
1	14.9186183801123	-2.2	1.66666666666667
1	14.997552868896	-2.2	1.66666666666667
1	15.0764873576797	-2.2	1.66666666666667
1	15.1554218464633	-2.2	1.66666666666667
1	15.234356335247	-2.2	1.66666666666667
1	15.3132908240307	-2.2	1.66666666666667
1	15.3922253128143	-2.2	1.66666666666667
1	15.471159801598	-2.2	1.66666666666667
1	15.5500942903816	-2.2	1.66666666666667
1	15.6290287791653	-2.2	1.66666666666667
1	15.707963267949	-2.2	1.66666666666667
1	0	-2.2	2.66666666666667
1	0.0789344887836631	-2.2	2.66666666666667
1	0.157868977567326	-2.2	2.66666666666667
1	0.236803466350989	-2.2	2.66666666666667
1	0.315737955134653	-2.2	2.66666666666667
1	0.394672443918316	-2.2	2.66666666666667
1	0.473606932701979	-2.2	2.66666666666667
1	0.552541421485642	-2.2	2.66666666666667
1	0.631475910269305	-2.2	2.66666666666667
1	0.710410399052968	-2.2	2.66666666666667
1	0.789344887836632	-2.2	2.66666666666667
1	0.868279376620295	-2.2	2.66666666666667
1	0.947213865403958	-2.2	2.66666666666667
1	1.02614835418762	-2.2	2.66666666666667
1	1.10508284297128	-2.2	2.66666666666667
1	1.18401733175495	-2.2	2.66666666666667
1	1.26295182053861	-2.2	2.66666666666667
1	1.34188630932227	-2.2	2.66666666666667
1	1.42082079810594	-2.2	2.66666666666667
1	1.4997552868896	-2.2	2.66666666666667
1	1.57868977567326	-2.2	2.66666666666667
1	1.65762426445693	-2.2	2.66666666666667
1	1.73655875324059	-2.2	2.66666666666667
1	1.81549324202425	-2.2	2.66666666666667
1	1.89442773080792	-2.2	2.66666666666667
1	1.97336221959158	-2.2	2.66666666666667
1	2.05229670837524	-2.2	2.66666666666667
1	2.1312311971589	-2.2	2.66666666666667
1	2.21016568594257	-2.2	2.66666666666667
1	2.28910017472623	-2.2	2.66666666666667
1	2.36803466350989	-2.2	2.66666666666667
1	2.44696915229356	-2.2	2.66666666666667
1	2.52590364107722	-2.2	2.66666666666667
1	2.60483812986088	-2.2	2.66666666666667
1	2.68377261864455	-2.2	2.66666666666667
1	2.76270710742821	-2.2	2.66666666666667
1	2.84164159621187	-2.2	2.66666666666667
1	2.92057608499554	-2.2	2.66666666666667
1	2.9995105737792	-2.2	2.66666666666667
1	3.07844506256286	-2.2	2.66666666666667
1	3.15737955134653	-2.2	2.66666666666667
1	3.23631404013019	-2.2	2.66666666666667
1	3.31524852891385	-2.2	2.66666666666667
1	3.39418301769752	-2.2	2.66666666666667
1	3.47311750648118	-2.2	2.66666666666667
1	3.55205199526484	-2.2	2.66666666666667
1	3.63098648404851	-2.2	2.66666666666667
1	3.70992097283217	-2.2	2.66666666666667
1	3.78885546161583	-2.2	2.66666666666667
1	3.86778995039949	-2.2	2.66666666666667
1	3.94672443918316	-2.2	2.66666666666667
1	4.02565892796682	-2.2	2.66666666666667
1	4.10459341675048	-2.2	2.66666666666667
1	4.18352790553415	-2.2	2.66666666666667
1	4.26246239431781	-2.2	2.66666666666667
1	4.34139688310147	-2.2	2.66666666666667
1	4.42033137188514	-2.2	2.66666666666667
1	4.4992658606688	-2.2	2.66666666666667
1	4.57820034945246	-2.2	2.66666666666667
1	4.65713483823613	-2.2	2.66666666666667
1	4.73606932701979	-2.2	2.66666666666667
1	4.81500381580345	-2.2	2.66666666666667
1	4.89393830458712	-2.2	2.66666666666667
1	4.97287279337078	-2.2	2.66666666666667
1	5.05180728215444	-2.2	2.66666666666667
1	5.1307417709381	-2.2	2.66666666666667
1	5.20967625972177	-2.2	2.66666666666667
1	5.28861074850543	-2.2	2.66666666666667
1	5.36754523728909	-2.2	2.66666666666667
1	5.44647972607276	-2.2	2.66666666666667
1	5.52541421485642	-2.2	2.66666666666667
1	5.60434870364008	-2.2	2.66666666666667
1	5.68328319242375	-2.2	2.66666666666667
1	5.76221768120741	-2.2	2.66666666666667
1	5.84115216999107	-2.2	2.66666666666667
1	5.92008665877474	-2.2	2.66666666666667
1	5.9990211475584	-2.2	2.66666666666667
1	6.07795563634206	-2.2	2.66666666666667
1	6.15689012512573	-2.2	2.66666666666667
1	6.23582461390939	-2.2	2.66666666666667
1	6.31475910269305	-2.2	2.66666666666667
1	6.39369359147672	-2.2	2.66666666666667
1	6.47262808026038	-2.2	2.66666666666667
1	6.55156256904404	-2.2	2.66666666666667
1	6.6304970578277	-2.2	2.66666666666667
1	6.70943154661137	-2.2	2.66666666666667
1	6.78836603539503	-2.2	2.66666666666667
1	6.86730052417869	-2.2	2.66666666666667
1	6.94623501296236	-2.2	2.66666666666667
1	7.02516950174602	-2.2	2.66666666666667
1	7.10410399052968	-2.2	2.66666666666667
1	7.18303847931335	-2.2	2.66666666666667
1	7.26197296809701	-2.2	2.66666666666667
1	7.34090745688067	-2.2	2.66666666666667
1	7.41984194566434	-2.2	2.66666666666667
1	7.498776434448	-2.2	2.66666666666667
1	7.57771092323166	-2.2	2.66666666666667
1	7.65664541201533	-2.2	2.66666666666667
1	7.73557990079899	-2.2	2.66666666666667
1	7.81451438958265	-2.2	2.66666666666667
1	7.89344887836631	-2.2	2.66666666666667
1	7.97238336714998	-2.2	2.66666666666667
1	8.05131785593364	-2.2	2.66666666666667
1	8.1302523447173	-2.2	2.66666666666667
1	8.20918683350097	-2.2	2.66666666666667
1	8.28812132228463	-2.2	2.66666666666667
1	8.36705581106829	-2.2	2.66666666666667
1	8.44599029985196	-2.2	2.66666666666667
1	8.52492478863562	-2.2	2.66666666666667
1	8.60385927741928	-2.2	2.66666666666667
1	8.68279376620295	-2.2	2.66666666666667
1	8.76172825498661	-2.2	2.66666666666667
1	8.84066274377027	-2.2	2.66666666666667
1	8.91959723255394	-2.2	2.66666666666667
1	8.9985317213376	-2.2	2.66666666666667
1	9.07746621012126	-2.2	2.66666666666667
1	9.15640069890492	-2.2	2.66666666666667
1	9.23533518768859	-2.18418291122837	2.66666666666667
1	9.31426967647225	-2.04583012454051	2.66666666666667
1	9.39320416525591	-1.91024033058753	2.66666666666667
1	9.47213865403958	-1.77741352936941	2.66666666666667
1	9.55107314282324	-1.64734972088616	2.66666666666667
1	9.6300076316069	-1.52004890513778	2.66666666666667
1	9.70894212039057	-1.39551108212426	2.66666666666667
1	9.78787660917423	-1.27373625184562	2.66666666666667
1	9.86681109795789	-1.15472441430184	2.66666666666667
1	9.94574558674156	-1.03847556949292	2.66666666666667
1	10.0246800755252	-0.924989717418873	2.66666666666667
1	10.1036145643089	-0.814266858079694	2.66666666666667
1	10.1825490530925	-0.706306991475381	2.66666666666667
1	10.2614835418762	-0.601110117605936	2.66666666666667
1	10.3404180306599	-0.498676236471355	2.66666666666667
1	10.4193525194435	-0.399005348071643	2.66666666666667
1	10.4982870082272	-0.3020974524068	2.66666666666667
1	10.5772214970109	-0.207952549476823	2.66666666666667
1	10.6561559857945	-0.116570639281711	2.66666666666667
1	10.7350904745782	-0.0279517218214682	2.66666666666667
1	10.8140249633619	0.0579042029039085	2.66666666666667
1	10.8929594521455	0.140997134894416	2.66666666666667
1	10.9718939409292	0.22132707415006	2.66666666666667
1	11.0508284297128	0.298894020670834	2.66666666666667
1	11.1297629184965	0.373697974456742	2.66666666666667
1	11.2086974072802	0.445738935507782	2.66666666666667
1	11.2876318960638	0.515016903823957	2.66666666666667
1	11.3665663848475	0.581531879405262	2.66666666666667
1	11.4455008736312	0.645283862251702	2.66666666666667
1	11.5244353624148	0.706272852363273	2.66666666666667
1	11.6033698511985	0.76449884973998	2.66666666666667
1	11.6823043399821	0.819961854381818	2.66666666666667
1	11.7612388287658	0.872661866288788	2.66666666666667
1	11.8401733175495	0.922598885460892	2.66666666666667
1	11.9191078063331	0.969772911898129	2.66666666666667
1	11.9980422951168	1.0141839456005	2.66666666666667
1	12.0769767839005	1.055831986568	2.66666666666667
1	12.1559112726841	1.09471703480064	2.66666666666667
1	12.2348457614678	1.13083909029841	2.66666666666667
1	12.3137802502515	1.16419815306131	2.66666666666667
1	12.3927147390351	1.19479422308934	2.66666666666667
1	12.4716492278188	1.22262730038251	2.66666666666667
1	12.5505837166024	1.24769738494081	2.66666666666667
1	12.6295182053861	1.27000447676424	2.66666666666667
1	12.7084526941698	1.2895485758528	2.66666666666667
1	12.7873871829534	1.3063296822065	2.66666666666667
1	12.8663216717371	1.32034779582533	2.66666666666667
1	12.9452561605208	1.3316029167093	2.66666666666667
1	13.0241906493044	1.3400950448584	2.66666666666667
1	13.1031251380881	1.34582418027263	2.66666666666667
1	13.1820596268717	1.34879032295199	2.66666666666667
1	13.2609941156554	1.34899347289648	2.66666666666667
1	13.3399286044391	1.34643363010611	2.66666666666667
1	13.4188630932227	1.34111079458088	2.66666666666667
1	13.4977975820064	1.33302496632077	2.66666666666667
1	13.5767320707901	1.3221761453258	2.66666666666667
1	13.6556665595737	1.30856433159596	2.66666666666667
1	13.7346010483574	1.29218952513125	2.66666666666667
1	13.8135355371411	1.27305172593168	2.66666666666667
1	13.8924700259247	1.25115093399724	2.66666666666667
1	13.9714045147084	1.22648714932793	2.66666666666667
1	14.050339003492	1.19906037192375	2.66666666666667
1	14.1292734922757	1.16887060178471	2.66666666666667
1	14.2082079810594	1.1359178389108	2.66666666666667
1	14.287142469843	1.10020208330202	2.66666666666667
1	14.3660769586267	1.06172333495838	2.66666666666667
1	14.4450114474104	1.02048159387987	2.66666666666667
1	14.523945936194	0.976476860066491	2.66666666666667
1	14.6028804249777	0.929709133518246	2.66666666666667
1	14.6818149137613	0.880178414235135	2.66666666666667
1	14.760749402545	0.827884702217156	2.66666666666667
1	14.8396838913287	0.772827997464309	2.66666666666667
1	14.9186183801123	0.715008299976596	2.66666666666667
1	14.997552868896	0.654425609754015	2.66666666666667
1	15.0764873576797	0.591079926796568	2.66666666666667
1	15.1554218464633	0.524971251104254	2.66666666666667
1	15.234356335247	0.456099582677071	2.66666666666667
1	15.3132908240307	0.384464921515022	2.66666666666667
1	15.3922253128143	0.310067267618107	2.66666666666667
1	15.471159801598	0.232906620986324	2.66666666666667
1	15.5500942903816	0.152982981619672	2.66666666666667
1	15.6290287791653	0.0702963495181552	2.66666666666667
1	15.707963267949	-0.0151532753182288	2.66666666666667
1	0	-2.2	3.66666666666667
1	0.0789344887836631	-2.2	3.66666666666667
1	0.157868977567326	-2.2	3.66666666666667
1	0.236803466350989	-2.2	3.66666666666667
1	0.315737955134653	-2.2	3.66666666666667
1	0.394672443918316	-2.2	3.66666666666667
1	0.473606932701979	-2.2	3.66666666666667
1	0.552541421485642	-2.2	3.66666666666667
1	0.631475910269305	-2.2	3.66666666666667
1	0.710410399052968	-2.2	3.66666666666667
1	0.789344887836632	-2.2	3.66666666666667
1	0.868279376620295	-2.2	3.66666666666667
1	0.947213865403958	-2.2	3.66666666666667
1	1.02614835418762	-2.2	3.66666666666667
1	1.10508284297128	-2.2	3.66666666666667
1	1.18401733175495	-2.2	3.66666666666667
1	1.26295182053861	-2.2	3.66666666666667
1	1.34188630932227	-2.2	3.66666666666667
1	1.42082079810594	-2.2	3.66666666666667
1	1.4997552868896	-2.2	3.66666666666667
1	1.57868977567326	-2.2	3.66666666666667
1	1.65762426445693	-2.2	3.66666666666667
1	1.73655875324059	-2.2	3.66666666666667
1	1.81549324202425	-2.2	3.66666666666667
1	1.89442773080792	-2.2	3.66666666666667
1	1.97336221959158	-2.2	3.66666666666667
1	2.05229670837524	-2.2	3.66666666666667
1	2.1312311971589	-2.2	3.66666666666667
1	2.21016568594257	-2.2	3.66666666666667
1	2.28910017472623	-2.2	3.66666666666667
1	2.36803466350989	-2.2	3.66666666666667
1	2.44696915229356	-2.2	3.66666666666667
1	2.52590364107722	-2.2	3.66666666666667
1	2.60483812986088	-2.2	3.66666666666667
1	2.68377261864455	-2.2	3.66666666666667
1	2.76270710742821	-2.2	3.66666666666667
1	2.84164159621187	-2.2	3.66666666666667
1	2.92057608499554	-2.2	3.66666666666667
1	2.9995105737792	-2.2	3.66666666666667
1	3.07844506256286	-2.2	3.66666666666667
1	3.15737955134653	-2.2	3.66666666666667
1	3.23631404013019	-2.2	3.66666666666667
1	3.31524852891385	-2.2	3.66666666666667
1	3.39418301769752	-2.2	3.66666666666667
1	3.47311750648118	-2.2	3.66666666666667
1	3.55205199526484	-2.2	3.66666666666667
1	3.63098648404851	-2.2	3.66666666666667
1	3.70992097283217	-2.2	3.66666666666667
1	3.78885546161583	-2.2	3.66666666666667
1	3.86778995039949	-2.2	3.66666666666667
1	3.94672443918316	-2.2	3.66666666666667
1	4.02565892796682	-2.2	3.66666666666667
1	4.10459341675048	-2.2	3.66666666666667
1	4.18352790553415	-2.2	3.66666666666667
1	4.26246239431781	-2.2	3.66666666666667
1	4.34139688310147	-2.2	3.66666666666667
1	4.42033137188514	-2.2	3.66666666666667
1	4.4992658606688	-2.2	3.66666666666667
1	4.57820034945246	-2.2	3.66666666666667
1	4.65713483823613	-2.2	3.66666666666667
1	4.73606932701979	-2.2	3.66666666666667
1	4.81500381580345	-2.2	3.66666666666667
1	4.89393830458712	-2.2	3.66666666666667
1	4.97287279337078	-2.2	3.66666666666667
1	5.05180728215444	-2.2	3.66666666666667
1	5.1307417709381	-2.2	3.66666666666667
1	5.20967625972177	-2.2	3.66666666666667
1	5.28861074850543	-2.2	3.66666666666667
1	5.36754523728909	-2.2	3.66666666666667
1	5.44647972607276	-2.2	3.66666666666667
1	5.52541421485642	-2.2	3.66666666666667
1	5.60434870364008	-2.2	3.66666666666667
1	5.68328319242375	-2.2	3.66666666666667
1	5.76221768120741	-2.2	3.66666666666667
1	5.84115216999107	-2.2	3.66666666666667
1	5.92008665877474	-2.2	3.66666666666667
1	5.9990211475584	-2.2	3.66666666666667
1	6.07795563634206	-2.2	3.66666666666667
1	6.15689012512573	-2.2	3.66666666666667
1	6.23582461390939	-2.2	3.66666666666667
1	6.31475910269305	-2.2	3.66666666666667
1	6.39369359147672	-2.2	3.66666666666667
1	6.47262808026038	-2.2	3.66666666666667
1	6.55156256904404	-2.2	3.66666666666667
1	6.6304970578277	-2.2	3.66666666666667
1	6.70943154661137	-2.2	3.66666666666667
1	6.78836603539503	-2.2	3.66666666666667
1	6.86730052417869	-2.2	3.66666666666667
1	6.94623501296236	-2.2	3.66666666666667
1	7.02516950174602	-2.2	3.66666666666667
1	7.10410399052968	-2.2	3.66666666666667
1	7.18303847931335	-2.2	3.66666666666667
1	7.26197296809701	-2.2	3.66666666666667
1	7.34090745688067	-2.2	3.66666666666667
1	7.41984194566434	-2.2	3.66666666666667
1	7.498776434448	-2.2	3.66666666666667
1	7.57771092323166	-2.2	3.66666666666667
1	7.65664541201533	-2.2	3.66666666666667
1	7.73557990079899	-2.2	3.66666666666667
1	7.81451438958265	-2.2	3.66666666666667
1	7.89344887836631	-2.2	3.66666666666667
1	7.97238336714998	-2.2	3.66666666666667
1	8.05131785593364	-2.2	3.66666666666667
1	8.1302523447173	-2.2	3.66666666666667
1	8.20918683350097	-2.2	3.66666666666667
1	8.28812132228463	-2.2	3.66666666666667
1	8.36705581106829	-2.2	3.66666666666667
1	8.44599029985196	-2.2	3.66666666666667
1	8.52492478863562	-2.2	3.66666666666667
1	8.60385927741928	-2.2	3.66666666666667
1	8.68279376620295	-2.2	3.66666666666667
1	8.76172825498661	-2.2	3.66666666666667
1	8.84066274377027	-2.2	3.66666666666667
1	8.91959723255394	-2.2	3.66666666666667
1	8.9985317213376	-2.2	3.66666666666667
1	9.07746621012126	-2.2	3.66666666666667
1	9.15640069890492	-2.2	3.66666666666667
1	9.23533518768859	-2.2	3.66666666666667
1	9.31426967647225	-2.2	3.66666666666667
1	9.39320416525591	-2.2	3.66666666666667
1	9.47213865403958	-2.2	3.66666666666667
1	9.55107314282324	-2.2	3.66666666666667
1	9.6300076316069	-2.2	3.66666666666667
1	9.70894212039057	-2.2	3.66666666666667
1	9.78787660917423	-2.2	3.66666666666667
1	9.86681109795789	-2.2	3.66666666666667
1	9.94574558674156	-2.2	3.66666666666667
1	10.0246800755252	-2.2	3.66666666666667
1	10.1036145643089	-2.2	3.66666666666667
1	10.1825490530925	-2.2	3.66666666666667
1	10.2614835418762	-2.2	3.66666666666667
1	10.3404180306599	-2.2	3.66666666666667
1	10.4193525194435	-2.2	3.66666666666667
1	10.4982870082272	-2.2	3.66666666666667
1	10.5772214970109	-2.2	3.66666666666667
1	10.6561559857945	-2.2	3.66666666666667
1	10.7350904745782	-2.2	3.66666666666667
1	10.8140249633619	-2.2	3.66666666666667
1	10.8929594521455	-2.2	3.66666666666667
1	10.9718939409292	-2.2	3.66666666666667
1	11.0508284297128	-2.2	3.66666666666667
1	11.1297629184965	-2.2	3.66666666666667
1	11.2086974072802	-2.2	3.66666666666667
1	11.2876318960638	-2.07216060148111	3.66666666666667
1	11.3665663848475	-1.91777202624576	3.66666666666667
1	11.4455008736312	-1.76720829291201	3.66666666666667
1	11.5244353624148	-1.62046940147988	3.66666666666667
1	11.6033698511985	-1.47755535194936	3.66666666666667
1	11.6823043399821	-1.33846614432046	3.66666666666667
1	11.7612388287658	-1.20320177859316	3.66666666666667
1	11.8401733175495	-1.07176225476749	3.66666666666667
1	11.9191078063331	-0.944147572843419	3.66666666666667
1	11.9980422951168	-0.820357732820967	3.66666666666667
1	12.0769767839005	-0.700392734700129	3.66666666666667
1	12.1559112726841	-0.584252578480904	3.66666666666667
1	12.2348457614678	-0.471937264163289	3.66666666666667
1	12.3137802502515	-0.363446791747291	3.66666666666667
1	12.3927147390351	-0.258781161232905	3.66666666666667
1	12.4716492278188	-0.157940372620133	3.66666666666667
1	12.5505837166024	-0.0609244259089714	3.66666666666667
1	12.6295182053861	0.0322666789005744	3.66666666666667
1	12.7084526941698	0.121632941808507	3.66666666666667
1	12.7873871829534	0.207174362814827	3.66666666666667
1	12.8663216717371	0.288890941919533	3.66666666666667
1	12.9452561605208	0.366782679122628	3.66666666666667
1	13.0241906493044	0.440849574424107	3.66666666666667
1	13.1031251380881	0.511091627823974	3.66666666666667
1	13.1820596268717	0.577508839322227	3.66666666666667
1	13.2609941156554	0.640101208918869	3.66666666666667
1	13.3399286044391	0.698868736613896	3.66666666666667
1	13.4188630932227	0.75381142240731	3.66666666666667
1	13.4977975820064	0.80492926629911	3.66666666666667
1	13.5767320707901	0.852222268289298	3.66666666666667
1	13.6556665595737	0.895690428377872	3.66666666666667
1	13.7346010483574	0.935333746564833	3.66666666666667
1	13.8135355371411	0.971152222850181	3.66666666666667
1	13.8924700259247	1.00314585723392	3.66666666666667
1	13.9714045147084	1.03131464971604	3.66666666666667
1	14.050339003492	1.05565860029655	3.66666666666667
1	14.1292734922757	1.07617770897544	3.66666666666667
1	14.2082079810594	1.09287197575272	3.66666666666667
1	14.287142469843	1.10574140062839	3.66666666666667
1	14.3660769586267	1.11478598360245	3.66666666666667
1	14.4450114474104	1.12000572467489	3.66666666666667
1	14.523945936194	1.12140062384572	3.66666666666667
1	14.6028804249777	1.11897068111493	3.66666666666667
1	14.6818149137613	1.11271589648253	3.66666666666667
1	14.760749402545	1.10263626994852	3.66666666666667
1	14.8396838913287	1.0887318015129	3.66666666666667
1	14.9186183801123	1.07100249117566	3.66666666666667
1	14.997552868896	1.04944833893681	3.66666666666667
1	15.0764873576797	1.02406934479635	3.66666666666667
1	15.1554218464633	0.994865508754269	3.66666666666667
1	15.234356335247	0.961836830810577	3.66666666666667
1	15.3132908240307	0.924983310965274	3.66666666666667
1	15.3922253128143	0.884304949218358	3.66666666666667
1	15.471159801598	0.839801745569828	3.66666666666667
1	15.5500942903816	0.791473700019683	3.66666666666667
1	15.6290287791653	0.739320812567927	3.66666666666667
1	15.707963267949	0.683343083214557	3.66666666666667
1	0	-2.2	4.66666666666667
1	0.0789344887836631	-2.2	4.66666666666667
1	0.157868977567326	-2.2	4.66666666666667
1	0.236803466350989	-2.2	4.66666666666667
1	0.315737955134653	-2.2	4.66666666666667
1	0.394672443918316	-2.2	4.66666666666667
1	0.473606932701979	-2.2	4.66666666666667
1	0.552541421485642	-2.2	4.66666666666667
1	0.631475910269305	-2.2	4.66666666666667
1	0.710410399052968	-2.2	4.66666666666667
1	0.789344887836632	-2.2	4.66666666666667
1	0.868279376620295	-2.2	4.66666666666667
1	0.947213865403958	-2.2	4.66666666666667
1	1.02614835418762	-2.2	4.66666666666667
1	1.10508284297128	-2.2	4.66666666666667
1	1.18401733175495	-2.2	4.66666666666667
1	1.26295182053861	-2.2	4.66666666666667
1	1.34188630932227	-2.2	4.66666666666667
1	1.42082079810594	-2.2	4.66666666666667
1	1.4997552868896	-2.2	4.66666666666667
1	1.57868977567326	-2.2	4.66666666666667
1	1.65762426445693	-2.2	4.66666666666667
1	1.73655875324059	-2.2	4.66666666666667
1	1.81549324202425	-2.2	4.66666666666667
1	1.89442773080792	-2.2	4.66666666666667
1	1.97336221959158	-2.2	4.66666666666667
1	2.05229670837524	-2.2	4.66666666666667
1	2.1312311971589	-2.2	4.66666666666667
1	2.21016568594257	-2.2	4.66666666666667
1	2.28910017472623	-2.2	4.66666666666667
1	2.36803466350989	-2.2	4.66666666666667
1	2.44696915229356	-2.2	4.66666666666667
1	2.52590364107722	-2.2	4.66666666666667
1	2.60483812986088	-2.2	4.66666666666667
1	2.68377261864455	-2.2	4.66666666666667
1	2.76270710742821	-2.2	4.66666666666667
1	2.84164159621187	-2.2	4.66666666666667
1	2.92057608499554	-2.2	4.66666666666667
1	2.9995105737792	-2.2	4.66666666666667
1	3.07844506256286	-2.2	4.66666666666667
1	3.15737955134653	-2.2	4.66666666666667
1	3.23631404013019	-2.2	4.66666666666667
1	3.31524852891385	-2.2	4.66666666666667
1	3.39418301769752	-2.2	4.66666666666667
1	3.47311750648118	-2.2	4.66666666666667
1	3.55205199526484	-2.2	4.66666666666667
1	3.63098648404851	-2.2	4.66666666666667
1	3.70992097283217	-2.2	4.66666666666667
1	3.78885546161583	-2.2	4.66666666666667
1	3.86778995039949	-2.2	4.66666666666667
1	3.94672443918316	-2.2	4.66666666666667
1	4.02565892796682	-2.2	4.66666666666667
1	4.10459341675048	-2.2	4.66666666666667
1	4.18352790553415	-2.2	4.66666666666667
1	4.26246239431781	-2.2	4.66666666666667
1	4.34139688310147	-2.2	4.66666666666667
1	4.42033137188514	-2.2	4.66666666666667
1	4.4992658606688	-2.2	4.66666666666667
1	4.57820034945246	-2.2	4.66666666666667
1	4.65713483823613	-2.2	4.66666666666667
1	4.73606932701979	-2.2	4.66666666666667
1	4.81500381580345	-2.2	4.66666666666667
1	4.89393830458712	-2.2	4.66666666666667
1	4.97287279337078	-2.2	4.66666666666667
1	5.05180728215444	-2.2	4.66666666666667
1	5.1307417709381	-2.2	4.66666666666667
1	5.20967625972177	-2.2	4.66666666666667
1	5.28861074850543	-2.2	4.66666666666667
1	5.36754523728909	-2.2	4.66666666666667
1	5.44647972607276	-2.2	4.66666666666667
1	5.52541421485642	-2.2	4.66666666666667
1	5.60434870364008	-2.2	4.66666666666667
1	5.68328319242375	-2.2	4.66666666666667
1	5.76221768120741	-2.2	4.66666666666667
1	5.84115216999107	-2.2	4.66666666666667
1	5.92008665877474	-2.2	4.66666666666667
1	5.9990211475584	-2.2	4.66666666666667
1	6.07795563634206	-2.2	4.66666666666667
1	6.15689012512573	-2.2	4.66666666666667
1	6.23582461390939	-2.2	4.66666666666667
1	6.31475910269305	-2.2	4.66666666666667
1	6.39369359147672	-2.2	4.66666666666667
1	6.47262808026038	-2.2	4.66666666666667
1	6.55156256904404	-2.2	4.66666666666667
1	6.6304970578277	-2.2	4.66666666666667
1	6.70943154661137	-2.2	4.66666666666667
1	6.78836603539503	-2.2	4.66666666666667
1	6.86730052417869	-2.2	4.66666666666667
1	6.94623501296236	-2.2	4.66666666666667
1	7.02516950174602	-2.2	4.66666666666667
1	7.10410399052968	-2.2	4.66666666666667
1	7.18303847931335	-2.2	4.66666666666667
1	7.26197296809701	-2.2	4.66666666666667
1	7.34090745688067	-2.2	4.66666666666667
1	7.41984194566434	-2.2	4.66666666666667
1	7.498776434448	-2.2	4.66666666666667
1	7.57771092323166	-2.2	4.66666666666667
1	7.65664541201533	-2.2	4.66666666666667
1	7.73557990079899	-2.2	4.66666666666667
1	7.81451438958265	-2.2	4.66666666666667
1	7.89344887836631	-2.2	4.66666666666667
1	7.97238336714998	-2.2	4.66666666666667
1	8.05131785593364	-2.2	4.66666666666667
1	8.1302523447173	-2.2	4.66666666666667
1	8.20918683350097	-2.2	4.66666666666667
1	8.28812132228463	-2.2	4.66666666666667
1	8.36705581106829	-2.2	4.66666666666667
1	8.44599029985196	-2.2	4.66666666666667
1	8.52492478863562	-2.2	4.66666666666667
1	8.60385927741928	-2.2	4.66666666666667
1	8.68279376620295	-2.2	4.66666666666667
1	8.76172825498661	-2.2	4.66666666666667
1	8.84066274377027	-2.2	4.66666666666667
1	8.91959723255394	-2.2	4.66666666666667
1	8.9985317213376	-2.2	4.66666666666667
1	9.07746621012126	-2.2	4.66666666666667
1	9.15640069890492	-2.2	4.66666666666667
1	9.23533518768859	-2.2	4.66666666666667
1	9.31426967647225	-2.2	4.66666666666667
1	9.39320416525591	-2.2	4.66666666666667
1	9.47213865403958	-2.2	4.66666666666667
1	9.55107314282324	-2.2	4.66666666666667
1	9.6300076316069	-2.2	4.66666666666667
1	9.70894212039057	-2.2	4.66666666666667
1	9.78787660917423	-2.2	4.66666666666667
1	9.86681109795789	-2.2	4.66666666666667
1	9.94574558674156	-2.2	4.66666666666667
1	10.0246800755252	-2.2	4.66666666666667
1	10.1036145643089	-2.2	4.66666666666667
1	10.1825490530925	-2.2	4.66666666666667
1	10.2614835418762	-2.2	4.66666666666667
1	10.3404180306599	-2.2	4.66666666666667
1	10.4193525194435	-2.2	4.66666666666667
1	10.4982870082272	-2.2	4.66666666666667
1	10.5772214970109	-2.2	4.66666666666667
1	10.6561559857945	-2.2	4.66666666666667
1	10.7350904745782	-2.2	4.66666666666667
1	10.8140249633619	-2.2	4.66666666666667
1	10.8929594521455	-2.2	4.66666666666667
1	10.9718939409292	-2.2	4.66666666666667
1	11.0508284297128	-2.2	4.66666666666667
1	11.1297629184965	-2.2	4.66666666666667
1	11.2086974072802	-2.2	4.66666666666667
1	11.2876318960638	-2.2	4.66666666666667
1	11.3665663848475	-2.2	4.66666666666667
1	11.4455008736312	-2.2	4.66666666666667
1	11.5244353624148	-2.12647577778809	4.66666666666667
1	11.6033698511985	-1.93893362545314	4.66666666666667
1	11.6823043399821	-1.75718663277313	4.66666666666667
1	11.7612388287658	-1.58123479974804	4.66666666666667
1	11.8401733175495	-1.41107812637787	4.66666666666667
1	11.9191078063331	-1.24671661266263	4.66666666666667
1	11.9980422951168	-1.08815025860232	4.66666666666667
1	12.0769767839005	-0.935379064196938	4.66666666666667
1	12.1559112726841	-0.788403029446481	4.66666666666667
1	12.2348457614678	-0.647222154350948	4.66666666666667
1	12.3137802502515	-0.511836438910345	4.66666666666667
1	12.3927147390351	-0.382245883124669	4.66666666666667
1	12.4716492278188	-0.258450486993919	4.66666666666667
1	12.5505837166024	-0.140450250518094	4.66666666666667
1	12.6295182053861	-0.0282451736971985	4.66666666666667
1	12.7084526941698	0.0781647434687709	4.66666666666667
1	12.7873871829534	0.178779500979813	4.66666666666667
1	12.8663216717371	0.273599098835929	4.66666666666667
1	12.9452561605208	0.36262353703712	4.66666666666667
1	13.0241906493044	0.445852815583382	4.66666666666667
1	13.1031251380881	0.523286934474717	4.66666666666667
1	13.1820596268717	0.594925893711125	4.66666666666667
1	13.2609941156554	0.660769693292609	4.66666666666667
1	13.3399286044391	0.720818333219163	4.66666666666667
1	13.4188630932227	0.775071813490792	4.66666666666667
1	13.4977975820064	0.823530134107493	4.66666666666667
1	13.5767320707901	0.866193295069268	4.66666666666667
1	13.6556665595737	0.903061296376116	4.66666666666667
1	13.7346010483574	0.934134138028037	4.66666666666667
1	13.8135355371411	0.959411820025031	4.66666666666667
1	13.8924700259247	0.978894342367099	4.66666666666667
1	13.9714045147084	0.99258170505424	4.66666666666667
1	14.050339003492	1.00047390808645	4.66666666666667
1	14.1292734922757	1.00257095146374	4.66666666666667
1	14.2082079810594	0.998872835186101	4.66666666666667
1	14.287142469843	0.989379559253534	4.66666666666667
1	14.3660769586267	0.974091123666041	4.66666666666667
1	14.4450114474104	0.953007528423621	4.66666666666667
1	14.523945936194	0.926128773526274	4.66666666666667
1	14.6028804249777	0.893454858974	4.66666666666667
1	14.6818149137613	0.8549857847668	4.66666666666667
1	14.760749402545	0.810721550904673	4.66666666666667
1	14.8396838913287	0.760662157387618	4.66666666666667
1	14.9186183801123	0.704807604215637	4.66666666666667
1	14.997552868896	0.643157891388729	4.66666666666667
1	15.0764873576797	0.575713018906895	4.66666666666667
1	15.1554218464633	0.502472986770134	4.66666666666667
1	15.234356335247	0.423437794978445	4.66666666666667
1	15.3132908240307	0.33860744353183	4.66666666666667
1	15.3922253128143	0.247981932430289	4.66666666666667
1	15.471159801598	0.15156126167382	4.66666666666667
1	15.5500942903816	0.0493454312624232	4.66666666666667
1	15.6290287791653	-0.0586655588038985	4.66666666666667
1	15.707963267949	-0.172471708525147	4.66666666666667
1	0	-2.2	5.66666666666667
1	0.0789344887836631	-2.2	5.66666666666667
1	0.157868977567326	-2.2	5.66666666666667
1	0.236803466350989	-2.2	5.66666666666667
1	0.315737955134653	-2.2	5.66666666666667
1	0.394672443918316	-2.2	5.66666666666667
1	0.473606932701979	-2.2	5.66666666666667
1	0.552541421485642	-2.2	5.66666666666667
1	0.631475910269305	-2.2	5.66666666666667
1	0.710410399052968	-2.2	5.66666666666667
1	0.789344887836632	-2.2	5.66666666666667
1	0.868279376620295	-2.2	5.66666666666667
1	0.947213865403958	-2.2	5.66666666666667
1	1.02614835418762	-2.2	5.66666666666667
1	1.10508284297128	-2.2	5.66666666666667
1	1.18401733175495	-2.2	5.66666666666667
1	1.26295182053861	-2.2	5.66666666666667
1	1.34188630932227	-2.2	5.66666666666667
1	1.42082079810594	-2.2	5.66666666666667
1	1.4997552868896	-2.2	5.66666666666667
1	1.57868977567326	-2.2	5.66666666666667
1	1.65762426445693	-2.2	5.66666666666667
1	1.73655875324059	-2.2	5.66666666666667
1	1.81549324202425	-2.2	5.66666666666667
1	1.89442773080792	-2.2	5.66666666666667
1	1.97336221959158	-2.2	5.66666666666667
1	2.05229670837524	-2.2	5.66666666666667
1	2.1312311971589	-2.2	5.66666666666667
1	2.21016568594257	-2.2	5.66666666666667
1	2.28910017472623	-2.2	5.66666666666667
1	2.36803466350989	-2.2	5.66666666666667
1	2.44696915229356	-2.2	5.66666666666667
1	2.52590364107722	-2.2	5.66666666666667
1	2.60483812986088	-2.2	5.66666666666667
1	2.68377261864455	-2.2	5.66666666666667
1	2.76270710742821	-2.2	5.66666666666667
1	2.84164159621187	-2.2	5.66666666666667
1	2.92057608499554	-2.2	5.66666666666667
1	2.9995105737792	-2.2	5.66666666666667
1	3.07844506256286	-2.2	5.66666666666667
1	3.15737955134653	-2.2	5.66666666666667
1	3.23631404013019	-2.2	5.66666666666667
1	3.31524852891385	-2.2	5.66666666666667
1	3.39418301769752	-2.2	5.66666666666667
1	3.47311750648118	-2.2	5.66666666666667
1	3.55205199526484	-2.2	5.66666666666667
1	3.63098648404851	-2.2	5.66666666666667
1	3.70992097283217	-2.2	5.66666666666667
1	3.78885546161583	-2.2	5.66666666666667
1	3.86778995039949	-2.2	5.66666666666667
1	3.94672443918316	-2.2	5.66666666666667
1	4.02565892796682	-2.2	5.66666666666667
1	4.10459341675048	-2.2	5.66666666666667
1	4.18352790553415	-2.2	5.66666666666667
1	4.26246239431781	-2.2	5.66666666666667
1	4.34139688310147	-2.2	5.66666666666667
1	4.42033137188514	-2.2	5.66666666666667
1	4.4992658606688	-2.2	5.66666666666667
1	4.57820034945246	-2.2	5.66666666666667
1	4.65713483823613	-2.2	5.66666666666667
1	4.73606932701979	-2.2	5.66666666666667
1	4.81500381580345	-2.2	5.66666666666667
1	4.89393830458712	-2.2	5.66666666666667
1	4.97287279337078	-2.2	5.66666666666667
1	5.05180728215444	-2.2	5.66666666666667
1	5.1307417709381	-2.2	5.66666666666667
1	5.20967625972177	-2.2	5.66666666666667
1	5.28861074850543	-2.2	5.66666666666667
1	5.36754523728909	-2.2	5.66666666666667
1	5.44647972607276	-2.2	5.66666666666667
1	5.52541421485642	-2.2	5.66666666666667
1	5.60434870364008	-2.2	5.66666666666667
1	5.68328319242375	-2.2	5.66666666666667
1	5.76221768120741	-2.2	5.66666666666667
1	5.84115216999107	-2.2	5.66666666666667
1	5.92008665877474	-2.2	5.66666666666667
1	5.9990211475584	-2.2	5.66666666666667
1	6.07795563634206	-2.2	5.66666666666667
1	6.15689012512573	-2.2	5.66666666666667
1	6.23582461390939	-2.2	5.66666666666667
1	6.31475910269305	-2.2	5.66666666666667
1	6.39369359147672	-2.2	5.66666666666667
1	6.47262808026038	-2.2	5.66666666666667
1	6.55156256904404	-2.2	5.66666666666667
1	6.6304970578277	-2.2	5.66666666666667
1	6.70943154661137	-2.2	5.66666666666667
1	6.78836603539503	-2.2	5.66666666666667
1	6.86730052417869	-2.2	5.66666666666667
1	6.94623501296236	-2.2	5.66666666666667
1	7.02516950174602	-2.2	5.66666666666667
1	7.10410399052968	-2.2	5.66666666666667
1	7.18303847931335	-2.2	5.66666666666667
1	7.26197296809701	-2.2	5.66666666666667
1	7.34090745688067	-2.2	5.66666666666667
1	7.41984194566434	-2.2	5.66666666666667
1	7.498776434448	-2.2	5.66666666666667
1	7.57771092323166	-2.2	5.66666666666667
1	7.65664541201533	-2.2	5.66666666666667
1	7.73557990079899	-2.2	5.66666666666667
1	7.81451438958265	-2.2	5.66666666666667
1	7.89344887836631	-2.2	5.66666666666667
1	7.97238336714998	-2.2	5.66666666666667
1	8.05131785593364	-2.2	5.66666666666667
1	8.1302523447173	-2.2	5.66666666666667
1	8.20918683350097	-2.2	5.66666666666667
1	8.28812132228463	-2.2	5.66666666666667
1	8.36705581106829	-2.2	5.66666666666667
1	8.44599029985196	-2.2	5.66666666666667
1	8.52492478863562	-2.2	5.66666666666667
1	8.60385927741928	-2.2	5.66666666666667
1	8.68279376620295	-2.2	5.66666666666667
1	8.76172825498661	-2.2	5.66666666666667
1	8.84066274377027	-2.2	5.66666666666667
1	8.91959723255394	-2.2	5.66666666666667
1	8.9985317213376	-2.2	5.66666666666667
1	9.07746621012126	-2.2	5.66666666666667
1	9.15640069890492	-2.2	5.66666666666667
1	9.23533518768859	-2.2	5.66666666666667
1	9.31426967647225	-2.2	5.66666666666667
1	9.39320416525591	-2.2	5.66666666666667
1	9.47213865403958	-2.2	5.66666666666667
1	9.55107314282324	-2.2	5.66666666666667
1	9.6300076316069	-2.2	5.66666666666667
1	9.70894212039057	-2.2	5.66666666666667
1	9.78787660917423	-2.2	5.66666666666667
1	9.86681109795789	-2.2	5.66666666666667
1	9.94574558674156	-2.2	5.66666666666667
1	10.0246800755252	-2.2	5.66666666666667
1	10.1036145643089	-2.2	5.66666666666667
1	10.1825490530925	-2.2	5.66666666666667
1	10.2614835418762	-2.2	5.66666666666667
1	10.3404180306599	-2.2	5.66666666666667
1	10.4193525194435	-2.2	5.66666666666667
1	10.4982870082272	-2.2	5.66666666666667
1	10.5772214970109	-2.2	5.66666666666667
1	10.6561559857945	-2.2	5.66666666666667
1	10.7350904745782	-2.2	5.66666666666667
1	10.8140249633619	-2.2	5.66666666666667
1	10.8929594521455	-2.2	5.66666666666667
1	10.9718939409292	-2.2	5.66666666666667
1	11.0508284297128	-2.2	5.66666666666667
1	11.1297629184965	-2.2	5.66666666666667
1	11.2086974072802	-2.2	5.66666666666667
1	11.2876318960638	-2.2	5.66666666666667
1	11.3665663848475	-2.2	5.66666666666667
1	11.4455008736312	-2.2	5.66666666666667
1	11.5244353624148	-2.2	5.66666666666667
1	11.6033698511985	-2.2	5.66666666666667
1	11.6823043399821	-2.01264829108891	5.66666666666667
1	11.7612388287658	-1.82202380128526	5.66666666666667
1	11.8401733175495	-1.63762886426108	5.66666666666667
1	11.9191078063331	-1.45946348001638	5.66666666666667
1	11.9980422951168	-1.28752764855116	5.66666666666667
1	12.0769767839005	-1.12182136986542	5.66666666666667
1	12.1559112726841	-0.96234464395916	5.66666666666667
1	12.2348457614678	-0.809097470832376	5.66666666666667
1	12.3137802502515	-0.662079850485075	5.66666666666667
1	12.3927147390351	-0.521291782917253	5.66666666666667
1	12.4716492278188	-0.38673326812891	5.66666666666667
1	12.5505837166024	-0.258404306120044	5.66666666666667
1	12.6295182053861	-0.136304896890661	5.66666666666667
1	12.7084526941698	-0.0204350404407564	5.66666666666667
1	12.7873871829534	0.0892052632296688	5.66666666666667
1	12.8663216717371	0.192616014120614	5.66666666666667
1	12.9452561605208	0.289797212232083	5.66666666666667
1	13.0241906493044	0.38074885756407	5.66666666666667
1	13.1031251380881	0.465470950116577	5.66666666666667
1	13.1820596268717	0.543963489889606	5.66666666666667
1	13.2609941156554	0.616226476883156	5.66666666666667
1	13.3399286044391	0.682259911097226	5.66666666666667
1	13.4188630932227	0.742063792531816	5.66666666666667
1	13.4977975820064	0.795638121186927	5.66666666666667
1	13.5767320707901	0.84298289706256	5.66666666666667
1	13.6556665595737	0.884098120158712	5.66666666666667
1	13.7346010483574	0.918983790475384	5.66666666666667
1	13.8135355371411	0.947639908012578	5.66666666666667
1	13.8924700259247	0.970066472770292	5.66666666666667
1	13.9714045147084	0.986263484748527	5.66666666666667
1	14.050339003492	0.996230943947282	5.66666666666667
1	14.1292734922757	0.999968850366558	5.66666666666667
1	14.2082079810594	0.997477204006355	5.66666666666667
1	14.287142469843	0.988756004866672	5.66666666666667
1	14.3660769586267	0.973805252947509	5.66666666666667
1	14.4450114474104	0.952624948248868	5.66666666666667
1	14.523945936194	0.925215090770747	5.66666666666667
1	14.6028804249777	0.891575680513147	5.66666666666667
1	14.6818149137613	0.851706717476067	5.66666666666667
1	14.760749402545	0.805608201659508	5.66666666666667
1	14.8396838913287	0.753280133063468	5.66666666666667
1	14.9186183801123	0.694722511687951	5.66666666666667
1	14.997552868896	0.629935337532954	5.66666666666667
1	15.0764873576797	0.558918610598477	5.66666666666667
1	15.1554218464633	0.481672330884522	5.66666666666667
1	15.234356335247	0.398196498391085	5.66666666666667
1	15.3132908240307	0.30849111311817	5.66666666666667
1	15.3922253128143	0.212556175065776	5.66666666666667
1	15.471159801598	0.110391684233903	5.66666666666667
1	15.5500942903816	0.00199764062254815	5.66666666666667
1	15.6290287791653	-0.112625955768284	5.66666666666667
1	15.707963267949	-0.233479104938595	5.66666666666667
1	0	-2.2	6.66666666666667
1	0.0789344887836631	-2.2	6.66666666666667
1	0.157868977567326	-2.2	6.66666666666667
1	0.236803466350989	-2.2	6.66666666666667
1	0.315737955134653	-2.2	6.66666666666667
1	0.394672443918316	-2.2	6.66666666666667
1	0.473606932701979	-2.2	6.66666666666667
1	0.552541421485642	-2.2	6.66666666666667
1	0.631475910269305	-2.2	6.66666666666667
1	0.710410399052968	-2.2	6.66666666666667
1	0.789344887836632	-2.2	6.66666666666667
1	0.868279376620295	-2.2	6.66666666666667
1	0.947213865403958	-2.2	6.66666666666667
1	1.02614835418762	-2.2	6.66666666666667
1	1.10508284297128	-2.2	6.66666666666667
1	1.18401733175495	-2.2	6.66666666666667
1	1.26295182053861	-2.2	6.66666666666667
1	1.34188630932227	-2.2	6.66666666666667
1	1.42082079810594	-2.2	6.66666666666667
1	1.4997552868896	-2.2	6.66666666666667
1	1.57868977567326	-2.2	6.66666666666667
1	1.65762426445693	-2.2	6.66666666666667
1	1.73655875324059	-2.2	6.66666666666667
1	1.81549324202425	-2.2	6.66666666666667
1	1.89442773080792	-2.2	6.66666666666667
1	1.97336221959158	-2.2	6.66666666666667
1	2.05229670837524	-2.2	6.66666666666667
1	2.1312311971589	-2.2	6.66666666666667
1	2.21016568594257	-2.2	6.66666666666667
1	2.28910017472623	-2.2	6.66666666666667
1	2.36803466350989	-2.2	6.66666666666667
1	2.44696915229356	-2.2	6.66666666666667
1	2.52590364107722	-2.2	6.66666666666667
1	2.60483812986088	-2.2	6.66666666666667
1	2.68377261864455	-2.2	6.66666666666667
1	2.76270710742821	-2.2	6.66666666666667
1	2.84164159621187	-2.2	6.66666666666667
1	2.92057608499554	-2.2	6.66666666666667
1	2.9995105737792	-2.2	6.66666666666667
1	3.07844506256286	-2.2	6.66666666666667
1	3.15737955134653	-2.2	6.66666666666667
1	3.23631404013019	-2.2	6.66666666666667
1	3.31524852891385	-2.2	6.66666666666667
1	3.39418301769752	-2.2	6.66666666666667
1	3.47311750648118	-2.2	6.66666666666667
1	3.55205199526484	-2.2	6.66666666666667
1	3.63098648404851	-2.2	6.66666666666667
1	3.70992097283217	-2.2	6.66666666666667
1	3.78885546161583	-2.2	6.66666666666667
1	3.86778995039949	-2.2	6.66666666666667
1	3.94672443918316	-2.2	6.66666666666667
1	4.02565892796682	-2.2	6.66666666666667
1	4.10459341675048	-2.2	6.66666666666667
1	4.18352790553415	-2.2	6.66666666666667
1	4.26246239431781	-2.2	6.66666666666667
1	4.34139688310147	-2.2	6.66666666666667
1	4.42033137188514	-2.2	6.66666666666667
1	4.4992658606688	-2.2	6.66666666666667
1	4.57820034945246	-2.2	6.66666666666667
1	4.65713483823613	-2.2	6.66666666666667
1	4.73606932701979	-2.2	6.66666666666667
1	4.81500381580345	-2.2	6.66666666666667
1	4.89393830458712	-2.2	6.66666666666667
1	4.97287279337078	-2.2	6.66666666666667
1	5.05180728215444	-2.2	6.66666666666667
1	5.1307417709381	-2.2	6.66666666666667
1	5.20967625972177	-2.2	6.66666666666667
1	5.28861074850543	-2.2	6.66666666666667
1	5.36754523728909	-2.2	6.66666666666667
1	5.44647972607276	-2.2	6.66666666666667
1	5.52541421485642	-2.2	6.66666666666667
1	5.60434870364008	-2.2	6.66666666666667
1	5.68328319242375	-2.2	6.66666666666667
1	5.76221768120741	-2.2	6.66666666666667
1	5.84115216999107	-2.2	6.66666666666667
1	5.92008665877474	-2.2	6.66666666666667
1	5.9990211475584	-2.2	6.66666666666667
1	6.07795563634206	-2.2	6.66666666666667
1	6.15689012512573	-2.2	6.66666666666667
1	6.23582461390939	-2.2	6.66666666666667
1	6.31475910269305	-2.2	6.66666666666667
1	6.39369359147672	-2.2	6.66666666666667
1	6.47262808026038	-2.2	6.66666666666667
1	6.55156256904404	-2.2	6.66666666666667
1	6.6304970578277	-2.2	6.66666666666667
1	6.70943154661137	-2.2	6.66666666666667
1	6.78836603539503	-2.2	6.66666666666667
1	6.86730052417869	-2.2	6.66666666666667
1	6.94623501296236	-2.2	6.66666666666667
1	7.02516950174602	-2.2	6.66666666666667
1	7.10410399052968	-2.2	6.66666666666667
1	7.18303847931335	-2.2	6.66666666666667
1	7.26197296809701	-2.2	6.66666666666667
1	7.34090745688067	-2.2	6.66666666666667
1	7.41984194566434	-2.2	6.66666666666667
1	7.498776434448	-2.2	6.66666666666667
1	7.57771092323166	-2.2	6.66666666666667
1	7.65664541201533	-2.2	6.66666666666667
1	7.73557990079899	-2.2	6.66666666666667
1	7.81451438958265	-2.2	6.66666666666667
1	7.89344887836631	-2.2	6.66666666666667
1	7.97238336714998	-2.2	6.66666666666667
1	8.05131785593364	-2.2	6.66666666666667
1	8.1302523447173	-2.2	6.66666666666667
1	8.20918683350097	-2.2	6.66666666666667
1	8.28812132228463	-2.2	6.66666666666667
1	8.36705581106829	-2.2	6.66666666666667
1	8.44599029985196	-2.2	6.66666666666667
1	8.52492478863562	-2.2	6.66666666666667
1	8.60385927741928	-2.2	6.66666666666667
1	8.68279376620295	-2.2	6.66666666666667
1	8.76172825498661	-2.2	6.66666666666667
1	8.84066274377027	-2.2	6.66666666666667
1	8.91959723255394	-2.2	6.66666666666667
1	8.9985317213376	-2.2	6.66666666666667
1	9.07746621012126	-2.2	6.66666666666667
1	9.15640069890492	-2.2	6.66666666666667
1	9.23533518768859	-2.2	6.66666666666667
1	9.31426967647225	-2.2	6.66666666666667
1	9.39320416525591	-2.2	6.66666666666667
1	9.47213865403958	-2.2	6.66666666666667
1	9.55107314282324	-2.2	6.66666666666667
1	9.6300076316069	-2.2	6.66666666666667
1	9.70894212039057	-2.2	6.66666666666667
1	9.78787660917423	-2.2	6.66666666666667
1	9.86681109795789	-2.2	6.66666666666667
1	9.94574558674156	-2.2	6.66666666666667
1	10.0246800755252	-2.2	6.66666666666667
1	10.1036145643089	-2.2	6.66666666666667
1	10.1825490530925	-2.2	6.66666666666667
1	10.2614835418762	-2.2	6.66666666666667
1	10.3404180306599	-2.2	6.66666666666667
1	10.4193525194435	-2.2	6.66666666666667
1	10.4982870082272	-2.2	6.66666666666667
1	10.5772214970109	-2.2	6.66666666666667
1	10.6561559857945	-2.2	6.66666666666667
1	10.7350904745782	-2.2	6.66666666666667
1	10.8140249633619	-2.2	6.66666666666667
1	10.8929594521455	-2.2	6.66666666666667
1	10.9718939409292	-2.2	6.66666666666667
1	11.0508284297128	-2.2	6.66666666666667
1	11.1297629184965	-2.2	6.66666666666667
1	11.2086974072802	-2.2	6.66666666666667
1	11.2876318960638	-2.2	6.66666666666667
1	11.3665663848475	-2.2	6.66666666666667
1	11.4455008736312	-2.2	6.66666666666667
1	11.5244353624148	-2.2	6.66666666666667
1	11.6033698511985	-2.2	6.66666666666667
1	11.6823043399821	-2.01317519530891	6.66666666666667
1	11.7612388287658	-1.8225171976115	6.66666666666667
1	11.8401733175495	-1.63808985343362	6.66666666666667
1	11.9191078063331	-1.45989316277526	6.66666666666667
1	11.9980422951168	-1.28792712563643	6.66666666666667
1	12.0769767839005	-1.12219174201712	6.66666666666667
1	12.1559112726841	-0.962687011917334	6.66666666666667
1	12.2348457614678	-0.809412935337067	6.66666666666667
1	12.3137802502515	-0.662369512276326	6.66666666666667
1	12.3927147390351	-0.521556742735107	6.66666666666667
1	12.4716492278188	-0.386974626713412	6.66666666666667
1	12.5505837166024	-0.258623164211236	6.66666666666667
1	12.6295182053861	-0.136502355228587	6.66666666666667
1	12.7084526941698	-0.02061219976546	6.66666666666667
1	12.7873871829534	0.0890473021781436	6.66666666666667
1	12.8663216717371	0.192476150602224	6.66666666666667
1	12.9452561605208	0.289674345506784	6.66666666666667
1	13.0241906493044	0.380641886891819	6.66666666666667
1	13.1031251380881	0.465378774757331	6.66666666666667
1	13.1820596268717	0.54388500910332	6.66666666666667
1	13.2609941156554	0.616160589929788	6.66666666666667
1	13.3399286044391	0.682205517236731	6.66666666666667
1	13.4188630932227	0.742019791024151	6.66666666666667
1	13.4977975820064	0.795603411292048	6.66666666666667
1	13.5767320707901	0.842956378040424	6.66666666666667
1	13.6556665595737	0.884078691269275	6.66666666666667
1	13.7346010483574	0.918970350978604	6.66666666666667
1	13.8135355371411	0.947631357168409	6.66666666666667
1	13.8924700259247	0.970061709838692	6.66666666666667
1	13.9714045147084	0.986261408989452	6.66666666666667
1	14.050339003492	0.996230454620689	6.66666666666667
1	14.1292734922757	0.999968846732403	6.66666666666667
1	14.2082079810594	0.997476585324593	6.66666666666667
1	14.287142469843	0.988753670397261	6.66666666666667
1	14.3660769586267	0.973800101950406	6.66666666666667
1	14.4450114474104	0.952615879984028	6.66666666666667
1	14.523945936194	0.925201004498127	6.66666666666667
1	14.6028804249777	0.891555475492703	6.66666666666667
1	14.6818149137613	0.851679292967756	6.66666666666667
1	14.760749402545	0.805572456923286	6.66666666666667
1	14.8396838913287	0.753234967359292	6.66666666666667
1	14.9186183801123	0.694666824275777	6.66666666666667
1	14.997552868896	0.629868027672738	6.66666666666667
1	15.0764873576797	0.558838577550177	6.66666666666667
1	15.1554218464633	0.481578473908093	6.66666666666667
1	15.234356335247	0.398087716746483	6.66666666666667
1	15.3132908240307	0.308366306065353	6.66666666666667
1	15.3922253128143	0.2124142418647	6.66666666666667
1	15.471159801598	0.110231524144524	6.66666666666667
1	15.5500942903816	0.00181815290482246	6.66666666666667
1	15.6290287791653	-0.1128258718544	6.66666666666667
1	15.707963267949	-0.233700550133145	6.66666666666667
1	0	-2.2	7.66666666666667
1	0.0789344887836631	-2.2	7.66666666666667
1	0.157868977567326	-2.2	7.66666666666667
1	0.236803466350989	-2.2	7.66666666666667
1	0.315737955134653	-2.2	7.66666666666667
1	0.394672443918316	-2.2	7.66666666666667
1	0.473606932701979	-2.2	7.66666666666667
1	0.552541421485642	-2.2	7.66666666666667
1	0.631475910269305	-2.2	7.66666666666667
1	0.710410399052968	-2.2	7.66666666666667
1	0.789344887836632	-2.2	7.66666666666667
1	0.868279376620295	-2.2	7.66666666666667
1	0.947213865403958	-2.2	7.66666666666667
1	1.02614835418762	-2.2	7.66666666666667
1	1.10508284297128	-2.2	7.66666666666667
1	1.18401733175495	-2.2	7.66666666666667
1	1.26295182053861	-2.2	7.66666666666667
1	1.34188630932227	-2.2	7.66666666666667
1	1.42082079810594	-2.2	7.66666666666667
1	1.4997552868896	-2.2	7.66666666666667
1	1.57868977567326	-2.2	7.66666666666667
1	1.65762426445693	-2.2	7.66666666666667
1	1.73655875324059	-2.2	7.66666666666667
1	1.81549324202425	-2.2	7.66666666666667
1	1.89442773080792	-2.2	7.66666666666667
1	1.97336221959158	-2.2	7.66666666666667
1	2.05229670837524	-2.2	7.66666666666667
1	2.1312311971589	-2.2	7.66666666666667
1	2.21016568594257	-2.2	7.66666666666667
1	2.28910017472623	-2.2	7.66666666666667
1	2.36803466350989	-2.2	7.66666666666667
1	2.44696915229356	-2.2	7.66666666666667
1	2.52590364107722	-2.2	7.66666666666667
1	2.60483812986088	-2.2	7.66666666666667
1	2.68377261864455	-2.2	7.66666666666667
1	2.76270710742821	-2.2	7.66666666666667
1	2.84164159621187	-2.2	7.66666666666667
1	2.92057608499554	-2.2	7.66666666666667
1	2.9995105737792	-2.2	7.66666666666667
1	3.07844506256286	-2.2	7.66666666666667
1	3.15737955134653	-2.2	7.66666666666667
1	3.23631404013019	-2.2	7.66666666666667
1	3.31524852891385	-2.2	7.66666666666667
1	3.39418301769752	-2.2	7.66666666666667
1	3.47311750648118	-2.2	7.66666666666667
1	3.55205199526484	-2.2	7.66666666666667
1	3.63098648404851	-2.2	7.66666666666667
1	3.70992097283217	-2.2	7.66666666666667
1	3.78885546161583	-2.2	7.66666666666667
1	3.86778995039949	-2.2	7.66666666666667
1	3.94672443918316	-2.2	7.66666666666667
1	4.02565892796682	-2.2	7.66666666666667
1	4.10459341675048	-2.2	7.66666666666667
1	4.18352790553415	-2.2	7.66666666666667
1	4.26246239431781	-2.2	7.66666666666667
1	4.34139688310147	-2.2	7.66666666666667
1	4.42033137188514	-2.2	7.66666666666667
1	4.4992658606688	-2.2	7.66666666666667
1	4.57820034945246	-2.2	7.66666666666667
1	4.65713483823613	-2.2	7.66666666666667
1	4.73606932701979	-2.2	7.66666666666667
1	4.81500381580345	-2.2	7.66666666666667
1	4.89393830458712	-2.2	7.66666666666667
1	4.97287279337078	-2.2	7.66666666666667
1	5.05180728215444	-2.2	7.66666666666667
1	5.1307417709381	-2.2	7.66666666666667
1	5.20967625972177	-2.2	7.66666666666667
1	5.28861074850543	-2.2	7.66666666666667
1	5.36754523728909	-2.2	7.66666666666667
1	5.44647972607276	-2.2	7.66666666666667
1	5.52541421485642	-2.2	7.66666666666667
1	5.60434870364008	-2.2	7.66666666666667
1	5.68328319242375	-2.2	7.66666666666667
1	5.76221768120741	-2.2	7.66666666666667
1	5.84115216999107	-2.2	7.66666666666667
1	5.92008665877474	-2.2	7.66666666666667
1	5.9990211475584	-2.2	7.66666666666667
1	6.07795563634206	-2.2	7.66666666666667
1	6.15689012512573	-2.2	7.66666666666667
1	6.23582461390939	-2.2	7.66666666666667
1	6.31475910269305	-2.2	7.66666666666667
1	6.39369359147672	-2.2	7.66666666666667
1	6.47262808026038	-2.2	7.66666666666667
1	6.55156256904404	-2.2	7.66666666666667
1	6.6304970578277	-2.2	7.66666666666667
1	6.70943154661137	-2.2	7.66666666666667
1	6.78836603539503	-2.2	7.66666666666667
1	6.86730052417869	-2.2	7.66666666666667
1	6.94623501296236	-2.2	7.66666666666667
1	7.02516950174602	-2.2	7.66666666666667
1	7.10410399052968	-2.2	7.66666666666667
1	7.18303847931335	-2.2	7.66666666666667
1	7.26197296809701	-2.2	7.66666666666667
1	7.34090745688067	-2.2	7.66666666666667
1	7.41984194566434	-2.2	7.66666666666667
1	7.498776434448	-2.2	7.66666666666667
1	7.57771092323166	-2.2	7.66666666666667
1	7.65664541201533	-2.2	7.66666666666667
1	7.73557990079899	-2.2	7.66666666666667
1	7.81451438958265	-2.2	7.66666666666667
1	7.89344887836631	-2.2	7.66666666666667
1	7.97238336714998	-2.2	7.66666666666667
1	8.05131785593364	-2.2	7.66666666666667
1	8.1302523447173	-2.2	7.66666666666667
1	8.20918683350097	-2.2	7.66666666666667
1	8.28812132228463	-2.2	7.66666666666667
1	8.36705581106829	-2.2	7.66666666666667
1	8.44599029985196	-2.2	7.66666666666667
1	8.52492478863562	-2.2	7.66666666666667
1	8.60385927741928	-2.2	7.66666666666667
1	8.68279376620295	-2.2	7.66666666666667
1	8.76172825498661	-2.2	7.66666666666667
1	8.84066274377027	-2.2	7.66666666666667
1	8.91959723255394	-2.2	7.66666666666667
1	8.9985317213376	-2.2	7.66666666666667
1	9.07746621012126	-2.2	7.66666666666667
1	9.15640069890492	-2.2	7.66666666666667
1	9.23533518768859	-2.2	7.66666666666667
1	9.31426967647225	-2.2	7.66666666666667
1	9.39320416525591	-2.2	7.66666666666667
1	9.47213865403958	-2.2	7.66666666666667
1	9.55107314282324	-2.2	7.66666666666667
1	9.6300076316069	-2.2	7.66666666666667
1	9.70894212039057	-2.2	7.66666666666667
1	9.78787660917423	-2.2	7.66666666666667
1	9.86681109795789	-2.2	7.66666666666667
1	9.94574558674156	-2.2	7.66666666666667
1	10.0246800755252	-2.2	7.66666666666667
1	10.1036145643089	-2.2	7.66666666666667
1	10.1825490530925	-2.2	7.66666666666667
1	10.2614835418762	-2.2	7.66666666666667
1	10.3404180306599	-2.2	7.66666666666667
1	10.4193525194435	-2.2	7.66666666666667
1	10.4982870082272	-2.2	7.66666666666667
1	10.5772214970109	-2.2	7.66666666666667
1	10.6561559857945	-2.2	7.66666666666667
1	10.7350904745782	-2.2	7.66666666666667
1	10.8140249633619	-2.2	7.66666666666667
1	10.8929594521455	-2.2	7.66666666666667
1	10.9718939409292	-2.2	7.66666666666667
1	11.0508284297128	-2.2	7.66666666666667
1	11.1297629184965	-2.2	7.66666666666667
1	11.2086974072802	-2.2	7.66666666666667
1	11.2876318960638	-2.2	7.66666666666667
1	11.3665663848475	-2.2	7.66666666666667
1	11.4455008736312	-2.2	7.66666666666667
1	11.5244353624148	-2.2	7.66666666666667
1	11.6033698511985	-2.2	7.66666666666667
1	11.6823043399821	-2.01317519531629	7.66666666666667
1	11.7612388287658	-1.82251719761842	7.66666666666667
1	11.8401733175495	-1.63808985344009	7.66666666666667
1	11.9191078063331	-1.45989316278129	7.66666666666667
1	11.9980422951168	-1.28792712564204	7.66666666666667
1	12.0769767839005	-1.12219174202232	7.66666666666667
1	12.1559112726841	-0.962687011922146	7.66666666666667
1	12.2348457614678	-0.809412935341502	7.66666666666667
1	12.3137802502515	-0.662369512280401	7.66666666666667
1	12.3927147390351	-0.521556742738837	7.66666666666667
1	12.4716492278188	-0.386974626716812	7.66666666666667
1	12.5505837166024	-0.258623164214322	7.66666666666667
1	12.6295182053861	-0.136502355231373	7.66666666666667
1	12.7084526941698	-0.0206121997679621	7.66666666666667
1	12.7873871829534	0.0890473021759103	7.66666666666667
1	12.8663216717371	0.192476150600245	7.66666666666667
1	12.9452561605208	0.289674345505043	7.66666666666667
1	13.0241906493044	0.380641886890301	7.66666666666667
1	13.1031251380881	0.46537877475602	7.66666666666667
1	13.1820596268717	0.543885009102202	7.66666666666667
1	13.2609941156554	0.616160589928847	7.66666666666667
1	13.3399286044391	0.682205517235952	7.66666666666667
1	13.4188630932227	0.742019791023519	7.66666666666667
1	13.4977975820064	0.795603411291547	7.66666666666667
1	13.5767320707901	0.842956378040039	7.66666666666667
1	13.6556665595737	0.884078691268991	7.66666666666667
1	13.7346010483574	0.918970350978405	7.66666666666667
1	13.8135355371411	0.947631357168281	7.66666666666667
1	13.8924700259247	0.970061709838619	7.66666666666667
1	13.9714045147084	0.986261408989418	7.66666666666667
1	14.050339003492	0.996230454620679	7.66666666666667
1	14.1292734922757	0.999968846732402	7.66666666666667
1	14.2082079810594	0.997476585324587	7.66666666666667
1	14.287142469843	0.988753670397233	7.66666666666667
1	14.3660769586267	0.973800101950342	7.66666666666667
1	14.4450114474104	0.952615879983912	7.66666666666667
1	14.523945936194	0.925201004497943	7.66666666666667
1	14.6028804249777	0.891555475492437	7.66666666666667
1	14.6818149137613	0.851679292967392	7.66666666666667
1	14.760749402545	0.80557245692281	7.66666666666667
1	14.8396838913287	0.753234967358688	7.66666666666667
1	14.9186183801123	0.694666824275028	7.66666666666667
1	14.997552868896	0.629868027671831	7.66666666666667
1	15.0764873576797	0.558838577549095	7.66666666666667
1	15.1554218464633	0.481578473906822	7.66666666666667
1	15.234356335247	0.398087716745008	7.66666666666667
1	15.3132908240307	0.308366306063658	7.66666666666667
1	15.3922253128143	0.212414241862769	7.66666666666667
1	15.471159801598	0.110231524142343	7.66666666666667
1	15.5500942903816	0.00181815290237553	7.66666666666667
1	15.6290287791653	-0.112825871857128	7.66666666666667
1	15.707963267949	-0.233700550136169	7.66666666666667
