group	x	y	showSelected2
1	0	0.66132394515021	1.33333333333333
1	0.0789344887836631	0.561579324819221	1.33333333333333
1	0.157868977567326	0.46416420044583	1.33333333333333
1	0.236803466350989	0.369078572030037	1.33333333333333
1	0.315737955134653	0.276322439571842	1.33333333333333
1	0.394672443918316	0.185895803071244	1.33333333333333
1	0.473606932701979	0.097798662528243	1.33333333333333
1	0.552541421485642	0.0120310179428405	1.33333333333333
1	0.631475910269305	-0.0714071306849649	1.33333333333333
1	0.710410399052968	-0.152515783355172	1.33333333333333
1	0.789344887836632	-0.231294940067781	1.33333333333333
1	0.868279376620295	-0.307744600822792	1.33333333333333
1	0.947213865403958	-0.381864765620207	1.33333333333333
1	1.02614835418762	-0.453655434460022	1.33333333333333
1	1.10508284297128	-0.52311660734224	1.33333333333333
1	1.18401733175495	-0.590248284266861	1.33333333333333
1	1.26295182053861	-0.655050465233884	1.33333333333333
1	1.34188630932227	-0.71752315024331	1.33333333333333
1	1.42082079810594	-0.777666339295138	1.33333333333333
1	1.4997552868896	-0.835480032389367	1.33333333333333
1	1.57868977567326	-0.890964229525999	1.33333333333333
1	1.65762426445693	-0.944118930705033	1.33333333333333
1	1.73655875324059	-0.99494413592647	1.33333333333333
1	1.81549324202425	-1.04343984519031	1.33333333333333
1	1.89442773080792	-1.08960605849655	1.33333333333333
1	1.97336221959158	-1.13344277584519	1.33333333333333
1	2.05229670837524	-1.17494999723624	1.33333333333333
1	2.1312311971589	-1.21412772266969	1.33333333333333
1	2.21016568594257	-1.25097595214554	1.33333333333333
1	2.28910017472623	-1.28549468566379	1.33333333333333
1	2.36803466350989	-1.31768392322444	1.33333333333333
1	2.44696915229356	-1.3475436648275	1.33333333333333
1	2.52590364107722	-1.37507391047296	1.33333333333333
1	2.60483812986088	-1.40027466016082	1.33333333333333
1	2.68377261864455	-1.42314591389109	1.33333333333333
1	2.76270710742821	-1.44368767166375	1.33333333333333
1	2.84164159621187	-1.46189993347882	1.33333333333333
1	2.92057608499554	-1.47778269933629	1.33333333333333
1	2.9995105737792	-1.49133596923616	1.33333333333333
1	3.07844506256286	-1.50255974317844	1.33333333333333
1	3.15737955134653	-1.51145402116312	1.33333333333333
1	3.23631404013019	-1.5180188031902	1.33333333333333
1	3.31524852891385	-1.52225408925968	1.33333333333333
1	3.39418301769752	-1.52415987937156	1.33333333333333
1	3.47311750648118	-1.52373617352585	1.33333333333333
1	3.55205199526484	-1.52098297172254	1.33333333333333
1	3.63098648404851	-1.51590027396163	1.33333333333333
1	3.70992097283217	-1.50848808024312	1.33333333333333
1	3.78885546161583	-1.49874639056702	1.33333333333333
1	3.86778995039949	-1.48667520493331	1.33333333333333
1	3.94672443918316	-1.47227452334201	1.33333333333333
1	4.02565892796682	-1.45554434579312	1.33333333333333
1	4.10459341675048	-1.43648467228662	1.33333333333333
1	4.18352790553415	-1.41509550282253	1.33333333333333
1	4.26246239431781	-1.39137683740084	1.33333333333333
1	4.34139688310147	-1.36532867602155	1.33333333333333
1	4.42033137188514	-1.33695101868466	1.33333333333333
1	4.4992658606688	-1.30624386539018	1.33333333333333
1	4.57820034945246	-1.2732072161381	1.33333333333333
1	4.65713483823613	-1.23784107092842	1.33333333333333
1	4.73606932701979	-1.20014542976114	1.33333333333333
1	4.81500381580345	-1.16012029263627	1.33333333333333
1	4.89393830458712	-1.11776565955379	1.33333333333333
1	4.97287279337078	-1.07308153051372	1.33333333333333
1	5.05180728215444	-1.02606790551605	1.33333333333333
1	5.1307417709381	-0.976724784560789	1.33333333333333
1	5.20967625972177	-0.925052167647925	1.33333333333333
1	5.28861074850543	-0.871050054777464	1.33333333333333
1	5.36754523728909	-0.814718445949404	1.33333333333333
1	5.44647972607276	-0.756057341163748	1.33333333333333
1	5.52541421485642	-0.695066740420493	1.33333333333333
1	5.60434870364008	-0.631746643719641	1.33333333333333
1	5.68328319242375	-0.566097051061191	1.33333333333333
1	5.76221768120741	-0.498117962445144	1.33333333333333
1	5.84115216999107	-0.427809377871498	1.33333333333333
1	5.92008665877474	-0.355171297340255	1.33333333333333
1	5.9990211475584	-0.280203720851414	1.33333333333333
1	6.07795563634206	-0.202906648404976	1.33333333333333
1	6.15689012512573	-0.123280080000939	1.33333333333333
1	6.23582461390939	-0.0413240156393053	1.33333333333333
1	6.31475910269305	0.042961544679927	1.33333333333333
1	6.39369359147672	0.129576600956756	1.33333333333333
1	6.47262808026038	0.218521153191184	1.33333333333333
1	6.55156256904404	0.309795201383208	1.33333333333333
1	6.6304970578277	0.403398745532832	1.33333333333333
1	6.70943154661137	0.499331785640051	1.33333333333333
1	6.78836603539503	0.59759432170487	1.33333333333333
1	6.86730052417869	0.698186353727286	1.33333333333333
1	6.94623501296236	0.8011078817073	1.33333333333333
1	7.02516950174602	0.906358905644911	1.33333333333333
1	7.10410399052968	1.01393942554012	1.33333333333333
1	7.18303847931335	1.12384944139293	1.33333333333333
1	7.26197296809701	1.23608895320333	1.33333333333333
1	7.34090745688067	1.35065796097133	1.33333333333333
1	7.41984194566434	1.46755646469693	1.33333333333333
1	7.498776434448	1.58678446438013	1.33333333333333
1	7.57771092323166	1.70834196002093	1.33333333333333
1	7.65664541201533	1.83222895161932	1.33333333333333
1	7.73557990079899	1.95844543917531	1.33333333333333
1	7.81451438958265	2.0869914226889	1.33333333333333
1	7.89344887836631	2.2	1.33333333333333
1	7.97238336714998	2.2	1.33333333333333
1	8.05131785593364	2.2	1.33333333333333
1	8.1302523447173	2.2	1.33333333333333
1	8.20918683350097	2.2	1.33333333333333
1	8.28812132228463	2.2	1.33333333333333
1	8.36705581106829	2.2	1.33333333333333
1	8.44599029985196	2.2	1.33333333333333
1	8.52492478863562	2.2	1.33333333333333
1	8.60385927741928	2.2	1.33333333333333
1	8.68279376620295	2.2	1.33333333333333
1	8.76172825498661	2.2	1.33333333333333
1	8.84066274377027	2.2	1.33333333333333
1	8.91959723255394	2.2	1.33333333333333
1	8.9985317213376	2.2	1.33333333333333
1	9.07746621012126	2.2	1.33333333333333
1	9.15640069890492	2.2	1.33333333333333
1	9.23533518768859	2.2	1.33333333333333
1	9.31426967647225	2.2	1.33333333333333
1	9.39320416525591	2.2	1.33333333333333
1	9.47213865403958	2.2	1.33333333333333
1	9.55107314282324	2.2	1.33333333333333
1	9.6300076316069	2.2	1.33333333333333
1	9.70894212039057	2.2	1.33333333333333
1	9.78787660917423	2.2	1.33333333333333
1	9.86681109795789	2.2	1.33333333333333
1	9.94574558674156	2.2	1.33333333333333
1	10.0246800755252	2.2	1.33333333333333
1	10.1036145643089	2.2	1.33333333333333
1	10.1825490530925	2.2	1.33333333333333
1	10.2614835418762	2.2	1.33333333333333
1	10.3404180306599	2.2	1.33333333333333
1	10.4193525194435	2.2	1.33333333333333
1	10.4982870082272	2.2	1.33333333333333
1	10.5772214970109	2.2	1.33333333333333
1	10.6561559857945	2.2	1.33333333333333
1	10.7350904745782	2.2	1.33333333333333
1	10.8140249633619	2.2	1.33333333333333
1	10.8929594521455	2.2	1.33333333333333
1	10.9718939409292	2.2	1.33333333333333
1	11.0508284297128	2.2	1.33333333333333
1	11.1297629184965	2.2	1.33333333333333
1	11.2086974072802	2.2	1.33333333333333
1	11.2876318960638	2.2	1.33333333333333
1	11.3665663848475	2.2	1.33333333333333
1	11.4455008736312	2.2	1.33333333333333
1	11.5244353624148	2.2	1.33333333333333
1	11.6033698511985	2.2	1.33333333333333
1	11.6823043399821	2.2	1.33333333333333
1	11.7612388287658	2.2	1.33333333333333
1	11.8401733175495	2.2	1.33333333333333
1	11.9191078063331	2.2	1.33333333333333
1	11.9980422951168	2.2	1.33333333333333
1	12.0769767839005	2.2	1.33333333333333
1	12.1559112726841	2.2	1.33333333333333
1	12.2348457614678	2.2	1.33333333333333
1	12.3137802502515	2.2	1.33333333333333
1	12.3927147390351	2.2	1.33333333333333
1	12.4716492278188	2.2	1.33333333333333
1	12.5505837166024	2.2	1.33333333333333
1	12.6295182053861	2.2	1.33333333333333
1	12.7084526941698	2.2	1.33333333333333
1	12.7873871829534	2.2	1.33333333333333
1	12.8663216717371	2.2	1.33333333333333
1	12.9452561605208	2.2	1.33333333333333
1	13.0241906493044	2.2	1.33333333333333
1	13.1031251380881	2.2	1.33333333333333
1	13.1820596268717	2.2	1.33333333333333
1	13.2609941156554	2.2	1.33333333333333
1	13.3399286044391	2.2	1.33333333333333
1	13.4188630932227	2.2	1.33333333333333
1	13.4977975820064	2.2	1.33333333333333
1	13.5767320707901	2.2	1.33333333333333
1	13.6556665595737	2.2	1.33333333333333
1	13.7346010483574	2.2	1.33333333333333
1	13.8135355371411	2.2	1.33333333333333
1	13.8924700259247	2.2	1.33333333333333
1	13.9714045147084	2.2	1.33333333333333
1	14.050339003492	2.2	1.33333333333333
1	14.1292734922757	2.2	1.33333333333333
1	14.2082079810594	2.2	1.33333333333333
1	14.287142469843	2.2	1.33333333333333
1	14.3660769586267	2.2	1.33333333333333
1	14.4450114474104	2.2	1.33333333333333
1	14.523945936194	2.2	1.33333333333333
1	14.6028804249777	2.2	1.33333333333333
1	14.6818149137613	2.2	1.33333333333333
1	14.760749402545	2.2	1.33333333333333
1	14.8396838913287	2.2	1.33333333333333
1	14.9186183801123	2.2	1.33333333333333
1	14.997552868896	2.2	1.33333333333333
1	15.0764873576797	2.2	1.33333333333333
1	15.1554218464633	2.2	1.33333333333333
1	15.234356335247	2.2	1.33333333333333
1	15.3132908240307	2.2	1.33333333333333
1	15.3922253128143	2.2	1.33333333333333
1	15.471159801598	2.2	1.33333333333333
1	15.5500942903816	2.2	1.33333333333333
1	15.6290287791653	2.2	1.33333333333333
1	15.707963267949	2.2	1.33333333333333
1	0	2.2	2.33333333333333
1	0.0789344887836631	2.2	2.33333333333333
1	0.157868977567326	2.2	2.33333333333333
1	0.236803466350989	2.2	2.33333333333333
1	0.315737955134653	2.2	2.33333333333333
1	0.394672443918316	2.2	2.33333333333333
1	0.473606932701979	2.2	2.33333333333333
1	0.552541421485642	2.2	2.33333333333333
1	0.631475910269305	2.2	2.33333333333333
1	0.710410399052968	2.2	2.33333333333333
1	0.789344887836632	2.2	2.33333333333333
1	0.868279376620295	2.2	2.33333333333333
1	0.947213865403958	2.2	2.33333333333333
1	1.02614835418762	2.2	2.33333333333333
1	1.10508284297128	2.2	2.33333333333333
1	1.18401733175495	2.2	2.33333333333333
1	1.26295182053861	2.2	2.33333333333333
1	1.34188630932227	2.2	2.33333333333333
1	1.42082079810594	2.195215189192	2.33333333333333
1	1.4997552868896	2.07691294222812	2.33333333333333
1	1.57868977567326	1.96031879714628	2.33333333333333
1	1.65762426445693	1.8454327539465	2.33333333333333
1	1.73655875324059	1.73225481262876	2.33333333333333
1	1.81549324202425	1.62078497319307	2.33333333333333
1	1.89442773080792	1.51102323563942	2.33333333333333
1	1.97336221959158	1.40296959996783	2.33333333333333
1	2.05229670837524	1.29662406617828	2.33333333333333
1	2.1312311971589	1.19198663427078	2.33333333333333
1	2.21016568594257	1.08905730424533	2.33333333333333
1	2.28910017472623	0.987836076101924	2.33333333333333
1	2.36803466350989	0.888322949840568	2.33333333333333
1	2.44696915229356	0.790517925461259	2.33333333333333
1	2.52590364107722	0.694421002963998	2.33333333333333
1	2.60483812986088	0.600032182348785	2.33333333333333
1	2.68377261864455	0.507351463615619	2.33333333333333
1	2.76270710742821	0.416378846764501	2.33333333333333
1	2.84164159621187	0.327114331795432	2.33333333333333
1	2.92057608499554	0.239557918708409	2.33333333333333
1	2.9995105737792	0.153709607503435	2.33333333333333
1	3.07844506256286	0.0695693981805083	2.33333333333333
1	3.15737955134653	-0.0128627092603706	2.33333333333333
1	3.23631404013019	-0.0935867148192017	2.33333333333333
1	3.31524852891385	-0.172602618495985	2.33333333333333
1	3.39418301769752	-0.249910420290721	2.33333333333333
1	3.47311750648118	-0.325510120203408	2.33333333333333
1	3.55205199526484	-0.399401718234048	2.33333333333333
1	3.63098648404851	-0.471585214382641	2.33333333333333
1	3.70992097283217	-0.542060608649185	2.33333333333333
1	3.78885546161583	-0.610827901033681	2.33333333333333
1	3.86778995039949	-0.67788709153613	2.33333333333333
1	3.94672443918316	-0.743238180156531	2.33333333333333
1	4.02565892796682	-0.806881166894885	2.33333333333333
1	4.10459341675048	-0.86881605175119	2.33333333333333
1	4.18352790553415	-0.929042834725449	2.33333333333333
1	4.26246239431781	-0.987561515817658	2.33333333333333
1	4.34139688310147	-1.04437209502782	2.33333333333333
1	4.42033137188514	-1.09947457235593	2.33333333333333
1	4.4992658606688	-1.152868947802	2.33333333333333
1	4.57820034945246	-1.20455522136602	2.33333333333333
1	4.65713483823613	-1.25453339304799	2.33333333333333
1	4.73606932701979	-1.30280346284792	2.33333333333333
1	4.81500381580345	-1.34936543076579	2.33333333333333
1	4.89393830458712	-1.39421929680162	2.33333333333333
1	4.97287279337078	-1.4373650609554	2.33333333333333
1	5.05180728215444	-1.47880272322713	2.33333333333333
1	5.1307417709381	-1.51853228361682	2.33333333333333
1	5.20967625972177	-1.55655374212445	2.33333333333333
1	5.28861074850543	-1.59286709875004	2.33333333333333
1	5.36754523728909	-1.62747235349358	2.33333333333333
1	5.44647972607276	-1.66036950635508	2.33333333333333
1	5.52541421485642	-1.69155855733452	2.33333333333333
1	5.60434870364008	-1.72103950643192	2.33333333333333
1	5.68328319242375	-1.74881235364727	2.33333333333333
1	5.76221768120741	-1.77487709898057	2.33333333333333
1	5.84115216999107	-1.79923374243183	2.33333333333333
1	5.92008665877474	-1.82188228400103	2.33333333333333
1	5.9990211475584	-1.84282272368819	2.33333333333333
1	6.07795563634206	-1.8620550614933	2.33333333333333
1	6.15689012512573	-1.87957929741637	2.33333333333333
1	6.23582461390939	-1.89539543145738	2.33333333333333
1	6.31475910269305	-1.90950346361635	2.33333333333333
1	6.39369359147672	-1.92190339389327	2.33333333333333
1	6.47262808026038	-1.93259522228814	2.33333333333333
1	6.55156256904404	-1.94157894880097	2.33333333333333
1	6.6304970578277	-1.94885457343174	2.33333333333333
1	6.70943154661137	-1.95442209618047	2.33333333333333
1	6.78836603539503	-1.95828151704716	2.33333333333333
1	6.86730052417869	-1.96043283603179	2.33333333333333
1	6.94623501296236	-1.96087605313437	2.33333333333333
1	7.02516950174602	-1.95961116835491	2.33333333333333
1	7.10410399052968	-1.9566381816934	2.33333333333333
1	7.18303847931335	-1.95195709314985	2.33333333333333
1	7.26197296809701	-1.94556790272424	2.33333333333333
1	7.34090745688067	-1.93747061041659	2.33333333333333
1	7.41984194566434	-1.92766521622689	2.33333333333333
1	7.498776434448	-1.91615172015514	2.33333333333333
1	7.57771092323166	-1.90293012220134	2.33333333333333
1	7.65664541201533	-1.8880004223655	2.33333333333333
1	7.73557990079899	-1.8713626206476	2.33333333333333
1	7.81451438958265	-1.85301671704766	2.33333333333333
1	7.89344887836631	-1.83296271156568	2.33333333333333
1	7.97238336714998	-1.81120060420164	2.33333333333333
1	8.05131785593364	-1.78773039495556	2.33333333333333
1	8.1302523447173	-1.76255208382743	2.33333333333333
1	8.20918683350097	-1.73566567081725	2.33333333333333
1	8.28812132228463	-1.70707115592502	2.33333333333333
1	8.36705581106829	-1.67676853915075	2.33333333333333
1	8.44599029985196	-1.64475782049443	2.33333333333333
1	8.52492478863562	-1.61103899995606	2.33333333333333
1	8.60385927741928	-1.57561207753564	2.33333333333333
1	8.68279376620295	-1.53847705323318	2.33333333333333
1	8.76172825498661	-1.49963392704866	2.33333333333333
1	8.84066274377027	-1.4590826989821	2.33333333333333
1	8.91959723255394	-1.41682336903349	2.33333333333333
1	8.9985317213376	-1.37285593720284	2.33333333333333
1	9.07746621012126	-1.32718040349013	2.33333333333333
1	9.15640069890492	-1.27979676789538	2.33333333333333
1	9.23533518768859	-1.23070503041858	2.33333333333333
1	9.31426967647225	-1.17990519105973	2.33333333333333
1	9.39320416525591	-1.12739724981884	2.33333333333333
1	9.47213865403958	-1.0731812066959	2.33333333333333
1	9.55107314282324	-1.0172570616909	2.33333333333333
1	9.6300076316069	-0.959624814803865	2.33333333333333
1	9.70894212039057	-0.90028446603478	2.33333333333333
1	9.78787660917423	-0.839236015383645	2.33333333333333
1	9.86681109795789	-0.776479462850464	2.33333333333333
1	9.94574558674156	-0.712014808435233	2.33333333333333
1	10.0246800755252	-0.645842052137956	2.33333333333333
1	10.1036145643089	-0.577961193958632	2.33333333333333
1	10.1825490530925	-0.508372233897259	2.33333333333333
1	10.2614835418762	-0.437075171953838	2.33333333333333
1	10.3404180306599	-0.364070008128368	2.33333333333333
1	10.4193525194435	-0.289356742420853	2.33333333333333
1	10.4982870082272	-0.212935374831289	2.33333333333333
1	10.5772214970109	-0.134805905359678	2.33333333333333
1	10.6561559857945	-0.0549683340060163	2.33333333333333
1	10.7350904745782	0.0265773392296902	2.33333333333333
1	10.8140249633619	0.109831114347444	2.33333333333333
1	10.8929594521455	0.194792991347247	2.33333333333333
1	10.9718939409292	0.281462970229099	2.33333333333333
1	11.0508284297128	0.369841050992997	2.33333333333333
1	11.1297629184965	0.459927233638943	2.33333333333333
1	11.2086974072802	0.551721518166936	2.33333333333333
1	11.2876318960638	0.64522390457698	2.33333333333333
1	11.3665663848475	0.740434392869069	2.33333333333333
1	11.4455008736312	0.837352983043207	2.33333333333333
1	11.5244353624148	0.935979675099391	2.33333333333333
1	11.6033698511985	1.03631446903762	2.33333333333333
1	11.6823043399821	1.1383573648579	2.33333333333333
1	11.7612388287658	1.24210836256023	2.33333333333333
1	11.8401733175495	1.34756746214461	2.33333333333333
1	11.9191078063331	1.45473466361104	2.33333333333333
1	11.9980422951168	1.56360996695951	2.33333333333333
1	12.0769767839005	1.67419337219003	2.33333333333333
1	12.1559112726841	1.78648487930259	2.33333333333333
1	12.2348457614678	1.90048448829721	2.33333333333333
1	12.3137802502515	2.01619219917387	2.33333333333333
1	12.3927147390351	2.13360801193258	2.33333333333333
1	12.4716492278188	2.2	2.33333333333333
1	12.5505837166024	2.2	2.33333333333333
1	12.6295182053861	2.2	2.33333333333333
1	12.7084526941698	2.2	2.33333333333333
1	12.7873871829534	2.2	2.33333333333333
1	12.8663216717371	2.2	2.33333333333333
1	12.9452561605208	2.2	2.33333333333333
1	13.0241906493044	2.2	2.33333333333333
1	13.1031251380881	2.2	2.33333333333333
1	13.1820596268717	2.2	2.33333333333333
1	13.2609941156554	2.2	2.33333333333333
1	13.3399286044391	2.2	2.33333333333333
1	13.4188630932227	2.2	2.33333333333333
1	13.4977975820064	2.2	2.33333333333333
1	13.5767320707901	2.2	2.33333333333333
1	13.6556665595737	2.2	2.33333333333333
1	13.7346010483574	2.2	2.33333333333333
1	13.8135355371411	2.2	2.33333333333333
1	13.8924700259247	2.2	2.33333333333333
1	13.9714045147084	2.2	2.33333333333333
1	14.050339003492	2.2	2.33333333333333
1	14.1292734922757	2.2	2.33333333333333
1	14.2082079810594	2.2	2.33333333333333
1	14.287142469843	2.2	2.33333333333333
1	14.3660769586267	2.2	2.33333333333333
1	14.4450114474104	2.2	2.33333333333333
1	14.523945936194	2.2	2.33333333333333
1	14.6028804249777	2.2	2.33333333333333
1	14.6818149137613	2.2	2.33333333333333
1	14.760749402545	2.2	2.33333333333333
1	14.8396838913287	2.2	2.33333333333333
1	14.9186183801123	2.2	2.33333333333333
1	14.997552868896	2.2	2.33333333333333
1	15.0764873576797	2.2	2.33333333333333
1	15.1554218464633	2.2	2.33333333333333
1	15.234356335247	2.2	2.33333333333333
1	15.3132908240307	2.2	2.33333333333333
1	15.3922253128143	2.2	2.33333333333333
1	15.471159801598	2.2	2.33333333333333
1	15.5500942903816	2.2	2.33333333333333
1	15.6290287791653	2.2	2.33333333333333
1	15.707963267949	2.2	2.33333333333333
1	0	-2.2	3.33333333333333
1	0.0789344887836631	-2.2	3.33333333333333
1	0.157868977567326	-2.2	3.33333333333333
1	0.236803466350989	-2.2	3.33333333333333
1	0.315737955134653	-2.2	3.33333333333333
1	0.394672443918316	-2.2	3.33333333333333
1	0.473606932701979	-2.2	3.33333333333333
1	0.552541421485642	-2.2	3.33333333333333
1	0.631475910269305	-2.2	3.33333333333333
1	0.710410399052968	-2.2	3.33333333333333
1	0.789344887836632	-2.2	3.33333333333333
1	0.868279376620295	-2.2	3.33333333333333
1	0.947213865403958	-2.2	3.33333333333333
1	1.02614835418762	-2.2	3.33333333333333
1	1.10508284297128	-2.2	3.33333333333333
1	1.18401733175495	-2.2	3.33333333333333
1	1.26295182053861	-2.2	3.33333333333333
1	1.34188630932227	-2.2	3.33333333333333
1	1.42082079810594	-2.2	3.33333333333333
1	1.4997552868896	-2.2	3.33333333333333
1	1.57868977567326	-2.2	3.33333333333333
1	1.65762426445693	-2.2	3.33333333333333
1	1.73655875324059	-2.2	3.33333333333333
1	1.81549324202425	-2.2	3.33333333333333
1	1.89442773080792	-2.2	3.33333333333333
1	1.97336221959158	-2.2	3.33333333333333
1	2.05229670837524	-2.2	3.33333333333333
1	2.1312311971589	-2.2	3.33333333333333
1	2.21016568594257	-2.2	3.33333333333333
1	2.28910017472623	-2.2	3.33333333333333
1	2.36803466350989	-2.2	3.33333333333333
1	2.44696915229356	-2.2	3.33333333333333
1	2.52590364107722	-2.2	3.33333333333333
1	2.60483812986088	-2.2	3.33333333333333
1	2.68377261864455	-2.2	3.33333333333333
1	2.76270710742821	-2.2	3.33333333333333
1	2.84164159621187	-2.2	3.33333333333333
1	2.92057608499554	-2.2	3.33333333333333
1	2.9995105737792	-2.2	3.33333333333333
1	3.07844506256286	-2.2	3.33333333333333
1	3.15737955134653	-2.2	3.33333333333333
1	3.23631404013019	-2.2	3.33333333333333
1	3.31524852891385	-2.2	3.33333333333333
1	3.39418301769752	-2.2	3.33333333333333
1	3.47311750648118	-2.2	3.33333333333333
1	3.55205199526484	-2.2	3.33333333333333
1	3.63098648404851	-2.2	3.33333333333333
1	3.70992097283217	-2.2	3.33333333333333
1	3.78885546161583	-2.2	3.33333333333333
1	3.86778995039949	-2.2	3.33333333333333
1	3.94672443918316	-2.2	3.33333333333333
1	4.02565892796682	-2.2	3.33333333333333
1	4.10459341675048	-2.2	3.33333333333333
1	4.18352790553415	-2.2	3.33333333333333
1	4.26246239431781	-2.2	3.33333333333333
1	4.34139688310147	-2.2	3.33333333333333
1	4.42033137188514	-2.2	3.33333333333333
1	4.4992658606688	-2.2	3.33333333333333
1	4.57820034945246	-2.2	3.33333333333333
1	4.65713483823613	-2.2	3.33333333333333
1	4.73606932701979	-2.2	3.33333333333333
1	4.81500381580345	-2.2	3.33333333333333
1	4.89393830458712	-2.2	3.33333333333333
1	4.97287279337078	-2.10912727670022	3.33333333333333
1	5.05180728215444	-1.95524683285572	3.33333333333333
1	5.1307417709381	-1.80510758791034	3.33333333333333
1	5.20967625972177	-1.65870954186407	3.33333333333333
1	5.28861074850543	-1.5160526947169	3.33333333333333
1	5.36754523728909	-1.37713704646885	3.33333333333333
1	5.44647972607276	-1.2419625971199	3.33333333333333
1	5.52541421485642	-1.11052934667007	3.33333333333333
1	5.60434870364008	-0.982837295119342	3.33333333333333
1	5.68328319242375	-0.858886442467724	3.33333333333333
1	5.76221768120741	-0.738676788715218	3.33333333333333
1	5.84115216999107	-0.62220833386182	3.33333333333333
1	5.92008665877474	-0.509481077907533	3.33333333333333
1	5.9990211475584	-0.400495020852354	3.33333333333333
1	6.07795563634206	-0.295250162696286	3.33333333333333
1	6.15689012512573	-0.193746503439327	3.33333333333333
1	6.23582461390939	-0.0959840430814778	3.33333333333333
1	6.31475910269305	-0.00196278162273743	3.33333333333333
1	6.39369359147672	0.0883172809368924	3.33333333333333
1	6.47262808026038	0.174856144597414	3.33333333333333
1	6.55156256904404	0.257653809358824	3.33333333333333
1	6.6304970578277	0.336710275221126	3.33333333333333
1	6.70943154661137	0.412025542184318	3.33333333333333
1	6.78836603539503	0.483599610248401	3.33333333333333
1	6.86730052417869	0.551432479413373	3.33333333333333
1	6.94623501296236	0.615524149679237	3.33333333333333
1	7.02516950174602	0.67587462104599	3.33333333333333
1	7.10410399052968	0.732483893513635	3.33333333333333
1	7.18303847931335	0.785351967082169	3.33333333333333
1	7.26197296809701	0.834478841751594	3.33333333333333
1	7.34090745688067	0.87986451752191	3.33333333333333
1	7.41984194566434	0.921508994393116	3.33333333333333
1	7.498776434448	0.959412272365212	3.33333333333333
1	7.57771092323166	0.993574351438198	3.33333333333333
1	7.65664541201533	1.02399523161208	3.33333333333333
1	7.73557990079899	1.05067491288684	3.33333333333333
1	7.81451438958265	1.0736133952625	3.33333333333333
1	7.89344887836631	1.09281067873905	3.33333333333333
1	7.97238336714998	1.10826676331649	3.33333333333333
1	8.05131785593364	1.11998164899482	3.33333333333333
1	8.1302523447173	1.12795533577404	3.33333333333333
1	8.20918683350097	1.13218782365415	3.33333333333333
1	8.28812132228463	1.13267911263515	3.33333333333333
1	8.36705581106829	1.12942920271704	3.33333333333333
1	8.44599029985196	1.12243809389982	3.33333333333333
1	8.52492478863562	1.11170578618349	3.33333333333333
1	8.60385927741928	1.09723227956806	3.33333333333333
1	8.68279376620295	1.07901757405351	3.33333333333333
1	8.76172825498661	1.05706166963985	3.33333333333333
1	8.84066274377027	1.03136456632708	3.33333333333333
1	8.91959723255394	1.00192626411521	3.33333333333333
1	8.9985317213376	0.968746763004223	3.33333333333333
1	9.07746621012126	0.931826062994128	3.33333333333333
1	9.15640069890492	0.891164164084924	3.33333333333333
1	9.23533518768859	0.84676106627661	3.33333333333333
1	9.31426967647225	0.798616769569185	3.33333333333333
1	9.39320416525591	0.746731273962651	3.33333333333333
1	9.47213865403958	0.691104579457009	3.33333333333333
1	9.55107314282324	0.631736686052256	3.33333333333333
1	9.6300076316069	0.568627593748393	3.33333333333333
1	9.70894212039057	0.501777302545422	3.33333333333333
1	9.78787660917423	0.431185812443342	3.33333333333333
1	9.86681109795789	0.356853123442151	3.33333333333333
1	9.94574558674156	0.27877923554185	3.33333333333333
1	10.0246800755252	0.19696414874244	3.33333333333333
1	10.1036145643089	0.111407863043921	3.33333333333333
1	10.1825490530925	0.0221103784462917	3.33333333333333
1	10.2614835418762	-0.0709283050504466	3.33333333333333
1	10.3404180306599	-0.167708187446296	3.33333333333333
1	10.4193525194435	-0.268229268741254	3.33333333333333
1	10.4982870082272	-0.37249154893532	3.33333333333333
1	10.5772214970109	-0.480495028028497	3.33333333333333
1	10.6561559857945	-0.592239706020785	3.33333333333333
1	10.7350904745782	-0.70772558291218	3.33333333333333
1	10.8140249633619	-0.826952658702686	3.33333333333333
1	10.8929594521455	-0.949920933392301	3.33333333333333
1	10.9718939409292	-1.07663040698103	3.33333333333333
1	11.0508284297128	-1.20708107946886	3.33333333333333
1	11.1297629184965	-1.3412729508558	3.33333333333333
1	11.2086974072802	-1.47920602114186	3.33333333333333
1	11.2876318960638	-1.62088029032702	3.33333333333333
1	11.3665663848475	-1.76629575841129	3.33333333333333
1	11.4455008736312	-1.91545242539468	3.33333333333333
1	11.5244353624148	-2.06835029127717	3.33333333333333
1	11.6033698511985	-2.2	3.33333333333333
1	11.6823043399821	-2.2	3.33333333333333
1	11.7612388287658	-2.2	3.33333333333333
1	11.8401733175495	-2.2	3.33333333333333
1	11.9191078063331	-2.2	3.33333333333333
1	11.9980422951168	-2.2	3.33333333333333
1	12.0769767839005	-2.2	3.33333333333333
1	12.1559112726841	-2.2	3.33333333333333
1	12.2348457614678	-2.2	3.33333333333333
1	12.3137802502515	-2.2	3.33333333333333
1	12.3927147390351	-2.2	3.33333333333333
1	12.4716492278188	-2.2	3.33333333333333
1	12.5505837166024	-2.2	3.33333333333333
1	12.6295182053861	-2.2	3.33333333333333
1	12.7084526941698	-2.2	3.33333333333333
1	12.7873871829534	-2.2	3.33333333333333
1	12.8663216717371	-2.2	3.33333333333333
1	12.9452561605208	-2.2	3.33333333333333
1	13.0241906493044	-2.2	3.33333333333333
1	13.1031251380881	-2.2	3.33333333333333
1	13.1820596268717	-2.2	3.33333333333333
1	13.2609941156554	-2.2	3.33333333333333
1	13.3399286044391	-2.2	3.33333333333333
1	13.4188630932227	-2.2	3.33333333333333
1	13.4977975820064	-2.2	3.33333333333333
1	13.5767320707901	-2.2	3.33333333333333
1	13.6556665595737	-2.2	3.33333333333333
1	13.7346010483574	-2.2	3.33333333333333
1	13.8135355371411	-2.2	3.33333333333333
1	13.8924700259247	-2.2	3.33333333333333
1	13.9714045147084	-2.2	3.33333333333333
1	14.050339003492	-2.2	3.33333333333333
1	14.1292734922757	-2.2	3.33333333333333
1	14.2082079810594	-2.2	3.33333333333333
1	14.287142469843	-2.2	3.33333333333333
1	14.3660769586267	-2.2	3.33333333333333
1	14.4450114474104	-2.2	3.33333333333333
1	14.523945936194	-2.2	3.33333333333333
1	14.6028804249777	-2.2	3.33333333333333
1	14.6818149137613	-2.2	3.33333333333333
1	14.760749402545	-2.2	3.33333333333333
1	14.8396838913287	-2.2	3.33333333333333
1	14.9186183801123	-2.2	3.33333333333333
1	14.997552868896	-2.2	3.33333333333333
1	15.0764873576797	-2.2	3.33333333333333
1	15.1554218464633	-2.2	3.33333333333333
1	15.234356335247	-2.2	3.33333333333333
1	15.3132908240307	-2.2	3.33333333333333
1	15.3922253128143	-2.2	3.33333333333333
1	15.471159801598	-2.2	3.33333333333333
1	15.5500942903816	-2.2	3.33333333333333
1	15.6290287791653	-2.2	3.33333333333333
1	15.707963267949	-2.2	3.33333333333333
1	0	-2.2	4.33333333333333
1	0.0789344887836631	-2.2	4.33333333333333
1	0.157868977567326	-2.2	4.33333333333333
1	0.236803466350989	-2.2	4.33333333333333
1	0.315737955134653	-2.2	4.33333333333333
1	0.394672443918316	-2.2	4.33333333333333
1	0.473606932701979	-2.2	4.33333333333333
1	0.552541421485642	-2.2	4.33333333333333
1	0.631475910269305	-2.2	4.33333333333333
1	0.710410399052968	-2.2	4.33333333333333
1	0.789344887836632	-2.2	4.33333333333333
1	0.868279376620295	-2.2	4.33333333333333
1	0.947213865403958	-2.2	4.33333333333333
1	1.02614835418762	-2.2	4.33333333333333
1	1.10508284297128	-2.2	4.33333333333333
1	1.18401733175495	-2.2	4.33333333333333
1	1.26295182053861	-2.2	4.33333333333333
1	1.34188630932227	-2.2	4.33333333333333
1	1.42082079810594	-2.2	4.33333333333333
1	1.4997552868896	-2.2	4.33333333333333
1	1.57868977567326	-2.2	4.33333333333333
1	1.65762426445693	-2.2	4.33333333333333
1	1.73655875324059	-2.2	4.33333333333333
1	1.81549324202425	-2.2	4.33333333333333
1	1.89442773080792	-2.2	4.33333333333333
1	1.97336221959158	-2.2	4.33333333333333
1	2.05229670837524	-2.2	4.33333333333333
1	2.1312311971589	-2.2	4.33333333333333
1	2.21016568594257	-2.2	4.33333333333333
1	2.28910017472623	-2.2	4.33333333333333
1	2.36803466350989	-2.2	4.33333333333333
1	2.44696915229356	-2.2	4.33333333333333
1	2.52590364107722	-2.2	4.33333333333333
1	2.60483812986088	-2.2	4.33333333333333
1	2.68377261864455	-2.2	4.33333333333333
1	2.76270710742821	-2.2	4.33333333333333
1	2.84164159621187	-2.2	4.33333333333333
1	2.92057608499554	-2.2	4.33333333333333
1	2.9995105737792	-2.2	4.33333333333333
1	3.07844506256286	-2.2	4.33333333333333
1	3.15737955134653	-2.2	4.33333333333333
1	3.23631404013019	-2.2	4.33333333333333
1	3.31524852891385	-2.2	4.33333333333333
1	3.39418301769752	-2.2	4.33333333333333
1	3.47311750648118	-2.2	4.33333333333333
1	3.55205199526484	-2.2	4.33333333333333
1	3.63098648404851	-2.2	4.33333333333333
1	3.70992097283217	-2.2	4.33333333333333
1	3.78885546161583	-2.2	4.33333333333333
1	3.86778995039949	-2.2	4.33333333333333
1	3.94672443918316	-2.2	4.33333333333333
1	4.02565892796682	-2.2	4.33333333333333
1	4.10459341675048	-2.2	4.33333333333333
1	4.18352790553415	-2.2	4.33333333333333
1	4.26246239431781	-2.2	4.33333333333333
1	4.34139688310147	-2.2	4.33333333333333
1	4.42033137188514	-2.2	4.33333333333333
1	4.4992658606688	-2.2	4.33333333333333
1	4.57820034945246	-2.2	4.33333333333333
1	4.65713483823613	-2.2	4.33333333333333
1	4.73606932701979	-2.2	4.33333333333333
1	4.81500381580345	-2.2	4.33333333333333
1	4.89393830458712	-2.2	4.33333333333333
1	4.97287279337078	-2.2	4.33333333333333
1	5.05180728215444	-2.2	4.33333333333333
1	5.1307417709381	-2.2	4.33333333333333
1	5.20967625972177	-2.15237247519614	4.33333333333333
1	5.28861074850543	-1.96511732409281	4.33333333333333
1	5.36754523728909	-1.78358868825662	4.33333333333333
1	5.44647972607276	-1.60778656768758	4.33333333333333
1	5.52541421485642	-1.43771096238568	4.33333333333333
1	5.60434870364008	-1.27336187235094	4.33333333333333
1	5.68328319242375	-1.11473929758334	4.33333333333333
1	5.76221768120741	-0.96184323808289	4.33333333333333
1	5.84115216999107	-0.814673693849586	4.33333333333333
1	5.92008665877474	-0.673230664883431	4.33333333333333
1	5.9990211475584	-0.537514151184423	4.33333333333333
1	6.07795563634206	-0.407524152752563	4.33333333333333
1	6.15689012512573	-0.28326066958785	4.33333333333333
1	6.23582461390939	-0.164723701690286	4.33333333333333
1	6.31475910269305	-0.0519132490598675	4.33333333333333
1	6.39369359147672	0.0551706883034018	4.33333333333333
1	6.47262808026038	0.156528110399524	4.33333333333333
1	6.55156256904404	0.252159017228499	4.33333333333333
1	6.6304970578277	0.342063408790327	4.33333333333333
1	6.70943154661137	0.426241285085005	4.33333333333333
1	6.78836603539503	0.504692646112538	4.33333333333333
1	6.86730052417869	0.577417491872922	4.33333333333333
1	6.94623501296236	0.644415822366159	4.33333333333333
1	7.02516950174602	0.705687637592248	4.33333333333333
1	7.10410399052968	0.76123293755119	4.33333333333333
1	7.18303847931335	0.811051722242984	4.33333333333333
1	7.26197296809701	0.855143991667631	4.33333333333333
1	7.34090745688067	0.893509745825129	4.33333333333333
1	7.41984194566434	0.926148984715481	4.33333333333333
1	7.498776434448	0.953061708338684	4.33333333333333
1	7.57771092323166	0.97424791669474	4.33333333333333
1	7.65664541201533	0.989707609783649	4.33333333333333
1	7.73557990079899	0.99944078760541	4.33333333333333
1	7.81451438958265	1.00344745016002	4.33333333333333
1	7.89344887836631	1.00172759744749	4.33333333333333
1	7.97238336714998	0.994281229467808	4.33333333333333
1	8.05131785593364	0.981108346220978	4.33333333333333
1	8.1302523447173	0.962208947707001	4.33333333333333
1	8.20918683350097	0.937583033925877	4.33333333333333
1	8.28812132228463	0.907230604877605	4.33333333333333
1	8.36705581106829	0.871151660562185	4.33333333333333
1	8.44599029985196	0.829346200979618	4.33333333333333
1	8.52492478863562	0.781814226129904	4.33333333333333
1	8.60385927741928	0.728555736013042	4.33333333333333
1	8.68279376620295	0.669570730629031	4.33333333333333
1	8.76172825498661	0.604859209977874	4.33333333333333
1	8.84066274377027	0.534421174059569	4.33333333333333
1	8.91959723255394	0.458256622874117	4.33333333333333
1	8.9985317213376	0.376365556421515	4.33333333333333
1	9.07746621012126	0.288747974701768	4.33333333333333
1	9.15640069890492	0.195403877714873	4.33333333333333
1	9.23533518768859	0.096333265460831	4.33333333333333
1	9.31426967647225	-0.00846386206036132	4.33333333333333
1	9.39320416525591	-0.118987504848699	4.33333333333333
1	9.47213865403958	-0.235237662904184	4.33333333333333
1	9.55107314282324	-0.357214336226816	4.33333333333333
1	9.6300076316069	-0.484917524816599	4.33333333333333
1	9.70894212039057	-0.618347228673527	4.33333333333333
1	9.78787660917423	-0.757503447797602	4.33333333333333
1	9.86681109795789	-0.902386182188825	4.33333333333333
1	9.94574558674156	-1.0529954318472	4.33333333333333
1	10.0246800755252	-1.20933119677272	4.33333333333333
1	10.1036145643089	-1.37139347696538	4.33333333333333
1	10.1825490530925	-1.5391822724252	4.33333333333333
1	10.2614835418762	-1.71269758315216	4.33333333333333
1	10.3404180306599	-1.89193940914627	4.33333333333333
1	10.4193525194435	-2.07690775040752	4.33333333333333
1	10.4982870082272	-2.2	4.33333333333333
1	10.5772214970109	-2.2	4.33333333333333
1	10.6561559857945	-2.2	4.33333333333333
1	10.7350904745782	-2.2	4.33333333333333
1	10.8140249633619	-2.2	4.33333333333333
1	10.8929594521455	-2.2	4.33333333333333
1	10.9718939409292	-2.2	4.33333333333333
1	11.0508284297128	-2.2	4.33333333333333
1	11.1297629184965	-2.2	4.33333333333333
1	11.2086974072802	-2.2	4.33333333333333
1	11.2876318960638	-2.2	4.33333333333333
1	11.3665663848475	-2.2	4.33333333333333
1	11.4455008736312	-2.2	4.33333333333333
1	11.5244353624148	-2.2	4.33333333333333
1	11.6033698511985	-2.2	4.33333333333333
1	11.6823043399821	-2.2	4.33333333333333
1	11.7612388287658	-2.2	4.33333333333333
1	11.8401733175495	-2.2	4.33333333333333
1	11.9191078063331	-2.2	4.33333333333333
1	11.9980422951168	-2.2	4.33333333333333
1	12.0769767839005	-2.2	4.33333333333333
1	12.1559112726841	-2.2	4.33333333333333
1	12.2348457614678	-2.2	4.33333333333333
1	12.3137802502515	-2.2	4.33333333333333
1	12.3927147390351	-2.2	4.33333333333333
1	12.4716492278188	-2.2	4.33333333333333
1	12.5505837166024	-2.2	4.33333333333333
1	12.6295182053861	-2.2	4.33333333333333
1	12.7084526941698	-2.2	4.33333333333333
1	12.7873871829534	-2.2	4.33333333333333
1	12.8663216717371	-2.2	4.33333333333333
1	12.9452561605208	-2.2	4.33333333333333
1	13.0241906493044	-2.2	4.33333333333333
1	13.1031251380881	-2.2	4.33333333333333
1	13.1820596268717	-2.2	4.33333333333333
1	13.2609941156554	-2.2	4.33333333333333
1	13.3399286044391	-2.2	4.33333333333333
1	13.4188630932227	-2.2	4.33333333333333
1	13.4977975820064	-2.2	4.33333333333333
1	13.5767320707901	-2.2	4.33333333333333
1	13.6556665595737	-2.2	4.33333333333333
1	13.7346010483574	-2.2	4.33333333333333
1	13.8135355371411	-2.2	4.33333333333333
1	13.8924700259247	-2.2	4.33333333333333
1	13.9714045147084	-2.2	4.33333333333333
1	14.050339003492	-2.2	4.33333333333333
1	14.1292734922757	-2.2	4.33333333333333
1	14.2082079810594	-2.2	4.33333333333333
1	14.287142469843	-2.2	4.33333333333333
1	14.3660769586267	-2.2	4.33333333333333
1	14.4450114474104	-2.2	4.33333333333333
1	14.523945936194	-2.2	4.33333333333333
1	14.6028804249777	-2.2	4.33333333333333
1	14.6818149137613	-2.2	4.33333333333333
1	14.760749402545	-2.2	4.33333333333333
1	14.8396838913287	-2.2	4.33333333333333
1	14.9186183801123	-2.2	4.33333333333333
1	14.997552868896	-2.2	4.33333333333333
1	15.0764873576797	-2.2	4.33333333333333
1	15.1554218464633	-2.2	4.33333333333333
1	15.234356335247	-2.2	4.33333333333333
1	15.3132908240307	-2.2	4.33333333333333
1	15.3922253128143	-2.2	4.33333333333333
1	15.471159801598	-2.2	4.33333333333333
1	15.5500942903816	-2.2	4.33333333333333
1	15.6290287791653	-2.2	4.33333333333333
1	15.707963267949	-2.2	4.33333333333333
1	0	-2.2	5.33333333333333
1	0.0789344887836631	-2.2	5.33333333333333
1	0.157868977567326	-2.2	5.33333333333333
1	0.236803466350989	-2.2	5.33333333333333
1	0.315737955134653	-2.2	5.33333333333333
1	0.394672443918316	-2.2	5.33333333333333
1	0.473606932701979	-2.2	5.33333333333333
1	0.552541421485642	-2.2	5.33333333333333
1	0.631475910269305	-2.2	5.33333333333333
1	0.710410399052968	-2.2	5.33333333333333
1	0.789344887836632	-2.2	5.33333333333333
1	0.868279376620295	-2.2	5.33333333333333
1	0.947213865403958	-2.2	5.33333333333333
1	1.02614835418762	-2.2	5.33333333333333
1	1.10508284297128	-2.2	5.33333333333333
1	1.18401733175495	-2.2	5.33333333333333
1	1.26295182053861	-2.2	5.33333333333333
1	1.34188630932227	-2.2	5.33333333333333
1	1.42082079810594	-2.2	5.33333333333333
1	1.4997552868896	-2.2	5.33333333333333
1	1.57868977567326	-2.2	5.33333333333333
1	1.65762426445693	-2.2	5.33333333333333
1	1.73655875324059	-2.2	5.33333333333333
1	1.81549324202425	-2.2	5.33333333333333
1	1.89442773080792	-2.2	5.33333333333333
1	1.97336221959158	-2.2	5.33333333333333
1	2.05229670837524	-2.2	5.33333333333333
1	2.1312311971589	-2.2	5.33333333333333
1	2.21016568594257	-2.2	5.33333333333333
1	2.28910017472623	-2.2	5.33333333333333
1	2.36803466350989	-2.2	5.33333333333333
1	2.44696915229356	-2.2	5.33333333333333
1	2.52590364107722	-2.2	5.33333333333333
1	2.60483812986088	-2.2	5.33333333333333
1	2.68377261864455	-2.2	5.33333333333333
1	2.76270710742821	-2.2	5.33333333333333
1	2.84164159621187	-2.2	5.33333333333333
1	2.92057608499554	-2.2	5.33333333333333
1	2.9995105737792	-2.2	5.33333333333333
1	3.07844506256286	-2.2	5.33333333333333
1	3.15737955134653	-2.2	5.33333333333333
1	3.23631404013019	-2.2	5.33333333333333
1	3.31524852891385	-2.2	5.33333333333333
1	3.39418301769752	-2.2	5.33333333333333
1	3.47311750648118	-2.2	5.33333333333333
1	3.55205199526484	-2.2	5.33333333333333
1	3.63098648404851	-2.2	5.33333333333333
1	3.70992097283217	-2.2	5.33333333333333
1	3.78885546161583	-2.2	5.33333333333333
1	3.86778995039949	-2.2	5.33333333333333
1	3.94672443918316	-2.2	5.33333333333333
1	4.02565892796682	-2.2	5.33333333333333
1	4.10459341675048	-2.2	5.33333333333333
1	4.18352790553415	-2.2	5.33333333333333
1	4.26246239431781	-2.2	5.33333333333333
1	4.34139688310147	-2.2	5.33333333333333
1	4.42033137188514	-2.2	5.33333333333333
1	4.4992658606688	-2.2	5.33333333333333
1	4.57820034945246	-2.2	5.33333333333333
1	4.65713483823613	-2.2	5.33333333333333
1	4.73606932701979	-2.2	5.33333333333333
1	4.81500381580345	-2.2	5.33333333333333
1	4.89393830458712	-2.2	5.33333333333333
1	4.97287279337078	-2.2	5.33333333333333
1	5.05180728215444	-2.2	5.33333333333333
1	5.1307417709381	-2.2	5.33333333333333
1	5.20967625972177	-2.2	5.33333333333333
1	5.28861074850543	-2.2	5.33333333333333
1	5.36754523728909	-2.09032539992915	5.33333333333333
1	5.44647972607276	-1.89722906284431	5.33333333333333
1	5.52541421485642	-1.71036162855159	5.33333333333333
1	5.60434870364008	-1.529723097051	5.33333333333333
1	5.68328319242375	-1.35531346834252	5.33333333333333
1	5.76221768120741	-1.18713274242617	5.33333333333333
1	5.84115216999107	-1.02518091930194	5.33333333333333
1	5.92008665877474	-0.869457998969833	5.33333333333333
1	5.9990211475584	-0.719963981429845	5.33333333333333
1	6.07795563634206	-0.57669886668198	5.33333333333333
1	6.15689012512573	-0.439662654726235	5.33333333333333
1	6.23582461390939	-0.308855345562614	5.33333333333333
1	6.31475910269305	-0.184276939191112	5.33333333333333
1	6.39369359147672	-0.0659274356117338	5.33333333333333
1	6.47262808026038	0.0461931651755244	5.33333333333333
1	6.55156256904404	0.15208486317066	5.33333333333333
1	6.6304970578277	0.251747658373675	5.33333333333333
1	6.70943154661137	0.345181550784567	5.33333333333333
1	6.78836603539503	0.432386540403338	5.33333333333333
1	6.86730052417869	0.513362627229987	5.33333333333333
1	6.94623501296236	0.588109811264516	5.33333333333333
1	7.02516950174602	0.656628092506921	5.33333333333333
1	7.10410399052968	0.718917470957206	5.33333333333333
1	7.18303847931335	0.774977946615369	5.33333333333333
1	7.26197296809701	0.824809519481411	5.33333333333333
1	7.34090745688067	0.86841218955533	5.33333333333333
1	7.41984194566434	0.905785956837128	5.33333333333333
1	7.498776434448	0.936930821326805	5.33333333333333
1	7.57771092323166	0.96184678302436	5.33333333333333
1	7.65664541201533	0.980533841929793	5.33333333333333
1	7.73557990079899	0.992991998043104	5.33333333333333
1	7.81451438958265	0.999221251364295	5.33333333333333
1	7.89344887836631	0.999221601893363	5.33333333333333
1	7.97238336714998	0.99299304963031	5.33333333333333
1	8.05131785593364	0.980535594575135	5.33333333333333
1	8.1302523447173	0.961849236727839	5.33333333333333
1	8.20918683350097	0.936933976088421	5.33333333333333
1	8.28812132228463	0.905789812656881	5.33333333333333
1	8.36705581106829	0.868416746433219	5.33333333333333
1	8.44599029985196	0.824814777417437	5.33333333333333
1	8.52492478863562	0.774983905609533	5.33333333333333
1	8.60385927741928	0.718924131009507	5.33333333333333
1	8.68279376620295	0.656635453617358	5.33333333333333
1	8.76172825498661	0.588117873433089	5.33333333333333
1	8.84066274377027	0.513371390456699	5.33333333333333
1	8.91959723255394	0.432396004688187	5.33333333333333
1	8.9985317213376	0.345191716127551	5.33333333333333
1	9.07746621012126	0.251758524774796	5.33333333333333
1	9.15640069890492	0.152096430629919	5.33333333333333
1	9.23533518768859	0.0462054336929204	5.33333333333333
1	9.31426967647225	-0.0659144660362021	5.33333333333333
1	9.39320416525591	-0.184263268557444	5.33333333333333
1	9.47213865403958	-0.308840973870807	5.33333333333333
1	9.55107314282324	-0.439647581976292	5.33333333333333
1	9.6300076316069	-0.576683092873901	5.33333333333333
1	9.70894212039057	-0.719947506563629	5.33333333333333
1	9.78787660917423	-0.869440823045479	5.33333333333333
1	9.86681109795789	-1.02516304231945	5.33333333333333
1	9.94574558674156	-1.18711416438555	5.33333333333333
1	10.0246800755252	-1.35529418924376	5.33333333333333
1	10.1036145643089	-1.5297031168941	5.33333333333333
1	10.1825490530925	-1.71034094733655	5.33333333333333
1	10.2614835418762	-1.89720768057113	5.33333333333333
1	10.3404180306599	-2.09030331659784	5.33333333333333
1	10.4193525194435	-2.2	5.33333333333333
1	10.4982870082272	-2.2	5.33333333333333
1	10.5772214970109	-2.2	5.33333333333333
1	10.6561559857945	-2.2	5.33333333333333
1	10.7350904745782	-2.2	5.33333333333333
1	10.8140249633619	-2.2	5.33333333333333
1	10.8929594521455	-2.2	5.33333333333333
1	10.9718939409292	-2.2	5.33333333333333
1	11.0508284297128	-2.2	5.33333333333333
1	11.1297629184965	-2.2	5.33333333333333
1	11.2086974072802	-2.2	5.33333333333333
1	11.2876318960638	-2.2	5.33333333333333
1	11.3665663848475	-2.2	5.33333333333333
1	11.4455008736312	-2.2	5.33333333333333
1	11.5244353624148	-2.2	5.33333333333333
1	11.6033698511985	-2.2	5.33333333333333
1	11.6823043399821	-2.2	5.33333333333333
1	11.7612388287658	-2.2	5.33333333333333
1	11.8401733175495	-2.2	5.33333333333333
1	11.9191078063331	-2.2	5.33333333333333
1	11.9980422951168	-2.2	5.33333333333333
1	12.0769767839005	-2.2	5.33333333333333
1	12.1559112726841	-2.2	5.33333333333333
1	12.2348457614678	-2.2	5.33333333333333
1	12.3137802502515	-2.2	5.33333333333333
1	12.3927147390351	-2.2	5.33333333333333
1	12.4716492278188	-2.2	5.33333333333333
1	12.5505837166024	-2.2	5.33333333333333
1	12.6295182053861	-2.2	5.33333333333333
1	12.7084526941698	-2.2	5.33333333333333
1	12.7873871829534	-2.2	5.33333333333333
1	12.8663216717371	-2.2	5.33333333333333
1	12.9452561605208	-2.2	5.33333333333333
1	13.0241906493044	-2.2	5.33333333333333
1	13.1031251380881	-2.2	5.33333333333333
1	13.1820596268717	-2.2	5.33333333333333
1	13.2609941156554	-2.2	5.33333333333333
1	13.3399286044391	-2.2	5.33333333333333
1	13.4188630932227	-2.2	5.33333333333333
1	13.4977975820064	-2.2	5.33333333333333
1	13.5767320707901	-2.2	5.33333333333333
1	13.6556665595737	-2.2	5.33333333333333
1	13.7346010483574	-2.2	5.33333333333333
1	13.8135355371411	-2.2	5.33333333333333
1	13.8924700259247	-2.2	5.33333333333333
1	13.9714045147084	-2.2	5.33333333333333
1	14.050339003492	-2.2	5.33333333333333
1	14.1292734922757	-2.2	5.33333333333333
1	14.2082079810594	-2.2	5.33333333333333
1	14.287142469843	-2.2	5.33333333333333
1	14.3660769586267	-2.2	5.33333333333333
1	14.4450114474104	-2.2	5.33333333333333
1	14.523945936194	-2.2	5.33333333333333
1	14.6028804249777	-2.2	5.33333333333333
1	14.6818149137613	-2.2	5.33333333333333
1	14.760749402545	-2.2	5.33333333333333
1	14.8396838913287	-2.2	5.33333333333333
1	14.9186183801123	-2.2	5.33333333333333
1	14.997552868896	-2.2	5.33333333333333
1	15.0764873576797	-2.2	5.33333333333333
1	15.1554218464633	-2.2	5.33333333333333
1	15.234356335247	-2.2	5.33333333333333
1	15.3132908240307	-2.2	5.33333333333333
1	15.3922253128143	-2.2	5.33333333333333
1	15.471159801598	-2.2	5.33333333333333
1	15.5500942903816	-2.2	5.33333333333333
1	15.6290287791653	-2.2	5.33333333333333
1	15.707963267949	-2.2	5.33333333333333
1	0	-2.2	6.33333333333333
1	0.0789344887836631	-2.2	6.33333333333333
1	0.157868977567326	-2.2	6.33333333333333
1	0.236803466350989	-2.2	6.33333333333333
1	0.315737955134653	-2.2	6.33333333333333
1	0.394672443918316	-2.2	6.33333333333333
1	0.473606932701979	-2.2	6.33333333333333
1	0.552541421485642	-2.2	6.33333333333333
1	0.631475910269305	-2.2	6.33333333333333
1	0.710410399052968	-2.2	6.33333333333333
1	0.789344887836632	-2.2	6.33333333333333
1	0.868279376620295	-2.2	6.33333333333333
1	0.947213865403958	-2.2	6.33333333333333
1	1.02614835418762	-2.2	6.33333333333333
1	1.10508284297128	-2.2	6.33333333333333
1	1.18401733175495	-2.2	6.33333333333333
1	1.26295182053861	-2.2	6.33333333333333
1	1.34188630932227	-2.2	6.33333333333333
1	1.42082079810594	-2.2	6.33333333333333
1	1.4997552868896	-2.2	6.33333333333333
1	1.57868977567326	-2.2	6.33333333333333
1	1.65762426445693	-2.2	6.33333333333333
1	1.73655875324059	-2.2	6.33333333333333
1	1.81549324202425	-2.2	6.33333333333333
1	1.89442773080792	-2.2	6.33333333333333
1	1.97336221959158	-2.2	6.33333333333333
1	2.05229670837524	-2.2	6.33333333333333
1	2.1312311971589	-2.2	6.33333333333333
1	2.21016568594257	-2.2	6.33333333333333
1	2.28910017472623	-2.2	6.33333333333333
1	2.36803466350989	-2.2	6.33333333333333
1	2.44696915229356	-2.2	6.33333333333333
1	2.52590364107722	-2.2	6.33333333333333
1	2.60483812986088	-2.2	6.33333333333333
1	2.68377261864455	-2.2	6.33333333333333
1	2.76270710742821	-2.2	6.33333333333333
1	2.84164159621187	-2.2	6.33333333333333
1	2.92057608499554	-2.2	6.33333333333333
1	2.9995105737792	-2.2	6.33333333333333
1	3.07844506256286	-2.2	6.33333333333333
1	3.15737955134653	-2.2	6.33333333333333
1	3.23631404013019	-2.2	6.33333333333333
1	3.31524852891385	-2.2	6.33333333333333
1	3.39418301769752	-2.2	6.33333333333333
1	3.47311750648118	-2.2	6.33333333333333
1	3.55205199526484	-2.2	6.33333333333333
1	3.63098648404851	-2.2	6.33333333333333
1	3.70992097283217	-2.2	6.33333333333333
1	3.78885546161583	-2.2	6.33333333333333
1	3.86778995039949	-2.2	6.33333333333333
1	3.94672443918316	-2.2	6.33333333333333
1	4.02565892796682	-2.2	6.33333333333333
1	4.10459341675048	-2.2	6.33333333333333
1	4.18352790553415	-2.2	6.33333333333333
1	4.26246239431781	-2.2	6.33333333333333
1	4.34139688310147	-2.2	6.33333333333333
1	4.42033137188514	-2.2	6.33333333333333
1	4.4992658606688	-2.2	6.33333333333333
1	4.57820034945246	-2.2	6.33333333333333
1	4.65713483823613	-2.2	6.33333333333333
1	4.73606932701979	-2.2	6.33333333333333
1	4.81500381580345	-2.2	6.33333333333333
1	4.89393830458712	-2.2	6.33333333333333
1	4.97287279337078	-2.2	6.33333333333333
1	5.05180728215444	-2.2	6.33333333333333
1	5.1307417709381	-2.2	6.33333333333333
1	5.20967625972177	-2.2	6.33333333333333
1	5.28861074850543	-2.2	6.33333333333333
1	5.36754523728909	-2.09118297735041	6.33333333333333
1	5.44647972607276	-1.89803271824664	6.33333333333333
1	5.52541421485642	-1.71111311266233	6.33333333333333
1	5.60434870364008	-1.53042416059751	6.33333333333333
1	5.68328319242375	-1.35596586205215	6.33333333333333
1	5.76221768120741	-1.18773821702628	6.33333333333333
1	5.84115216999107	-1.02574122551989	6.33333333333333
1	5.92008665877474	-0.869974887532967	6.33333333333333
1	5.9990211475584	-0.720439203065524	6.33333333333333
1	6.07795563634206	-0.577134172117559	6.33333333333333
1	6.15689012512573	-0.440059794689069	6.33333333333333
1	6.23582461390939	-0.309216070780058	6.33333333333333
1	6.31475910269305	-0.184603000390521	6.33333333333333
1	6.39369359147672	-0.0662205835204632	6.33333333333333
1	6.47262808026038	0.0459311798301194	6.33333333333333
1	6.55156256904404	0.151852289661224	6.33333333333333
1	6.6304970578277	0.251542745972853	6.33333333333333
1	6.70943154661137	0.345002548765004	6.33333333333333
1	6.78836603539503	0.432231698037679	6.33333333333333
1	6.86730052417869	0.513230193790877	6.33333333333333
1	6.94623501296236	0.587998036024598	6.33333333333333
1	7.02516950174602	0.656535224738843	6.33333333333333
1	7.10410399052968	0.718841759933611	6.33333333333333
1	7.18303847931335	0.774917641608901	6.33333333333333
1	7.26197296809701	0.824762869764716	6.33333333333333
1	7.34090745688067	0.868377444401053	6.33333333333333
1	7.41984194566434	0.905761365517914	6.33333333333333
1	7.498776434448	0.936914633115298	6.33333333333333
1	7.57771092323166	0.961837247193205	6.33333333333333
1	7.65664541201533	0.980529207751635	6.33333333333333
1	7.73557990079899	0.992990514790589	6.33333333333333
1	7.81451438958265	0.999221168310065	6.33333333333333
1	7.89344887836631	0.999221168310066	6.33333333333333
1	7.97238336714998	0.992990514790589	6.33333333333333
1	8.05131785593364	0.980529207751635	6.33333333333333
1	8.1302523447173	0.961837247193205	6.33333333333333
1	8.20918683350097	0.936914633115298	6.33333333333333
1	8.28812132228463	0.905761365517914	6.33333333333333
1	8.36705581106829	0.868377444401053	6.33333333333333
1	8.44599029985196	0.824762869764716	6.33333333333333
1	8.52492478863562	0.774917641608902	6.33333333333333
1	8.60385927741928	0.718841759933611	6.33333333333333
1	8.68279376620295	0.656535224738843	6.33333333333333
1	8.76172825498661	0.587998036024598	6.33333333333333
1	8.84066274377027	0.513230193790878	6.33333333333333
1	8.91959723255394	0.43223169803768	6.33333333333333
1	8.9985317213376	0.345002548765004	6.33333333333333
1	9.07746621012126	0.251542745972852	6.33333333333333
1	9.15640069890492	0.151852289661225	6.33333333333333
1	9.23533518768859	0.0459311798301201	6.33333333333333
1	9.31426967647225	-0.0662205835204637	6.33333333333333
1	9.39320416525591	-0.184603000390522	6.33333333333333
1	9.47213865403958	-0.309216070780057	6.33333333333333
1	9.55107314282324	-0.440059794689068	6.33333333333333
1	9.6300076316069	-0.57713417211756	6.33333333333333
1	9.70894212039057	-0.720439203065525	6.33333333333333
1	9.78787660917423	-0.869974887532966	6.33333333333333
1	9.86681109795789	-1.02574122551988	6.33333333333333
1	9.94574558674156	-1.18773821702628	6.33333333333333
1	10.0246800755252	-1.35596586205216	6.33333333333333
1	10.1036145643089	-1.5304241605975	6.33333333333333
1	10.1825490530925	-1.71111311266233	6.33333333333333
1	10.2614835418762	-1.89803271824663	6.33333333333333
1	10.3404180306599	-2.09118297735042	6.33333333333333
1	10.4193525194435	-2.2	6.33333333333333
1	10.4982870082272	-2.2	6.33333333333333
1	10.5772214970109	-2.2	6.33333333333333
1	10.6561559857945	-2.2	6.33333333333333
1	10.7350904745782	-2.2	6.33333333333333
1	10.8140249633619	-2.2	6.33333333333333
1	10.8929594521455	-2.2	6.33333333333333
1	10.9718939409292	-2.2	6.33333333333333
1	11.0508284297128	-2.2	6.33333333333333
1	11.1297629184965	-2.2	6.33333333333333
1	11.2086974072802	-2.2	6.33333333333333
1	11.2876318960638	-2.2	6.33333333333333
1	11.3665663848475	-2.2	6.33333333333333
1	11.4455008736312	-2.2	6.33333333333333
1	11.5244353624148	-2.2	6.33333333333333
1	11.6033698511985	-2.2	6.33333333333333
1	11.6823043399821	-2.2	6.33333333333333
1	11.7612388287658	-2.2	6.33333333333333
1	11.8401733175495	-2.2	6.33333333333333
1	11.9191078063331	-2.2	6.33333333333333
1	11.9980422951168	-2.2	6.33333333333333
1	12.0769767839005	-2.2	6.33333333333333
1	12.1559112726841	-2.2	6.33333333333333
1	12.2348457614678	-2.2	6.33333333333333
1	12.3137802502515	-2.2	6.33333333333333
1	12.3927147390351	-2.2	6.33333333333333
1	12.4716492278188	-2.2	6.33333333333333
1	12.5505837166024	-2.2	6.33333333333333
1	12.6295182053861	-2.2	6.33333333333333
1	12.7084526941698	-2.2	6.33333333333333
1	12.7873871829534	-2.2	6.33333333333333
1	12.8663216717371	-2.2	6.33333333333333
1	12.9452561605208	-2.2	6.33333333333333
1	13.0241906493044	-2.2	6.33333333333333
1	13.1031251380881	-2.2	6.33333333333333
1	13.1820596268717	-2.2	6.33333333333333
1	13.2609941156554	-2.2	6.33333333333333
1	13.3399286044391	-2.2	6.33333333333333
1	13.4188630932227	-2.2	6.33333333333333
1	13.4977975820064	-2.2	6.33333333333333
1	13.5767320707901	-2.2	6.33333333333333
1	13.6556665595737	-2.2	6.33333333333333
1	13.7346010483574	-2.2	6.33333333333333
1	13.8135355371411	-2.2	6.33333333333333
1	13.8924700259247	-2.2	6.33333333333333
1	13.9714045147084	-2.2	6.33333333333333
1	14.050339003492	-2.2	6.33333333333333
1	14.1292734922757	-2.2	6.33333333333333
1	14.2082079810594	-2.2	6.33333333333333
1	14.287142469843	-2.2	6.33333333333333
1	14.3660769586267	-2.2	6.33333333333333
1	14.4450114474104	-2.2	6.33333333333333
1	14.523945936194	-2.2	6.33333333333333
1	14.6028804249777	-2.2	6.33333333333333
1	14.6818149137613	-2.2	6.33333333333333
1	14.760749402545	-2.2	6.33333333333333
1	14.8396838913287	-2.2	6.33333333333333
1	14.9186183801123	-2.2	6.33333333333333
1	14.997552868896	-2.2	6.33333333333333
1	15.0764873576797	-2.2	6.33333333333333
1	15.1554218464633	-2.2	6.33333333333333
1	15.234356335247	-2.2	6.33333333333333
1	15.3132908240307	-2.2	6.33333333333333
1	15.3922253128143	-2.2	6.33333333333333
1	15.471159801598	-2.2	6.33333333333333
1	15.5500942903816	-2.2	6.33333333333333
1	15.6290287791653	-2.2	6.33333333333333
1	15.707963267949	-2.2	6.33333333333333
1	0	-2.2	7.33333333333333
1	0.0789344887836631	-2.2	7.33333333333333
1	0.157868977567326	-2.2	7.33333333333333
1	0.236803466350989	-2.2	7.33333333333333
1	0.315737955134653	-2.2	7.33333333333333
1	0.394672443918316	-2.2	7.33333333333333
1	0.473606932701979	-2.2	7.33333333333333
1	0.552541421485642	-2.2	7.33333333333333
1	0.631475910269305	-2.2	7.33333333333333
1	0.710410399052968	-2.2	7.33333333333333
1	0.789344887836632	-2.2	7.33333333333333
1	0.868279376620295	-2.2	7.33333333333333
1	0.947213865403958	-2.2	7.33333333333333
1	1.02614835418762	-2.2	7.33333333333333
1	1.10508284297128	-2.2	7.33333333333333
1	1.18401733175495	-2.2	7.33333333333333
1	1.26295182053861	-2.2	7.33333333333333
1	1.34188630932227	-2.2	7.33333333333333
1	1.42082079810594	-2.2	7.33333333333333
1	1.4997552868896	-2.2	7.33333333333333
1	1.57868977567326	-2.2	7.33333333333333
1	1.65762426445693	-2.2	7.33333333333333
1	1.73655875324059	-2.2	7.33333333333333
1	1.81549324202425	-2.2	7.33333333333333
1	1.89442773080792	-2.2	7.33333333333333
1	1.97336221959158	-2.2	7.33333333333333
1	2.05229670837524	-2.2	7.33333333333333
1	2.1312311971589	-2.2	7.33333333333333
1	2.21016568594257	-2.2	7.33333333333333
1	2.28910017472623	-2.2	7.33333333333333
1	2.36803466350989	-2.2	7.33333333333333
1	2.44696915229356	-2.2	7.33333333333333
1	2.52590364107722	-2.2	7.33333333333333
1	2.60483812986088	-2.2	7.33333333333333
1	2.68377261864455	-2.2	7.33333333333333
1	2.76270710742821	-2.2	7.33333333333333
1	2.84164159621187	-2.2	7.33333333333333
1	2.92057608499554	-2.2	7.33333333333333
1	2.9995105737792	-2.2	7.33333333333333
1	3.07844506256286	-2.2	7.33333333333333
1	3.15737955134653	-2.2	7.33333333333333
1	3.23631404013019	-2.2	7.33333333333333
1	3.31524852891385	-2.2	7.33333333333333
1	3.39418301769752	-2.2	7.33333333333333
1	3.47311750648118	-2.2	7.33333333333333
1	3.55205199526484	-2.2	7.33333333333333
1	3.63098648404851	-2.2	7.33333333333333
1	3.70992097283217	-2.2	7.33333333333333
1	3.78885546161583	-2.2	7.33333333333333
1	3.86778995039949	-2.2	7.33333333333333
1	3.94672443918316	-2.2	7.33333333333333
1	4.02565892796682	-2.2	7.33333333333333
1	4.10459341675048	-2.2	7.33333333333333
1	4.18352790553415	-2.2	7.33333333333333
1	4.26246239431781	-2.2	7.33333333333333
1	4.34139688310147	-2.2	7.33333333333333
1	4.42033137188514	-2.2	7.33333333333333
1	4.4992658606688	-2.2	7.33333333333333
1	4.57820034945246	-2.2	7.33333333333333
1	4.65713483823613	-2.2	7.33333333333333
1	4.73606932701979	-2.2	7.33333333333333
1	4.81500381580345	-2.2	7.33333333333333
1	4.89393830458712	-2.2	7.33333333333333
1	4.97287279337078	-2.2	7.33333333333333
1	5.05180728215444	-2.2	7.33333333333333
1	5.1307417709381	-2.2	7.33333333333333
1	5.20967625972177	-2.2	7.33333333333333
1	5.28861074850543	-2.2	7.33333333333333
1	5.36754523728909	-2.09118297738091	7.33333333333333
1	5.44647972607276	-1.89803271827523	7.33333333333333
1	5.52541421485642	-1.71111311268908	7.33333333333333
1	5.60434870364008	-1.53042416062247	7.33333333333333
1	5.68328319242375	-1.3559658620754	7.33333333333333
1	5.76221768120741	-1.18773821704787	7.33333333333333
1	5.84115216999107	-1.02574122553987	7.33333333333333
1	5.92008665877474	-0.869974887551416	7.33333333333333
1	5.9990211475584	-0.720439203082497	7.33333333333333
1	6.07795563634206	-0.577134172133118	7.33333333333333
1	6.15689012512573	-0.440059794703276	7.33333333333333
1	6.23582461390939	-0.309216070792974	7.33333333333333
1	6.31475910269305	-0.184603000402208	7.33333333333333
1	6.39369359147672	-0.0662205835309824	7.33333333333333
1	6.47262808026038	0.0459311798207067	7.33333333333333
1	6.55156256904404	0.151852289652856	7.33333333333333
1	6.6304970578277	0.251542745965469	7.33333333333333
1	6.70943154661137	0.345002548758542	7.33333333333333
1	6.78836603539503	0.432231698032078	7.33333333333333
1	6.86730052417869	0.513230193786075	7.33333333333333
1	6.94623501296236	0.587998036020534	7.33333333333333
1	7.02516950174602	0.656535224735454	7.33333333333333
1	7.10410399052968	0.718841759930837	7.33333333333333
1	7.18303847931335	0.774917641606681	7.33333333333333
1	7.26197296809701	0.824762869762987	7.33333333333333
1	7.34090745688067	0.868377444399755	7.33333333333333
1	7.41984194566434	0.905761365516984	7.33333333333333
1	7.498776434448	0.936914633114675	7.33333333333333
1	7.57771092323166	0.961837247192828	7.33333333333333
1	7.65664541201533	0.980529207751443	7.33333333333333
1	7.73557990079899	0.99299051479052	7.33333333333333
1	7.81451438958265	0.999221168310058	7.33333333333333
1	7.89344887836631	0.999221168310058	7.33333333333333
1	7.97238336714998	0.99299051479052	7.33333333333333
1	8.05131785593364	0.980529207751443	7.33333333333333
1	8.1302523447173	0.961837247192828	7.33333333333333
1	8.20918683350097	0.936914633114675	7.33333333333333
1	8.28812132228463	0.905761365516985	7.33333333333333
1	8.36705581106829	0.868377444399755	7.33333333333333
1	8.44599029985196	0.824762869762987	7.33333333333333
1	8.52492478863562	0.774917641606681	7.33333333333333
1	8.60385927741928	0.718841759930838	7.33333333333333
1	8.68279376620295	0.656535224735454	7.33333333333333
1	8.76172825498661	0.587998036020534	7.33333333333333
1	8.84066274377027	0.513230193786075	7.33333333333333
1	8.91959723255394	0.432231698032078	7.33333333333333
1	8.9985317213376	0.345002548758542	7.33333333333333
1	9.07746621012126	0.251542745965468	7.33333333333333
1	9.15640069890492	0.151852289652857	7.33333333333333
1	9.23533518768859	0.0459311798207076	7.33333333333333
1	9.31426967647225	-0.0662205835309828	7.33333333333333
1	9.39320416525591	-0.184603000402209	7.33333333333333
1	9.47213865403958	-0.309216070792973	7.33333333333333
1	9.55107314282324	-0.440059794703275	7.33333333333333
1	9.6300076316069	-0.577134172133119	7.33333333333333
1	9.70894212039057	-0.720439203082498	7.33333333333333
1	9.78787660917423	-0.869974887551415	7.33333333333333
1	9.86681109795789	-1.02574122553987	7.33333333333333
1	9.94574558674156	-1.18773821704787	7.33333333333333
1	10.0246800755252	-1.3559658620754	7.33333333333333
1	10.1036145643089	-1.53042416062247	7.33333333333333
1	10.1825490530925	-1.71111311268908	7.33333333333333
1	10.2614835418762	-1.89803271827522	7.33333333333333
1	10.3404180306599	-2.09118297738091	7.33333333333333
1	10.4193525194435	-2.2	7.33333333333333
1	10.4982870082272	-2.2	7.33333333333333
1	10.5772214970109	-2.2	7.33333333333333
1	10.6561559857945	-2.2	7.33333333333333
1	10.7350904745782	-2.2	7.33333333333333
1	10.8140249633619	-2.2	7.33333333333333
1	10.8929594521455	-2.2	7.33333333333333
1	10.9718939409292	-2.2	7.33333333333333
1	11.0508284297128	-2.2	7.33333333333333
1	11.1297629184965	-2.2	7.33333333333333
1	11.2086974072802	-2.2	7.33333333333333
1	11.2876318960638	-2.2	7.33333333333333
1	11.3665663848475	-2.2	7.33333333333333
1	11.4455008736312	-2.2	7.33333333333333
1	11.5244353624148	-2.2	7.33333333333333
1	11.6033698511985	-2.2	7.33333333333333
1	11.6823043399821	-2.2	7.33333333333333
1	11.7612388287658	-2.2	7.33333333333333
1	11.8401733175495	-2.2	7.33333333333333
1	11.9191078063331	-2.2	7.33333333333333
1	11.9980422951168	-2.2	7.33333333333333
1	12.0769767839005	-2.2	7.33333333333333
1	12.1559112726841	-2.2	7.33333333333333
1	12.2348457614678	-2.2	7.33333333333333
1	12.3137802502515	-2.2	7.33333333333333
1	12.3927147390351	-2.2	7.33333333333333
1	12.4716492278188	-2.2	7.33333333333333
1	12.5505837166024	-2.2	7.33333333333333
1	12.6295182053861	-2.2	7.33333333333333
1	12.7084526941698	-2.2	7.33333333333333
1	12.7873871829534	-2.2	7.33333333333333
1	12.8663216717371	-2.2	7.33333333333333
1	12.9452561605208	-2.2	7.33333333333333
1	13.0241906493044	-2.2	7.33333333333333
1	13.1031251380881	-2.2	7.33333333333333
1	13.1820596268717	-2.2	7.33333333333333
1	13.2609941156554	-2.2	7.33333333333333
1	13.3399286044391	-2.2	7.33333333333333
1	13.4188630932227	-2.2	7.33333333333333
1	13.4977975820064	-2.2	7.33333333333333
1	13.5767320707901	-2.2	7.33333333333333
1	13.6556665595737	-2.2	7.33333333333333
1	13.7346010483574	-2.2	7.33333333333333
1	13.8135355371411	-2.2	7.33333333333333
1	13.8924700259247	-2.2	7.33333333333333
1	13.9714045147084	-2.2	7.33333333333333
1	14.050339003492	-2.2	7.33333333333333
1	14.1292734922757	-2.2	7.33333333333333
1	14.2082079810594	-2.2	7.33333333333333
1	14.287142469843	-2.2	7.33333333333333
1	14.3660769586267	-2.2	7.33333333333333
1	14.4450114474104	-2.2	7.33333333333333
1	14.523945936194	-2.2	7.33333333333333
1	14.6028804249777	-2.2	7.33333333333333
1	14.6818149137613	-2.2	7.33333333333333
1	14.760749402545	-2.2	7.33333333333333
1	14.8396838913287	-2.2	7.33333333333333
1	14.9186183801123	-2.2	7.33333333333333
1	14.997552868896	-2.2	7.33333333333333
1	15.0764873576797	-2.2	7.33333333333333
1	15.1554218464633	-2.2	7.33333333333333
1	15.234356335247	-2.2	7.33333333333333
1	15.3132908240307	-2.2	7.33333333333333
1	15.3922253128143	-2.2	7.33333333333333
1	15.471159801598	-2.2	7.33333333333333
1	15.5500942903816	-2.2	7.33333333333333
1	15.6290287791653	-2.2	7.33333333333333
1	15.707963267949	-2.2	7.33333333333333
1	0	0.66132394515021	1.66666666666667
1	0.0789344887836631	0.561579324819221	1.66666666666667
1	0.157868977567326	0.46416420044583	1.66666666666667
1	0.236803466350989	0.369078572030037	1.66666666666667
1	0.315737955134653	0.276322439571842	1.66666666666667
1	0.394672443918316	0.185895803071244	1.66666666666667
1	0.473606932701979	0.097798662528243	1.66666666666667
1	0.552541421485642	0.0120310179428405	1.66666666666667
1	0.631475910269305	-0.0714071306849649	1.66666666666667
1	0.710410399052968	-0.152515783355172	1.66666666666667
1	0.789344887836632	-0.231294940067781	1.66666666666667
1	0.868279376620295	-0.307744600822792	1.66666666666667
1	0.947213865403958	-0.381864765620207	1.66666666666667
1	1.02614835418762	-0.453655434460022	1.66666666666667
1	1.10508284297128	-0.52311660734224	1.66666666666667
1	1.18401733175495	-0.590248284266861	1.66666666666667
1	1.26295182053861	-0.655050465233884	1.66666666666667
1	1.34188630932227	-0.71752315024331	1.66666666666667
1	1.42082079810594	-0.777666339295138	1.66666666666667
1	1.4997552868896	-0.835480032389367	1.66666666666667
1	1.57868977567326	-0.890964229525999	1.66666666666667
1	1.65762426445693	-0.944118930705033	1.66666666666667
1	1.73655875324059	-0.99494413592647	1.66666666666667
1	1.81549324202425	-1.04343984519031	1.66666666666667
1	1.89442773080792	-1.08960605849655	1.66666666666667
1	1.97336221959158	-1.13344277584519	1.66666666666667
1	2.05229670837524	-1.17494999723624	1.66666666666667
1	2.1312311971589	-1.21412772266969	1.66666666666667
1	2.21016568594257	-1.25097595214554	1.66666666666667
1	2.28910017472623	-1.28549468566379	1.66666666666667
1	2.36803466350989	-1.31768392322444	1.66666666666667
1	2.44696915229356	-1.3475436648275	1.66666666666667
1	2.52590364107722	-1.37507391047296	1.66666666666667
1	2.60483812986088	-1.40027466016082	1.66666666666667
1	2.68377261864455	-1.42314591389109	1.66666666666667
1	2.76270710742821	-1.44368767166375	1.66666666666667
1	2.84164159621187	-1.46189993347882	1.66666666666667
1	2.92057608499554	-1.47778269933629	1.66666666666667
1	2.9995105737792	-1.49133596923616	1.66666666666667
1	3.07844506256286	-1.50255974317844	1.66666666666667
1	3.15737955134653	-1.51145402116312	1.66666666666667
1	3.23631404013019	-1.5180188031902	1.66666666666667
1	3.31524852891385	-1.52225408925968	1.66666666666667
1	3.39418301769752	-1.52415987937156	1.66666666666667
1	3.47311750648118	-1.52373617352585	1.66666666666667
1	3.55205199526484	-1.52098297172254	1.66666666666667
1	3.63098648404851	-1.51590027396163	1.66666666666667
1	3.70992097283217	-1.50848808024312	1.66666666666667
1	3.78885546161583	-1.49874639056702	1.66666666666667
1	3.86778995039949	-1.48667520493331	1.66666666666667
1	3.94672443918316	-1.47227452334201	1.66666666666667
1	4.02565892796682	-1.45554434579312	1.66666666666667
1	4.10459341675048	-1.43648467228662	1.66666666666667
1	4.18352790553415	-1.41509550282253	1.66666666666667
1	4.26246239431781	-1.39137683740084	1.66666666666667
1	4.34139688310147	-1.36532867602155	1.66666666666667
1	4.42033137188514	-1.33695101868466	1.66666666666667
1	4.4992658606688	-1.30624386539018	1.66666666666667
1	4.57820034945246	-1.2732072161381	1.66666666666667
1	4.65713483823613	-1.23784107092842	1.66666666666667
1	4.73606932701979	-1.20014542976114	1.66666666666667
1	4.81500381580345	-1.16012029263627	1.66666666666667
1	4.89393830458712	-1.11776565955379	1.66666666666667
1	4.97287279337078	-1.07308153051372	1.66666666666667
1	5.05180728215444	-1.02606790551605	1.66666666666667
1	5.1307417709381	-0.976724784560789	1.66666666666667
1	5.20967625972177	-0.925052167647925	1.66666666666667
1	5.28861074850543	-0.871050054777464	1.66666666666667
1	5.36754523728909	-0.814718445949404	1.66666666666667
1	5.44647972607276	-0.756057341163748	1.66666666666667
1	5.52541421485642	-0.695066740420493	1.66666666666667
1	5.60434870364008	-0.631746643719641	1.66666666666667
1	5.68328319242375	-0.566097051061191	1.66666666666667
1	5.76221768120741	-0.498117962445144	1.66666666666667
1	5.84115216999107	-0.427809377871498	1.66666666666667
1	5.92008665877474	-0.355171297340255	1.66666666666667
1	5.9990211475584	-0.280203720851414	1.66666666666667
1	6.07795563634206	-0.202906648404976	1.66666666666667
1	6.15689012512573	-0.123280080000939	1.66666666666667
1	6.23582461390939	-0.0413240156393053	1.66666666666667
1	6.31475910269305	0.042961544679927	1.66666666666667
1	6.39369359147672	0.129576600956756	1.66666666666667
1	6.47262808026038	0.218521153191184	1.66666666666667
1	6.55156256904404	0.309795201383208	1.66666666666667
1	6.6304970578277	0.403398745532832	1.66666666666667
1	6.70943154661137	0.499331785640051	1.66666666666667
1	6.78836603539503	0.59759432170487	1.66666666666667
1	6.86730052417869	0.698186353727286	1.66666666666667
1	6.94623501296236	0.8011078817073	1.66666666666667
1	7.02516950174602	0.906358905644911	1.66666666666667
1	7.10410399052968	1.01393942554012	1.66666666666667
1	7.18303847931335	1.12384944139293	1.66666666666667
1	7.26197296809701	1.23608895320333	1.66666666666667
1	7.34090745688067	1.35065796097133	1.66666666666667
1	7.41984194566434	1.46755646469693	1.66666666666667
1	7.498776434448	1.58678446438013	1.66666666666667
1	7.57771092323166	1.70834196002093	1.66666666666667
1	7.65664541201533	1.83222895161932	1.66666666666667
1	7.73557990079899	1.95844543917531	1.66666666666667
1	7.81451438958265	2.0869914226889	1.66666666666667
1	7.89344887836631	2.2	1.66666666666667
1	7.97238336714998	2.2	1.66666666666667
1	8.05131785593364	2.2	1.66666666666667
1	8.1302523447173	2.2	1.66666666666667
1	8.20918683350097	2.2	1.66666666666667
1	8.28812132228463	2.2	1.66666666666667
1	8.36705581106829	2.2	1.66666666666667
1	8.44599029985196	2.2	1.66666666666667
1	8.52492478863562	2.2	1.66666666666667
1	8.60385927741928	2.2	1.66666666666667
1	8.68279376620295	2.2	1.66666666666667
1	8.76172825498661	2.2	1.66666666666667
1	8.84066274377027	2.2	1.66666666666667
1	8.91959723255394	2.2	1.66666666666667
1	8.9985317213376	2.2	1.66666666666667
1	9.07746621012126	2.2	1.66666666666667
1	9.15640069890492	2.2	1.66666666666667
1	9.23533518768859	2.2	1.66666666666667
1	9.31426967647225	2.2	1.66666666666667
1	9.39320416525591	2.2	1.66666666666667
1	9.47213865403958	2.2	1.66666666666667
1	9.55107314282324	2.2	1.66666666666667
1	9.6300076316069	2.2	1.66666666666667
1	9.70894212039057	2.2	1.66666666666667
1	9.78787660917423	2.2	1.66666666666667
1	9.86681109795789	2.2	1.66666666666667
1	9.94574558674156	2.2	1.66666666666667
1	10.0246800755252	2.2	1.66666666666667
1	10.1036145643089	2.2	1.66666666666667
1	10.1825490530925	2.2	1.66666666666667
1	10.2614835418762	2.2	1.66666666666667
1	10.3404180306599	2.2	1.66666666666667
1	10.4193525194435	2.2	1.66666666666667
1	10.4982870082272	2.2	1.66666666666667
1	10.5772214970109	2.2	1.66666666666667
1	10.6561559857945	2.2	1.66666666666667
1	10.7350904745782	2.2	1.66666666666667
1	10.8140249633619	2.2	1.66666666666667
1	10.8929594521455	2.2	1.66666666666667
1	10.9718939409292	2.2	1.66666666666667
1	11.0508284297128	2.2	1.66666666666667
1	11.1297629184965	2.2	1.66666666666667
1	11.2086974072802	2.2	1.66666666666667
1	11.2876318960638	2.2	1.66666666666667
1	11.3665663848475	2.2	1.66666666666667
1	11.4455008736312	2.2	1.66666666666667
1	11.5244353624148	2.2	1.66666666666667
1	11.6033698511985	2.2	1.66666666666667
1	11.6823043399821	2.2	1.66666666666667
1	11.7612388287658	2.2	1.66666666666667
1	11.8401733175495	2.2	1.66666666666667
1	11.9191078063331	2.2	1.66666666666667
1	11.9980422951168	2.2	1.66666666666667
1	12.0769767839005	2.2	1.66666666666667
1	12.1559112726841	2.2	1.66666666666667
1	12.2348457614678	2.2	1.66666666666667
1	12.3137802502515	2.2	1.66666666666667
1	12.3927147390351	2.2	1.66666666666667
1	12.4716492278188	2.2	1.66666666666667
1	12.5505837166024	2.2	1.66666666666667
1	12.6295182053861	2.2	1.66666666666667
1	12.7084526941698	2.2	1.66666666666667
1	12.7873871829534	2.2	1.66666666666667
1	12.8663216717371	2.2	1.66666666666667
1	12.9452561605208	2.2	1.66666666666667
1	13.0241906493044	2.2	1.66666666666667
1	13.1031251380881	2.2	1.66666666666667
1	13.1820596268717	2.2	1.66666666666667
1	13.2609941156554	2.2	1.66666666666667
1	13.3399286044391	2.2	1.66666666666667
1	13.4188630932227	2.2	1.66666666666667
1	13.4977975820064	2.2	1.66666666666667
1	13.5767320707901	2.2	1.66666666666667
1	13.6556665595737	2.2	1.66666666666667
1	13.7346010483574	2.2	1.66666666666667
1	13.8135355371411	2.2	1.66666666666667
1	13.8924700259247	2.2	1.66666666666667
1	13.9714045147084	2.2	1.66666666666667
1	14.050339003492	2.2	1.66666666666667
1	14.1292734922757	2.2	1.66666666666667
1	14.2082079810594	2.2	1.66666666666667
1	14.287142469843	2.2	1.66666666666667
1	14.3660769586267	2.2	1.66666666666667
1	14.4450114474104	2.2	1.66666666666667
1	14.523945936194	2.2	1.66666666666667
1	14.6028804249777	2.2	1.66666666666667
1	14.6818149137613	2.2	1.66666666666667
1	14.760749402545	2.2	1.66666666666667
1	14.8396838913287	2.2	1.66666666666667
1	14.9186183801123	2.2	1.66666666666667
1	14.997552868896	2.2	1.66666666666667
1	15.0764873576797	2.2	1.66666666666667
1	15.1554218464633	2.2	1.66666666666667
1	15.234356335247	2.2	1.66666666666667
1	15.3132908240307	2.2	1.66666666666667
1	15.3922253128143	2.2	1.66666666666667
1	15.471159801598	2.2	1.66666666666667
1	15.5500942903816	2.2	1.66666666666667
1	15.6290287791653	2.2	1.66666666666667
1	15.707963267949	2.2	1.66666666666667
1	0	2.2	2.66666666666667
1	0.0789344887836631	2.2	2.66666666666667
1	0.157868977567326	2.2	2.66666666666667
1	0.236803466350989	2.2	2.66666666666667
1	0.315737955134653	2.2	2.66666666666667
1	0.394672443918316	2.2	2.66666666666667
1	0.473606932701979	2.2	2.66666666666667
1	0.552541421485642	2.2	2.66666666666667
1	0.631475910269305	2.2	2.66666666666667
1	0.710410399052968	2.2	2.66666666666667
1	0.789344887836632	2.2	2.66666666666667
1	0.868279376620295	2.2	2.66666666666667
1	0.947213865403958	2.2	2.66666666666667
1	1.02614835418762	2.2	2.66666666666667
1	1.10508284297128	2.2	2.66666666666667
1	1.18401733175495	2.2	2.66666666666667
1	1.26295182053861	2.2	2.66666666666667
1	1.34188630932227	2.2	2.66666666666667
1	1.42082079810594	2.195215189192	2.66666666666667
1	1.4997552868896	2.07691294222812	2.66666666666667
1	1.57868977567326	1.96031879714628	2.66666666666667
1	1.65762426445693	1.8454327539465	2.66666666666667
1	1.73655875324059	1.73225481262876	2.66666666666667
1	1.81549324202425	1.62078497319307	2.66666666666667
1	1.89442773080792	1.51102323563942	2.66666666666667
1	1.97336221959158	1.40296959996783	2.66666666666667
1	2.05229670837524	1.29662406617828	2.66666666666667
1	2.1312311971589	1.19198663427078	2.66666666666667
1	2.21016568594257	1.08905730424533	2.66666666666667
1	2.28910017472623	0.987836076101924	2.66666666666667
1	2.36803466350989	0.888322949840568	2.66666666666667
1	2.44696915229356	0.790517925461259	2.66666666666667
1	2.52590364107722	0.694421002963998	2.66666666666667
1	2.60483812986088	0.600032182348785	2.66666666666667
1	2.68377261864455	0.507351463615619	2.66666666666667
1	2.76270710742821	0.416378846764501	2.66666666666667
1	2.84164159621187	0.327114331795432	2.66666666666667
1	2.92057608499554	0.239557918708409	2.66666666666667
1	2.9995105737792	0.153709607503435	2.66666666666667
1	3.07844506256286	0.0695693981805083	2.66666666666667
1	3.15737955134653	-0.0128627092603706	2.66666666666667
1	3.23631404013019	-0.0935867148192017	2.66666666666667
1	3.31524852891385	-0.172602618495985	2.66666666666667
1	3.39418301769752	-0.249910420290721	2.66666666666667
1	3.47311750648118	-0.325510120203408	2.66666666666667
1	3.55205199526484	-0.399401718234048	2.66666666666667
1	3.63098648404851	-0.471585214382641	2.66666666666667
1	3.70992097283217	-0.542060608649185	2.66666666666667
1	3.78885546161583	-0.610827901033681	2.66666666666667
1	3.86778995039949	-0.67788709153613	2.66666666666667
1	3.94672443918316	-0.743238180156531	2.66666666666667
1	4.02565892796682	-0.806881166894885	2.66666666666667
1	4.10459341675048	-0.86881605175119	2.66666666666667
1	4.18352790553415	-0.929042834725449	2.66666666666667
1	4.26246239431781	-0.987561515817658	2.66666666666667
1	4.34139688310147	-1.04437209502782	2.66666666666667
1	4.42033137188514	-1.09947457235593	2.66666666666667
1	4.4992658606688	-1.152868947802	2.66666666666667
1	4.57820034945246	-1.20455522136602	2.66666666666667
1	4.65713483823613	-1.25453339304799	2.66666666666667
1	4.73606932701979	-1.30280346284792	2.66666666666667
1	4.81500381580345	-1.34936543076579	2.66666666666667
1	4.89393830458712	-1.39421929680162	2.66666666666667
1	4.97287279337078	-1.4373650609554	2.66666666666667
1	5.05180728215444	-1.47880272322713	2.66666666666667
1	5.1307417709381	-1.51853228361682	2.66666666666667
1	5.20967625972177	-1.55655374212445	2.66666666666667
1	5.28861074850543	-1.59286709875004	2.66666666666667
1	5.36754523728909	-1.62747235349358	2.66666666666667
1	5.44647972607276	-1.66036950635508	2.66666666666667
1	5.52541421485642	-1.69155855733452	2.66666666666667
1	5.60434870364008	-1.72103950643192	2.66666666666667
1	5.68328319242375	-1.74881235364727	2.66666666666667
1	5.76221768120741	-1.77487709898057	2.66666666666667
1	5.84115216999107	-1.79923374243183	2.66666666666667
1	5.92008665877474	-1.82188228400103	2.66666666666667
1	5.9990211475584	-1.84282272368819	2.66666666666667
1	6.07795563634206	-1.8620550614933	2.66666666666667
1	6.15689012512573	-1.87957929741637	2.66666666666667
1	6.23582461390939	-1.89539543145738	2.66666666666667
1	6.31475910269305	-1.90950346361635	2.66666666666667
1	6.39369359147672	-1.92190339389327	2.66666666666667
1	6.47262808026038	-1.93259522228814	2.66666666666667
1	6.55156256904404	-1.94157894880097	2.66666666666667
1	6.6304970578277	-1.94885457343174	2.66666666666667
1	6.70943154661137	-1.95442209618047	2.66666666666667
1	6.78836603539503	-1.95828151704716	2.66666666666667
1	6.86730052417869	-1.96043283603179	2.66666666666667
1	6.94623501296236	-1.96087605313437	2.66666666666667
1	7.02516950174602	-1.95961116835491	2.66666666666667
1	7.10410399052968	-1.9566381816934	2.66666666666667
1	7.18303847931335	-1.95195709314985	2.66666666666667
1	7.26197296809701	-1.94556790272424	2.66666666666667
1	7.34090745688067	-1.93747061041659	2.66666666666667
1	7.41984194566434	-1.92766521622689	2.66666666666667
1	7.498776434448	-1.91615172015514	2.66666666666667
1	7.57771092323166	-1.90293012220134	2.66666666666667
1	7.65664541201533	-1.8880004223655	2.66666666666667
1	7.73557990079899	-1.8713626206476	2.66666666666667
1	7.81451438958265	-1.85301671704766	2.66666666666667
1	7.89344887836631	-1.83296271156568	2.66666666666667
1	7.97238336714998	-1.81120060420164	2.66666666666667
1	8.05131785593364	-1.78773039495556	2.66666666666667
1	8.1302523447173	-1.76255208382743	2.66666666666667
1	8.20918683350097	-1.73566567081725	2.66666666666667
1	8.28812132228463	-1.70707115592502	2.66666666666667
1	8.36705581106829	-1.67676853915075	2.66666666666667
1	8.44599029985196	-1.64475782049443	2.66666666666667
1	8.52492478863562	-1.61103899995606	2.66666666666667
1	8.60385927741928	-1.57561207753564	2.66666666666667
1	8.68279376620295	-1.53847705323318	2.66666666666667
1	8.76172825498661	-1.49963392704866	2.66666666666667
1	8.84066274377027	-1.4590826989821	2.66666666666667
1	8.91959723255394	-1.41682336903349	2.66666666666667
1	8.9985317213376	-1.37285593720284	2.66666666666667
1	9.07746621012126	-1.32718040349013	2.66666666666667
1	9.15640069890492	-1.27979676789538	2.66666666666667
1	9.23533518768859	-1.23070503041858	2.66666666666667
1	9.31426967647225	-1.17990519105973	2.66666666666667
1	9.39320416525591	-1.12739724981884	2.66666666666667
1	9.47213865403958	-1.0731812066959	2.66666666666667
1	9.55107314282324	-1.0172570616909	2.66666666666667
1	9.6300076316069	-0.959624814803865	2.66666666666667
1	9.70894212039057	-0.90028446603478	2.66666666666667
1	9.78787660917423	-0.839236015383645	2.66666666666667
1	9.86681109795789	-0.776479462850464	2.66666666666667
1	9.94574558674156	-0.712014808435233	2.66666666666667
1	10.0246800755252	-0.645842052137956	2.66666666666667
1	10.1036145643089	-0.577961193958632	2.66666666666667
1	10.1825490530925	-0.508372233897259	2.66666666666667
1	10.2614835418762	-0.437075171953838	2.66666666666667
1	10.3404180306599	-0.364070008128368	2.66666666666667
1	10.4193525194435	-0.289356742420853	2.66666666666667
1	10.4982870082272	-0.212935374831289	2.66666666666667
1	10.5772214970109	-0.134805905359678	2.66666666666667
1	10.6561559857945	-0.0549683340060163	2.66666666666667
1	10.7350904745782	0.0265773392296902	2.66666666666667
1	10.8140249633619	0.109831114347444	2.66666666666667
1	10.8929594521455	0.194792991347247	2.66666666666667
1	10.9718939409292	0.281462970229099	2.66666666666667
1	11.0508284297128	0.369841050992997	2.66666666666667
1	11.1297629184965	0.459927233638943	2.66666666666667
1	11.2086974072802	0.551721518166936	2.66666666666667
1	11.2876318960638	0.64522390457698	2.66666666666667
1	11.3665663848475	0.740434392869069	2.66666666666667
1	11.4455008736312	0.837352983043207	2.66666666666667
1	11.5244353624148	0.935979675099391	2.66666666666667
1	11.6033698511985	1.03631446903762	2.66666666666667
1	11.6823043399821	1.1383573648579	2.66666666666667
1	11.7612388287658	1.24210836256023	2.66666666666667
1	11.8401733175495	1.34756746214461	2.66666666666667
1	11.9191078063331	1.45473466361104	2.66666666666667
1	11.9980422951168	1.56360996695951	2.66666666666667
1	12.0769767839005	1.67419337219003	2.66666666666667
1	12.1559112726841	1.78648487930259	2.66666666666667
1	12.2348457614678	1.90048448829721	2.66666666666667
1	12.3137802502515	2.01619219917387	2.66666666666667
1	12.3927147390351	2.13360801193258	2.66666666666667
1	12.4716492278188	2.2	2.66666666666667
1	12.5505837166024	2.2	2.66666666666667
1	12.6295182053861	2.2	2.66666666666667
1	12.7084526941698	2.2	2.66666666666667
1	12.7873871829534	2.2	2.66666666666667
1	12.8663216717371	2.2	2.66666666666667
1	12.9452561605208	2.2	2.66666666666667
1	13.0241906493044	2.2	2.66666666666667
1	13.1031251380881	2.2	2.66666666666667
1	13.1820596268717	2.2	2.66666666666667
1	13.2609941156554	2.2	2.66666666666667
1	13.3399286044391	2.2	2.66666666666667
1	13.4188630932227	2.2	2.66666666666667
1	13.4977975820064	2.2	2.66666666666667
1	13.5767320707901	2.2	2.66666666666667
1	13.6556665595737	2.2	2.66666666666667
1	13.7346010483574	2.2	2.66666666666667
1	13.8135355371411	2.2	2.66666666666667
1	13.8924700259247	2.2	2.66666666666667
1	13.9714045147084	2.2	2.66666666666667
1	14.050339003492	2.2	2.66666666666667
1	14.1292734922757	2.2	2.66666666666667
1	14.2082079810594	2.2	2.66666666666667
1	14.287142469843	2.2	2.66666666666667
1	14.3660769586267	2.2	2.66666666666667
1	14.4450114474104	2.2	2.66666666666667
1	14.523945936194	2.2	2.66666666666667
1	14.6028804249777	2.2	2.66666666666667
1	14.6818149137613	2.2	2.66666666666667
1	14.760749402545	2.2	2.66666666666667
1	14.8396838913287	2.2	2.66666666666667
1	14.9186183801123	2.2	2.66666666666667
1	14.997552868896	2.2	2.66666666666667
1	15.0764873576797	2.2	2.66666666666667
1	15.1554218464633	2.2	2.66666666666667
1	15.234356335247	2.2	2.66666666666667
1	15.3132908240307	2.2	2.66666666666667
1	15.3922253128143	2.2	2.66666666666667
1	15.471159801598	2.2	2.66666666666667
1	15.5500942903816	2.2	2.66666666666667
1	15.6290287791653	2.2	2.66666666666667
1	15.707963267949	2.2	2.66666666666667
1	0	-2.2	3.66666666666667
1	0.0789344887836631	-2.2	3.66666666666667
1	0.157868977567326	-2.2	3.66666666666667
1	0.236803466350989	-2.2	3.66666666666667
1	0.315737955134653	-2.2	3.66666666666667
1	0.394672443918316	-2.2	3.66666666666667
1	0.473606932701979	-2.2	3.66666666666667
1	0.552541421485642	-2.2	3.66666666666667
1	0.631475910269305	-2.2	3.66666666666667
1	0.710410399052968	-2.2	3.66666666666667
1	0.789344887836632	-2.2	3.66666666666667
1	0.868279376620295	-2.2	3.66666666666667
1	0.947213865403958	-2.2	3.66666666666667
1	1.02614835418762	-2.2	3.66666666666667
1	1.10508284297128	-2.2	3.66666666666667
1	1.18401733175495	-2.2	3.66666666666667
1	1.26295182053861	-2.2	3.66666666666667
1	1.34188630932227	-2.2	3.66666666666667
1	1.42082079810594	-2.2	3.66666666666667
1	1.4997552868896	-2.2	3.66666666666667
1	1.57868977567326	-2.2	3.66666666666667
1	1.65762426445693	-2.2	3.66666666666667
1	1.73655875324059	-2.2	3.66666666666667
1	1.81549324202425	-2.2	3.66666666666667
1	1.89442773080792	-2.2	3.66666666666667
1	1.97336221959158	-2.2	3.66666666666667
1	2.05229670837524	-2.2	3.66666666666667
1	2.1312311971589	-2.2	3.66666666666667
1	2.21016568594257	-2.2	3.66666666666667
1	2.28910017472623	-2.2	3.66666666666667
1	2.36803466350989	-2.2	3.66666666666667
1	2.44696915229356	-2.2	3.66666666666667
1	2.52590364107722	-2.2	3.66666666666667
1	2.60483812986088	-2.2	3.66666666666667
1	2.68377261864455	-2.2	3.66666666666667
1	2.76270710742821	-2.2	3.66666666666667
1	2.84164159621187	-2.2	3.66666666666667
1	2.92057608499554	-2.2	3.66666666666667
1	2.9995105737792	-2.2	3.66666666666667
1	3.07844506256286	-2.2	3.66666666666667
1	3.15737955134653	-2.2	3.66666666666667
1	3.23631404013019	-2.2	3.66666666666667
1	3.31524852891385	-2.2	3.66666666666667
1	3.39418301769752	-2.2	3.66666666666667
1	3.47311750648118	-2.2	3.66666666666667
1	3.55205199526484	-2.2	3.66666666666667
1	3.63098648404851	-2.2	3.66666666666667
1	3.70992097283217	-2.2	3.66666666666667
1	3.78885546161583	-2.2	3.66666666666667
1	3.86778995039949	-2.2	3.66666666666667
1	3.94672443918316	-2.2	3.66666666666667
1	4.02565892796682	-2.2	3.66666666666667
1	4.10459341675048	-2.2	3.66666666666667
1	4.18352790553415	-2.2	3.66666666666667
1	4.26246239431781	-2.2	3.66666666666667
1	4.34139688310147	-2.2	3.66666666666667
1	4.42033137188514	-2.2	3.66666666666667
1	4.4992658606688	-2.2	3.66666666666667
1	4.57820034945246	-2.2	3.66666666666667
1	4.65713483823613	-2.2	3.66666666666667
1	4.73606932701979	-2.2	3.66666666666667
1	4.81500381580345	-2.2	3.66666666666667
1	4.89393830458712	-2.2	3.66666666666667
1	4.97287279337078	-2.10912727670022	3.66666666666667
1	5.05180728215444	-1.95524683285572	3.66666666666667
1	5.1307417709381	-1.80510758791034	3.66666666666667
1	5.20967625972177	-1.65870954186407	3.66666666666667
1	5.28861074850543	-1.5160526947169	3.66666666666667
1	5.36754523728909	-1.37713704646885	3.66666666666667
1	5.44647972607276	-1.2419625971199	3.66666666666667
1	5.52541421485642	-1.11052934667007	3.66666666666667
1	5.60434870364008	-0.982837295119342	3.66666666666667
1	5.68328319242375	-0.858886442467724	3.66666666666667
1	5.76221768120741	-0.738676788715218	3.66666666666667
1	5.84115216999107	-0.62220833386182	3.66666666666667
1	5.92008665877474	-0.509481077907533	3.66666666666667
1	5.9990211475584	-0.400495020852354	3.66666666666667
1	6.07795563634206	-0.295250162696286	3.66666666666667
1	6.15689012512573	-0.193746503439327	3.66666666666667
1	6.23582461390939	-0.0959840430814778	3.66666666666667
1	6.31475910269305	-0.00196278162273743	3.66666666666667
1	6.39369359147672	0.0883172809368924	3.66666666666667
1	6.47262808026038	0.174856144597414	3.66666666666667
1	6.55156256904404	0.257653809358824	3.66666666666667
1	6.6304970578277	0.336710275221126	3.66666666666667
1	6.70943154661137	0.412025542184318	3.66666666666667
1	6.78836603539503	0.483599610248401	3.66666666666667
1	6.86730052417869	0.551432479413373	3.66666666666667
1	6.94623501296236	0.615524149679237	3.66666666666667
1	7.02516950174602	0.67587462104599	3.66666666666667
1	7.10410399052968	0.732483893513635	3.66666666666667
1	7.18303847931335	0.785351967082169	3.66666666666667
1	7.26197296809701	0.834478841751594	3.66666666666667
1	7.34090745688067	0.87986451752191	3.66666666666667
1	7.41984194566434	0.921508994393116	3.66666666666667
1	7.498776434448	0.959412272365212	3.66666666666667
1	7.57771092323166	0.993574351438198	3.66666666666667
1	7.65664541201533	1.02399523161208	3.66666666666667
1	7.73557990079899	1.05067491288684	3.66666666666667
1	7.81451438958265	1.0736133952625	3.66666666666667
1	7.89344887836631	1.09281067873905	3.66666666666667
1	7.97238336714998	1.10826676331649	3.66666666666667
1	8.05131785593364	1.11998164899482	3.66666666666667
1	8.1302523447173	1.12795533577404	3.66666666666667
1	8.20918683350097	1.13218782365415	3.66666666666667
1	8.28812132228463	1.13267911263515	3.66666666666667
1	8.36705581106829	1.12942920271704	3.66666666666667
1	8.44599029985196	1.12243809389982	3.66666666666667
1	8.52492478863562	1.11170578618349	3.66666666666667
1	8.60385927741928	1.09723227956806	3.66666666666667
1	8.68279376620295	1.07901757405351	3.66666666666667
1	8.76172825498661	1.05706166963985	3.66666666666667
1	8.84066274377027	1.03136456632708	3.66666666666667
1	8.91959723255394	1.00192626411521	3.66666666666667
1	8.9985317213376	0.968746763004223	3.66666666666667
1	9.07746621012126	0.931826062994128	3.66666666666667
1	9.15640069890492	0.891164164084924	3.66666666666667
1	9.23533518768859	0.84676106627661	3.66666666666667
1	9.31426967647225	0.798616769569185	3.66666666666667
1	9.39320416525591	0.746731273962651	3.66666666666667
1	9.47213865403958	0.691104579457009	3.66666666666667
1	9.55107314282324	0.631736686052256	3.66666666666667
1	9.6300076316069	0.568627593748393	3.66666666666667
1	9.70894212039057	0.501777302545422	3.66666666666667
1	9.78787660917423	0.431185812443342	3.66666666666667
1	9.86681109795789	0.356853123442151	3.66666666666667
1	9.94574558674156	0.27877923554185	3.66666666666667
1	10.0246800755252	0.19696414874244	3.66666666666667
1	10.1036145643089	0.111407863043921	3.66666666666667
1	10.1825490530925	0.0221103784462917	3.66666666666667
1	10.2614835418762	-0.0709283050504466	3.66666666666667
1	10.3404180306599	-0.167708187446296	3.66666666666667
1	10.4193525194435	-0.268229268741254	3.66666666666667
1	10.4982870082272	-0.37249154893532	3.66666666666667
1	10.5772214970109	-0.480495028028497	3.66666666666667
1	10.6561559857945	-0.592239706020785	3.66666666666667
1	10.7350904745782	-0.70772558291218	3.66666666666667
1	10.8140249633619	-0.826952658702686	3.66666666666667
1	10.8929594521455	-0.949920933392301	3.66666666666667
1	10.9718939409292	-1.07663040698103	3.66666666666667
1	11.0508284297128	-1.20708107946886	3.66666666666667
1	11.1297629184965	-1.3412729508558	3.66666666666667
1	11.2086974072802	-1.47920602114186	3.66666666666667
1	11.2876318960638	-1.62088029032702	3.66666666666667
1	11.3665663848475	-1.76629575841129	3.66666666666667
1	11.4455008736312	-1.91545242539468	3.66666666666667
1	11.5244353624148	-2.06835029127717	3.66666666666667
1	11.6033698511985	-2.2	3.66666666666667
1	11.6823043399821	-2.2	3.66666666666667
1	11.7612388287658	-2.2	3.66666666666667
1	11.8401733175495	-2.2	3.66666666666667
1	11.9191078063331	-2.2	3.66666666666667
1	11.9980422951168	-2.2	3.66666666666667
1	12.0769767839005	-2.2	3.66666666666667
1	12.1559112726841	-2.2	3.66666666666667
1	12.2348457614678	-2.2	3.66666666666667
1	12.3137802502515	-2.2	3.66666666666667
1	12.3927147390351	-2.2	3.66666666666667
1	12.4716492278188	-2.2	3.66666666666667
1	12.5505837166024	-2.2	3.66666666666667
1	12.6295182053861	-2.2	3.66666666666667
1	12.7084526941698	-2.2	3.66666666666667
1	12.7873871829534	-2.2	3.66666666666667
1	12.8663216717371	-2.2	3.66666666666667
1	12.9452561605208	-2.2	3.66666666666667
1	13.0241906493044	-2.2	3.66666666666667
1	13.1031251380881	-2.2	3.66666666666667
1	13.1820596268717	-2.2	3.66666666666667
1	13.2609941156554	-2.2	3.66666666666667
1	13.3399286044391	-2.2	3.66666666666667
1	13.4188630932227	-2.2	3.66666666666667
1	13.4977975820064	-2.2	3.66666666666667
1	13.5767320707901	-2.2	3.66666666666667
1	13.6556665595737	-2.2	3.66666666666667
1	13.7346010483574	-2.2	3.66666666666667
1	13.8135355371411	-2.2	3.66666666666667
1	13.8924700259247	-2.2	3.66666666666667
1	13.9714045147084	-2.2	3.66666666666667
1	14.050339003492	-2.2	3.66666666666667
1	14.1292734922757	-2.2	3.66666666666667
1	14.2082079810594	-2.2	3.66666666666667
1	14.287142469843	-2.2	3.66666666666667
1	14.3660769586267	-2.2	3.66666666666667
1	14.4450114474104	-2.2	3.66666666666667
1	14.523945936194	-2.2	3.66666666666667
1	14.6028804249777	-2.2	3.66666666666667
1	14.6818149137613	-2.2	3.66666666666667
1	14.760749402545	-2.2	3.66666666666667
1	14.8396838913287	-2.2	3.66666666666667
1	14.9186183801123	-2.2	3.66666666666667
1	14.997552868896	-2.2	3.66666666666667
1	15.0764873576797	-2.2	3.66666666666667
1	15.1554218464633	-2.2	3.66666666666667
1	15.234356335247	-2.2	3.66666666666667
1	15.3132908240307	-2.2	3.66666666666667
1	15.3922253128143	-2.2	3.66666666666667
1	15.471159801598	-2.2	3.66666666666667
1	15.5500942903816	-2.2	3.66666666666667
1	15.6290287791653	-2.2	3.66666666666667
1	15.707963267949	-2.2	3.66666666666667
1	0	-2.2	4.66666666666667
1	0.0789344887836631	-2.2	4.66666666666667
1	0.157868977567326	-2.2	4.66666666666667
1	0.236803466350989	-2.2	4.66666666666667
1	0.315737955134653	-2.2	4.66666666666667
1	0.394672443918316	-2.2	4.66666666666667
1	0.473606932701979	-2.2	4.66666666666667
1	0.552541421485642	-2.2	4.66666666666667
1	0.631475910269305	-2.2	4.66666666666667
1	0.710410399052968	-2.2	4.66666666666667
1	0.789344887836632	-2.2	4.66666666666667
1	0.868279376620295	-2.2	4.66666666666667
1	0.947213865403958	-2.2	4.66666666666667
1	1.02614835418762	-2.2	4.66666666666667
1	1.10508284297128	-2.2	4.66666666666667
1	1.18401733175495	-2.2	4.66666666666667
1	1.26295182053861	-2.2	4.66666666666667
1	1.34188630932227	-2.2	4.66666666666667
1	1.42082079810594	-2.2	4.66666666666667
1	1.4997552868896	-2.2	4.66666666666667
1	1.57868977567326	-2.2	4.66666666666667
1	1.65762426445693	-2.2	4.66666666666667
1	1.73655875324059	-2.2	4.66666666666667
1	1.81549324202425	-2.2	4.66666666666667
1	1.89442773080792	-2.2	4.66666666666667
1	1.97336221959158	-2.2	4.66666666666667
1	2.05229670837524	-2.2	4.66666666666667
1	2.1312311971589	-2.2	4.66666666666667
1	2.21016568594257	-2.2	4.66666666666667
1	2.28910017472623	-2.2	4.66666666666667
1	2.36803466350989	-2.2	4.66666666666667
1	2.44696915229356	-2.2	4.66666666666667
1	2.52590364107722	-2.2	4.66666666666667
1	2.60483812986088	-2.2	4.66666666666667
1	2.68377261864455	-2.2	4.66666666666667
1	2.76270710742821	-2.2	4.66666666666667
1	2.84164159621187	-2.2	4.66666666666667
1	2.92057608499554	-2.2	4.66666666666667
1	2.9995105737792	-2.2	4.66666666666667
1	3.07844506256286	-2.2	4.66666666666667
1	3.15737955134653	-2.2	4.66666666666667
1	3.23631404013019	-2.2	4.66666666666667
1	3.31524852891385	-2.2	4.66666666666667
1	3.39418301769752	-2.2	4.66666666666667
1	3.47311750648118	-2.2	4.66666666666667
1	3.55205199526484	-2.2	4.66666666666667
1	3.63098648404851	-2.2	4.66666666666667
1	3.70992097283217	-2.2	4.66666666666667
1	3.78885546161583	-2.2	4.66666666666667
1	3.86778995039949	-2.2	4.66666666666667
1	3.94672443918316	-2.2	4.66666666666667
1	4.02565892796682	-2.2	4.66666666666667
1	4.10459341675048	-2.2	4.66666666666667
1	4.18352790553415	-2.2	4.66666666666667
1	4.26246239431781	-2.2	4.66666666666667
1	4.34139688310147	-2.2	4.66666666666667
1	4.42033137188514	-2.2	4.66666666666667
1	4.4992658606688	-2.2	4.66666666666667
1	4.57820034945246	-2.2	4.66666666666667
1	4.65713483823613	-2.2	4.66666666666667
1	4.73606932701979	-2.2	4.66666666666667
1	4.81500381580345	-2.2	4.66666666666667
1	4.89393830458712	-2.2	4.66666666666667
1	4.97287279337078	-2.2	4.66666666666667
1	5.05180728215444	-2.2	4.66666666666667
1	5.1307417709381	-2.2	4.66666666666667
1	5.20967625972177	-2.15237247519614	4.66666666666667
1	5.28861074850543	-1.96511732409281	4.66666666666667
1	5.36754523728909	-1.78358868825662	4.66666666666667
1	5.44647972607276	-1.60778656768758	4.66666666666667
1	5.52541421485642	-1.43771096238568	4.66666666666667
1	5.60434870364008	-1.27336187235094	4.66666666666667
1	5.68328319242375	-1.11473929758334	4.66666666666667
1	5.76221768120741	-0.96184323808289	4.66666666666667
1	5.84115216999107	-0.814673693849586	4.66666666666667
1	5.92008665877474	-0.673230664883431	4.66666666666667
1	5.9990211475584	-0.537514151184423	4.66666666666667
1	6.07795563634206	-0.407524152752563	4.66666666666667
1	6.15689012512573	-0.28326066958785	4.66666666666667
1	6.23582461390939	-0.164723701690286	4.66666666666667
1	6.31475910269305	-0.0519132490598675	4.66666666666667
1	6.39369359147672	0.0551706883034018	4.66666666666667
1	6.47262808026038	0.156528110399524	4.66666666666667
1	6.55156256904404	0.252159017228499	4.66666666666667
1	6.6304970578277	0.342063408790327	4.66666666666667
1	6.70943154661137	0.426241285085005	4.66666666666667
1	6.78836603539503	0.504692646112538	4.66666666666667
1	6.86730052417869	0.577417491872922	4.66666666666667
1	6.94623501296236	0.644415822366159	4.66666666666667
1	7.02516950174602	0.705687637592248	4.66666666666667
1	7.10410399052968	0.76123293755119	4.66666666666667
1	7.18303847931335	0.811051722242984	4.66666666666667
1	7.26197296809701	0.855143991667631	4.66666666666667
1	7.34090745688067	0.893509745825129	4.66666666666667
1	7.41984194566434	0.926148984715481	4.66666666666667
1	7.498776434448	0.953061708338684	4.66666666666667
1	7.57771092323166	0.97424791669474	4.66666666666667
1	7.65664541201533	0.989707609783649	4.66666666666667
1	7.73557990079899	0.99944078760541	4.66666666666667
1	7.81451438958265	1.00344745016002	4.66666666666667
1	7.89344887836631	1.00172759744749	4.66666666666667
1	7.97238336714998	0.994281229467808	4.66666666666667
1	8.05131785593364	0.981108346220978	4.66666666666667
1	8.1302523447173	0.962208947707001	4.66666666666667
1	8.20918683350097	0.937583033925877	4.66666666666667
1	8.28812132228463	0.907230604877605	4.66666666666667
1	8.36705581106829	0.871151660562185	4.66666666666667
1	8.44599029985196	0.829346200979618	4.66666666666667
1	8.52492478863562	0.781814226129904	4.66666666666667
1	8.60385927741928	0.728555736013042	4.66666666666667
1	8.68279376620295	0.669570730629031	4.66666666666667
1	8.76172825498661	0.604859209977874	4.66666666666667
1	8.84066274377027	0.534421174059569	4.66666666666667
1	8.91959723255394	0.458256622874117	4.66666666666667
1	8.9985317213376	0.376365556421515	4.66666666666667
1	9.07746621012126	0.288747974701768	4.66666666666667
1	9.15640069890492	0.195403877714873	4.66666666666667
1	9.23533518768859	0.096333265460831	4.66666666666667
1	9.31426967647225	-0.00846386206036132	4.66666666666667
1	9.39320416525591	-0.118987504848699	4.66666666666667
1	9.47213865403958	-0.235237662904184	4.66666666666667
1	9.55107314282324	-0.357214336226816	4.66666666666667
1	9.6300076316069	-0.484917524816599	4.66666666666667
1	9.70894212039057	-0.618347228673527	4.66666666666667
1	9.78787660917423	-0.757503447797602	4.66666666666667
1	9.86681109795789	-0.902386182188825	4.66666666666667
1	9.94574558674156	-1.0529954318472	4.66666666666667
1	10.0246800755252	-1.20933119677272	4.66666666666667
1	10.1036145643089	-1.37139347696538	4.66666666666667
1	10.1825490530925	-1.5391822724252	4.66666666666667
1	10.2614835418762	-1.71269758315216	4.66666666666667
1	10.3404180306599	-1.89193940914627	4.66666666666667
1	10.4193525194435	-2.07690775040752	4.66666666666667
1	10.4982870082272	-2.2	4.66666666666667
1	10.5772214970109	-2.2	4.66666666666667
1	10.6561559857945	-2.2	4.66666666666667
1	10.7350904745782	-2.2	4.66666666666667
1	10.8140249633619	-2.2	4.66666666666667
1	10.8929594521455	-2.2	4.66666666666667
1	10.9718939409292	-2.2	4.66666666666667
1	11.0508284297128	-2.2	4.66666666666667
1	11.1297629184965	-2.2	4.66666666666667
1	11.2086974072802	-2.2	4.66666666666667
1	11.2876318960638	-2.2	4.66666666666667
1	11.3665663848475	-2.2	4.66666666666667
1	11.4455008736312	-2.2	4.66666666666667
1	11.5244353624148	-2.2	4.66666666666667
1	11.6033698511985	-2.2	4.66666666666667
1	11.6823043399821	-2.2	4.66666666666667
1	11.7612388287658	-2.2	4.66666666666667
1	11.8401733175495	-2.2	4.66666666666667
1	11.9191078063331	-2.2	4.66666666666667
1	11.9980422951168	-2.2	4.66666666666667
1	12.0769767839005	-2.2	4.66666666666667
1	12.1559112726841	-2.2	4.66666666666667
1	12.2348457614678	-2.2	4.66666666666667
1	12.3137802502515	-2.2	4.66666666666667
1	12.3927147390351	-2.2	4.66666666666667
1	12.4716492278188	-2.2	4.66666666666667
1	12.5505837166024	-2.2	4.66666666666667
1	12.6295182053861	-2.2	4.66666666666667
1	12.7084526941698	-2.2	4.66666666666667
1	12.7873871829534	-2.2	4.66666666666667
1	12.8663216717371	-2.2	4.66666666666667
1	12.9452561605208	-2.2	4.66666666666667
1	13.0241906493044	-2.2	4.66666666666667
1	13.1031251380881	-2.2	4.66666666666667
1	13.1820596268717	-2.2	4.66666666666667
1	13.2609941156554	-2.2	4.66666666666667
1	13.3399286044391	-2.2	4.66666666666667
1	13.4188630932227	-2.2	4.66666666666667
1	13.4977975820064	-2.2	4.66666666666667
1	13.5767320707901	-2.2	4.66666666666667
1	13.6556665595737	-2.2	4.66666666666667
1	13.7346010483574	-2.2	4.66666666666667
1	13.8135355371411	-2.2	4.66666666666667
1	13.8924700259247	-2.2	4.66666666666667
1	13.9714045147084	-2.2	4.66666666666667
1	14.050339003492	-2.2	4.66666666666667
1	14.1292734922757	-2.2	4.66666666666667
1	14.2082079810594	-2.2	4.66666666666667
1	14.287142469843	-2.2	4.66666666666667
1	14.3660769586267	-2.2	4.66666666666667
1	14.4450114474104	-2.2	4.66666666666667
1	14.523945936194	-2.2	4.66666666666667
1	14.6028804249777	-2.2	4.66666666666667
1	14.6818149137613	-2.2	4.66666666666667
1	14.760749402545	-2.2	4.66666666666667
1	14.8396838913287	-2.2	4.66666666666667
1	14.9186183801123	-2.2	4.66666666666667
1	14.997552868896	-2.2	4.66666666666667
1	15.0764873576797	-2.2	4.66666666666667
1	15.1554218464633	-2.2	4.66666666666667
1	15.234356335247	-2.2	4.66666666666667
1	15.3132908240307	-2.2	4.66666666666667
1	15.3922253128143	-2.2	4.66666666666667
1	15.471159801598	-2.2	4.66666666666667
1	15.5500942903816	-2.2	4.66666666666667
1	15.6290287791653	-2.2	4.66666666666667
1	15.707963267949	-2.2	4.66666666666667
1	0	-2.2	5.66666666666667
1	0.0789344887836631	-2.2	5.66666666666667
1	0.157868977567326	-2.2	5.66666666666667
1	0.236803466350989	-2.2	5.66666666666667
1	0.315737955134653	-2.2	5.66666666666667
1	0.394672443918316	-2.2	5.66666666666667
1	0.473606932701979	-2.2	5.66666666666667
1	0.552541421485642	-2.2	5.66666666666667
1	0.631475910269305	-2.2	5.66666666666667
1	0.710410399052968	-2.2	5.66666666666667
1	0.789344887836632	-2.2	5.66666666666667
1	0.868279376620295	-2.2	5.66666666666667
1	0.947213865403958	-2.2	5.66666666666667
1	1.02614835418762	-2.2	5.66666666666667
1	1.10508284297128	-2.2	5.66666666666667
1	1.18401733175495	-2.2	5.66666666666667
1	1.26295182053861	-2.2	5.66666666666667
1	1.34188630932227	-2.2	5.66666666666667
1	1.42082079810594	-2.2	5.66666666666667
1	1.4997552868896	-2.2	5.66666666666667
1	1.57868977567326	-2.2	5.66666666666667
1	1.65762426445693	-2.2	5.66666666666667
1	1.73655875324059	-2.2	5.66666666666667
1	1.81549324202425	-2.2	5.66666666666667
1	1.89442773080792	-2.2	5.66666666666667
1	1.97336221959158	-2.2	5.66666666666667
1	2.05229670837524	-2.2	5.66666666666667
1	2.1312311971589	-2.2	5.66666666666667
1	2.21016568594257	-2.2	5.66666666666667
1	2.28910017472623	-2.2	5.66666666666667
1	2.36803466350989	-2.2	5.66666666666667
1	2.44696915229356	-2.2	5.66666666666667
1	2.52590364107722	-2.2	5.66666666666667
1	2.60483812986088	-2.2	5.66666666666667
1	2.68377261864455	-2.2	5.66666666666667
1	2.76270710742821	-2.2	5.66666666666667
1	2.84164159621187	-2.2	5.66666666666667
1	2.92057608499554	-2.2	5.66666666666667
1	2.9995105737792	-2.2	5.66666666666667
1	3.07844506256286	-2.2	5.66666666666667
1	3.15737955134653	-2.2	5.66666666666667
1	3.23631404013019	-2.2	5.66666666666667
1	3.31524852891385	-2.2	5.66666666666667
1	3.39418301769752	-2.2	5.66666666666667
1	3.47311750648118	-2.2	5.66666666666667
1	3.55205199526484	-2.2	5.66666666666667
1	3.63098648404851	-2.2	5.66666666666667
1	3.70992097283217	-2.2	5.66666666666667
1	3.78885546161583	-2.2	5.66666666666667
1	3.86778995039949	-2.2	5.66666666666667
1	3.94672443918316	-2.2	5.66666666666667
1	4.02565892796682	-2.2	5.66666666666667
1	4.10459341675048	-2.2	5.66666666666667
1	4.18352790553415	-2.2	5.66666666666667
1	4.26246239431781	-2.2	5.66666666666667
1	4.34139688310147	-2.2	5.66666666666667
1	4.42033137188514	-2.2	5.66666666666667
1	4.4992658606688	-2.2	5.66666666666667
1	4.57820034945246	-2.2	5.66666666666667
1	4.65713483823613	-2.2	5.66666666666667
1	4.73606932701979	-2.2	5.66666666666667
1	4.81500381580345	-2.2	5.66666666666667
1	4.89393830458712	-2.2	5.66666666666667
1	4.97287279337078	-2.2	5.66666666666667
1	5.05180728215444	-2.2	5.66666666666667
1	5.1307417709381	-2.2	5.66666666666667
1	5.20967625972177	-2.2	5.66666666666667
1	5.28861074850543	-2.2	5.66666666666667
1	5.36754523728909	-2.09032539992915	5.66666666666667
1	5.44647972607276	-1.89722906284431	5.66666666666667
1	5.52541421485642	-1.71036162855159	5.66666666666667
1	5.60434870364008	-1.529723097051	5.66666666666667
1	5.68328319242375	-1.35531346834252	5.66666666666667
1	5.76221768120741	-1.18713274242617	5.66666666666667
1	5.84115216999107	-1.02518091930194	5.66666666666667
1	5.92008665877474	-0.869457998969833	5.66666666666667
1	5.9990211475584	-0.719963981429845	5.66666666666667
1	6.07795563634206	-0.57669886668198	5.66666666666667
1	6.15689012512573	-0.439662654726235	5.66666666666667
1	6.23582461390939	-0.308855345562614	5.66666666666667
1	6.31475910269305	-0.184276939191112	5.66666666666667
1	6.39369359147672	-0.0659274356117338	5.66666666666667
1	6.47262808026038	0.0461931651755244	5.66666666666667
1	6.55156256904404	0.15208486317066	5.66666666666667
1	6.6304970578277	0.251747658373675	5.66666666666667
1	6.70943154661137	0.345181550784567	5.66666666666667
1	6.78836603539503	0.432386540403338	5.66666666666667
1	6.86730052417869	0.513362627229987	5.66666666666667
1	6.94623501296236	0.588109811264516	5.66666666666667
1	7.02516950174602	0.656628092506921	5.66666666666667
1	7.10410399052968	0.718917470957206	5.66666666666667
1	7.18303847931335	0.774977946615369	5.66666666666667
1	7.26197296809701	0.824809519481411	5.66666666666667
1	7.34090745688067	0.86841218955533	5.66666666666667
1	7.41984194566434	0.905785956837128	5.66666666666667
1	7.498776434448	0.936930821326805	5.66666666666667
1	7.57771092323166	0.96184678302436	5.66666666666667
1	7.65664541201533	0.980533841929793	5.66666666666667
1	7.73557990079899	0.992991998043104	5.66666666666667
1	7.81451438958265	0.999221251364295	5.66666666666667
1	7.89344887836631	0.999221601893363	5.66666666666667
1	7.97238336714998	0.99299304963031	5.66666666666667
1	8.05131785593364	0.980535594575135	5.66666666666667
1	8.1302523447173	0.961849236727839	5.66666666666667
1	8.20918683350097	0.936933976088421	5.66666666666667
1	8.28812132228463	0.905789812656881	5.66666666666667
1	8.36705581106829	0.868416746433219	5.66666666666667
1	8.44599029985196	0.824814777417437	5.66666666666667
1	8.52492478863562	0.774983905609533	5.66666666666667
1	8.60385927741928	0.718924131009507	5.66666666666667
1	8.68279376620295	0.656635453617358	5.66666666666667
1	8.76172825498661	0.588117873433089	5.66666666666667
1	8.84066274377027	0.513371390456699	5.66666666666667
1	8.91959723255394	0.432396004688187	5.66666666666667
1	8.9985317213376	0.345191716127551	5.66666666666667
1	9.07746621012126	0.251758524774796	5.66666666666667
1	9.15640069890492	0.152096430629919	5.66666666666667
1	9.23533518768859	0.0462054336929204	5.66666666666667
1	9.31426967647225	-0.0659144660362021	5.66666666666667
1	9.39320416525591	-0.184263268557444	5.66666666666667
1	9.47213865403958	-0.308840973870807	5.66666666666667
1	9.55107314282324	-0.439647581976292	5.66666666666667
1	9.6300076316069	-0.576683092873901	5.66666666666667
1	9.70894212039057	-0.719947506563629	5.66666666666667
1	9.78787660917423	-0.869440823045479	5.66666666666667
1	9.86681109795789	-1.02516304231945	5.66666666666667
1	9.94574558674156	-1.18711416438555	5.66666666666667
1	10.0246800755252	-1.35529418924376	5.66666666666667
1	10.1036145643089	-1.5297031168941	5.66666666666667
1	10.1825490530925	-1.71034094733655	5.66666666666667
1	10.2614835418762	-1.89720768057113	5.66666666666667
1	10.3404180306599	-2.09030331659784	5.66666666666667
1	10.4193525194435	-2.2	5.66666666666667
1	10.4982870082272	-2.2	5.66666666666667
1	10.5772214970109	-2.2	5.66666666666667
1	10.6561559857945	-2.2	5.66666666666667
1	10.7350904745782	-2.2	5.66666666666667
1	10.8140249633619	-2.2	5.66666666666667
1	10.8929594521455	-2.2	5.66666666666667
1	10.9718939409292	-2.2	5.66666666666667
1	11.0508284297128	-2.2	5.66666666666667
1	11.1297629184965	-2.2	5.66666666666667
1	11.2086974072802	-2.2	5.66666666666667
1	11.2876318960638	-2.2	5.66666666666667
1	11.3665663848475	-2.2	5.66666666666667
1	11.4455008736312	-2.2	5.66666666666667
1	11.5244353624148	-2.2	5.66666666666667
1	11.6033698511985	-2.2	5.66666666666667
1	11.6823043399821	-2.2	5.66666666666667
1	11.7612388287658	-2.2	5.66666666666667
1	11.8401733175495	-2.2	5.66666666666667
1	11.9191078063331	-2.2	5.66666666666667
1	11.9980422951168	-2.2	5.66666666666667
1	12.0769767839005	-2.2	5.66666666666667
1	12.1559112726841	-2.2	5.66666666666667
1	12.2348457614678	-2.2	5.66666666666667
1	12.3137802502515	-2.2	5.66666666666667
1	12.3927147390351	-2.2	5.66666666666667
1	12.4716492278188	-2.2	5.66666666666667
1	12.5505837166024	-2.2	5.66666666666667
1	12.6295182053861	-2.2	5.66666666666667
1	12.7084526941698	-2.2	5.66666666666667
1	12.7873871829534	-2.2	5.66666666666667
1	12.8663216717371	-2.2	5.66666666666667
1	12.9452561605208	-2.2	5.66666666666667
1	13.0241906493044	-2.2	5.66666666666667
1	13.1031251380881	-2.2	5.66666666666667
1	13.1820596268717	-2.2	5.66666666666667
1	13.2609941156554	-2.2	5.66666666666667
1	13.3399286044391	-2.2	5.66666666666667
1	13.4188630932227	-2.2	5.66666666666667
1	13.4977975820064	-2.2	5.66666666666667
1	13.5767320707901	-2.2	5.66666666666667
1	13.6556665595737	-2.2	5.66666666666667
1	13.7346010483574	-2.2	5.66666666666667
1	13.8135355371411	-2.2	5.66666666666667
1	13.8924700259247	-2.2	5.66666666666667
1	13.9714045147084	-2.2	5.66666666666667
1	14.050339003492	-2.2	5.66666666666667
1	14.1292734922757	-2.2	5.66666666666667
1	14.2082079810594	-2.2	5.66666666666667
1	14.287142469843	-2.2	5.66666666666667
1	14.3660769586267	-2.2	5.66666666666667
1	14.4450114474104	-2.2	5.66666666666667
1	14.523945936194	-2.2	5.66666666666667
1	14.6028804249777	-2.2	5.66666666666667
1	14.6818149137613	-2.2	5.66666666666667
1	14.760749402545	-2.2	5.66666666666667
1	14.8396838913287	-2.2	5.66666666666667
1	14.9186183801123	-2.2	5.66666666666667
1	14.997552868896	-2.2	5.66666666666667
1	15.0764873576797	-2.2	5.66666666666667
1	15.1554218464633	-2.2	5.66666666666667
1	15.234356335247	-2.2	5.66666666666667
1	15.3132908240307	-2.2	5.66666666666667
1	15.3922253128143	-2.2	5.66666666666667
1	15.471159801598	-2.2	5.66666666666667
1	15.5500942903816	-2.2	5.66666666666667
1	15.6290287791653	-2.2	5.66666666666667
1	15.707963267949	-2.2	5.66666666666667
1	0	-2.2	6.66666666666667
1	0.0789344887836631	-2.2	6.66666666666667
1	0.157868977567326	-2.2	6.66666666666667
1	0.236803466350989	-2.2	6.66666666666667
1	0.315737955134653	-2.2	6.66666666666667
1	0.394672443918316	-2.2	6.66666666666667
1	0.473606932701979	-2.2	6.66666666666667
1	0.552541421485642	-2.2	6.66666666666667
1	0.631475910269305	-2.2	6.66666666666667
1	0.710410399052968	-2.2	6.66666666666667
1	0.789344887836632	-2.2	6.66666666666667
1	0.868279376620295	-2.2	6.66666666666667
1	0.947213865403958	-2.2	6.66666666666667
1	1.02614835418762	-2.2	6.66666666666667
1	1.10508284297128	-2.2	6.66666666666667
1	1.18401733175495	-2.2	6.66666666666667
1	1.26295182053861	-2.2	6.66666666666667
1	1.34188630932227	-2.2	6.66666666666667
1	1.42082079810594	-2.2	6.66666666666667
1	1.4997552868896	-2.2	6.66666666666667
1	1.57868977567326	-2.2	6.66666666666667
1	1.65762426445693	-2.2	6.66666666666667
1	1.73655875324059	-2.2	6.66666666666667
1	1.81549324202425	-2.2	6.66666666666667
1	1.89442773080792	-2.2	6.66666666666667
1	1.97336221959158	-2.2	6.66666666666667
1	2.05229670837524	-2.2	6.66666666666667
1	2.1312311971589	-2.2	6.66666666666667
1	2.21016568594257	-2.2	6.66666666666667
1	2.28910017472623	-2.2	6.66666666666667
1	2.36803466350989	-2.2	6.66666666666667
1	2.44696915229356	-2.2	6.66666666666667
1	2.52590364107722	-2.2	6.66666666666667
1	2.60483812986088	-2.2	6.66666666666667
1	2.68377261864455	-2.2	6.66666666666667
1	2.76270710742821	-2.2	6.66666666666667
1	2.84164159621187	-2.2	6.66666666666667
1	2.92057608499554	-2.2	6.66666666666667
1	2.9995105737792	-2.2	6.66666666666667
1	3.07844506256286	-2.2	6.66666666666667
1	3.15737955134653	-2.2	6.66666666666667
1	3.23631404013019	-2.2	6.66666666666667
1	3.31524852891385	-2.2	6.66666666666667
1	3.39418301769752	-2.2	6.66666666666667
1	3.47311750648118	-2.2	6.66666666666667
1	3.55205199526484	-2.2	6.66666666666667
1	3.63098648404851	-2.2	6.66666666666667
1	3.70992097283217	-2.2	6.66666666666667
1	3.78885546161583	-2.2	6.66666666666667
1	3.86778995039949	-2.2	6.66666666666667
1	3.94672443918316	-2.2	6.66666666666667
1	4.02565892796682	-2.2	6.66666666666667
1	4.10459341675048	-2.2	6.66666666666667
1	4.18352790553415	-2.2	6.66666666666667
1	4.26246239431781	-2.2	6.66666666666667
1	4.34139688310147	-2.2	6.66666666666667
1	4.42033137188514	-2.2	6.66666666666667
1	4.4992658606688	-2.2	6.66666666666667
1	4.57820034945246	-2.2	6.66666666666667
1	4.65713483823613	-2.2	6.66666666666667
1	4.73606932701979	-2.2	6.66666666666667
1	4.81500381580345	-2.2	6.66666666666667
1	4.89393830458712	-2.2	6.66666666666667
1	4.97287279337078	-2.2	6.66666666666667
1	5.05180728215444	-2.2	6.66666666666667
1	5.1307417709381	-2.2	6.66666666666667
1	5.20967625972177	-2.2	6.66666666666667
1	5.28861074850543	-2.2	6.66666666666667
1	5.36754523728909	-2.09118297735041	6.66666666666667
1	5.44647972607276	-1.89803271824664	6.66666666666667
1	5.52541421485642	-1.71111311266233	6.66666666666667
1	5.60434870364008	-1.53042416059751	6.66666666666667
1	5.68328319242375	-1.35596586205215	6.66666666666667
1	5.76221768120741	-1.18773821702628	6.66666666666667
1	5.84115216999107	-1.02574122551989	6.66666666666667
1	5.92008665877474	-0.869974887532967	6.66666666666667
1	5.9990211475584	-0.720439203065524	6.66666666666667
1	6.07795563634206	-0.577134172117559	6.66666666666667
1	6.15689012512573	-0.440059794689069	6.66666666666667
1	6.23582461390939	-0.309216070780058	6.66666666666667
1	6.31475910269305	-0.184603000390521	6.66666666666667
1	6.39369359147672	-0.0662205835204632	6.66666666666667
1	6.47262808026038	0.0459311798301194	6.66666666666667
1	6.55156256904404	0.151852289661224	6.66666666666667
1	6.6304970578277	0.251542745972853	6.66666666666667
1	6.70943154661137	0.345002548765004	6.66666666666667
1	6.78836603539503	0.432231698037679	6.66666666666667
1	6.86730052417869	0.513230193790877	6.66666666666667
1	6.94623501296236	0.587998036024598	6.66666666666667
1	7.02516950174602	0.656535224738843	6.66666666666667
1	7.10410399052968	0.718841759933611	6.66666666666667
1	7.18303847931335	0.774917641608901	6.66666666666667
1	7.26197296809701	0.824762869764716	6.66666666666667
1	7.34090745688067	0.868377444401053	6.66666666666667
1	7.41984194566434	0.905761365517914	6.66666666666667
1	7.498776434448	0.936914633115298	6.66666666666667
1	7.57771092323166	0.961837247193205	6.66666666666667
1	7.65664541201533	0.980529207751635	6.66666666666667
1	7.73557990079899	0.992990514790589	6.66666666666667
1	7.81451438958265	0.999221168310065	6.66666666666667
1	7.89344887836631	0.999221168310066	6.66666666666667
1	7.97238336714998	0.992990514790589	6.66666666666667
1	8.05131785593364	0.980529207751635	6.66666666666667
1	8.1302523447173	0.961837247193205	6.66666666666667
1	8.20918683350097	0.936914633115298	6.66666666666667
1	8.28812132228463	0.905761365517914	6.66666666666667
1	8.36705581106829	0.868377444401053	6.66666666666667
1	8.44599029985196	0.824762869764716	6.66666666666667
1	8.52492478863562	0.774917641608902	6.66666666666667
1	8.60385927741928	0.718841759933611	6.66666666666667
1	8.68279376620295	0.656535224738843	6.66666666666667
1	8.76172825498661	0.587998036024598	6.66666666666667
1	8.84066274377027	0.513230193790878	6.66666666666667
1	8.91959723255394	0.43223169803768	6.66666666666667
1	8.9985317213376	0.345002548765004	6.66666666666667
1	9.07746621012126	0.251542745972852	6.66666666666667
1	9.15640069890492	0.151852289661225	6.66666666666667
1	9.23533518768859	0.0459311798301201	6.66666666666667
1	9.31426967647225	-0.0662205835204637	6.66666666666667
1	9.39320416525591	-0.184603000390522	6.66666666666667
1	9.47213865403958	-0.309216070780057	6.66666666666667
1	9.55107314282324	-0.440059794689068	6.66666666666667
1	9.6300076316069	-0.57713417211756	6.66666666666667
1	9.70894212039057	-0.720439203065525	6.66666666666667
1	9.78787660917423	-0.869974887532966	6.66666666666667
1	9.86681109795789	-1.02574122551988	6.66666666666667
1	9.94574558674156	-1.18773821702628	6.66666666666667
1	10.0246800755252	-1.35596586205216	6.66666666666667
1	10.1036145643089	-1.5304241605975	6.66666666666667
1	10.1825490530925	-1.71111311266233	6.66666666666667
1	10.2614835418762	-1.89803271824663	6.66666666666667
1	10.3404180306599	-2.09118297735042	6.66666666666667
1	10.4193525194435	-2.2	6.66666666666667
1	10.4982870082272	-2.2	6.66666666666667
1	10.5772214970109	-2.2	6.66666666666667
1	10.6561559857945	-2.2	6.66666666666667
1	10.7350904745782	-2.2	6.66666666666667
1	10.8140249633619	-2.2	6.66666666666667
1	10.8929594521455	-2.2	6.66666666666667
1	10.9718939409292	-2.2	6.66666666666667
1	11.0508284297128	-2.2	6.66666666666667
1	11.1297629184965	-2.2	6.66666666666667
1	11.2086974072802	-2.2	6.66666666666667
1	11.2876318960638	-2.2	6.66666666666667
1	11.3665663848475	-2.2	6.66666666666667
1	11.4455008736312	-2.2	6.66666666666667
1	11.5244353624148	-2.2	6.66666666666667
1	11.6033698511985	-2.2	6.66666666666667
1	11.6823043399821	-2.2	6.66666666666667
1	11.7612388287658	-2.2	6.66666666666667
1	11.8401733175495	-2.2	6.66666666666667
1	11.9191078063331	-2.2	6.66666666666667
1	11.9980422951168	-2.2	6.66666666666667
1	12.0769767839005	-2.2	6.66666666666667
1	12.1559112726841	-2.2	6.66666666666667
1	12.2348457614678	-2.2	6.66666666666667
1	12.3137802502515	-2.2	6.66666666666667
1	12.3927147390351	-2.2	6.66666666666667
1	12.4716492278188	-2.2	6.66666666666667
1	12.5505837166024	-2.2	6.66666666666667
1	12.6295182053861	-2.2	6.66666666666667
1	12.7084526941698	-2.2	6.66666666666667
1	12.7873871829534	-2.2	6.66666666666667
1	12.8663216717371	-2.2	6.66666666666667
1	12.9452561605208	-2.2	6.66666666666667
1	13.0241906493044	-2.2	6.66666666666667
1	13.1031251380881	-2.2	6.66666666666667
1	13.1820596268717	-2.2	6.66666666666667
1	13.2609941156554	-2.2	6.66666666666667
1	13.3399286044391	-2.2	6.66666666666667
1	13.4188630932227	-2.2	6.66666666666667
1	13.4977975820064	-2.2	6.66666666666667
1	13.5767320707901	-2.2	6.66666666666667
1	13.6556665595737	-2.2	6.66666666666667
1	13.7346010483574	-2.2	6.66666666666667
1	13.8135355371411	-2.2	6.66666666666667
1	13.8924700259247	-2.2	6.66666666666667
1	13.9714045147084	-2.2	6.66666666666667
1	14.050339003492	-2.2	6.66666666666667
1	14.1292734922757	-2.2	6.66666666666667
1	14.2082079810594	-2.2	6.66666666666667
1	14.287142469843	-2.2	6.66666666666667
1	14.3660769586267	-2.2	6.66666666666667
1	14.4450114474104	-2.2	6.66666666666667
1	14.523945936194	-2.2	6.66666666666667
1	14.6028804249777	-2.2	6.66666666666667
1	14.6818149137613	-2.2	6.66666666666667
1	14.760749402545	-2.2	6.66666666666667
1	14.8396838913287	-2.2	6.66666666666667
1	14.9186183801123	-2.2	6.66666666666667
1	14.997552868896	-2.2	6.66666666666667
1	15.0764873576797	-2.2	6.66666666666667
1	15.1554218464633	-2.2	6.66666666666667
1	15.234356335247	-2.2	6.66666666666667
1	15.3132908240307	-2.2	6.66666666666667
1	15.3922253128143	-2.2	6.66666666666667
1	15.471159801598	-2.2	6.66666666666667
1	15.5500942903816	-2.2	6.66666666666667
1	15.6290287791653	-2.2	6.66666666666667
1	15.707963267949	-2.2	6.66666666666667
1	0	-2.2	7.66666666666667
1	0.0789344887836631	-2.2	7.66666666666667
1	0.157868977567326	-2.2	7.66666666666667
1	0.236803466350989	-2.2	7.66666666666667
1	0.315737955134653	-2.2	7.66666666666667
1	0.394672443918316	-2.2	7.66666666666667
1	0.473606932701979	-2.2	7.66666666666667
1	0.552541421485642	-2.2	7.66666666666667
1	0.631475910269305	-2.2	7.66666666666667
1	0.710410399052968	-2.2	7.66666666666667
1	0.789344887836632	-2.2	7.66666666666667
1	0.868279376620295	-2.2	7.66666666666667
1	0.947213865403958	-2.2	7.66666666666667
1	1.02614835418762	-2.2	7.66666666666667
1	1.10508284297128	-2.2	7.66666666666667
1	1.18401733175495	-2.2	7.66666666666667
1	1.26295182053861	-2.2	7.66666666666667
1	1.34188630932227	-2.2	7.66666666666667
1	1.42082079810594	-2.2	7.66666666666667
1	1.4997552868896	-2.2	7.66666666666667
1	1.57868977567326	-2.2	7.66666666666667
1	1.65762426445693	-2.2	7.66666666666667
1	1.73655875324059	-2.2	7.66666666666667
1	1.81549324202425	-2.2	7.66666666666667
1	1.89442773080792	-2.2	7.66666666666667
1	1.97336221959158	-2.2	7.66666666666667
1	2.05229670837524	-2.2	7.66666666666667
1	2.1312311971589	-2.2	7.66666666666667
1	2.21016568594257	-2.2	7.66666666666667
1	2.28910017472623	-2.2	7.66666666666667
1	2.36803466350989	-2.2	7.66666666666667
1	2.44696915229356	-2.2	7.66666666666667
1	2.52590364107722	-2.2	7.66666666666667
1	2.60483812986088	-2.2	7.66666666666667
1	2.68377261864455	-2.2	7.66666666666667
1	2.76270710742821	-2.2	7.66666666666667
1	2.84164159621187	-2.2	7.66666666666667
1	2.92057608499554	-2.2	7.66666666666667
1	2.9995105737792	-2.2	7.66666666666667
1	3.07844506256286	-2.2	7.66666666666667
1	3.15737955134653	-2.2	7.66666666666667
1	3.23631404013019	-2.2	7.66666666666667
1	3.31524852891385	-2.2	7.66666666666667
1	3.39418301769752	-2.2	7.66666666666667
1	3.47311750648118	-2.2	7.66666666666667
1	3.55205199526484	-2.2	7.66666666666667
1	3.63098648404851	-2.2	7.66666666666667
1	3.70992097283217	-2.2	7.66666666666667
1	3.78885546161583	-2.2	7.66666666666667
1	3.86778995039949	-2.2	7.66666666666667
1	3.94672443918316	-2.2	7.66666666666667
1	4.02565892796682	-2.2	7.66666666666667
1	4.10459341675048	-2.2	7.66666666666667
1	4.18352790553415	-2.2	7.66666666666667
1	4.26246239431781	-2.2	7.66666666666667
1	4.34139688310147	-2.2	7.66666666666667
1	4.42033137188514	-2.2	7.66666666666667
1	4.4992658606688	-2.2	7.66666666666667
1	4.57820034945246	-2.2	7.66666666666667
1	4.65713483823613	-2.2	7.66666666666667
1	4.73606932701979	-2.2	7.66666666666667
1	4.81500381580345	-2.2	7.66666666666667
1	4.89393830458712	-2.2	7.66666666666667
1	4.97287279337078	-2.2	7.66666666666667
1	5.05180728215444	-2.2	7.66666666666667
1	5.1307417709381	-2.2	7.66666666666667
1	5.20967625972177	-2.2	7.66666666666667
1	5.28861074850543	-2.2	7.66666666666667
1	5.36754523728909	-2.09118297738091	7.66666666666667
1	5.44647972607276	-1.89803271827523	7.66666666666667
1	5.52541421485642	-1.71111311268908	7.66666666666667
1	5.60434870364008	-1.53042416062247	7.66666666666667
1	5.68328319242375	-1.3559658620754	7.66666666666667
1	5.76221768120741	-1.18773821704787	7.66666666666667
1	5.84115216999107	-1.02574122553987	7.66666666666667
1	5.92008665877474	-0.869974887551416	7.66666666666667
1	5.9990211475584	-0.720439203082497	7.66666666666667
1	6.07795563634206	-0.577134172133118	7.66666666666667
1	6.15689012512573	-0.440059794703276	7.66666666666667
1	6.23582461390939	-0.309216070792974	7.66666666666667
1	6.31475910269305	-0.184603000402208	7.66666666666667
1	6.39369359147672	-0.0662205835309824	7.66666666666667
1	6.47262808026038	0.0459311798207067	7.66666666666667
1	6.55156256904404	0.151852289652856	7.66666666666667
1	6.6304970578277	0.251542745965469	7.66666666666667
1	6.70943154661137	0.345002548758542	7.66666666666667
1	6.78836603539503	0.432231698032078	7.66666666666667
1	6.86730052417869	0.513230193786075	7.66666666666667
1	6.94623501296236	0.587998036020534	7.66666666666667
1	7.02516950174602	0.656535224735454	7.66666666666667
1	7.10410399052968	0.718841759930837	7.66666666666667
1	7.18303847931335	0.774917641606681	7.66666666666667
1	7.26197296809701	0.824762869762987	7.66666666666667
1	7.34090745688067	0.868377444399755	7.66666666666667
1	7.41984194566434	0.905761365516984	7.66666666666667
1	7.498776434448	0.936914633114675	7.66666666666667
1	7.57771092323166	0.961837247192828	7.66666666666667
1	7.65664541201533	0.980529207751443	7.66666666666667
1	7.73557990079899	0.99299051479052	7.66666666666667
1	7.81451438958265	0.999221168310058	7.66666666666667
1	7.89344887836631	0.999221168310058	7.66666666666667
1	7.97238336714998	0.99299051479052	7.66666666666667
1	8.05131785593364	0.980529207751443	7.66666666666667
1	8.1302523447173	0.961837247192828	7.66666666666667
1	8.20918683350097	0.936914633114675	7.66666666666667
1	8.28812132228463	0.905761365516985	7.66666666666667
1	8.36705581106829	0.868377444399755	7.66666666666667
1	8.44599029985196	0.824762869762987	7.66666666666667
1	8.52492478863562	0.774917641606681	7.66666666666667
1	8.60385927741928	0.718841759930838	7.66666666666667
1	8.68279376620295	0.656535224735454	7.66666666666667
1	8.76172825498661	0.587998036020534	7.66666666666667
1	8.84066274377027	0.513230193786075	7.66666666666667
1	8.91959723255394	0.432231698032078	7.66666666666667
1	8.9985317213376	0.345002548758542	7.66666666666667
1	9.07746621012126	0.251542745965468	7.66666666666667
1	9.15640069890492	0.151852289652857	7.66666666666667
1	9.23533518768859	0.0459311798207076	7.66666666666667
1	9.31426967647225	-0.0662205835309828	7.66666666666667
1	9.39320416525591	-0.184603000402209	7.66666666666667
1	9.47213865403958	-0.309216070792973	7.66666666666667
1	9.55107314282324	-0.440059794703275	7.66666666666667
1	9.6300076316069	-0.577134172133119	7.66666666666667
1	9.70894212039057	-0.720439203082498	7.66666666666667
1	9.78787660917423	-0.869974887551415	7.66666666666667
1	9.86681109795789	-1.02574122553987	7.66666666666667
1	9.94574558674156	-1.18773821704787	7.66666666666667
1	10.0246800755252	-1.3559658620754	7.66666666666667
1	10.1036145643089	-1.53042416062247	7.66666666666667
1	10.1825490530925	-1.71111311268908	7.66666666666667
1	10.2614835418762	-1.89803271827522	7.66666666666667
1	10.3404180306599	-2.09118297738091	7.66666666666667
1	10.4193525194435	-2.2	7.66666666666667
1	10.4982870082272	-2.2	7.66666666666667
1	10.5772214970109	-2.2	7.66666666666667
1	10.6561559857945	-2.2	7.66666666666667
1	10.7350904745782	-2.2	7.66666666666667
1	10.8140249633619	-2.2	7.66666666666667
1	10.8929594521455	-2.2	7.66666666666667
1	10.9718939409292	-2.2	7.66666666666667
1	11.0508284297128	-2.2	7.66666666666667
1	11.1297629184965	-2.2	7.66666666666667
1	11.2086974072802	-2.2	7.66666666666667
1	11.2876318960638	-2.2	7.66666666666667
1	11.3665663848475	-2.2	7.66666666666667
1	11.4455008736312	-2.2	7.66666666666667
1	11.5244353624148	-2.2	7.66666666666667
1	11.6033698511985	-2.2	7.66666666666667
1	11.6823043399821	-2.2	7.66666666666667
1	11.7612388287658	-2.2	7.66666666666667
1	11.8401733175495	-2.2	7.66666666666667
1	11.9191078063331	-2.2	7.66666666666667
1	11.9980422951168	-2.2	7.66666666666667
1	12.0769767839005	-2.2	7.66666666666667
1	12.1559112726841	-2.2	7.66666666666667
1	12.2348457614678	-2.2	7.66666666666667
1	12.3137802502515	-2.2	7.66666666666667
1	12.3927147390351	-2.2	7.66666666666667
1	12.4716492278188	-2.2	7.66666666666667
1	12.5505837166024	-2.2	7.66666666666667
1	12.6295182053861	-2.2	7.66666666666667
1	12.7084526941698	-2.2	7.66666666666667
1	12.7873871829534	-2.2	7.66666666666667
1	12.8663216717371	-2.2	7.66666666666667
1	12.9452561605208	-2.2	7.66666666666667
1	13.0241906493044	-2.2	7.66666666666667
1	13.1031251380881	-2.2	7.66666666666667
1	13.1820596268717	-2.2	7.66666666666667
1	13.2609941156554	-2.2	7.66666666666667
1	13.3399286044391	-2.2	7.66666666666667
1	13.4188630932227	-2.2	7.66666666666667
1	13.4977975820064	-2.2	7.66666666666667
1	13.5767320707901	-2.2	7.66666666666667
1	13.6556665595737	-2.2	7.66666666666667
1	13.7346010483574	-2.2	7.66666666666667
1	13.8135355371411	-2.2	7.66666666666667
1	13.8924700259247	-2.2	7.66666666666667
1	13.9714045147084	-2.2	7.66666666666667
1	14.050339003492	-2.2	7.66666666666667
1	14.1292734922757	-2.2	7.66666666666667
1	14.2082079810594	-2.2	7.66666666666667
1	14.287142469843	-2.2	7.66666666666667
1	14.3660769586267	-2.2	7.66666666666667
1	14.4450114474104	-2.2	7.66666666666667
1	14.523945936194	-2.2	7.66666666666667
1	14.6028804249777	-2.2	7.66666666666667
1	14.6818149137613	-2.2	7.66666666666667
1	14.760749402545	-2.2	7.66666666666667
1	14.8396838913287	-2.2	7.66666666666667
1	14.9186183801123	-2.2	7.66666666666667
1	14.997552868896	-2.2	7.66666666666667
1	15.0764873576797	-2.2	7.66666666666667
1	15.1554218464633	-2.2	7.66666666666667
1	15.234356335247	-2.2	7.66666666666667
1	15.3132908240307	-2.2	7.66666666666667
1	15.3922253128143	-2.2	7.66666666666667
1	15.471159801598	-2.2	7.66666666666667
1	15.5500942903816	-2.2	7.66666666666667
1	15.6290287791653	-2.2	7.66666666666667
1	15.707963267949	-2.2	7.66666666666667
