group	x	y	showSelected2
1	0	-0.0192939346665088	1.33333333333333
1	0.0789344887836631	0.0674056339118125	1.33333333333333
1	0.157868977567326	0.151118068070673	1.33333333333333
1	0.236803466350989	0.231843367810072	1.33333333333333
1	0.315737955134653	0.309581533130011	1.33333333333333
1	0.394672443918316	0.384332564030489	1.33333333333333
1	0.473606932701979	0.456096460511506	1.33333333333333
1	0.552541421485642	0.524873222573063	1.33333333333333
1	0.631475910269305	0.590662850215158	1.33333333333333
1	0.710410399052968	0.653465343437793	1.33333333333333
1	0.789344887836632	0.713280702240967	1.33333333333333
1	0.868279376620295	0.77010892662468	1.33333333333333
1	0.947213865403958	0.823950016588933	1.33333333333333
1	1.02614835418762	0.874803972133724	1.33333333333333
1	1.10508284297128	0.922670793259055	1.33333333333333
1	1.18401733175495	0.967550479964925	1.33333333333333
1	1.26295182053861	1.00944303225133	1.33333333333333
1	1.34188630932227	1.04834845011828	1.33333333333333
1	1.42082079810594	1.08426673356577	1.33333333333333
1	1.4997552868896	1.1171978825938	1.33333333333333
1	1.57868977567326	1.14714189720236	1.33333333333333
1	1.65762426445693	1.17409877739147	1.33333333333333
1	1.73655875324059	1.19806852316111	1.33333333333333
1	1.81549324202425	1.2190511345113	1.33333333333333
1	1.89442773080792	1.23704661144202	1.33333333333333
1	1.97336221959158	1.25205495395328	1.33333333333333
1	2.05229670837524	1.26407616204508	1.33333333333333
1	2.1312311971589	1.27311023571742	1.33333333333333
1	2.21016568594257	1.2791571749703	1.33333333333333
1	2.28910017472623	1.28221697980372	1.33333333333333
1	2.36803466350989	1.28228965021768	1.33333333333333
1	2.44696915229356	1.27937518621218	1.33333333333333
1	2.52590364107722	1.27347358778721	1.33333333333333
1	2.60483812986088	1.26458485494279	1.33333333333333
1	2.68377261864455	1.2527089876789	1.33333333333333
1	2.76270710742821	1.23784598599556	1.33333333333333
1	2.84164159621187	1.21999584989275	1.33333333333333
1	2.92057608499554	1.19915857937048	1.33333333333333
1	2.9995105737792	1.17533417442876	1.33333333333333
1	3.07844506256286	1.14852263506757	1.33333333333333
1	3.15737955134653	1.11872396128692	1.33333333333333
1	3.23631404013019	1.08593815308681	1.33333333333333
1	3.31524852891385	1.05016521046724	1.33333333333333
1	3.39418301769752	1.0114051334282	1.33333333333333
1	3.47311750648118	0.96965792196971	1.33333333333333
1	3.55205199526484	0.924923576091756	1.33333333333333
1	3.63098648404851	0.877202095794342	1.33333333333333
1	3.70992097283217	0.826493481077467	1.33333333333333
1	3.78885546161583	0.77279773194113	1.33333333333333
1	3.86778995039949	0.716114848385333	1.33333333333333
1	3.94672443918316	0.656444830410075	1.33333333333333
1	4.02565892796682	0.593787678015356	1.33333333333333
1	4.10459341675048	0.528143391201177	1.33333333333333
1	4.18352790553415	0.459511969967537	1.33333333333333
1	4.26246239431781	0.387893414314436	1.33333333333333
1	4.34139688310147	0.313287724241874	1.33333333333333
1	4.42033137188514	0.235694899749852	1.33333333333333
1	4.4992658606688	0.155114940838368	1.33333333333333
1	4.57820034945246	0.0715478475074245	1.33333333333333
1	4.65713483823613	-0.0150063802429807	1.33333333333333
1	4.73606932701979	-0.104547742412847	1.33333333333333
1	4.81500381580345	-0.197076239002175	1.33333333333333
1	4.89393830458712	-0.29259187001096	1.33333333333333
1	4.97287279337078	-0.391094635439209	1.33333333333333
1	5.05180728215444	-0.492584535286918	1.33333333333333
1	5.1307417709381	-0.597061569554088	1.33333333333333
1	5.20967625972177	-0.704525738240718	1.33333333333333
1	5.28861074850543	-0.814977041346809	1.33333333333333
1	5.36754523728909	-0.928415478872362	1.33333333333333
1	5.44647972607276	-1.04484105081737	1.33333333333333
1	5.52541421485642	-1.16425375718185	1.33333333333333
1	5.60434870364008	-1.28665359796578	1.33333333333333
1	5.68328319242375	-1.41204057316918	1.33333333333333
1	5.76221768120741	-1.54041468279203	1.33333333333333
1	5.84115216999107	-1.67177592683435	1.33333333333333
1	5.92008665877474	-1.80612430529613	1.33333333333333
1	5.9990211475584	-1.94345981817737	1.33333333333333
1	6.07795563634206	-2.08378246547807	1.33333333333333
1	6.15689012512573	-2.2	1.33333333333333
1	6.23582461390939	-2.2	1.33333333333333
1	6.31475910269305	-2.2	1.33333333333333
1	6.39369359147672	-2.2	1.33333333333333
1	6.47262808026038	-2.2	1.33333333333333
1	6.55156256904404	-2.2	1.33333333333333
1	6.6304970578277	-2.2	1.33333333333333
1	6.70943154661137	-2.2	1.33333333333333
1	6.78836603539503	-2.2	1.33333333333333
1	6.86730052417869	-2.2	1.33333333333333
1	6.94623501296236	-2.2	1.33333333333333
1	7.02516950174602	-2.2	1.33333333333333
1	7.10410399052968	-2.2	1.33333333333333
1	7.18303847931335	-2.2	1.33333333333333
1	7.26197296809701	-2.2	1.33333333333333
1	7.34090745688067	-2.2	1.33333333333333
1	7.41984194566434	-2.2	1.33333333333333
1	7.498776434448	-2.2	1.33333333333333
1	7.57771092323166	-2.2	1.33333333333333
1	7.65664541201533	-2.2	1.33333333333333
1	7.73557990079899	-2.2	1.33333333333333
1	7.81451438958265	-2.2	1.33333333333333
1	7.89344887836631	-2.2	1.33333333333333
1	7.97238336714998	-2.2	1.33333333333333
1	8.05131785593364	-2.2	1.33333333333333
1	8.1302523447173	-2.2	1.33333333333333
1	8.20918683350097	-2.2	1.33333333333333
1	8.28812132228463	-2.2	1.33333333333333
1	8.36705581106829	-2.2	1.33333333333333
1	8.44599029985196	-2.2	1.33333333333333
1	8.52492478863562	-2.2	1.33333333333333
1	8.60385927741928	-2.2	1.33333333333333
1	8.68279376620295	-2.2	1.33333333333333
1	8.76172825498661	-2.2	1.33333333333333
1	8.84066274377027	-2.2	1.33333333333333
1	8.91959723255394	-2.2	1.33333333333333
1	8.9985317213376	-2.2	1.33333333333333
1	9.07746621012126	-2.2	1.33333333333333
1	9.15640069890492	-2.2	1.33333333333333
1	9.23533518768859	-2.2	1.33333333333333
1	9.31426967647225	-2.2	1.33333333333333
1	9.39320416525591	-2.2	1.33333333333333
1	9.47213865403958	-2.2	1.33333333333333
1	9.55107314282324	-2.2	1.33333333333333
1	9.6300076316069	-2.2	1.33333333333333
1	9.70894212039057	-2.2	1.33333333333333
1	9.78787660917423	-2.2	1.33333333333333
1	9.86681109795789	-2.2	1.33333333333333
1	9.94574558674156	-2.2	1.33333333333333
1	10.0246800755252	-2.2	1.33333333333333
1	10.1036145643089	-2.2	1.33333333333333
1	10.1825490530925	-2.2	1.33333333333333
1	10.2614835418762	-2.2	1.33333333333333
1	10.3404180306599	-2.2	1.33333333333333
1	10.4193525194435	-2.2	1.33333333333333
1	10.4982870082272	-2.2	1.33333333333333
1	10.5772214970109	-2.2	1.33333333333333
1	10.6561559857945	-2.2	1.33333333333333
1	10.7350904745782	-2.2	1.33333333333333
1	10.8140249633619	-2.2	1.33333333333333
1	10.8929594521455	-2.2	1.33333333333333
1	10.9718939409292	-2.2	1.33333333333333
1	11.0508284297128	-2.2	1.33333333333333
1	11.1297629184965	-2.2	1.33333333333333
1	11.2086974072802	-2.2	1.33333333333333
1	11.2876318960638	-2.2	1.33333333333333
1	11.3665663848475	-2.2	1.33333333333333
1	11.4455008736312	-2.2	1.33333333333333
1	11.5244353624148	-2.2	1.33333333333333
1	11.6033698511985	-2.2	1.33333333333333
1	11.6823043399821	-2.2	1.33333333333333
1	11.7612388287658	-2.2	1.33333333333333
1	11.8401733175495	-2.2	1.33333333333333
1	11.9191078063331	-2.2	1.33333333333333
1	11.9980422951168	-2.2	1.33333333333333
1	12.0769767839005	-2.2	1.33333333333333
1	12.1559112726841	-2.2	1.33333333333333
1	12.2348457614678	-2.2	1.33333333333333
1	12.3137802502515	-2.2	1.33333333333333
1	12.3927147390351	-2.2	1.33333333333333
1	12.4716492278188	-2.2	1.33333333333333
1	12.5505837166024	-2.2	1.33333333333333
1	12.6295182053861	-2.2	1.33333333333333
1	12.7084526941698	-2.2	1.33333333333333
1	12.7873871829534	-2.2	1.33333333333333
1	12.8663216717371	-2.2	1.33333333333333
1	12.9452561605208	-2.2	1.33333333333333
1	13.0241906493044	-2.2	1.33333333333333
1	13.1031251380881	-2.2	1.33333333333333
1	13.1820596268717	-2.2	1.33333333333333
1	13.2609941156554	-2.2	1.33333333333333
1	13.3399286044391	-2.2	1.33333333333333
1	13.4188630932227	-2.2	1.33333333333333
1	13.4977975820064	-2.2	1.33333333333333
1	13.5767320707901	-2.2	1.33333333333333
1	13.6556665595737	-2.2	1.33333333333333
1	13.7346010483574	-2.2	1.33333333333333
1	13.8135355371411	-2.2	1.33333333333333
1	13.8924700259247	-2.2	1.33333333333333
1	13.9714045147084	-2.2	1.33333333333333
1	14.050339003492	-2.2	1.33333333333333
1	14.1292734922757	-2.2	1.33333333333333
1	14.2082079810594	-2.2	1.33333333333333
1	14.287142469843	-2.2	1.33333333333333
1	14.3660769586267	-2.2	1.33333333333333
1	14.4450114474104	-2.2	1.33333333333333
1	14.523945936194	-2.2	1.33333333333333
1	14.6028804249777	-2.2	1.33333333333333
1	14.6818149137613	-2.2	1.33333333333333
1	14.760749402545	-2.2	1.33333333333333
1	14.8396838913287	-2.2	1.33333333333333
1	14.9186183801123	-2.2	1.33333333333333
1	14.997552868896	-2.2	1.33333333333333
1	15.0764873576797	-2.2	1.33333333333333
1	15.1554218464633	-2.2	1.33333333333333
1	15.234356335247	-2.2	1.33333333333333
1	15.3132908240307	-2.2	1.33333333333333
1	15.3922253128143	-2.2	1.33333333333333
1	15.471159801598	-2.2	1.33333333333333
1	15.5500942903816	-2.2	1.33333333333333
1	15.6290287791653	-2.2	1.33333333333333
1	15.707963267949	-2.2	1.33333333333333
1	0	0.361118025457455	2.33333333333333
1	0.0789344887836631	0.437874192434468	2.33333333333333
1	0.157868977567326	0.510112832919177	2.33333333333333
1	0.236803466350989	0.577833946911582	2.33333333333333
1	0.315737955134653	0.641037534411683	2.33333333333333
1	0.394672443918316	0.699723595419479	2.33333333333333
1	0.473606932701979	0.753892129934972	2.33333333333333
1	0.552541421485642	0.803543137958161	2.33333333333333
1	0.631475910269305	0.848676619489046	2.33333333333333
1	0.710410399052968	0.889292574527626	2.33333333333333
1	0.789344887836632	0.925391003073903	2.33333333333333
1	0.868279376620295	0.956971905127876	2.33333333333333
1	0.947213865403958	0.984035280689545	2.33333333333333
1	1.02614835418762	1.00658112975891	2.33333333333333
1	1.10508284297128	1.02460945233597	2.33333333333333
1	1.18401733175495	1.03812024842073	2.33333333333333
1	1.26295182053861	1.04711351801318	2.33333333333333
1	1.34188630932227	1.05158926111333	2.33333333333333
1	1.42082079810594	1.05154747772117	2.33333333333333
1	1.4997552868896	1.04698816783671	2.33333333333333
1	1.57868977567326	1.03791133145995	2.33333333333333
1	1.65762426445693	1.02431696859088	2.33333333333333
1	1.73655875324059	1.00620507922951	2.33333333333333
1	1.81549324202425	0.983575663375835	2.33333333333333
1	1.89442773080792	0.956428721029855	2.33333333333333
1	1.97336221959158	0.924764252191572	2.33333333333333
1	2.05229670837524	0.888582256860984	2.33333333333333
1	2.1312311971589	0.847882735038093	2.33333333333333
1	2.21016568594257	0.802665686722897	2.33333333333333
1	2.28910017472623	0.752931111915397	2.33333333333333
1	2.36803466350989	0.698679010615594	2.33333333333333
1	2.44696915229356	0.639909382823486	2.33333333333333
1	2.52590364107722	0.576622228539074	2.33333333333333
1	2.60483812986088	0.508817547762359	2.33333333333333
1	2.68377261864455	0.436495340493339	2.33333333333333
1	2.76270710742821	0.359655606732015	2.33333333333333
1	2.84164159621187	0.278298346478387	2.33333333333333
1	2.92057608499554	0.192423559732455	2.33333333333333
1	2.9995105737792	0.10203124649422	2.33333333333333
1	3.07844506256286	0.00712140676367973	2.33333333333333
1	3.15737955134653	-0.0923059594591641	2.33333333333333
1	3.23631404013019	-0.196250852174312	2.33333333333333
1	3.31524852891385	-0.304713271381764	2.33333333333333
1	3.39418301769752	-0.41769321708152	2.33333333333333
1	3.47311750648118	-0.53519068927358	2.33333333333333
1	3.55205199526484	-0.657205687957944	2.33333333333333
1	3.63098648404851	-0.783738213134612	2.33333333333333
1	3.70992097283217	-0.914788264803584	2.33333333333333
1	3.78885546161583	-1.05035584296486	2.33333333333333
1	3.86778995039949	-1.19044094761844	2.33333333333333
1	3.94672443918316	-1.33504357876432	2.33333333333333
1	4.02565892796682	-1.48416373640251	2.33333333333333
1	4.10459341675048	-1.637801420533	2.33333333333333
1	4.18352790553415	-1.7959566311558	2.33333333333333
1	4.26246239431781	-1.9586293682709	2.33333333333333
1	4.34139688310147	-2.12581963187831	2.33333333333333
1	4.42033137188514	-2.2	2.33333333333333
1	4.4992658606688	-2.2	2.33333333333333
1	4.57820034945246	-2.2	2.33333333333333
1	4.65713483823613	-2.2	2.33333333333333
1	4.73606932701979	-2.2	2.33333333333333
1	4.81500381580345	-2.2	2.33333333333333
1	4.89393830458712	-2.2	2.33333333333333
1	4.97287279337078	-2.2	2.33333333333333
1	5.05180728215444	-2.2	2.33333333333333
1	5.1307417709381	-2.2	2.33333333333333
1	5.20967625972177	-2.2	2.33333333333333
1	5.28861074850543	-2.2	2.33333333333333
1	5.36754523728909	-2.2	2.33333333333333
1	5.44647972607276	-2.2	2.33333333333333
1	5.52541421485642	-2.2	2.33333333333333
1	5.60434870364008	-2.2	2.33333333333333
1	5.68328319242375	-2.2	2.33333333333333
1	5.76221768120741	-2.2	2.33333333333333
1	5.84115216999107	-2.2	2.33333333333333
1	5.92008665877474	-2.2	2.33333333333333
1	5.9990211475584	-2.2	2.33333333333333
1	6.07795563634206	-2.2	2.33333333333333
1	6.15689012512573	-2.2	2.33333333333333
1	6.23582461390939	-2.2	2.33333333333333
1	6.31475910269305	-2.2	2.33333333333333
1	6.39369359147672	-2.2	2.33333333333333
1	6.47262808026038	-2.2	2.33333333333333
1	6.55156256904404	-2.2	2.33333333333333
1	6.6304970578277	-2.2	2.33333333333333
1	6.70943154661137	-2.2	2.33333333333333
1	6.78836603539503	-2.2	2.33333333333333
1	6.86730052417869	-2.2	2.33333333333333
1	6.94623501296236	-2.2	2.33333333333333
1	7.02516950174602	-2.2	2.33333333333333
1	7.10410399052968	-2.2	2.33333333333333
1	7.18303847931335	-2.2	2.33333333333333
1	7.26197296809701	-2.2	2.33333333333333
1	7.34090745688067	-2.2	2.33333333333333
1	7.41984194566434	-2.2	2.33333333333333
1	7.498776434448	-2.2	2.33333333333333
1	7.57771092323166	-2.2	2.33333333333333
1	7.65664541201533	-2.2	2.33333333333333
1	7.73557990079899	-2.2	2.33333333333333
1	7.81451438958265	-2.2	2.33333333333333
1	7.89344887836631	-2.2	2.33333333333333
1	7.97238336714998	-2.2	2.33333333333333
1	8.05131785593364	-2.2	2.33333333333333
1	8.1302523447173	-2.2	2.33333333333333
1	8.20918683350097	-2.2	2.33333333333333
1	8.28812132228463	-2.2	2.33333333333333
1	8.36705581106829	-2.2	2.33333333333333
1	8.44599029985196	-2.2	2.33333333333333
1	8.52492478863562	-2.2	2.33333333333333
1	8.60385927741928	-2.2	2.33333333333333
1	8.68279376620295	-2.2	2.33333333333333
1	8.76172825498661	-2.2	2.33333333333333
1	8.84066274377027	-2.2	2.33333333333333
1	8.91959723255394	-2.2	2.33333333333333
1	8.9985317213376	-2.2	2.33333333333333
1	9.07746621012126	-2.2	2.33333333333333
1	9.15640069890492	-2.2	2.33333333333333
1	9.23533518768859	-2.2	2.33333333333333
1	9.31426967647225	-2.2	2.33333333333333
1	9.39320416525591	-2.2	2.33333333333333
1	9.47213865403958	-2.2	2.33333333333333
1	9.55107314282324	-2.2	2.33333333333333
1	9.6300076316069	-2.2	2.33333333333333
1	9.70894212039057	-2.2	2.33333333333333
1	9.78787660917423	-2.2	2.33333333333333
1	9.86681109795789	-2.2	2.33333333333333
1	9.94574558674156	-2.2	2.33333333333333
1	10.0246800755252	-2.2	2.33333333333333
1	10.1036145643089	-2.2	2.33333333333333
1	10.1825490530925	-2.2	2.33333333333333
1	10.2614835418762	-2.2	2.33333333333333
1	10.3404180306599	-2.2	2.33333333333333
1	10.4193525194435	-2.2	2.33333333333333
1	10.4982870082272	-2.2	2.33333333333333
1	10.5772214970109	-2.2	2.33333333333333
1	10.6561559857945	-2.2	2.33333333333333
1	10.7350904745782	-2.2	2.33333333333333
1	10.8140249633619	-2.2	2.33333333333333
1	10.8929594521455	-2.2	2.33333333333333
1	10.9718939409292	-2.2	2.33333333333333
1	11.0508284297128	-2.2	2.33333333333333
1	11.1297629184965	-2.2	2.33333333333333
1	11.2086974072802	-2.2	2.33333333333333
1	11.2876318960638	-2.2	2.33333333333333
1	11.3665663848475	-2.2	2.33333333333333
1	11.4455008736312	-2.2	2.33333333333333
1	11.5244353624148	-2.2	2.33333333333333
1	11.6033698511985	-2.2	2.33333333333333
1	11.6823043399821	-2.2	2.33333333333333
1	11.7612388287658	-2.2	2.33333333333333
1	11.8401733175495	-2.2	2.33333333333333
1	11.9191078063331	-2.2	2.33333333333333
1	11.9980422951168	-2.2	2.33333333333333
1	12.0769767839005	-2.2	2.33333333333333
1	12.1559112726841	-2.2	2.33333333333333
1	12.2348457614678	-2.2	2.33333333333333
1	12.3137802502515	-2.2	2.33333333333333
1	12.3927147390351	-2.2	2.33333333333333
1	12.4716492278188	-2.2	2.33333333333333
1	12.5505837166024	-2.2	2.33333333333333
1	12.6295182053861	-2.2	2.33333333333333
1	12.7084526941698	-2.2	2.33333333333333
1	12.7873871829534	-2.2	2.33333333333333
1	12.8663216717371	-2.2	2.33333333333333
1	12.9452561605208	-2.2	2.33333333333333
1	13.0241906493044	-2.2	2.33333333333333
1	13.1031251380881	-2.2	2.33333333333333
1	13.1820596268717	-2.2	2.33333333333333
1	13.2609941156554	-2.2	2.33333333333333
1	13.3399286044391	-2.2	2.33333333333333
1	13.4188630932227	-2.2	2.33333333333333
1	13.4977975820064	-2.2	2.33333333333333
1	13.5767320707901	-2.2	2.33333333333333
1	13.6556665595737	-2.2	2.33333333333333
1	13.7346010483574	-2.2	2.33333333333333
1	13.8135355371411	-2.2	2.33333333333333
1	13.8924700259247	-2.2	2.33333333333333
1	13.9714045147084	-2.2	2.33333333333333
1	14.050339003492	-2.2	2.33333333333333
1	14.1292734922757	-2.2	2.33333333333333
1	14.2082079810594	-2.2	2.33333333333333
1	14.287142469843	-2.2	2.33333333333333
1	14.3660769586267	-2.2	2.33333333333333
1	14.4450114474104	-2.2	2.33333333333333
1	14.523945936194	-2.2	2.33333333333333
1	14.6028804249777	-2.2	2.33333333333333
1	14.6818149137613	-2.2	2.33333333333333
1	14.760749402545	-2.2	2.33333333333333
1	14.8396838913287	-2.2	2.33333333333333
1	14.9186183801123	-2.2	2.33333333333333
1	14.997552868896	-2.2	2.33333333333333
1	15.0764873576797	-2.2	2.33333333333333
1	15.1554218464633	-2.2	2.33333333333333
1	15.234356335247	-2.2	2.33333333333333
1	15.3132908240307	-2.2	2.33333333333333
1	15.3922253128143	-2.2	2.33333333333333
1	15.471159801598	-2.2	2.33333333333333
1	15.5500942903816	-2.2	2.33333333333333
1	15.6290287791653	-2.2	2.33333333333333
1	15.707963267949	-2.2	2.33333333333333
1	0	-0.214884202074102	3.33333333333333
1	0.0789344887836631	-0.0960083938421455	3.33333333333333
1	0.157868977567326	0.0167490897348641	3.33333333333333
1	0.236803466350989	0.123388248656927	3.33333333333333
1	0.315737955134653	0.223909082924044	3.33333333333333
1	0.394672443918316	0.318311592536214	3.33333333333333
1	0.473606932701979	0.406595777493437	3.33333333333333
1	0.552541421485642	0.488761637795714	3.33333333333333
1	0.631475910269305	0.564809173443045	3.33333333333333
1	0.710410399052968	0.634738384435429	3.33333333333333
1	0.789344887836632	0.698549270772867	3.33333333333333
1	0.868279376620295	0.756241832455358	3.33333333333333
1	0.947213865403958	0.807816069482902	3.33333333333333
1	1.02614835418762	0.8532719818555	3.33333333333333
1	1.10508284297128	0.892609569573152	3.33333333333333
1	1.18401733175495	0.925828832635857	3.33333333333333
1	1.26295182053861	0.952929771043615	3.33333333333333
1	1.34188630932227	0.973912384796428	3.33333333333333
1	1.42082079810594	0.988776673894293	3.33333333333333
1	1.4997552868896	0.997522638337212	3.33333333333333
1	1.57868977567326	1.00015027812518	3.33333333333333
1	1.65762426445693	0.996659593258211	3.33333333333333
1	1.73655875324059	0.98705058373629	3.33333333333333
1	1.81549324202425	0.971323249559424	3.33333333333333
1	1.89442773080792	0.94947759072761	3.33333333333333
1	1.97336221959158	0.92151360724085	3.33333333333333
1	2.05229670837524	0.887431299099144	3.33333333333333
1	2.1312311971589	0.847230666302491	3.33333333333333
1	2.21016568594257	0.800911708850891	3.33333333333333
1	2.28910017472623	0.748474426744345	3.33333333333333
1	2.36803466350989	0.689918819982853	3.33333333333333
1	2.44696915229356	0.625244888566414	3.33333333333333
1	2.52590364107722	0.554452632495028	3.33333333333333
1	2.60483812986088	0.477542051768697	3.33333333333333
1	2.68377261864455	0.394513146387418	3.33333333333333
1	2.76270710742821	0.305365916351193	3.33333333333333
1	2.84164159621187	0.210100361660022	3.33333333333333
1	2.92057608499554	0.108716482313904	3.33333333333333
1	2.9995105737792	0.00121427831283905	3.33333333333333
1	3.07844506256286	-0.112406250343172	3.33333333333333
1	3.15737955134653	-0.232145103654129	3.33333333333333
1	3.23631404013019	-0.358002281620033	3.33333333333333
1	3.31524852891385	-0.489977784240884	3.33333333333333
1	3.39418301769752	-0.628071611516681	3.33333333333333
1	3.47311750648118	-0.772283763447424	3.33333333333333
1	3.55205199526484	-0.922614240033114	3.33333333333333
1	3.63098648404851	-1.07906304127375	3.33333333333333
1	3.70992097283217	-1.24163016716933	3.33333333333333
1	3.78885546161583	-1.41031561771986	3.33333333333333
1	3.86778995039949	-1.58511939292534	3.33333333333333
1	3.94672443918316	-1.76604149278576	3.33333333333333
1	4.02565892796682	-1.95308191730113	3.33333333333333
1	4.10459341675048	-2.14624066647145	3.33333333333333
1	4.18352790553415	-2.2	3.33333333333333
1	4.26246239431781	-2.2	3.33333333333333
1	4.34139688310147	-2.2	3.33333333333333
1	4.42033137188514	-2.2	3.33333333333333
1	4.4992658606688	-2.2	3.33333333333333
1	4.57820034945246	-2.2	3.33333333333333
1	4.65713483823613	-2.2	3.33333333333333
1	4.73606932701979	-2.2	3.33333333333333
1	4.81500381580345	-2.2	3.33333333333333
1	4.89393830458712	-2.2	3.33333333333333
1	4.97287279337078	-2.2	3.33333333333333
1	5.05180728215444	-2.2	3.33333333333333
1	5.1307417709381	-2.2	3.33333333333333
1	5.20967625972177	-2.2	3.33333333333333
1	5.28861074850543	-2.2	3.33333333333333
1	5.36754523728909	-2.2	3.33333333333333
1	5.44647972607276	-2.2	3.33333333333333
1	5.52541421485642	-2.2	3.33333333333333
1	5.60434870364008	-2.2	3.33333333333333
1	5.68328319242375	-2.2	3.33333333333333
1	5.76221768120741	-2.2	3.33333333333333
1	5.84115216999107	-2.2	3.33333333333333
1	5.92008665877474	-2.2	3.33333333333333
1	5.9990211475584	-2.2	3.33333333333333
1	6.07795563634206	-2.2	3.33333333333333
1	6.15689012512573	-2.2	3.33333333333333
1	6.23582461390939	-2.2	3.33333333333333
1	6.31475910269305	-2.2	3.33333333333333
1	6.39369359147672	-2.2	3.33333333333333
1	6.47262808026038	-2.2	3.33333333333333
1	6.55156256904404	-2.2	3.33333333333333
1	6.6304970578277	-2.2	3.33333333333333
1	6.70943154661137	-2.2	3.33333333333333
1	6.78836603539503	-2.2	3.33333333333333
1	6.86730052417869	-2.2	3.33333333333333
1	6.94623501296236	-2.2	3.33333333333333
1	7.02516950174602	-2.2	3.33333333333333
1	7.10410399052968	-2.2	3.33333333333333
1	7.18303847931335	-2.2	3.33333333333333
1	7.26197296809701	-2.2	3.33333333333333
1	7.34090745688067	-2.2	3.33333333333333
1	7.41984194566434	-2.2	3.33333333333333
1	7.498776434448	-2.2	3.33333333333333
1	7.57771092323166	-2.2	3.33333333333333
1	7.65664541201533	-2.2	3.33333333333333
1	7.73557990079899	-2.2	3.33333333333333
1	7.81451438958265	-2.2	3.33333333333333
1	7.89344887836631	-2.2	3.33333333333333
1	7.97238336714998	-2.2	3.33333333333333
1	8.05131785593364	-2.2	3.33333333333333
1	8.1302523447173	-2.2	3.33333333333333
1	8.20918683350097	-2.2	3.33333333333333
1	8.28812132228463	-2.2	3.33333333333333
1	8.36705581106829	-2.2	3.33333333333333
1	8.44599029985196	-2.2	3.33333333333333
1	8.52492478863562	-2.2	3.33333333333333
1	8.60385927741928	-2.2	3.33333333333333
1	8.68279376620295	-2.2	3.33333333333333
1	8.76172825498661	-2.2	3.33333333333333
1	8.84066274377027	-2.2	3.33333333333333
1	8.91959723255394	-2.2	3.33333333333333
1	8.9985317213376	-2.2	3.33333333333333
1	9.07746621012126	-2.2	3.33333333333333
1	9.15640069890492	-2.2	3.33333333333333
1	9.23533518768859	-2.2	3.33333333333333
1	9.31426967647225	-2.2	3.33333333333333
1	9.39320416525591	-2.2	3.33333333333333
1	9.47213865403958	-2.2	3.33333333333333
1	9.55107314282324	-2.2	3.33333333333333
1	9.6300076316069	-2.2	3.33333333333333
1	9.70894212039057	-2.2	3.33333333333333
1	9.78787660917423	-2.2	3.33333333333333
1	9.86681109795789	-2.2	3.33333333333333
1	9.94574558674156	-2.2	3.33333333333333
1	10.0246800755252	-2.2	3.33333333333333
1	10.1036145643089	-2.2	3.33333333333333
1	10.1825490530925	-2.2	3.33333333333333
1	10.2614835418762	-2.2	3.33333333333333
1	10.3404180306599	-2.2	3.33333333333333
1	10.4193525194435	-2.2	3.33333333333333
1	10.4982870082272	-2.2	3.33333333333333
1	10.5772214970109	-2.2	3.33333333333333
1	10.6561559857945	-2.2	3.33333333333333
1	10.7350904745782	-2.2	3.33333333333333
1	10.8140249633619	-2.2	3.33333333333333
1	10.8929594521455	-2.2	3.33333333333333
1	10.9718939409292	-2.2	3.33333333333333
1	11.0508284297128	-2.2	3.33333333333333
1	11.1297629184965	-2.2	3.33333333333333
1	11.2086974072802	-2.2	3.33333333333333
1	11.2876318960638	-2.2	3.33333333333333
1	11.3665663848475	-2.2	3.33333333333333
1	11.4455008736312	-2.2	3.33333333333333
1	11.5244353624148	-2.2	3.33333333333333
1	11.6033698511985	-2.2	3.33333333333333
1	11.6823043399821	-2.2	3.33333333333333
1	11.7612388287658	-2.2	3.33333333333333
1	11.8401733175495	-2.2	3.33333333333333
1	11.9191078063331	-2.2	3.33333333333333
1	11.9980422951168	-2.2	3.33333333333333
1	12.0769767839005	-2.2	3.33333333333333
1	12.1559112726841	-2.2	3.33333333333333
1	12.2348457614678	-2.2	3.33333333333333
1	12.3137802502515	-2.2	3.33333333333333
1	12.3927147390351	-2.2	3.33333333333333
1	12.4716492278188	-2.2	3.33333333333333
1	12.5505837166024	-2.2	3.33333333333333
1	12.6295182053861	-2.2	3.33333333333333
1	12.7084526941698	-2.2	3.33333333333333
1	12.7873871829534	-2.2	3.33333333333333
1	12.8663216717371	-2.2	3.33333333333333
1	12.9452561605208	-2.2	3.33333333333333
1	13.0241906493044	-2.2	3.33333333333333
1	13.1031251380881	-2.2	3.33333333333333
1	13.1820596268717	-2.2	3.33333333333333
1	13.2609941156554	-2.2	3.33333333333333
1	13.3399286044391	-2.2	3.33333333333333
1	13.4188630932227	-2.2	3.33333333333333
1	13.4977975820064	-2.2	3.33333333333333
1	13.5767320707901	-2.2	3.33333333333333
1	13.6556665595737	-2.2	3.33333333333333
1	13.7346010483574	-2.2	3.33333333333333
1	13.8135355371411	-2.2	3.33333333333333
1	13.8924700259247	-2.2	3.33333333333333
1	13.9714045147084	-2.2	3.33333333333333
1	14.050339003492	-2.2	3.33333333333333
1	14.1292734922757	-2.2	3.33333333333333
1	14.2082079810594	-2.2	3.33333333333333
1	14.287142469843	-2.2	3.33333333333333
1	14.3660769586267	-2.2	3.33333333333333
1	14.4450114474104	-2.2	3.33333333333333
1	14.523945936194	-2.2	3.33333333333333
1	14.6028804249777	-2.2	3.33333333333333
1	14.6818149137613	-2.2	3.33333333333333
1	14.760749402545	-2.2	3.33333333333333
1	14.8396838913287	-2.2	3.33333333333333
1	14.9186183801123	-2.2	3.33333333333333
1	14.997552868896	-2.2	3.33333333333333
1	15.0764873576797	-2.2	3.33333333333333
1	15.1554218464633	-2.2	3.33333333333333
1	15.234356335247	-2.2	3.33333333333333
1	15.3132908240307	-2.2	3.33333333333333
1	15.3922253128143	-2.2	3.33333333333333
1	15.471159801598	-2.2	3.33333333333333
1	15.5500942903816	-2.2	3.33333333333333
1	15.6290287791653	-2.2	3.33333333333333
1	15.707963267949	-2.2	3.33333333333333
1	0	-0.233697205533153	4.33333333333333
1	0.0789344887836631	-0.112822854634436	4.33333333333333
1	0.157868977567326	0.00182085960294409	4.33333333333333
1	0.236803466350989	0.110233937178988	4.33333333333333
1	0.315737955134653	0.212416378093695	4.33333333333333
1	0.394672443918316	0.308368182347065	4.33333333333333
1	0.473606932701979	0.398089349939099	4.33333333333333
1	0.552541421485642	0.481579880869796	4.33333333333333
1	0.631475910269305	0.558839775139157	4.33333333333333
1	0.710410399052968	0.629869032747181	4.33333333333333
1	0.789344887836632	0.694667653693868	4.33333333333333
1	0.868279376620295	0.753235637979219	4.33333333333333
1	0.947213865403958	0.805572985603233	4.33333333333333
1	1.02614835418762	0.851679696565912	4.33333333333333
1	1.10508284297128	0.891555770867253	4.33333333333333
1	1.18401733175495	0.925201208507258	4.33333333333333
1	1.26295182053861	0.952616009485926	4.33333333333333
1	1.34188630932227	0.973800173803257	4.33333333333333
1	1.42082079810594	0.988753701459252	4.33333333333333
1	1.4997552868896	0.99747659245391	4.33333333333333
1	1.57868977567326	0.999968846787232	4.33333333333333
1	1.65762426445693	0.996230464459218	4.33333333333333
1	1.73655875324059	0.986261445469866	4.33333333333333
1	1.81549324202425	0.970061789819179	4.33333333333333
1	1.89442773080792	0.947631497507154	4.33333333333333
1	1.97336221959158	0.918970568533793	4.33333333333333
1	2.05229670837524	0.884079002899096	4.33333333333333
1	2.1312311971589	0.842956800603062	4.33333333333333
1	2.21016568594257	0.795603961645691	4.33333333333333
1	2.28910017472623	0.742020486026984	4.33333333333333
1	2.36803466350989	0.68220637374694	4.33333333333333
1	2.44696915229356	0.616161624805559	4.33333333333333
1	2.52590364107722	0.543886239202843	4.33333333333333
1	2.60483812986088	0.465380216938789	4.33333333333333
1	2.68377261864455	0.380643558013399	4.33333333333333
1	2.76270710742821	0.289676262426672	4.33333333333333
1	2.84164159621187	0.192478330178609	4.33333333333333
1	2.92057608499554	0.0890497612692092	4.33333333333333
1	2.9995105737792	-0.0206094443015271	4.33333333333333
1	3.07844506256286	-0.1364992865336	4.33333333333333
1	3.15737955134653	-0.25861976542701	4.33333333333333
1	3.23631404013019	-0.386970880981756	4.33333333333333
1	3.31524852891385	-0.521552633197838	4.33333333333333
1	3.39418301769752	-0.662365022075258	4.33333333333333
1	3.47311750648118	-0.809408047614013	4.33333333333333
1	3.55205199526484	-0.962681709814106	4.33333333333333
1	3.63098648404851	-1.12218600867553	4.33333333333333
1	3.70992097283217	-1.2879209441983	4.33333333333333
1	3.78885546161583	-1.4598865163824	4.33333333333333
1	3.86778995039949	-1.63808272522784	4.33333333333333
1	3.94672443918316	-1.82250957073461	4.33333333333333
1	4.02565892796682	-2.01316705290273	4.33333333333333
1	4.10459341675048	-2.2	4.33333333333333
1	4.18352790553415	-2.2	4.33333333333333
1	4.26246239431781	-2.2	4.33333333333333
1	4.34139688310147	-2.2	4.33333333333333
1	4.42033137188514	-2.2	4.33333333333333
1	4.4992658606688	-2.2	4.33333333333333
1	4.57820034945246	-2.2	4.33333333333333
1	4.65713483823613	-2.2	4.33333333333333
1	4.73606932701979	-2.2	4.33333333333333
1	4.81500381580345	-2.2	4.33333333333333
1	4.89393830458712	-2.2	4.33333333333333
1	4.97287279337078	-2.2	4.33333333333333
1	5.05180728215444	-2.2	4.33333333333333
1	5.1307417709381	-2.2	4.33333333333333
1	5.20967625972177	-2.2	4.33333333333333
1	5.28861074850543	-2.2	4.33333333333333
1	5.36754523728909	-2.2	4.33333333333333
1	5.44647972607276	-2.2	4.33333333333333
1	5.52541421485642	-2.2	4.33333333333333
1	5.60434870364008	-2.2	4.33333333333333
1	5.68328319242375	-2.2	4.33333333333333
1	5.76221768120741	-2.2	4.33333333333333
1	5.84115216999107	-2.2	4.33333333333333
1	5.92008665877474	-2.2	4.33333333333333
1	5.9990211475584	-2.2	4.33333333333333
1	6.07795563634206	-2.2	4.33333333333333
1	6.15689012512573	-2.2	4.33333333333333
1	6.23582461390939	-2.2	4.33333333333333
1	6.31475910269305	-2.2	4.33333333333333
1	6.39369359147672	-2.2	4.33333333333333
1	6.47262808026038	-2.2	4.33333333333333
1	6.55156256904404	-2.2	4.33333333333333
1	6.6304970578277	-2.2	4.33333333333333
1	6.70943154661137	-2.2	4.33333333333333
1	6.78836603539503	-2.2	4.33333333333333
1	6.86730052417869	-2.2	4.33333333333333
1	6.94623501296236	-2.2	4.33333333333333
1	7.02516950174602	-2.2	4.33333333333333
1	7.10410399052968	-2.2	4.33333333333333
1	7.18303847931335	-2.2	4.33333333333333
1	7.26197296809701	-2.2	4.33333333333333
1	7.34090745688067	-2.2	4.33333333333333
1	7.41984194566434	-2.2	4.33333333333333
1	7.498776434448	-2.2	4.33333333333333
1	7.57771092323166	-2.2	4.33333333333333
1	7.65664541201533	-2.2	4.33333333333333
1	7.73557990079899	-2.2	4.33333333333333
1	7.81451438958265	-2.2	4.33333333333333
1	7.89344887836631	-2.2	4.33333333333333
1	7.97238336714998	-2.2	4.33333333333333
1	8.05131785593364	-2.2	4.33333333333333
1	8.1302523447173	-2.2	4.33333333333333
1	8.20918683350097	-2.2	4.33333333333333
1	8.28812132228463	-2.2	4.33333333333333
1	8.36705581106829	-2.2	4.33333333333333
1	8.44599029985196	-2.2	4.33333333333333
1	8.52492478863562	-2.2	4.33333333333333
1	8.60385927741928	-2.2	4.33333333333333
1	8.68279376620295	-2.2	4.33333333333333
1	8.76172825498661	-2.2	4.33333333333333
1	8.84066274377027	-2.2	4.33333333333333
1	8.91959723255394	-2.2	4.33333333333333
1	8.9985317213376	-2.2	4.33333333333333
1	9.07746621012126	-2.2	4.33333333333333
1	9.15640069890492	-2.2	4.33333333333333
1	9.23533518768859	-2.2	4.33333333333333
1	9.31426967647225	-2.2	4.33333333333333
1	9.39320416525591	-2.2	4.33333333333333
1	9.47213865403958	-2.2	4.33333333333333
1	9.55107314282324	-2.2	4.33333333333333
1	9.6300076316069	-2.2	4.33333333333333
1	9.70894212039057	-2.2	4.33333333333333
1	9.78787660917423	-2.2	4.33333333333333
1	9.86681109795789	-2.2	4.33333333333333
1	9.94574558674156	-2.2	4.33333333333333
1	10.0246800755252	-2.2	4.33333333333333
1	10.1036145643089	-2.2	4.33333333333333
1	10.1825490530925	-2.2	4.33333333333333
1	10.2614835418762	-2.2	4.33333333333333
1	10.3404180306599	-2.2	4.33333333333333
1	10.4193525194435	-2.2	4.33333333333333
1	10.4982870082272	-2.2	4.33333333333333
1	10.5772214970109	-2.2	4.33333333333333
1	10.6561559857945	-2.2	4.33333333333333
1	10.7350904745782	-2.2	4.33333333333333
1	10.8140249633619	-2.2	4.33333333333333
1	10.8929594521455	-2.2	4.33333333333333
1	10.9718939409292	-2.2	4.33333333333333
1	11.0508284297128	-2.2	4.33333333333333
1	11.1297629184965	-2.2	4.33333333333333
1	11.2086974072802	-2.2	4.33333333333333
1	11.2876318960638	-2.2	4.33333333333333
1	11.3665663848475	-2.2	4.33333333333333
1	11.4455008736312	-2.2	4.33333333333333
1	11.5244353624148	-2.2	4.33333333333333
1	11.6033698511985	-2.2	4.33333333333333
1	11.6823043399821	-2.2	4.33333333333333
1	11.7612388287658	-2.2	4.33333333333333
1	11.8401733175495	-2.2	4.33333333333333
1	11.9191078063331	-2.2	4.33333333333333
1	11.9980422951168	-2.2	4.33333333333333
1	12.0769767839005	-2.2	4.33333333333333
1	12.1559112726841	-2.2	4.33333333333333
1	12.2348457614678	-2.2	4.33333333333333
1	12.3137802502515	-2.2	4.33333333333333
1	12.3927147390351	-2.2	4.33333333333333
1	12.4716492278188	-2.2	4.33333333333333
1	12.5505837166024	-2.2	4.33333333333333
1	12.6295182053861	-2.2	4.33333333333333
1	12.7084526941698	-2.2	4.33333333333333
1	12.7873871829534	-2.2	4.33333333333333
1	12.8663216717371	-2.2	4.33333333333333
1	12.9452561605208	-2.2	4.33333333333333
1	13.0241906493044	-2.2	4.33333333333333
1	13.1031251380881	-2.2	4.33333333333333
1	13.1820596268717	-2.2	4.33333333333333
1	13.2609941156554	-2.2	4.33333333333333
1	13.3399286044391	-2.2	4.33333333333333
1	13.4188630932227	-2.2	4.33333333333333
1	13.4977975820064	-2.2	4.33333333333333
1	13.5767320707901	-2.2	4.33333333333333
1	13.6556665595737	-2.2	4.33333333333333
1	13.7346010483574	-2.2	4.33333333333333
1	13.8135355371411	-2.2	4.33333333333333
1	13.8924700259247	-2.2	4.33333333333333
1	13.9714045147084	-2.2	4.33333333333333
1	14.050339003492	-2.2	4.33333333333333
1	14.1292734922757	-2.2	4.33333333333333
1	14.2082079810594	-2.2	4.33333333333333
1	14.287142469843	-2.2	4.33333333333333
1	14.3660769586267	-2.2	4.33333333333333
1	14.4450114474104	-2.2	4.33333333333333
1	14.523945936194	-2.2	4.33333333333333
1	14.6028804249777	-2.2	4.33333333333333
1	14.6818149137613	-2.2	4.33333333333333
1	14.760749402545	-2.2	4.33333333333333
1	14.8396838913287	-2.2	4.33333333333333
1	14.9186183801123	-2.2	4.33333333333333
1	14.997552868896	-2.2	4.33333333333333
1	15.0764873576797	-2.2	4.33333333333333
1	15.1554218464633	-2.2	4.33333333333333
1	15.234356335247	-2.2	4.33333333333333
1	15.3132908240307	-2.2	4.33333333333333
1	15.3922253128143	-2.2	4.33333333333333
1	15.471159801598	-2.2	4.33333333333333
1	15.5500942903816	-2.2	4.33333333333333
1	15.6290287791653	-2.2	4.33333333333333
1	15.707963267949	-2.2	4.33333333333333
1	0	-0.23370055013617	5.33333333333333
1	0.0789344887836631	-0.112825871857128	5.33333333333333
1	0.157868977567326	0.00181815290237575	5.33333333333333
1	0.236803466350989	0.110231524142341	5.33333333333333
1	0.315737955134653	0.212414241862768	5.33333333333333
1	0.394672443918316	0.308366306063657	5.33333333333333
1	0.473606932701979	0.398087716745008	5.33333333333333
1	0.552541421485642	0.48157847390682	5.33333333333333
1	0.631475910269305	0.558838577549095	5.33333333333333
1	0.710410399052968	0.629868027671831	5.33333333333333
1	0.789344887836632	0.694666824275029	5.33333333333333
1	0.868279376620295	0.753234967358688	5.33333333333333
1	0.947213865403958	0.805572456922809	5.33333333333333
1	1.02614835418762	0.851679292967392	5.33333333333333
1	1.10508284297128	0.891555475492437	5.33333333333333
1	1.18401733175495	0.925201004497943	5.33333333333333
1	1.26295182053861	0.952615879983912	5.33333333333333
1	1.34188630932227	0.973800101950342	5.33333333333333
1	1.42082079810594	0.988753670397234	5.33333333333333
1	1.4997552868896	0.997476585324587	5.33333333333333
1	1.57868977567326	0.999968846732402	5.33333333333333
1	1.65762426445693	0.996230454620679	5.33333333333333
1	1.73655875324059	0.986261408989418	5.33333333333333
1	1.81549324202425	0.970061709838619	5.33333333333333
1	1.89442773080792	0.947631357168281	5.33333333333333
1	1.97336221959158	0.918970350978405	5.33333333333333
1	2.05229670837524	0.884078691268991	5.33333333333333
1	2.1312311971589	0.842956378040039	5.33333333333333
1	2.21016568594257	0.795603411291548	5.33333333333333
1	2.28910017472623	0.742019791023519	5.33333333333333
1	2.36803466350989	0.682205517235952	5.33333333333333
1	2.44696915229356	0.616160589928847	5.33333333333333
1	2.52590364107722	0.543885009102203	5.33333333333333
1	2.60483812986088	0.465378774756021	5.33333333333333
1	2.68377261864455	0.380641886890301	5.33333333333333
1	2.76270710742821	0.289674345505043	5.33333333333333
1	2.84164159621187	0.192476150600246	5.33333333333333
1	2.92057608499554	0.0890473021759113	5.33333333333333
1	2.9995105737792	-0.020612199767962	5.33333333333333
1	3.07844506256286	-0.136502355231373	5.33333333333333
1	3.15737955134653	-0.258623164214323	5.33333333333333
1	3.23631404013019	-0.386974626716811	5.33333333333333
1	3.31524852891385	-0.521556742738837	5.33333333333333
1	3.39418301769752	-0.662369512280401	5.33333333333333
1	3.47311750648118	-0.809412935341504	5.33333333333333
1	3.55205199526484	-0.962687011922144	5.33333333333333
1	3.63098648404851	-1.12219174202232	5.33333333333333
1	3.70992097283217	-1.28792712564204	5.33333333333333
1	3.78885546161583	-1.4598931627813	5.33333333333333
1	3.86778995039949	-1.63808985344009	5.33333333333333
1	3.94672443918316	-1.82251719761842	5.33333333333333
1	4.02565892796682	-2.01317519531629	5.33333333333333
1	4.10459341675048	-2.2	5.33333333333333
1	4.18352790553415	-2.2	5.33333333333333
1	4.26246239431781	-2.2	5.33333333333333
1	4.34139688310147	-2.2	5.33333333333333
1	4.42033137188514	-2.2	5.33333333333333
1	4.4992658606688	-2.2	5.33333333333333
1	4.57820034945246	-2.2	5.33333333333333
1	4.65713483823613	-2.2	5.33333333333333
1	4.73606932701979	-2.2	5.33333333333333
1	4.81500381580345	-2.2	5.33333333333333
1	4.89393830458712	-2.2	5.33333333333333
1	4.97287279337078	-2.2	5.33333333333333
1	5.05180728215444	-2.2	5.33333333333333
1	5.1307417709381	-2.2	5.33333333333333
1	5.20967625972177	-2.2	5.33333333333333
1	5.28861074850543	-2.2	5.33333333333333
1	5.36754523728909	-2.2	5.33333333333333
1	5.44647972607276	-2.2	5.33333333333333
1	5.52541421485642	-2.2	5.33333333333333
1	5.60434870364008	-2.2	5.33333333333333
1	5.68328319242375	-2.2	5.33333333333333
1	5.76221768120741	-2.2	5.33333333333333
1	5.84115216999107	-2.2	5.33333333333333
1	5.92008665877474	-2.2	5.33333333333333
1	5.9990211475584	-2.2	5.33333333333333
1	6.07795563634206	-2.2	5.33333333333333
1	6.15689012512573	-2.2	5.33333333333333
1	6.23582461390939	-2.2	5.33333333333333
1	6.31475910269305	-2.2	5.33333333333333
1	6.39369359147672	-2.2	5.33333333333333
1	6.47262808026038	-2.2	5.33333333333333
1	6.55156256904404	-2.2	5.33333333333333
1	6.6304970578277	-2.2	5.33333333333333
1	6.70943154661137	-2.2	5.33333333333333
1	6.78836603539503	-2.2	5.33333333333333
1	6.86730052417869	-2.2	5.33333333333333
1	6.94623501296236	-2.2	5.33333333333333
1	7.02516950174602	-2.2	5.33333333333333
1	7.10410399052968	-2.2	5.33333333333333
1	7.18303847931335	-2.2	5.33333333333333
1	7.26197296809701	-2.2	5.33333333333333
1	7.34090745688067	-2.2	5.33333333333333
1	7.41984194566434	-2.2	5.33333333333333
1	7.498776434448	-2.2	5.33333333333333
1	7.57771092323166	-2.2	5.33333333333333
1	7.65664541201533	-2.2	5.33333333333333
1	7.73557990079899	-2.2	5.33333333333333
1	7.81451438958265	-2.2	5.33333333333333
1	7.89344887836631	-2.2	5.33333333333333
1	7.97238336714998	-2.2	5.33333333333333
1	8.05131785593364	-2.2	5.33333333333333
1	8.1302523447173	-2.2	5.33333333333333
1	8.20918683350097	-2.2	5.33333333333333
1	8.28812132228463	-2.2	5.33333333333333
1	8.36705581106829	-2.2	5.33333333333333
1	8.44599029985196	-2.2	5.33333333333333
1	8.52492478863562	-2.2	5.33333333333333
1	8.60385927741928	-2.2	5.33333333333333
1	8.68279376620295	-2.2	5.33333333333333
1	8.76172825498661	-2.2	5.33333333333333
1	8.84066274377027	-2.2	5.33333333333333
1	8.91959723255394	-2.2	5.33333333333333
1	8.9985317213376	-2.2	5.33333333333333
1	9.07746621012126	-2.2	5.33333333333333
1	9.15640069890492	-2.2	5.33333333333333
1	9.23533518768859	-2.2	5.33333333333333
1	9.31426967647225	-2.2	5.33333333333333
1	9.39320416525591	-2.2	5.33333333333333
1	9.47213865403958	-2.2	5.33333333333333
1	9.55107314282324	-2.2	5.33333333333333
1	9.6300076316069	-2.2	5.33333333333333
1	9.70894212039057	-2.2	5.33333333333333
1	9.78787660917423	-2.2	5.33333333333333
1	9.86681109795789	-2.2	5.33333333333333
1	9.94574558674156	-2.2	5.33333333333333
1	10.0246800755252	-2.2	5.33333333333333
1	10.1036145643089	-2.2	5.33333333333333
1	10.1825490530925	-2.2	5.33333333333333
1	10.2614835418762	-2.2	5.33333333333333
1	10.3404180306599	-2.2	5.33333333333333
1	10.4193525194435	-2.2	5.33333333333333
1	10.4982870082272	-2.2	5.33333333333333
1	10.5772214970109	-2.2	5.33333333333333
1	10.6561559857945	-2.2	5.33333333333333
1	10.7350904745782	-2.2	5.33333333333333
1	10.8140249633619	-2.2	5.33333333333333
1	10.8929594521455	-2.2	5.33333333333333
1	10.9718939409292	-2.2	5.33333333333333
1	11.0508284297128	-2.2	5.33333333333333
1	11.1297629184965	-2.2	5.33333333333333
1	11.2086974072802	-2.2	5.33333333333333
1	11.2876318960638	-2.2	5.33333333333333
1	11.3665663848475	-2.2	5.33333333333333
1	11.4455008736312	-2.2	5.33333333333333
1	11.5244353624148	-2.2	5.33333333333333
1	11.6033698511985	-2.2	5.33333333333333
1	11.6823043399821	-2.2	5.33333333333333
1	11.7612388287658	-2.2	5.33333333333333
1	11.8401733175495	-2.2	5.33333333333333
1	11.9191078063331	-2.2	5.33333333333333
1	11.9980422951168	-2.2	5.33333333333333
1	12.0769767839005	-2.2	5.33333333333333
1	12.1559112726841	-2.2	5.33333333333333
1	12.2348457614678	-2.2	5.33333333333333
1	12.3137802502515	-2.2	5.33333333333333
1	12.3927147390351	-2.2	5.33333333333333
1	12.4716492278188	-2.2	5.33333333333333
1	12.5505837166024	-2.2	5.33333333333333
1	12.6295182053861	-2.2	5.33333333333333
1	12.7084526941698	-2.2	5.33333333333333
1	12.7873871829534	-2.2	5.33333333333333
1	12.8663216717371	-2.2	5.33333333333333
1	12.9452561605208	-2.2	5.33333333333333
1	13.0241906493044	-2.2	5.33333333333333
1	13.1031251380881	-2.2	5.33333333333333
1	13.1820596268717	-2.2	5.33333333333333
1	13.2609941156554	-2.2	5.33333333333333
1	13.3399286044391	-2.2	5.33333333333333
1	13.4188630932227	-2.2	5.33333333333333
1	13.4977975820064	-2.2	5.33333333333333
1	13.5767320707901	-2.2	5.33333333333333
1	13.6556665595737	-2.2	5.33333333333333
1	13.7346010483574	-2.2	5.33333333333333
1	13.8135355371411	-2.2	5.33333333333333
1	13.8924700259247	-2.2	5.33333333333333
1	13.9714045147084	-2.2	5.33333333333333
1	14.050339003492	-2.2	5.33333333333333
1	14.1292734922757	-2.2	5.33333333333333
1	14.2082079810594	-2.2	5.33333333333333
1	14.287142469843	-2.2	5.33333333333333
1	14.3660769586267	-2.2	5.33333333333333
1	14.4450114474104	-2.2	5.33333333333333
1	14.523945936194	-2.2	5.33333333333333
1	14.6028804249777	-2.2	5.33333333333333
1	14.6818149137613	-2.2	5.33333333333333
1	14.760749402545	-2.2	5.33333333333333
1	14.8396838913287	-2.2	5.33333333333333
1	14.9186183801123	-2.2	5.33333333333333
1	14.997552868896	-2.2	5.33333333333333
1	15.0764873576797	-2.2	5.33333333333333
1	15.1554218464633	-2.2	5.33333333333333
1	15.234356335247	-2.2	5.33333333333333
1	15.3132908240307	-2.2	5.33333333333333
1	15.3922253128143	-2.2	5.33333333333333
1	15.471159801598	-2.2	5.33333333333333
1	15.5500942903816	-2.2	5.33333333333333
1	15.6290287791653	-2.2	5.33333333333333
1	15.707963267949	-2.2	5.33333333333333
1	0	-0.23370055013617	6.33333333333333
1	0.0789344887836631	-0.112825871857128	6.33333333333333
1	0.157868977567326	0.00181815290237575	6.33333333333333
1	0.236803466350989	0.110231524142341	6.33333333333333
1	0.315737955134653	0.212414241862768	6.33333333333333
1	0.394672443918316	0.308366306063657	6.33333333333333
1	0.473606932701979	0.398087716745008	6.33333333333333
1	0.552541421485642	0.481578473906821	6.33333333333333
1	0.631475910269305	0.558838577549095	6.33333333333333
1	0.710410399052968	0.629868027671831	6.33333333333333
1	0.789344887836632	0.694666824275029	6.33333333333333
1	0.868279376620295	0.753234967358688	6.33333333333333
1	0.947213865403958	0.805572456922809	6.33333333333333
1	1.02614835418762	0.851679292967392	6.33333333333333
1	1.10508284297128	0.891555475492437	6.33333333333333
1	1.18401733175495	0.925201004497943	6.33333333333333
1	1.26295182053861	0.952615879983912	6.33333333333333
1	1.34188630932227	0.973800101950342	6.33333333333333
1	1.42082079810594	0.988753670397234	6.33333333333333
1	1.4997552868896	0.997476585324587	6.33333333333333
1	1.57868977567326	0.999968846732402	6.33333333333333
1	1.65762426445693	0.996230454620679	6.33333333333333
1	1.73655875324059	0.986261408989418	6.33333333333333
1	1.81549324202425	0.970061709838619	6.33333333333333
1	1.89442773080792	0.947631357168281	6.33333333333333
1	1.97336221959158	0.918970350978405	6.33333333333333
1	2.05229670837524	0.884078691268991	6.33333333333333
1	2.1312311971589	0.842956378040039	6.33333333333333
1	2.21016568594257	0.795603411291548	6.33333333333333
1	2.28910017472623	0.742019791023519	6.33333333333333
1	2.36803466350989	0.682205517235952	6.33333333333333
1	2.44696915229356	0.616160589928847	6.33333333333333
1	2.52590364107722	0.543885009102203	6.33333333333333
1	2.60483812986088	0.465378774756021	6.33333333333333
1	2.68377261864455	0.380641886890301	6.33333333333333
1	2.76270710742821	0.289674345505043	6.33333333333333
1	2.84164159621187	0.192476150600246	6.33333333333333
1	2.92057608499554	0.0890473021759111	6.33333333333333
1	2.9995105737792	-0.020612199767962	6.33333333333333
1	3.07844506256286	-0.136502355231373	6.33333333333333
1	3.15737955134653	-0.258623164214323	6.33333333333333
1	3.23631404013019	-0.386974626716811	6.33333333333333
1	3.31524852891385	-0.521556742738837	6.33333333333333
1	3.39418301769752	-0.662369512280401	6.33333333333333
1	3.47311750648118	-0.809412935341504	6.33333333333333
1	3.55205199526484	-0.962687011922144	6.33333333333333
1	3.63098648404851	-1.12219174202232	6.33333333333333
1	3.70992097283217	-1.28792712564204	6.33333333333333
1	3.78885546161583	-1.4598931627813	6.33333333333333
1	3.86778995039949	-1.63808985344009	6.33333333333333
1	3.94672443918316	-1.82251719761842	6.33333333333333
1	4.02565892796682	-2.01317519531629	6.33333333333333
1	4.10459341675048	-2.2	6.33333333333333
1	4.18352790553415	-2.2	6.33333333333333
1	4.26246239431781	-2.2	6.33333333333333
1	4.34139688310147	-2.2	6.33333333333333
1	4.42033137188514	-2.2	6.33333333333333
1	4.4992658606688	-2.2	6.33333333333333
1	4.57820034945246	-2.2	6.33333333333333
1	4.65713483823613	-2.2	6.33333333333333
1	4.73606932701979	-2.2	6.33333333333333
1	4.81500381580345	-2.2	6.33333333333333
1	4.89393830458712	-2.2	6.33333333333333
1	4.97287279337078	-2.2	6.33333333333333
1	5.05180728215444	-2.2	6.33333333333333
1	5.1307417709381	-2.2	6.33333333333333
1	5.20967625972177	-2.2	6.33333333333333
1	5.28861074850543	-2.2	6.33333333333333
1	5.36754523728909	-2.2	6.33333333333333
1	5.44647972607276	-2.2	6.33333333333333
1	5.52541421485642	-2.2	6.33333333333333
1	5.60434870364008	-2.2	6.33333333333333
1	5.68328319242375	-2.2	6.33333333333333
1	5.76221768120741	-2.2	6.33333333333333
1	5.84115216999107	-2.2	6.33333333333333
1	5.92008665877474	-2.2	6.33333333333333
1	5.9990211475584	-2.2	6.33333333333333
1	6.07795563634206	-2.2	6.33333333333333
1	6.15689012512573	-2.2	6.33333333333333
1	6.23582461390939	-2.2	6.33333333333333
1	6.31475910269305	-2.2	6.33333333333333
1	6.39369359147672	-2.2	6.33333333333333
1	6.47262808026038	-2.2	6.33333333333333
1	6.55156256904404	-2.2	6.33333333333333
1	6.6304970578277	-2.2	6.33333333333333
1	6.70943154661137	-2.2	6.33333333333333
1	6.78836603539503	-2.2	6.33333333333333
1	6.86730052417869	-2.2	6.33333333333333
1	6.94623501296236	-2.2	6.33333333333333
1	7.02516950174602	-2.2	6.33333333333333
1	7.10410399052968	-2.2	6.33333333333333
1	7.18303847931335	-2.2	6.33333333333333
1	7.26197296809701	-2.2	6.33333333333333
1	7.34090745688067	-2.2	6.33333333333333
1	7.41984194566434	-2.2	6.33333333333333
1	7.498776434448	-2.2	6.33333333333333
1	7.57771092323166	-2.2	6.33333333333333
1	7.65664541201533	-2.2	6.33333333333333
1	7.73557990079899	-2.2	6.33333333333333
1	7.81451438958265	-2.2	6.33333333333333
1	7.89344887836631	-2.2	6.33333333333333
1	7.97238336714998	-2.2	6.33333333333333
1	8.05131785593364	-2.2	6.33333333333333
1	8.1302523447173	-2.2	6.33333333333333
1	8.20918683350097	-2.2	6.33333333333333
1	8.28812132228463	-2.2	6.33333333333333
1	8.36705581106829	-2.2	6.33333333333333
1	8.44599029985196	-2.2	6.33333333333333
1	8.52492478863562	-2.2	6.33333333333333
1	8.60385927741928	-2.2	6.33333333333333
1	8.68279376620295	-2.2	6.33333333333333
1	8.76172825498661	-2.2	6.33333333333333
1	8.84066274377027	-2.2	6.33333333333333
1	8.91959723255394	-2.2	6.33333333333333
1	8.9985317213376	-2.2	6.33333333333333
1	9.07746621012126	-2.2	6.33333333333333
1	9.15640069890492	-2.2	6.33333333333333
1	9.23533518768859	-2.2	6.33333333333333
1	9.31426967647225	-2.2	6.33333333333333
1	9.39320416525591	-2.2	6.33333333333333
1	9.47213865403958	-2.2	6.33333333333333
1	9.55107314282324	-2.2	6.33333333333333
1	9.6300076316069	-2.2	6.33333333333333
1	9.70894212039057	-2.2	6.33333333333333
1	9.78787660917423	-2.2	6.33333333333333
1	9.86681109795789	-2.2	6.33333333333333
1	9.94574558674156	-2.2	6.33333333333333
1	10.0246800755252	-2.2	6.33333333333333
1	10.1036145643089	-2.2	6.33333333333333
1	10.1825490530925	-2.2	6.33333333333333
1	10.2614835418762	-2.2	6.33333333333333
1	10.3404180306599	-2.2	6.33333333333333
1	10.4193525194435	-2.2	6.33333333333333
1	10.4982870082272	-2.2	6.33333333333333
1	10.5772214970109	-2.2	6.33333333333333
1	10.6561559857945	-2.2	6.33333333333333
1	10.7350904745782	-2.2	6.33333333333333
1	10.8140249633619	-2.2	6.33333333333333
1	10.8929594521455	-2.2	6.33333333333333
1	10.9718939409292	-2.2	6.33333333333333
1	11.0508284297128	-2.2	6.33333333333333
1	11.1297629184965	-2.2	6.33333333333333
1	11.2086974072802	-2.2	6.33333333333333
1	11.2876318960638	-2.2	6.33333333333333
1	11.3665663848475	-2.2	6.33333333333333
1	11.4455008736312	-2.2	6.33333333333333
1	11.5244353624148	-2.2	6.33333333333333
1	11.6033698511985	-2.2	6.33333333333333
1	11.6823043399821	-2.2	6.33333333333333
1	11.7612388287658	-2.2	6.33333333333333
1	11.8401733175495	-2.2	6.33333333333333
1	11.9191078063331	-2.2	6.33333333333333
1	11.9980422951168	-2.2	6.33333333333333
1	12.0769767839005	-2.2	6.33333333333333
1	12.1559112726841	-2.2	6.33333333333333
1	12.2348457614678	-2.2	6.33333333333333
1	12.3137802502515	-2.2	6.33333333333333
1	12.3927147390351	-2.2	6.33333333333333
1	12.4716492278188	-2.2	6.33333333333333
1	12.5505837166024	-2.2	6.33333333333333
1	12.6295182053861	-2.2	6.33333333333333
1	12.7084526941698	-2.2	6.33333333333333
1	12.7873871829534	-2.2	6.33333333333333
1	12.8663216717371	-2.2	6.33333333333333
1	12.9452561605208	-2.2	6.33333333333333
1	13.0241906493044	-2.2	6.33333333333333
1	13.1031251380881	-2.2	6.33333333333333
1	13.1820596268717	-2.2	6.33333333333333
1	13.2609941156554	-2.2	6.33333333333333
1	13.3399286044391	-2.2	6.33333333333333
1	13.4188630932227	-2.2	6.33333333333333
1	13.4977975820064	-2.2	6.33333333333333
1	13.5767320707901	-2.2	6.33333333333333
1	13.6556665595737	-2.2	6.33333333333333
1	13.7346010483574	-2.2	6.33333333333333
1	13.8135355371411	-2.2	6.33333333333333
1	13.8924700259247	-2.2	6.33333333333333
1	13.9714045147084	-2.2	6.33333333333333
1	14.050339003492	-2.2	6.33333333333333
1	14.1292734922757	-2.2	6.33333333333333
1	14.2082079810594	-2.2	6.33333333333333
1	14.287142469843	-2.2	6.33333333333333
1	14.3660769586267	-2.2	6.33333333333333
1	14.4450114474104	-2.2	6.33333333333333
1	14.523945936194	-2.2	6.33333333333333
1	14.6028804249777	-2.2	6.33333333333333
1	14.6818149137613	-2.2	6.33333333333333
1	14.760749402545	-2.2	6.33333333333333
1	14.8396838913287	-2.2	6.33333333333333
1	14.9186183801123	-2.2	6.33333333333333
1	14.997552868896	-2.2	6.33333333333333
1	15.0764873576797	-2.2	6.33333333333333
1	15.1554218464633	-2.2	6.33333333333333
1	15.234356335247	-2.2	6.33333333333333
1	15.3132908240307	-2.2	6.33333333333333
1	15.3922253128143	-2.2	6.33333333333333
1	15.471159801598	-2.2	6.33333333333333
1	15.5500942903816	-2.2	6.33333333333333
1	15.6290287791653	-2.2	6.33333333333333
1	15.707963267949	-2.2	6.33333333333333
1	0	-0.0192939346665088	1.66666666666667
1	0.0789344887836631	0.0674056339118125	1.66666666666667
1	0.157868977567326	0.151118068070673	1.66666666666667
1	0.236803466350989	0.231843367810072	1.66666666666667
1	0.315737955134653	0.309581533130011	1.66666666666667
1	0.394672443918316	0.384332564030489	1.66666666666667
1	0.473606932701979	0.456096460511506	1.66666666666667
1	0.552541421485642	0.524873222573063	1.66666666666667
1	0.631475910269305	0.590662850215158	1.66666666666667
1	0.710410399052968	0.653465343437793	1.66666666666667
1	0.789344887836632	0.713280702240967	1.66666666666667
1	0.868279376620295	0.77010892662468	1.66666666666667
1	0.947213865403958	0.823950016588933	1.66666666666667
1	1.02614835418762	0.874803972133724	1.66666666666667
1	1.10508284297128	0.922670793259055	1.66666666666667
1	1.18401733175495	0.967550479964925	1.66666666666667
1	1.26295182053861	1.00944303225133	1.66666666666667
1	1.34188630932227	1.04834845011828	1.66666666666667
1	1.42082079810594	1.08426673356577	1.66666666666667
1	1.4997552868896	1.1171978825938	1.66666666666667
1	1.57868977567326	1.14714189720236	1.66666666666667
1	1.65762426445693	1.17409877739147	1.66666666666667
1	1.73655875324059	1.19806852316111	1.66666666666667
1	1.81549324202425	1.2190511345113	1.66666666666667
1	1.89442773080792	1.23704661144202	1.66666666666667
1	1.97336221959158	1.25205495395328	1.66666666666667
1	2.05229670837524	1.26407616204508	1.66666666666667
1	2.1312311971589	1.27311023571742	1.66666666666667
1	2.21016568594257	1.2791571749703	1.66666666666667
1	2.28910017472623	1.28221697980372	1.66666666666667
1	2.36803466350989	1.28228965021768	1.66666666666667
1	2.44696915229356	1.27937518621218	1.66666666666667
1	2.52590364107722	1.27347358778721	1.66666666666667
1	2.60483812986088	1.26458485494279	1.66666666666667
1	2.68377261864455	1.2527089876789	1.66666666666667
1	2.76270710742821	1.23784598599556	1.66666666666667
1	2.84164159621187	1.21999584989275	1.66666666666667
1	2.92057608499554	1.19915857937048	1.66666666666667
1	2.9995105737792	1.17533417442876	1.66666666666667
1	3.07844506256286	1.14852263506757	1.66666666666667
1	3.15737955134653	1.11872396128692	1.66666666666667
1	3.23631404013019	1.08593815308681	1.66666666666667
1	3.31524852891385	1.05016521046724	1.66666666666667
1	3.39418301769752	1.0114051334282	1.66666666666667
1	3.47311750648118	0.96965792196971	1.66666666666667
1	3.55205199526484	0.924923576091756	1.66666666666667
1	3.63098648404851	0.877202095794342	1.66666666666667
1	3.70992097283217	0.826493481077467	1.66666666666667
1	3.78885546161583	0.77279773194113	1.66666666666667
1	3.86778995039949	0.716114848385333	1.66666666666667
1	3.94672443918316	0.656444830410075	1.66666666666667
1	4.02565892796682	0.593787678015356	1.66666666666667
1	4.10459341675048	0.528143391201177	1.66666666666667
1	4.18352790553415	0.459511969967537	1.66666666666667
1	4.26246239431781	0.387893414314436	1.66666666666667
1	4.34139688310147	0.313287724241874	1.66666666666667
1	4.42033137188514	0.235694899749852	1.66666666666667
1	4.4992658606688	0.155114940838368	1.66666666666667
1	4.57820034945246	0.0715478475074245	1.66666666666667
1	4.65713483823613	-0.0150063802429807	1.66666666666667
1	4.73606932701979	-0.104547742412847	1.66666666666667
1	4.81500381580345	-0.197076239002175	1.66666666666667
1	4.89393830458712	-0.29259187001096	1.66666666666667
1	4.97287279337078	-0.391094635439209	1.66666666666667
1	5.05180728215444	-0.492584535286918	1.66666666666667
1	5.1307417709381	-0.597061569554088	1.66666666666667
1	5.20967625972177	-0.704525738240718	1.66666666666667
1	5.28861074850543	-0.814977041346809	1.66666666666667
1	5.36754523728909	-0.928415478872362	1.66666666666667
1	5.44647972607276	-1.04484105081737	1.66666666666667
1	5.52541421485642	-1.16425375718185	1.66666666666667
1	5.60434870364008	-1.28665359796578	1.66666666666667
1	5.68328319242375	-1.41204057316918	1.66666666666667
1	5.76221768120741	-1.54041468279203	1.66666666666667
1	5.84115216999107	-1.67177592683435	1.66666666666667
1	5.92008665877474	-1.80612430529613	1.66666666666667
1	5.9990211475584	-1.94345981817737	1.66666666666667
1	6.07795563634206	-2.08378246547807	1.66666666666667
1	6.15689012512573	-2.2	1.66666666666667
1	6.23582461390939	-2.2	1.66666666666667
1	6.31475910269305	-2.2	1.66666666666667
1	6.39369359147672	-2.2	1.66666666666667
1	6.47262808026038	-2.2	1.66666666666667
1	6.55156256904404	-2.2	1.66666666666667
1	6.6304970578277	-2.2	1.66666666666667
1	6.70943154661137	-2.2	1.66666666666667
1	6.78836603539503	-2.2	1.66666666666667
1	6.86730052417869	-2.2	1.66666666666667
1	6.94623501296236	-2.2	1.66666666666667
1	7.02516950174602	-2.2	1.66666666666667
1	7.10410399052968	-2.2	1.66666666666667
1	7.18303847931335	-2.2	1.66666666666667
1	7.26197296809701	-2.2	1.66666666666667
1	7.34090745688067	-2.2	1.66666666666667
1	7.41984194566434	-2.2	1.66666666666667
1	7.498776434448	-2.2	1.66666666666667
1	7.57771092323166	-2.2	1.66666666666667
1	7.65664541201533	-2.2	1.66666666666667
1	7.73557990079899	-2.2	1.66666666666667
1	7.81451438958265	-2.2	1.66666666666667
1	7.89344887836631	-2.2	1.66666666666667
1	7.97238336714998	-2.2	1.66666666666667
1	8.05131785593364	-2.2	1.66666666666667
1	8.1302523447173	-2.2	1.66666666666667
1	8.20918683350097	-2.2	1.66666666666667
1	8.28812132228463	-2.2	1.66666666666667
1	8.36705581106829	-2.2	1.66666666666667
1	8.44599029985196	-2.2	1.66666666666667
1	8.52492478863562	-2.2	1.66666666666667
1	8.60385927741928	-2.2	1.66666666666667
1	8.68279376620295	-2.2	1.66666666666667
1	8.76172825498661	-2.2	1.66666666666667
1	8.84066274377027	-2.2	1.66666666666667
1	8.91959723255394	-2.2	1.66666666666667
1	8.9985317213376	-2.2	1.66666666666667
1	9.07746621012126	-2.2	1.66666666666667
1	9.15640069890492	-2.2	1.66666666666667
1	9.23533518768859	-2.2	1.66666666666667
1	9.31426967647225	-2.2	1.66666666666667
1	9.39320416525591	-2.2	1.66666666666667
1	9.47213865403958	-2.2	1.66666666666667
1	9.55107314282324	-2.2	1.66666666666667
1	9.6300076316069	-2.2	1.66666666666667
1	9.70894212039057	-2.2	1.66666666666667
1	9.78787660917423	-2.2	1.66666666666667
1	9.86681109795789	-2.2	1.66666666666667
1	9.94574558674156	-2.2	1.66666666666667
1	10.0246800755252	-2.2	1.66666666666667
1	10.1036145643089	-2.2	1.66666666666667
1	10.1825490530925	-2.2	1.66666666666667
1	10.2614835418762	-2.2	1.66666666666667
1	10.3404180306599	-2.2	1.66666666666667
1	10.4193525194435	-2.2	1.66666666666667
1	10.4982870082272	-2.2	1.66666666666667
1	10.5772214970109	-2.2	1.66666666666667
1	10.6561559857945	-2.2	1.66666666666667
1	10.7350904745782	-2.2	1.66666666666667
1	10.8140249633619	-2.2	1.66666666666667
1	10.8929594521455	-2.2	1.66666666666667
1	10.9718939409292	-2.2	1.66666666666667
1	11.0508284297128	-2.2	1.66666666666667
1	11.1297629184965	-2.2	1.66666666666667
1	11.2086974072802	-2.2	1.66666666666667
1	11.2876318960638	-2.2	1.66666666666667
1	11.3665663848475	-2.2	1.66666666666667
1	11.4455008736312	-2.2	1.66666666666667
1	11.5244353624148	-2.2	1.66666666666667
1	11.6033698511985	-2.2	1.66666666666667
1	11.6823043399821	-2.2	1.66666666666667
1	11.7612388287658	-2.2	1.66666666666667
1	11.8401733175495	-2.2	1.66666666666667
1	11.9191078063331	-2.2	1.66666666666667
1	11.9980422951168	-2.2	1.66666666666667
1	12.0769767839005	-2.2	1.66666666666667
1	12.1559112726841	-2.2	1.66666666666667
1	12.2348457614678	-2.2	1.66666666666667
1	12.3137802502515	-2.2	1.66666666666667
1	12.3927147390351	-2.2	1.66666666666667
1	12.4716492278188	-2.2	1.66666666666667
1	12.5505837166024	-2.2	1.66666666666667
1	12.6295182053861	-2.2	1.66666666666667
1	12.7084526941698	-2.2	1.66666666666667
1	12.7873871829534	-2.2	1.66666666666667
1	12.8663216717371	-2.2	1.66666666666667
1	12.9452561605208	-2.2	1.66666666666667
1	13.0241906493044	-2.2	1.66666666666667
1	13.1031251380881	-2.2	1.66666666666667
1	13.1820596268717	-2.2	1.66666666666667
1	13.2609941156554	-2.2	1.66666666666667
1	13.3399286044391	-2.2	1.66666666666667
1	13.4188630932227	-2.2	1.66666666666667
1	13.4977975820064	-2.2	1.66666666666667
1	13.5767320707901	-2.2	1.66666666666667
1	13.6556665595737	-2.2	1.66666666666667
1	13.7346010483574	-2.2	1.66666666666667
1	13.8135355371411	-2.2	1.66666666666667
1	13.8924700259247	-2.2	1.66666666666667
1	13.9714045147084	-2.2	1.66666666666667
1	14.050339003492	-2.2	1.66666666666667
1	14.1292734922757	-2.2	1.66666666666667
1	14.2082079810594	-2.2	1.66666666666667
1	14.287142469843	-2.2	1.66666666666667
1	14.3660769586267	-2.2	1.66666666666667
1	14.4450114474104	-2.2	1.66666666666667
1	14.523945936194	-2.2	1.66666666666667
1	14.6028804249777	-2.2	1.66666666666667
1	14.6818149137613	-2.2	1.66666666666667
1	14.760749402545	-2.2	1.66666666666667
1	14.8396838913287	-2.2	1.66666666666667
1	14.9186183801123	-2.2	1.66666666666667
1	14.997552868896	-2.2	1.66666666666667
1	15.0764873576797	-2.2	1.66666666666667
1	15.1554218464633	-2.2	1.66666666666667
1	15.234356335247	-2.2	1.66666666666667
1	15.3132908240307	-2.2	1.66666666666667
1	15.3922253128143	-2.2	1.66666666666667
1	15.471159801598	-2.2	1.66666666666667
1	15.5500942903816	-2.2	1.66666666666667
1	15.6290287791653	-2.2	1.66666666666667
1	15.707963267949	-2.2	1.66666666666667
1	0	0.361118025457455	2.66666666666667
1	0.0789344887836631	0.437874192434468	2.66666666666667
1	0.157868977567326	0.510112832919177	2.66666666666667
1	0.236803466350989	0.577833946911582	2.66666666666667
1	0.315737955134653	0.641037534411683	2.66666666666667
1	0.394672443918316	0.699723595419479	2.66666666666667
1	0.473606932701979	0.753892129934972	2.66666666666667
1	0.552541421485642	0.803543137958161	2.66666666666667
1	0.631475910269305	0.848676619489046	2.66666666666667
1	0.710410399052968	0.889292574527626	2.66666666666667
1	0.789344887836632	0.925391003073903	2.66666666666667
1	0.868279376620295	0.956971905127876	2.66666666666667
1	0.947213865403958	0.984035280689545	2.66666666666667
1	1.02614835418762	1.00658112975891	2.66666666666667
1	1.10508284297128	1.02460945233597	2.66666666666667
1	1.18401733175495	1.03812024842073	2.66666666666667
1	1.26295182053861	1.04711351801318	2.66666666666667
1	1.34188630932227	1.05158926111333	2.66666666666667
1	1.42082079810594	1.05154747772117	2.66666666666667
1	1.4997552868896	1.04698816783671	2.66666666666667
1	1.57868977567326	1.03791133145995	2.66666666666667
1	1.65762426445693	1.02431696859088	2.66666666666667
1	1.73655875324059	1.00620507922951	2.66666666666667
1	1.81549324202425	0.983575663375835	2.66666666666667
1	1.89442773080792	0.956428721029855	2.66666666666667
1	1.97336221959158	0.924764252191572	2.66666666666667
1	2.05229670837524	0.888582256860984	2.66666666666667
1	2.1312311971589	0.847882735038093	2.66666666666667
1	2.21016568594257	0.802665686722897	2.66666666666667
1	2.28910017472623	0.752931111915397	2.66666666666667
1	2.36803466350989	0.698679010615594	2.66666666666667
1	2.44696915229356	0.639909382823486	2.66666666666667
1	2.52590364107722	0.576622228539074	2.66666666666667
1	2.60483812986088	0.508817547762359	2.66666666666667
1	2.68377261864455	0.436495340493339	2.66666666666667
1	2.76270710742821	0.359655606732015	2.66666666666667
1	2.84164159621187	0.278298346478387	2.66666666666667
1	2.92057608499554	0.192423559732455	2.66666666666667
1	2.9995105737792	0.10203124649422	2.66666666666667
1	3.07844506256286	0.00712140676367973	2.66666666666667
1	3.15737955134653	-0.0923059594591641	2.66666666666667
1	3.23631404013019	-0.196250852174312	2.66666666666667
1	3.31524852891385	-0.304713271381764	2.66666666666667
1	3.39418301769752	-0.41769321708152	2.66666666666667
1	3.47311750648118	-0.53519068927358	2.66666666666667
1	3.55205199526484	-0.657205687957944	2.66666666666667
1	3.63098648404851	-0.783738213134612	2.66666666666667
1	3.70992097283217	-0.914788264803584	2.66666666666667
1	3.78885546161583	-1.05035584296486	2.66666666666667
1	3.86778995039949	-1.19044094761844	2.66666666666667
1	3.94672443918316	-1.33504357876432	2.66666666666667
1	4.02565892796682	-1.48416373640251	2.66666666666667
1	4.10459341675048	-1.637801420533	2.66666666666667
1	4.18352790553415	-1.7959566311558	2.66666666666667
1	4.26246239431781	-1.9586293682709	2.66666666666667
1	4.34139688310147	-2.12581963187831	2.66666666666667
1	4.42033137188514	-2.2	2.66666666666667
1	4.4992658606688	-2.2	2.66666666666667
1	4.57820034945246	-2.2	2.66666666666667
1	4.65713483823613	-2.2	2.66666666666667
1	4.73606932701979	-2.2	2.66666666666667
1	4.81500381580345	-2.2	2.66666666666667
1	4.89393830458712	-2.2	2.66666666666667
1	4.97287279337078	-2.2	2.66666666666667
1	5.05180728215444	-2.2	2.66666666666667
1	5.1307417709381	-2.2	2.66666666666667
1	5.20967625972177	-2.2	2.66666666666667
1	5.28861074850543	-2.2	2.66666666666667
1	5.36754523728909	-2.2	2.66666666666667
1	5.44647972607276	-2.2	2.66666666666667
1	5.52541421485642	-2.2	2.66666666666667
1	5.60434870364008	-2.2	2.66666666666667
1	5.68328319242375	-2.2	2.66666666666667
1	5.76221768120741	-2.2	2.66666666666667
1	5.84115216999107	-2.2	2.66666666666667
1	5.92008665877474	-2.2	2.66666666666667
1	5.9990211475584	-2.2	2.66666666666667
1	6.07795563634206	-2.2	2.66666666666667
1	6.15689012512573	-2.2	2.66666666666667
1	6.23582461390939	-2.2	2.66666666666667
1	6.31475910269305	-2.2	2.66666666666667
1	6.39369359147672	-2.2	2.66666666666667
1	6.47262808026038	-2.2	2.66666666666667
1	6.55156256904404	-2.2	2.66666666666667
1	6.6304970578277	-2.2	2.66666666666667
1	6.70943154661137	-2.2	2.66666666666667
1	6.78836603539503	-2.2	2.66666666666667
1	6.86730052417869	-2.2	2.66666666666667
1	6.94623501296236	-2.2	2.66666666666667
1	7.02516950174602	-2.2	2.66666666666667
1	7.10410399052968	-2.2	2.66666666666667
1	7.18303847931335	-2.2	2.66666666666667
1	7.26197296809701	-2.2	2.66666666666667
1	7.34090745688067	-2.2	2.66666666666667
1	7.41984194566434	-2.2	2.66666666666667
1	7.498776434448	-2.2	2.66666666666667
1	7.57771092323166	-2.2	2.66666666666667
1	7.65664541201533	-2.2	2.66666666666667
1	7.73557990079899	-2.2	2.66666666666667
1	7.81451438958265	-2.2	2.66666666666667
1	7.89344887836631	-2.2	2.66666666666667
1	7.97238336714998	-2.2	2.66666666666667
1	8.05131785593364	-2.2	2.66666666666667
1	8.1302523447173	-2.2	2.66666666666667
1	8.20918683350097	-2.2	2.66666666666667
1	8.28812132228463	-2.2	2.66666666666667
1	8.36705581106829	-2.2	2.66666666666667
1	8.44599029985196	-2.2	2.66666666666667
1	8.52492478863562	-2.2	2.66666666666667
1	8.60385927741928	-2.2	2.66666666666667
1	8.68279376620295	-2.2	2.66666666666667
1	8.76172825498661	-2.2	2.66666666666667
1	8.84066274377027	-2.2	2.66666666666667
1	8.91959723255394	-2.2	2.66666666666667
1	8.9985317213376	-2.2	2.66666666666667
1	9.07746621012126	-2.2	2.66666666666667
1	9.15640069890492	-2.2	2.66666666666667
1	9.23533518768859	-2.2	2.66666666666667
1	9.31426967647225	-2.2	2.66666666666667
1	9.39320416525591	-2.2	2.66666666666667
1	9.47213865403958	-2.2	2.66666666666667
1	9.55107314282324	-2.2	2.66666666666667
1	9.6300076316069	-2.2	2.66666666666667
1	9.70894212039057	-2.2	2.66666666666667
1	9.78787660917423	-2.2	2.66666666666667
1	9.86681109795789	-2.2	2.66666666666667
1	9.94574558674156	-2.2	2.66666666666667
1	10.0246800755252	-2.2	2.66666666666667
1	10.1036145643089	-2.2	2.66666666666667
1	10.1825490530925	-2.2	2.66666666666667
1	10.2614835418762	-2.2	2.66666666666667
1	10.3404180306599	-2.2	2.66666666666667
1	10.4193525194435	-2.2	2.66666666666667
1	10.4982870082272	-2.2	2.66666666666667
1	10.5772214970109	-2.2	2.66666666666667
1	10.6561559857945	-2.2	2.66666666666667
1	10.7350904745782	-2.2	2.66666666666667
1	10.8140249633619	-2.2	2.66666666666667
1	10.8929594521455	-2.2	2.66666666666667
1	10.9718939409292	-2.2	2.66666666666667
1	11.0508284297128	-2.2	2.66666666666667
1	11.1297629184965	-2.2	2.66666666666667
1	11.2086974072802	-2.2	2.66666666666667
1	11.2876318960638	-2.2	2.66666666666667
1	11.3665663848475	-2.2	2.66666666666667
1	11.4455008736312	-2.2	2.66666666666667
1	11.5244353624148	-2.2	2.66666666666667
1	11.6033698511985	-2.2	2.66666666666667
1	11.6823043399821	-2.2	2.66666666666667
1	11.7612388287658	-2.2	2.66666666666667
1	11.8401733175495	-2.2	2.66666666666667
1	11.9191078063331	-2.2	2.66666666666667
1	11.9980422951168	-2.2	2.66666666666667
1	12.0769767839005	-2.2	2.66666666666667
1	12.1559112726841	-2.2	2.66666666666667
1	12.2348457614678	-2.2	2.66666666666667
1	12.3137802502515	-2.2	2.66666666666667
1	12.3927147390351	-2.2	2.66666666666667
1	12.4716492278188	-2.2	2.66666666666667
1	12.5505837166024	-2.2	2.66666666666667
1	12.6295182053861	-2.2	2.66666666666667
1	12.7084526941698	-2.2	2.66666666666667
1	12.7873871829534	-2.2	2.66666666666667
1	12.8663216717371	-2.2	2.66666666666667
1	12.9452561605208	-2.2	2.66666666666667
1	13.0241906493044	-2.2	2.66666666666667
1	13.1031251380881	-2.2	2.66666666666667
1	13.1820596268717	-2.2	2.66666666666667
1	13.2609941156554	-2.2	2.66666666666667
1	13.3399286044391	-2.2	2.66666666666667
1	13.4188630932227	-2.2	2.66666666666667
1	13.4977975820064	-2.2	2.66666666666667
1	13.5767320707901	-2.2	2.66666666666667
1	13.6556665595737	-2.2	2.66666666666667
1	13.7346010483574	-2.2	2.66666666666667
1	13.8135355371411	-2.2	2.66666666666667
1	13.8924700259247	-2.2	2.66666666666667
1	13.9714045147084	-2.2	2.66666666666667
1	14.050339003492	-2.2	2.66666666666667
1	14.1292734922757	-2.2	2.66666666666667
1	14.2082079810594	-2.2	2.66666666666667
1	14.287142469843	-2.2	2.66666666666667
1	14.3660769586267	-2.2	2.66666666666667
1	14.4450114474104	-2.2	2.66666666666667
1	14.523945936194	-2.2	2.66666666666667
1	14.6028804249777	-2.2	2.66666666666667
1	14.6818149137613	-2.2	2.66666666666667
1	14.760749402545	-2.2	2.66666666666667
1	14.8396838913287	-2.2	2.66666666666667
1	14.9186183801123	-2.2	2.66666666666667
1	14.997552868896	-2.2	2.66666666666667
1	15.0764873576797	-2.2	2.66666666666667
1	15.1554218464633	-2.2	2.66666666666667
1	15.234356335247	-2.2	2.66666666666667
1	15.3132908240307	-2.2	2.66666666666667
1	15.3922253128143	-2.2	2.66666666666667
1	15.471159801598	-2.2	2.66666666666667
1	15.5500942903816	-2.2	2.66666666666667
1	15.6290287791653	-2.2	2.66666666666667
1	15.707963267949	-2.2	2.66666666666667
1	0	-0.214884202074102	3.66666666666667
1	0.0789344887836631	-0.0960083938421455	3.66666666666667
1	0.157868977567326	0.0167490897348641	3.66666666666667
1	0.236803466350989	0.123388248656927	3.66666666666667
1	0.315737955134653	0.223909082924044	3.66666666666667
1	0.394672443918316	0.318311592536214	3.66666666666667
1	0.473606932701979	0.406595777493437	3.66666666666667
1	0.552541421485642	0.488761637795714	3.66666666666667
1	0.631475910269305	0.564809173443045	3.66666666666667
1	0.710410399052968	0.634738384435429	3.66666666666667
1	0.789344887836632	0.698549270772867	3.66666666666667
1	0.868279376620295	0.756241832455358	3.66666666666667
1	0.947213865403958	0.807816069482902	3.66666666666667
1	1.02614835418762	0.8532719818555	3.66666666666667
1	1.10508284297128	0.892609569573152	3.66666666666667
1	1.18401733175495	0.925828832635857	3.66666666666667
1	1.26295182053861	0.952929771043615	3.66666666666667
1	1.34188630932227	0.973912384796428	3.66666666666667
1	1.42082079810594	0.988776673894293	3.66666666666667
1	1.4997552868896	0.997522638337212	3.66666666666667
1	1.57868977567326	1.00015027812518	3.66666666666667
1	1.65762426445693	0.996659593258211	3.66666666666667
1	1.73655875324059	0.98705058373629	3.66666666666667
1	1.81549324202425	0.971323249559424	3.66666666666667
1	1.89442773080792	0.94947759072761	3.66666666666667
1	1.97336221959158	0.92151360724085	3.66666666666667
1	2.05229670837524	0.887431299099144	3.66666666666667
1	2.1312311971589	0.847230666302491	3.66666666666667
1	2.21016568594257	0.800911708850891	3.66666666666667
1	2.28910017472623	0.748474426744345	3.66666666666667
1	2.36803466350989	0.689918819982853	3.66666666666667
1	2.44696915229356	0.625244888566414	3.66666666666667
1	2.52590364107722	0.554452632495028	3.66666666666667
1	2.60483812986088	0.477542051768697	3.66666666666667
1	2.68377261864455	0.394513146387418	3.66666666666667
1	2.76270710742821	0.305365916351193	3.66666666666667
1	2.84164159621187	0.210100361660022	3.66666666666667
1	2.92057608499554	0.108716482313904	3.66666666666667
1	2.9995105737792	0.00121427831283905	3.66666666666667
1	3.07844506256286	-0.112406250343172	3.66666666666667
1	3.15737955134653	-0.232145103654129	3.66666666666667
1	3.23631404013019	-0.358002281620033	3.66666666666667
1	3.31524852891385	-0.489977784240884	3.66666666666667
1	3.39418301769752	-0.628071611516681	3.66666666666667
1	3.47311750648118	-0.772283763447424	3.66666666666667
1	3.55205199526484	-0.922614240033114	3.66666666666667
1	3.63098648404851	-1.07906304127375	3.66666666666667
1	3.70992097283217	-1.24163016716933	3.66666666666667
1	3.78885546161583	-1.41031561771986	3.66666666666667
1	3.86778995039949	-1.58511939292534	3.66666666666667
1	3.94672443918316	-1.76604149278576	3.66666666666667
1	4.02565892796682	-1.95308191730113	3.66666666666667
1	4.10459341675048	-2.14624066647145	3.66666666666667
1	4.18352790553415	-2.2	3.66666666666667
1	4.26246239431781	-2.2	3.66666666666667
1	4.34139688310147	-2.2	3.66666666666667
1	4.42033137188514	-2.2	3.66666666666667
1	4.4992658606688	-2.2	3.66666666666667
1	4.57820034945246	-2.2	3.66666666666667
1	4.65713483823613	-2.2	3.66666666666667
1	4.73606932701979	-2.2	3.66666666666667
1	4.81500381580345	-2.2	3.66666666666667
1	4.89393830458712	-2.2	3.66666666666667
1	4.97287279337078	-2.2	3.66666666666667
1	5.05180728215444	-2.2	3.66666666666667
1	5.1307417709381	-2.2	3.66666666666667
1	5.20967625972177	-2.2	3.66666666666667
1	5.28861074850543	-2.2	3.66666666666667
1	5.36754523728909	-2.2	3.66666666666667
1	5.44647972607276	-2.2	3.66666666666667
1	5.52541421485642	-2.2	3.66666666666667
1	5.60434870364008	-2.2	3.66666666666667
1	5.68328319242375	-2.2	3.66666666666667
1	5.76221768120741	-2.2	3.66666666666667
1	5.84115216999107	-2.2	3.66666666666667
1	5.92008665877474	-2.2	3.66666666666667
1	5.9990211475584	-2.2	3.66666666666667
1	6.07795563634206	-2.2	3.66666666666667
1	6.15689012512573	-2.2	3.66666666666667
1	6.23582461390939	-2.2	3.66666666666667
1	6.31475910269305	-2.2	3.66666666666667
1	6.39369359147672	-2.2	3.66666666666667
1	6.47262808026038	-2.2	3.66666666666667
1	6.55156256904404	-2.2	3.66666666666667
1	6.6304970578277	-2.2	3.66666666666667
1	6.70943154661137	-2.2	3.66666666666667
1	6.78836603539503	-2.2	3.66666666666667
1	6.86730052417869	-2.2	3.66666666666667
1	6.94623501296236	-2.2	3.66666666666667
1	7.02516950174602	-2.2	3.66666666666667
1	7.10410399052968	-2.2	3.66666666666667
1	7.18303847931335	-2.2	3.66666666666667
1	7.26197296809701	-2.2	3.66666666666667
1	7.34090745688067	-2.2	3.66666666666667
1	7.41984194566434	-2.2	3.66666666666667
1	7.498776434448	-2.2	3.66666666666667
1	7.57771092323166	-2.2	3.66666666666667
1	7.65664541201533	-2.2	3.66666666666667
1	7.73557990079899	-2.2	3.66666666666667
1	7.81451438958265	-2.2	3.66666666666667
1	7.89344887836631	-2.2	3.66666666666667
1	7.97238336714998	-2.2	3.66666666666667
1	8.05131785593364	-2.2	3.66666666666667
1	8.1302523447173	-2.2	3.66666666666667
1	8.20918683350097	-2.2	3.66666666666667
1	8.28812132228463	-2.2	3.66666666666667
1	8.36705581106829	-2.2	3.66666666666667
1	8.44599029985196	-2.2	3.66666666666667
1	8.52492478863562	-2.2	3.66666666666667
1	8.60385927741928	-2.2	3.66666666666667
1	8.68279376620295	-2.2	3.66666666666667
1	8.76172825498661	-2.2	3.66666666666667
1	8.84066274377027	-2.2	3.66666666666667
1	8.91959723255394	-2.2	3.66666666666667
1	8.9985317213376	-2.2	3.66666666666667
1	9.07746621012126	-2.2	3.66666666666667
1	9.15640069890492	-2.2	3.66666666666667
1	9.23533518768859	-2.2	3.66666666666667
1	9.31426967647225	-2.2	3.66666666666667
1	9.39320416525591	-2.2	3.66666666666667
1	9.47213865403958	-2.2	3.66666666666667
1	9.55107314282324	-2.2	3.66666666666667
1	9.6300076316069	-2.2	3.66666666666667
1	9.70894212039057	-2.2	3.66666666666667
1	9.78787660917423	-2.2	3.66666666666667
1	9.86681109795789	-2.2	3.66666666666667
1	9.94574558674156	-2.2	3.66666666666667
1	10.0246800755252	-2.2	3.66666666666667
1	10.1036145643089	-2.2	3.66666666666667
1	10.1825490530925	-2.2	3.66666666666667
1	10.2614835418762	-2.2	3.66666666666667
1	10.3404180306599	-2.2	3.66666666666667
1	10.4193525194435	-2.2	3.66666666666667
1	10.4982870082272	-2.2	3.66666666666667
1	10.5772214970109	-2.2	3.66666666666667
1	10.6561559857945	-2.2	3.66666666666667
1	10.7350904745782	-2.2	3.66666666666667
1	10.8140249633619	-2.2	3.66666666666667
1	10.8929594521455	-2.2	3.66666666666667
1	10.9718939409292	-2.2	3.66666666666667
1	11.0508284297128	-2.2	3.66666666666667
1	11.1297629184965	-2.2	3.66666666666667
1	11.2086974072802	-2.2	3.66666666666667
1	11.2876318960638	-2.2	3.66666666666667
1	11.3665663848475	-2.2	3.66666666666667
1	11.4455008736312	-2.2	3.66666666666667
1	11.5244353624148	-2.2	3.66666666666667
1	11.6033698511985	-2.2	3.66666666666667
1	11.6823043399821	-2.2	3.66666666666667
1	11.7612388287658	-2.2	3.66666666666667
1	11.8401733175495	-2.2	3.66666666666667
1	11.9191078063331	-2.2	3.66666666666667
1	11.9980422951168	-2.2	3.66666666666667
1	12.0769767839005	-2.2	3.66666666666667
1	12.1559112726841	-2.2	3.66666666666667
1	12.2348457614678	-2.2	3.66666666666667
1	12.3137802502515	-2.2	3.66666666666667
1	12.3927147390351	-2.2	3.66666666666667
1	12.4716492278188	-2.2	3.66666666666667
1	12.5505837166024	-2.2	3.66666666666667
1	12.6295182053861	-2.2	3.66666666666667
1	12.7084526941698	-2.2	3.66666666666667
1	12.7873871829534	-2.2	3.66666666666667
1	12.8663216717371	-2.2	3.66666666666667
1	12.9452561605208	-2.2	3.66666666666667
1	13.0241906493044	-2.2	3.66666666666667
1	13.1031251380881	-2.2	3.66666666666667
1	13.1820596268717	-2.2	3.66666666666667
1	13.2609941156554	-2.2	3.66666666666667
1	13.3399286044391	-2.2	3.66666666666667
1	13.4188630932227	-2.2	3.66666666666667
1	13.4977975820064	-2.2	3.66666666666667
1	13.5767320707901	-2.2	3.66666666666667
1	13.6556665595737	-2.2	3.66666666666667
1	13.7346010483574	-2.2	3.66666666666667
1	13.8135355371411	-2.2	3.66666666666667
1	13.8924700259247	-2.2	3.66666666666667
1	13.9714045147084	-2.2	3.66666666666667
1	14.050339003492	-2.2	3.66666666666667
1	14.1292734922757	-2.2	3.66666666666667
1	14.2082079810594	-2.2	3.66666666666667
1	14.287142469843	-2.2	3.66666666666667
1	14.3660769586267	-2.2	3.66666666666667
1	14.4450114474104	-2.2	3.66666666666667
1	14.523945936194	-2.2	3.66666666666667
1	14.6028804249777	-2.2	3.66666666666667
1	14.6818149137613	-2.2	3.66666666666667
1	14.760749402545	-2.2	3.66666666666667
1	14.8396838913287	-2.2	3.66666666666667
1	14.9186183801123	-2.2	3.66666666666667
1	14.997552868896	-2.2	3.66666666666667
1	15.0764873576797	-2.2	3.66666666666667
1	15.1554218464633	-2.2	3.66666666666667
1	15.234356335247	-2.2	3.66666666666667
1	15.3132908240307	-2.2	3.66666666666667
1	15.3922253128143	-2.2	3.66666666666667
1	15.471159801598	-2.2	3.66666666666667
1	15.5500942903816	-2.2	3.66666666666667
1	15.6290287791653	-2.2	3.66666666666667
1	15.707963267949	-2.2	3.66666666666667
1	0	-0.233697205533153	4.66666666666667
1	0.0789344887836631	-0.112822854634436	4.66666666666667
1	0.157868977567326	0.00182085960294409	4.66666666666667
1	0.236803466350989	0.110233937178988	4.66666666666667
1	0.315737955134653	0.212416378093695	4.66666666666667
1	0.394672443918316	0.308368182347065	4.66666666666667
1	0.473606932701979	0.398089349939099	4.66666666666667
1	0.552541421485642	0.481579880869796	4.66666666666667
1	0.631475910269305	0.558839775139157	4.66666666666667
1	0.710410399052968	0.629869032747181	4.66666666666667
1	0.789344887836632	0.694667653693868	4.66666666666667
1	0.868279376620295	0.753235637979219	4.66666666666667
1	0.947213865403958	0.805572985603233	4.66666666666667
1	1.02614835418762	0.851679696565912	4.66666666666667
1	1.10508284297128	0.891555770867253	4.66666666666667
1	1.18401733175495	0.925201208507258	4.66666666666667
1	1.26295182053861	0.952616009485926	4.66666666666667
1	1.34188630932227	0.973800173803257	4.66666666666667
1	1.42082079810594	0.988753701459252	4.66666666666667
1	1.4997552868896	0.99747659245391	4.66666666666667
1	1.57868977567326	0.999968846787232	4.66666666666667
1	1.65762426445693	0.996230464459218	4.66666666666667
1	1.73655875324059	0.986261445469866	4.66666666666667
1	1.81549324202425	0.970061789819179	4.66666666666667
1	1.89442773080792	0.947631497507154	4.66666666666667
1	1.97336221959158	0.918970568533793	4.66666666666667
1	2.05229670837524	0.884079002899096	4.66666666666667
1	2.1312311971589	0.842956800603062	4.66666666666667
1	2.21016568594257	0.795603961645691	4.66666666666667
1	2.28910017472623	0.742020486026984	4.66666666666667
1	2.36803466350989	0.68220637374694	4.66666666666667
1	2.44696915229356	0.616161624805559	4.66666666666667
1	2.52590364107722	0.543886239202843	4.66666666666667
1	2.60483812986088	0.465380216938789	4.66666666666667
1	2.68377261864455	0.380643558013399	4.66666666666667
1	2.76270710742821	0.289676262426672	4.66666666666667
1	2.84164159621187	0.192478330178609	4.66666666666667
1	2.92057608499554	0.0890497612692092	4.66666666666667
1	2.9995105737792	-0.0206094443015271	4.66666666666667
1	3.07844506256286	-0.1364992865336	4.66666666666667
1	3.15737955134653	-0.25861976542701	4.66666666666667
1	3.23631404013019	-0.386970880981756	4.66666666666667
1	3.31524852891385	-0.521552633197838	4.66666666666667
1	3.39418301769752	-0.662365022075258	4.66666666666667
1	3.47311750648118	-0.809408047614013	4.66666666666667
1	3.55205199526484	-0.962681709814106	4.66666666666667
1	3.63098648404851	-1.12218600867553	4.66666666666667
1	3.70992097283217	-1.2879209441983	4.66666666666667
1	3.78885546161583	-1.4598865163824	4.66666666666667
1	3.86778995039949	-1.63808272522784	4.66666666666667
1	3.94672443918316	-1.82250957073461	4.66666666666667
1	4.02565892796682	-2.01316705290273	4.66666666666667
1	4.10459341675048	-2.2	4.66666666666667
1	4.18352790553415	-2.2	4.66666666666667
1	4.26246239431781	-2.2	4.66666666666667
1	4.34139688310147	-2.2	4.66666666666667
1	4.42033137188514	-2.2	4.66666666666667
1	4.4992658606688	-2.2	4.66666666666667
1	4.57820034945246	-2.2	4.66666666666667
1	4.65713483823613	-2.2	4.66666666666667
1	4.73606932701979	-2.2	4.66666666666667
1	4.81500381580345	-2.2	4.66666666666667
1	4.89393830458712	-2.2	4.66666666666667
1	4.97287279337078	-2.2	4.66666666666667
1	5.05180728215444	-2.2	4.66666666666667
1	5.1307417709381	-2.2	4.66666666666667
1	5.20967625972177	-2.2	4.66666666666667
1	5.28861074850543	-2.2	4.66666666666667
1	5.36754523728909	-2.2	4.66666666666667
1	5.44647972607276	-2.2	4.66666666666667
1	5.52541421485642	-2.2	4.66666666666667
1	5.60434870364008	-2.2	4.66666666666667
1	5.68328319242375	-2.2	4.66666666666667
1	5.76221768120741	-2.2	4.66666666666667
1	5.84115216999107	-2.2	4.66666666666667
1	5.92008665877474	-2.2	4.66666666666667
1	5.9990211475584	-2.2	4.66666666666667
1	6.07795563634206	-2.2	4.66666666666667
1	6.15689012512573	-2.2	4.66666666666667
1	6.23582461390939	-2.2	4.66666666666667
1	6.31475910269305	-2.2	4.66666666666667
1	6.39369359147672	-2.2	4.66666666666667
1	6.47262808026038	-2.2	4.66666666666667
1	6.55156256904404	-2.2	4.66666666666667
1	6.6304970578277	-2.2	4.66666666666667
1	6.70943154661137	-2.2	4.66666666666667
1	6.78836603539503	-2.2	4.66666666666667
1	6.86730052417869	-2.2	4.66666666666667
1	6.94623501296236	-2.2	4.66666666666667
1	7.02516950174602	-2.2	4.66666666666667
1	7.10410399052968	-2.2	4.66666666666667
1	7.18303847931335	-2.2	4.66666666666667
1	7.26197296809701	-2.2	4.66666666666667
1	7.34090745688067	-2.2	4.66666666666667
1	7.41984194566434	-2.2	4.66666666666667
1	7.498776434448	-2.2	4.66666666666667
1	7.57771092323166	-2.2	4.66666666666667
1	7.65664541201533	-2.2	4.66666666666667
1	7.73557990079899	-2.2	4.66666666666667
1	7.81451438958265	-2.2	4.66666666666667
1	7.89344887836631	-2.2	4.66666666666667
1	7.97238336714998	-2.2	4.66666666666667
1	8.05131785593364	-2.2	4.66666666666667
1	8.1302523447173	-2.2	4.66666666666667
1	8.20918683350097	-2.2	4.66666666666667
1	8.28812132228463	-2.2	4.66666666666667
1	8.36705581106829	-2.2	4.66666666666667
1	8.44599029985196	-2.2	4.66666666666667
1	8.52492478863562	-2.2	4.66666666666667
1	8.60385927741928	-2.2	4.66666666666667
1	8.68279376620295	-2.2	4.66666666666667
1	8.76172825498661	-2.2	4.66666666666667
1	8.84066274377027	-2.2	4.66666666666667
1	8.91959723255394	-2.2	4.66666666666667
1	8.9985317213376	-2.2	4.66666666666667
1	9.07746621012126	-2.2	4.66666666666667
1	9.15640069890492	-2.2	4.66666666666667
1	9.23533518768859	-2.2	4.66666666666667
1	9.31426967647225	-2.2	4.66666666666667
1	9.39320416525591	-2.2	4.66666666666667
1	9.47213865403958	-2.2	4.66666666666667
1	9.55107314282324	-2.2	4.66666666666667
1	9.6300076316069	-2.2	4.66666666666667
1	9.70894212039057	-2.2	4.66666666666667
1	9.78787660917423	-2.2	4.66666666666667
1	9.86681109795789	-2.2	4.66666666666667
1	9.94574558674156	-2.2	4.66666666666667
1	10.0246800755252	-2.2	4.66666666666667
1	10.1036145643089	-2.2	4.66666666666667
1	10.1825490530925	-2.2	4.66666666666667
1	10.2614835418762	-2.2	4.66666666666667
1	10.3404180306599	-2.2	4.66666666666667
1	10.4193525194435	-2.2	4.66666666666667
1	10.4982870082272	-2.2	4.66666666666667
1	10.5772214970109	-2.2	4.66666666666667
1	10.6561559857945	-2.2	4.66666666666667
1	10.7350904745782	-2.2	4.66666666666667
1	10.8140249633619	-2.2	4.66666666666667
1	10.8929594521455	-2.2	4.66666666666667
1	10.9718939409292	-2.2	4.66666666666667
1	11.0508284297128	-2.2	4.66666666666667
1	11.1297629184965	-2.2	4.66666666666667
1	11.2086974072802	-2.2	4.66666666666667
1	11.2876318960638	-2.2	4.66666666666667
1	11.3665663848475	-2.2	4.66666666666667
1	11.4455008736312	-2.2	4.66666666666667
1	11.5244353624148	-2.2	4.66666666666667
1	11.6033698511985	-2.2	4.66666666666667
1	11.6823043399821	-2.2	4.66666666666667
1	11.7612388287658	-2.2	4.66666666666667
1	11.8401733175495	-2.2	4.66666666666667
1	11.9191078063331	-2.2	4.66666666666667
1	11.9980422951168	-2.2	4.66666666666667
1	12.0769767839005	-2.2	4.66666666666667
1	12.1559112726841	-2.2	4.66666666666667
1	12.2348457614678	-2.2	4.66666666666667
1	12.3137802502515	-2.2	4.66666666666667
1	12.3927147390351	-2.2	4.66666666666667
1	12.4716492278188	-2.2	4.66666666666667
1	12.5505837166024	-2.2	4.66666666666667
1	12.6295182053861	-2.2	4.66666666666667
1	12.7084526941698	-2.2	4.66666666666667
1	12.7873871829534	-2.2	4.66666666666667
1	12.8663216717371	-2.2	4.66666666666667
1	12.9452561605208	-2.2	4.66666666666667
1	13.0241906493044	-2.2	4.66666666666667
1	13.1031251380881	-2.2	4.66666666666667
1	13.1820596268717	-2.2	4.66666666666667
1	13.2609941156554	-2.2	4.66666666666667
1	13.3399286044391	-2.2	4.66666666666667
1	13.4188630932227	-2.2	4.66666666666667
1	13.4977975820064	-2.2	4.66666666666667
1	13.5767320707901	-2.2	4.66666666666667
1	13.6556665595737	-2.2	4.66666666666667
1	13.7346010483574	-2.2	4.66666666666667
1	13.8135355371411	-2.2	4.66666666666667
1	13.8924700259247	-2.2	4.66666666666667
1	13.9714045147084	-2.2	4.66666666666667
1	14.050339003492	-2.2	4.66666666666667
1	14.1292734922757	-2.2	4.66666666666667
1	14.2082079810594	-2.2	4.66666666666667
1	14.287142469843	-2.2	4.66666666666667
1	14.3660769586267	-2.2	4.66666666666667
1	14.4450114474104	-2.2	4.66666666666667
1	14.523945936194	-2.2	4.66666666666667
1	14.6028804249777	-2.2	4.66666666666667
1	14.6818149137613	-2.2	4.66666666666667
1	14.760749402545	-2.2	4.66666666666667
1	14.8396838913287	-2.2	4.66666666666667
1	14.9186183801123	-2.2	4.66666666666667
1	14.997552868896	-2.2	4.66666666666667
1	15.0764873576797	-2.2	4.66666666666667
1	15.1554218464633	-2.2	4.66666666666667
1	15.234356335247	-2.2	4.66666666666667
1	15.3132908240307	-2.2	4.66666666666667
1	15.3922253128143	-2.2	4.66666666666667
1	15.471159801598	-2.2	4.66666666666667
1	15.5500942903816	-2.2	4.66666666666667
1	15.6290287791653	-2.2	4.66666666666667
1	15.707963267949	-2.2	4.66666666666667
1	0	-0.23370055013617	5.66666666666667
1	0.0789344887836631	-0.112825871857128	5.66666666666667
1	0.157868977567326	0.00181815290237575	5.66666666666667
1	0.236803466350989	0.110231524142341	5.66666666666667
1	0.315737955134653	0.212414241862768	5.66666666666667
1	0.394672443918316	0.308366306063657	5.66666666666667
1	0.473606932701979	0.398087716745008	5.66666666666667
1	0.552541421485642	0.48157847390682	5.66666666666667
1	0.631475910269305	0.558838577549095	5.66666666666667
1	0.710410399052968	0.629868027671831	5.66666666666667
1	0.789344887836632	0.694666824275029	5.66666666666667
1	0.868279376620295	0.753234967358688	5.66666666666667
1	0.947213865403958	0.805572456922809	5.66666666666667
1	1.02614835418762	0.851679292967392	5.66666666666667
1	1.10508284297128	0.891555475492437	5.66666666666667
1	1.18401733175495	0.925201004497943	5.66666666666667
1	1.26295182053861	0.952615879983912	5.66666666666667
1	1.34188630932227	0.973800101950342	5.66666666666667
1	1.42082079810594	0.988753670397234	5.66666666666667
1	1.4997552868896	0.997476585324587	5.66666666666667
1	1.57868977567326	0.999968846732402	5.66666666666667
1	1.65762426445693	0.996230454620679	5.66666666666667
1	1.73655875324059	0.986261408989418	5.66666666666667
1	1.81549324202425	0.970061709838619	5.66666666666667
1	1.89442773080792	0.947631357168281	5.66666666666667
1	1.97336221959158	0.918970350978405	5.66666666666667
1	2.05229670837524	0.884078691268991	5.66666666666667
1	2.1312311971589	0.842956378040039	5.66666666666667
1	2.21016568594257	0.795603411291548	5.66666666666667
1	2.28910017472623	0.742019791023519	5.66666666666667
1	2.36803466350989	0.682205517235952	5.66666666666667
1	2.44696915229356	0.616160589928847	5.66666666666667
1	2.52590364107722	0.543885009102203	5.66666666666667
1	2.60483812986088	0.465378774756021	5.66666666666667
1	2.68377261864455	0.380641886890301	5.66666666666667
1	2.76270710742821	0.289674345505043	5.66666666666667
1	2.84164159621187	0.192476150600246	5.66666666666667
1	2.92057608499554	0.0890473021759113	5.66666666666667
1	2.9995105737792	-0.020612199767962	5.66666666666667
1	3.07844506256286	-0.136502355231373	5.66666666666667
1	3.15737955134653	-0.258623164214323	5.66666666666667
1	3.23631404013019	-0.386974626716811	5.66666666666667
1	3.31524852891385	-0.521556742738837	5.66666666666667
1	3.39418301769752	-0.662369512280401	5.66666666666667
1	3.47311750648118	-0.809412935341504	5.66666666666667
1	3.55205199526484	-0.962687011922144	5.66666666666667
1	3.63098648404851	-1.12219174202232	5.66666666666667
1	3.70992097283217	-1.28792712564204	5.66666666666667
1	3.78885546161583	-1.4598931627813	5.66666666666667
1	3.86778995039949	-1.63808985344009	5.66666666666667
1	3.94672443918316	-1.82251719761842	5.66666666666667
1	4.02565892796682	-2.01317519531629	5.66666666666667
1	4.10459341675048	-2.2	5.66666666666667
1	4.18352790553415	-2.2	5.66666666666667
1	4.26246239431781	-2.2	5.66666666666667
1	4.34139688310147	-2.2	5.66666666666667
1	4.42033137188514	-2.2	5.66666666666667
1	4.4992658606688	-2.2	5.66666666666667
1	4.57820034945246	-2.2	5.66666666666667
1	4.65713483823613	-2.2	5.66666666666667
1	4.73606932701979	-2.2	5.66666666666667
1	4.81500381580345	-2.2	5.66666666666667
1	4.89393830458712	-2.2	5.66666666666667
1	4.97287279337078	-2.2	5.66666666666667
1	5.05180728215444	-2.2	5.66666666666667
1	5.1307417709381	-2.2	5.66666666666667
1	5.20967625972177	-2.2	5.66666666666667
1	5.28861074850543	-2.2	5.66666666666667
1	5.36754523728909	-2.2	5.66666666666667
1	5.44647972607276	-2.2	5.66666666666667
1	5.52541421485642	-2.2	5.66666666666667
1	5.60434870364008	-2.2	5.66666666666667
1	5.68328319242375	-2.2	5.66666666666667
1	5.76221768120741	-2.2	5.66666666666667
1	5.84115216999107	-2.2	5.66666666666667
1	5.92008665877474	-2.2	5.66666666666667
1	5.9990211475584	-2.2	5.66666666666667
1	6.07795563634206	-2.2	5.66666666666667
1	6.15689012512573	-2.2	5.66666666666667
1	6.23582461390939	-2.2	5.66666666666667
1	6.31475910269305	-2.2	5.66666666666667
1	6.39369359147672	-2.2	5.66666666666667
1	6.47262808026038	-2.2	5.66666666666667
1	6.55156256904404	-2.2	5.66666666666667
1	6.6304970578277	-2.2	5.66666666666667
1	6.70943154661137	-2.2	5.66666666666667
1	6.78836603539503	-2.2	5.66666666666667
1	6.86730052417869	-2.2	5.66666666666667
1	6.94623501296236	-2.2	5.66666666666667
1	7.02516950174602	-2.2	5.66666666666667
1	7.10410399052968	-2.2	5.66666666666667
1	7.18303847931335	-2.2	5.66666666666667
1	7.26197296809701	-2.2	5.66666666666667
1	7.34090745688067	-2.2	5.66666666666667
1	7.41984194566434	-2.2	5.66666666666667
1	7.498776434448	-2.2	5.66666666666667
1	7.57771092323166	-2.2	5.66666666666667
1	7.65664541201533	-2.2	5.66666666666667
1	7.73557990079899	-2.2	5.66666666666667
1	7.81451438958265	-2.2	5.66666666666667
1	7.89344887836631	-2.2	5.66666666666667
1	7.97238336714998	-2.2	5.66666666666667
1	8.05131785593364	-2.2	5.66666666666667
1	8.1302523447173	-2.2	5.66666666666667
1	8.20918683350097	-2.2	5.66666666666667
1	8.28812132228463	-2.2	5.66666666666667
1	8.36705581106829	-2.2	5.66666666666667
1	8.44599029985196	-2.2	5.66666666666667
1	8.52492478863562	-2.2	5.66666666666667
1	8.60385927741928	-2.2	5.66666666666667
1	8.68279376620295	-2.2	5.66666666666667
1	8.76172825498661	-2.2	5.66666666666667
1	8.84066274377027	-2.2	5.66666666666667
1	8.91959723255394	-2.2	5.66666666666667
1	8.9985317213376	-2.2	5.66666666666667
1	9.07746621012126	-2.2	5.66666666666667
1	9.15640069890492	-2.2	5.66666666666667
1	9.23533518768859	-2.2	5.66666666666667
1	9.31426967647225	-2.2	5.66666666666667
1	9.39320416525591	-2.2	5.66666666666667
1	9.47213865403958	-2.2	5.66666666666667
1	9.55107314282324	-2.2	5.66666666666667
1	9.6300076316069	-2.2	5.66666666666667
1	9.70894212039057	-2.2	5.66666666666667
1	9.78787660917423	-2.2	5.66666666666667
1	9.86681109795789	-2.2	5.66666666666667
1	9.94574558674156	-2.2	5.66666666666667
1	10.0246800755252	-2.2	5.66666666666667
1	10.1036145643089	-2.2	5.66666666666667
1	10.1825490530925	-2.2	5.66666666666667
1	10.2614835418762	-2.2	5.66666666666667
1	10.3404180306599	-2.2	5.66666666666667
1	10.4193525194435	-2.2	5.66666666666667
1	10.4982870082272	-2.2	5.66666666666667
1	10.5772214970109	-2.2	5.66666666666667
1	10.6561559857945	-2.2	5.66666666666667
1	10.7350904745782	-2.2	5.66666666666667
1	10.8140249633619	-2.2	5.66666666666667
1	10.8929594521455	-2.2	5.66666666666667
1	10.9718939409292	-2.2	5.66666666666667
1	11.0508284297128	-2.2	5.66666666666667
1	11.1297629184965	-2.2	5.66666666666667
1	11.2086974072802	-2.2	5.66666666666667
1	11.2876318960638	-2.2	5.66666666666667
1	11.3665663848475	-2.2	5.66666666666667
1	11.4455008736312	-2.2	5.66666666666667
1	11.5244353624148	-2.2	5.66666666666667
1	11.6033698511985	-2.2	5.66666666666667
1	11.6823043399821	-2.2	5.66666666666667
1	11.7612388287658	-2.2	5.66666666666667
1	11.8401733175495	-2.2	5.66666666666667
1	11.9191078063331	-2.2	5.66666666666667
1	11.9980422951168	-2.2	5.66666666666667
1	12.0769767839005	-2.2	5.66666666666667
1	12.1559112726841	-2.2	5.66666666666667
1	12.2348457614678	-2.2	5.66666666666667
1	12.3137802502515	-2.2	5.66666666666667
1	12.3927147390351	-2.2	5.66666666666667
1	12.4716492278188	-2.2	5.66666666666667
1	12.5505837166024	-2.2	5.66666666666667
1	12.6295182053861	-2.2	5.66666666666667
1	12.7084526941698	-2.2	5.66666666666667
1	12.7873871829534	-2.2	5.66666666666667
1	12.8663216717371	-2.2	5.66666666666667
1	12.9452561605208	-2.2	5.66666666666667
1	13.0241906493044	-2.2	5.66666666666667
1	13.1031251380881	-2.2	5.66666666666667
1	13.1820596268717	-2.2	5.66666666666667
1	13.2609941156554	-2.2	5.66666666666667
1	13.3399286044391	-2.2	5.66666666666667
1	13.4188630932227	-2.2	5.66666666666667
1	13.4977975820064	-2.2	5.66666666666667
1	13.5767320707901	-2.2	5.66666666666667
1	13.6556665595737	-2.2	5.66666666666667
1	13.7346010483574	-2.2	5.66666666666667
1	13.8135355371411	-2.2	5.66666666666667
1	13.8924700259247	-2.2	5.66666666666667
1	13.9714045147084	-2.2	5.66666666666667
1	14.050339003492	-2.2	5.66666666666667
1	14.1292734922757	-2.2	5.66666666666667
1	14.2082079810594	-2.2	5.66666666666667
1	14.287142469843	-2.2	5.66666666666667
1	14.3660769586267	-2.2	5.66666666666667
1	14.4450114474104	-2.2	5.66666666666667
1	14.523945936194	-2.2	5.66666666666667
1	14.6028804249777	-2.2	5.66666666666667
1	14.6818149137613	-2.2	5.66666666666667
1	14.760749402545	-2.2	5.66666666666667
1	14.8396838913287	-2.2	5.66666666666667
1	14.9186183801123	-2.2	5.66666666666667
1	14.997552868896	-2.2	5.66666666666667
1	15.0764873576797	-2.2	5.66666666666667
1	15.1554218464633	-2.2	5.66666666666667
1	15.234356335247	-2.2	5.66666666666667
1	15.3132908240307	-2.2	5.66666666666667
1	15.3922253128143	-2.2	5.66666666666667
1	15.471159801598	-2.2	5.66666666666667
1	15.5500942903816	-2.2	5.66666666666667
1	15.6290287791653	-2.2	5.66666666666667
1	15.707963267949	-2.2	5.66666666666667
1	0	-0.23370055013617	6.66666666666667
1	0.0789344887836631	-0.112825871857128	6.66666666666667
1	0.157868977567326	0.00181815290237575	6.66666666666667
1	0.236803466350989	0.110231524142341	6.66666666666667
1	0.315737955134653	0.212414241862768	6.66666666666667
1	0.394672443918316	0.308366306063657	6.66666666666667
1	0.473606932701979	0.398087716745008	6.66666666666667
1	0.552541421485642	0.481578473906821	6.66666666666667
1	0.631475910269305	0.558838577549095	6.66666666666667
1	0.710410399052968	0.629868027671831	6.66666666666667
1	0.789344887836632	0.694666824275029	6.66666666666667
1	0.868279376620295	0.753234967358688	6.66666666666667
1	0.947213865403958	0.805572456922809	6.66666666666667
1	1.02614835418762	0.851679292967392	6.66666666666667
1	1.10508284297128	0.891555475492437	6.66666666666667
1	1.18401733175495	0.925201004497943	6.66666666666667
1	1.26295182053861	0.952615879983912	6.66666666666667
1	1.34188630932227	0.973800101950342	6.66666666666667
1	1.42082079810594	0.988753670397234	6.66666666666667
1	1.4997552868896	0.997476585324587	6.66666666666667
1	1.57868977567326	0.999968846732402	6.66666666666667
1	1.65762426445693	0.996230454620679	6.66666666666667
1	1.73655875324059	0.986261408989418	6.66666666666667
1	1.81549324202425	0.970061709838619	6.66666666666667
1	1.89442773080792	0.947631357168281	6.66666666666667
1	1.97336221959158	0.918970350978405	6.66666666666667
1	2.05229670837524	0.884078691268991	6.66666666666667
1	2.1312311971589	0.842956378040039	6.66666666666667
1	2.21016568594257	0.795603411291548	6.66666666666667
1	2.28910017472623	0.742019791023519	6.66666666666667
1	2.36803466350989	0.682205517235952	6.66666666666667
1	2.44696915229356	0.616160589928847	6.66666666666667
1	2.52590364107722	0.543885009102203	6.66666666666667
1	2.60483812986088	0.465378774756021	6.66666666666667
1	2.68377261864455	0.380641886890301	6.66666666666667
1	2.76270710742821	0.289674345505043	6.66666666666667
1	2.84164159621187	0.192476150600246	6.66666666666667
1	2.92057608499554	0.0890473021759111	6.66666666666667
1	2.9995105737792	-0.020612199767962	6.66666666666667
1	3.07844506256286	-0.136502355231373	6.66666666666667
1	3.15737955134653	-0.258623164214323	6.66666666666667
1	3.23631404013019	-0.386974626716811	6.66666666666667
1	3.31524852891385	-0.521556742738837	6.66666666666667
1	3.39418301769752	-0.662369512280401	6.66666666666667
1	3.47311750648118	-0.809412935341504	6.66666666666667
1	3.55205199526484	-0.962687011922144	6.66666666666667
1	3.63098648404851	-1.12219174202232	6.66666666666667
1	3.70992097283217	-1.28792712564204	6.66666666666667
1	3.78885546161583	-1.4598931627813	6.66666666666667
1	3.86778995039949	-1.63808985344009	6.66666666666667
1	3.94672443918316	-1.82251719761842	6.66666666666667
1	4.02565892796682	-2.01317519531629	6.66666666666667
1	4.10459341675048	-2.2	6.66666666666667
1	4.18352790553415	-2.2	6.66666666666667
1	4.26246239431781	-2.2	6.66666666666667
1	4.34139688310147	-2.2	6.66666666666667
1	4.42033137188514	-2.2	6.66666666666667
1	4.4992658606688	-2.2	6.66666666666667
1	4.57820034945246	-2.2	6.66666666666667
1	4.65713483823613	-2.2	6.66666666666667
1	4.73606932701979	-2.2	6.66666666666667
1	4.81500381580345	-2.2	6.66666666666667
1	4.89393830458712	-2.2	6.66666666666667
1	4.97287279337078	-2.2	6.66666666666667
1	5.05180728215444	-2.2	6.66666666666667
1	5.1307417709381	-2.2	6.66666666666667
1	5.20967625972177	-2.2	6.66666666666667
1	5.28861074850543	-2.2	6.66666666666667
1	5.36754523728909	-2.2	6.66666666666667
1	5.44647972607276	-2.2	6.66666666666667
1	5.52541421485642	-2.2	6.66666666666667
1	5.60434870364008	-2.2	6.66666666666667
1	5.68328319242375	-2.2	6.66666666666667
1	5.76221768120741	-2.2	6.66666666666667
1	5.84115216999107	-2.2	6.66666666666667
1	5.92008665877474	-2.2	6.66666666666667
1	5.9990211475584	-2.2	6.66666666666667
1	6.07795563634206	-2.2	6.66666666666667
1	6.15689012512573	-2.2	6.66666666666667
1	6.23582461390939	-2.2	6.66666666666667
1	6.31475910269305	-2.2	6.66666666666667
1	6.39369359147672	-2.2	6.66666666666667
1	6.47262808026038	-2.2	6.66666666666667
1	6.55156256904404	-2.2	6.66666666666667
1	6.6304970578277	-2.2	6.66666666666667
1	6.70943154661137	-2.2	6.66666666666667
1	6.78836603539503	-2.2	6.66666666666667
1	6.86730052417869	-2.2	6.66666666666667
1	6.94623501296236	-2.2	6.66666666666667
1	7.02516950174602	-2.2	6.66666666666667
1	7.10410399052968	-2.2	6.66666666666667
1	7.18303847931335	-2.2	6.66666666666667
1	7.26197296809701	-2.2	6.66666666666667
1	7.34090745688067	-2.2	6.66666666666667
1	7.41984194566434	-2.2	6.66666666666667
1	7.498776434448	-2.2	6.66666666666667
1	7.57771092323166	-2.2	6.66666666666667
1	7.65664541201533	-2.2	6.66666666666667
1	7.73557990079899	-2.2	6.66666666666667
1	7.81451438958265	-2.2	6.66666666666667
1	7.89344887836631	-2.2	6.66666666666667
1	7.97238336714998	-2.2	6.66666666666667
1	8.05131785593364	-2.2	6.66666666666667
1	8.1302523447173	-2.2	6.66666666666667
1	8.20918683350097	-2.2	6.66666666666667
1	8.28812132228463	-2.2	6.66666666666667
1	8.36705581106829	-2.2	6.66666666666667
1	8.44599029985196	-2.2	6.66666666666667
1	8.52492478863562	-2.2	6.66666666666667
1	8.60385927741928	-2.2	6.66666666666667
1	8.68279376620295	-2.2	6.66666666666667
1	8.76172825498661	-2.2	6.66666666666667
1	8.84066274377027	-2.2	6.66666666666667
1	8.91959723255394	-2.2	6.66666666666667
1	8.9985317213376	-2.2	6.66666666666667
1	9.07746621012126	-2.2	6.66666666666667
1	9.15640069890492	-2.2	6.66666666666667
1	9.23533518768859	-2.2	6.66666666666667
1	9.31426967647225	-2.2	6.66666666666667
1	9.39320416525591	-2.2	6.66666666666667
1	9.47213865403958	-2.2	6.66666666666667
1	9.55107314282324	-2.2	6.66666666666667
1	9.6300076316069	-2.2	6.66666666666667
1	9.70894212039057	-2.2	6.66666666666667
1	9.78787660917423	-2.2	6.66666666666667
1	9.86681109795789	-2.2	6.66666666666667
1	9.94574558674156	-2.2	6.66666666666667
1	10.0246800755252	-2.2	6.66666666666667
1	10.1036145643089	-2.2	6.66666666666667
1	10.1825490530925	-2.2	6.66666666666667
1	10.2614835418762	-2.2	6.66666666666667
1	10.3404180306599	-2.2	6.66666666666667
1	10.4193525194435	-2.2	6.66666666666667
1	10.4982870082272	-2.2	6.66666666666667
1	10.5772214970109	-2.2	6.66666666666667
1	10.6561559857945	-2.2	6.66666666666667
1	10.7350904745782	-2.2	6.66666666666667
1	10.8140249633619	-2.2	6.66666666666667
1	10.8929594521455	-2.2	6.66666666666667
1	10.9718939409292	-2.2	6.66666666666667
1	11.0508284297128	-2.2	6.66666666666667
1	11.1297629184965	-2.2	6.66666666666667
1	11.2086974072802	-2.2	6.66666666666667
1	11.2876318960638	-2.2	6.66666666666667
1	11.3665663848475	-2.2	6.66666666666667
1	11.4455008736312	-2.2	6.66666666666667
1	11.5244353624148	-2.2	6.66666666666667
1	11.6033698511985	-2.2	6.66666666666667
1	11.6823043399821	-2.2	6.66666666666667
1	11.7612388287658	-2.2	6.66666666666667
1	11.8401733175495	-2.2	6.66666666666667
1	11.9191078063331	-2.2	6.66666666666667
1	11.9980422951168	-2.2	6.66666666666667
1	12.0769767839005	-2.2	6.66666666666667
1	12.1559112726841	-2.2	6.66666666666667
1	12.2348457614678	-2.2	6.66666666666667
1	12.3137802502515	-2.2	6.66666666666667
1	12.3927147390351	-2.2	6.66666666666667
1	12.4716492278188	-2.2	6.66666666666667
1	12.5505837166024	-2.2	6.66666666666667
1	12.6295182053861	-2.2	6.66666666666667
1	12.7084526941698	-2.2	6.66666666666667
1	12.7873871829534	-2.2	6.66666666666667
1	12.8663216717371	-2.2	6.66666666666667
1	12.9452561605208	-2.2	6.66666666666667
1	13.0241906493044	-2.2	6.66666666666667
1	13.1031251380881	-2.2	6.66666666666667
1	13.1820596268717	-2.2	6.66666666666667
1	13.2609941156554	-2.2	6.66666666666667
1	13.3399286044391	-2.2	6.66666666666667
1	13.4188630932227	-2.2	6.66666666666667
1	13.4977975820064	-2.2	6.66666666666667
1	13.5767320707901	-2.2	6.66666666666667
1	13.6556665595737	-2.2	6.66666666666667
1	13.7346010483574	-2.2	6.66666666666667
1	13.8135355371411	-2.2	6.66666666666667
1	13.8924700259247	-2.2	6.66666666666667
1	13.9714045147084	-2.2	6.66666666666667
1	14.050339003492	-2.2	6.66666666666667
1	14.1292734922757	-2.2	6.66666666666667
1	14.2082079810594	-2.2	6.66666666666667
1	14.287142469843	-2.2	6.66666666666667
1	14.3660769586267	-2.2	6.66666666666667
1	14.4450114474104	-2.2	6.66666666666667
1	14.523945936194	-2.2	6.66666666666667
1	14.6028804249777	-2.2	6.66666666666667
1	14.6818149137613	-2.2	6.66666666666667
1	14.760749402545	-2.2	6.66666666666667
1	14.8396838913287	-2.2	6.66666666666667
1	14.9186183801123	-2.2	6.66666666666667
1	14.997552868896	-2.2	6.66666666666667
1	15.0764873576797	-2.2	6.66666666666667
1	15.1554218464633	-2.2	6.66666666666667
1	15.234356335247	-2.2	6.66666666666667
1	15.3132908240307	-2.2	6.66666666666667
1	15.3922253128143	-2.2	6.66666666666667
1	15.471159801598	-2.2	6.66666666666667
1	15.5500942903816	-2.2	6.66666666666667
1	15.6290287791653	-2.2	6.66666666666667
1	15.707963267949	-2.2	6.66666666666667
