group	x	y	showSelected2
1	0	2.2	1.33333333333333
1	0.0789344887836631	2.2	1.33333333333333
1	0.157868977567326	2.2	1.33333333333333
1	0.236803466350989	2.2	1.33333333333333
1	0.315737955134653	2.2	1.33333333333333
1	0.394672443918316	2.2	1.33333333333333
1	0.473606932701979	2.2	1.33333333333333
1	0.552541421485642	2.2	1.33333333333333
1	0.631475910269305	2.2	1.33333333333333
1	0.710410399052968	2.2	1.33333333333333
1	0.789344887836632	2.2	1.33333333333333
1	0.868279376620295	2.2	1.33333333333333
1	0.947213865403958	2.2	1.33333333333333
1	1.02614835418762	2.2	1.33333333333333
1	1.10508284297128	2.2	1.33333333333333
1	1.18401733175495	2.2	1.33333333333333
1	1.26295182053861	2.2	1.33333333333333
1	1.34188630932227	2.2	1.33333333333333
1	1.42082079810594	2.2	1.33333333333333
1	1.4997552868896	2.2	1.33333333333333
1	1.57868977567326	2.2	1.33333333333333
1	1.65762426445693	2.2	1.33333333333333
1	1.73655875324059	2.2	1.33333333333333
1	1.81549324202425	2.2	1.33333333333333
1	1.89442773080792	2.2	1.33333333333333
1	1.97336221959158	2.2	1.33333333333333
1	2.05229670837524	2.2	1.33333333333333
1	2.1312311971589	2.2	1.33333333333333
1	2.21016568594257	2.2	1.33333333333333
1	2.28910017472623	2.2	1.33333333333333
1	2.36803466350989	2.2	1.33333333333333
1	2.44696915229356	2.2	1.33333333333333
1	2.52590364107722	2.2	1.33333333333333
1	2.60483812986088	2.2	1.33333333333333
1	2.68377261864455	2.2	1.33333333333333
1	2.76270710742821	2.2	1.33333333333333
1	2.84164159621187	2.2	1.33333333333333
1	2.92057608499554	2.2	1.33333333333333
1	2.9995105737792	2.2	1.33333333333333
1	3.07844506256286	2.2	1.33333333333333
1	3.15737955134653	2.2	1.33333333333333
1	3.23631404013019	2.2	1.33333333333333
1	3.31524852891385	2.2	1.33333333333333
1	3.39418301769752	2.2	1.33333333333333
1	3.47311750648118	2.2	1.33333333333333
1	3.55205199526484	2.2	1.33333333333333
1	3.63098648404851	2.2	1.33333333333333
1	3.70992097283217	2.2	1.33333333333333
1	3.78885546161583	2.2	1.33333333333333
1	3.86778995039949	2.2	1.33333333333333
1	3.94672443918316	2.2	1.33333333333333
1	4.02565892796682	2.2	1.33333333333333
1	4.10459341675048	2.2	1.33333333333333
1	4.18352790553415	2.2	1.33333333333333
1	4.26246239431781	2.2	1.33333333333333
1	4.34139688310147	2.2	1.33333333333333
1	4.42033137188514	2.2	1.33333333333333
1	4.4992658606688	2.2	1.33333333333333
1	4.57820034945246	2.2	1.33333333333333
1	4.65713483823613	2.2	1.33333333333333
1	4.73606932701979	2.2	1.33333333333333
1	4.81500381580345	2.2	1.33333333333333
1	4.89393830458712	2.2	1.33333333333333
1	4.97287279337078	2.2	1.33333333333333
1	5.05180728215444	2.2	1.33333333333333
1	5.1307417709381	2.2	1.33333333333333
1	5.20967625972177	2.2	1.33333333333333
1	5.28861074850543	2.2	1.33333333333333
1	5.36754523728909	2.2	1.33333333333333
1	5.44647972607276	2.2	1.33333333333333
1	5.52541421485642	2.2	1.33333333333333
1	5.60434870364008	2.2	1.33333333333333
1	5.68328319242375	2.2	1.33333333333333
1	5.76221768120741	2.2	1.33333333333333
1	5.84115216999107	2.2	1.33333333333333
1	5.92008665877474	2.2	1.33333333333333
1	5.9990211475584	2.2	1.33333333333333
1	6.07795563634206	2.2	1.33333333333333
1	6.15689012512573	2.2	1.33333333333333
1	6.23582461390939	2.2	1.33333333333333
1	6.31475910269305	2.2	1.33333333333333
1	6.39369359147672	2.2	1.33333333333333
1	6.47262808026038	2.2	1.33333333333333
1	6.55156256904404	2.2	1.33333333333333
1	6.6304970578277	2.2	1.33333333333333
1	6.70943154661137	2.2	1.33333333333333
1	6.78836603539503	2.2	1.33333333333333
1	6.86730052417869	2.2	1.33333333333333
1	6.94623501296236	2.05096867474113	1.33333333333333
1	7.02516950174602	1.90520174254398	1.33333333333333
1	7.10410399052968	1.76277801028686	1.33333333333333
1	7.18303847931335	1.62369747796977	1.33333333333333
1	7.26197296809701	1.48796014559271	1.33333333333333
1	7.34090745688067	1.35556601315568	1.33333333333333
1	7.41984194566434	1.22651508065867	1.33333333333333
1	7.498776434448	1.10080734810169	1.33333333333333
1	7.57771092323166	0.978442815484745	1.33333333333333
1	7.65664541201533	0.859421482807822	1.33333333333333
1	7.73557990079899	0.743743350070931	1.33333333333333
1	7.81451438958265	0.631408417274066	1.33333333333333
1	7.89344887836631	0.522416684417231	1.33333333333333
1	7.97238336714998	0.416768151500424	1.33333333333333
1	8.05131785593364	0.314462818523643	1.33333333333333
1	8.1302523447173	0.215500685486893	1.33333333333333
1	8.20918683350097	0.119881752390171	1.33333333333333
1	8.28812132228463	0.0276060192334766	1.33333333333333
1	8.36705581106829	-0.0613265139831904	1.33333333333333
1	8.44599029985196	-0.146915847259828	1.33333333333333
1	8.52492478863562	-0.229161980596437	1.33333333333333
1	8.60385927741928	-0.308064913993017	1.33333333333333
1	8.68279376620295	-0.383624647449571	1.33333333333333
1	8.76172825498661	-0.455841180966095	1.33333333333333
1	8.84066274377027	-0.524714514542591	1.33333333333333
1	8.91959723255394	-0.590244648179058	1.33333333333333
1	8.9985317213376	-0.652431581875499	1.33333333333333
1	9.07746621012126	-0.71127531563191	1.33333333333333
1	9.15640069890492	-0.766775849448292	1.33333333333333
1	9.23533518768859	-0.818933183324647	1.33333333333333
1	9.31426967647225	-0.867747317260974	1.33333333333333
1	9.39320416525591	-0.913218251257271	1.33333333333333
1	9.47213865403958	-0.95534598531354	1.33333333333333
1	9.55107314282324	-0.994130519429781	1.33333333333333
1	9.6300076316069	-1.029571853606	1.33333333333333
1	9.70894212039057	-1.06166998784218	1.33333333333333
1	9.78787660917423	-1.09042492213834	1.33333333333333
1	9.86681109795789	-1.11583665649446	1.33333333333333
1	9.94574558674156	-1.13790519091056	1.33333333333333
1	10.0246800755252	-1.15663052538663	1.33333333333333
1	10.1036145643089	-1.17201265992268	1.33333333333333
1	10.1825490530925	-1.18405159451869	1.33333333333333
1	10.2614835418762	-1.19274732917468	1.33333333333333
1	10.3404180306599	-1.19809986389064	1.33333333333333
1	10.4193525194435	-1.20010919866657	1.33333333333333
1	10.4982870082272	-1.19877533350247	1.33333333333333
1	10.5772214970109	-1.19409826839834	1.33333333333333
1	10.6561559857945	-1.18607800335419	1.33333333333333
1	10.7350904745782	-1.17471453837	1.33333333333333
1	10.8140249633619	-1.16000787344579	1.33333333333333
1	10.8929594521455	-1.14195800858155	1.33333333333333
1	10.9718939409292	-1.12056494377728	1.33333333333333
1	11.0508284297128	-1.09582867903299	1.33333333333333
1	11.1297629184965	-1.06774921434866	1.33333333333333
1	11.2086974072802	-1.03632654972431	1.33333333333333
1	11.2876318960638	-1.00156068515992	1.33333333333333
1	11.3665663848475	-0.963451620655515	1.33333333333333
1	11.4455008736312	-0.921999356211077	1.33333333333333
1	11.5244353624148	-0.877203891826611	1.33333333333333
1	11.6033698511985	-0.829065227502115	1.33333333333333
1	11.6823043399821	-0.777583363237592	1.33333333333333
1	11.7612388287658	-0.722758299033041	1.33333333333333
1	11.8401733175495	-0.664590034888461	1.33333333333333
1	11.9191078063331	-0.603078570803852	1.33333333333333
1	11.9980422951168	-0.538223906779216	1.33333333333333
1	12.0769767839005	-0.470026042814551	1.33333333333333
1	12.1559112726841	-0.398484978909858	1.33333333333333
1	12.2348457614678	-0.323600715065136	1.33333333333333
1	12.3137802502515	-0.245373251280386	1.33333333333333
1	12.3927147390351	-0.163802587555609	1.33333333333333
1	12.4716492278188	-0.0788887238908026	1.33333333333333
1	12.5505837166024	0.00936833971403368	1.33333333333333
1	12.6295182053861	0.100968603258896	1.33333333333333
1	12.7084526941698	0.195912066743787	1.33333333333333
1	12.7873871829534	0.294198730168706	1.33333333333333
1	12.8663216717371	0.395828593533654	1.33333333333333
1	12.9452561605208	0.500801656838632	1.33333333333333
1	13.0241906493044	0.609117920083636	1.33333333333333
1	13.1031251380881	0.720777383268668	1.33333333333333
1	13.1820596268717	0.835780046393729	1.33333333333333
1	13.2609941156554	0.95412590945882	1.33333333333333
1	13.3399286044391	1.07581497246394	1.33333333333333
1	13.4188630932227	1.20084723540908	1.33333333333333
1	13.4977975820064	1.32922269829426	1.33333333333333
1	13.5767320707901	1.46094136111946	1.33333333333333
1	13.6556665595737	1.59600322388469	1.33333333333333
1	13.7346010483574	1.73440828658995	1.33333333333333
1	13.8135355371411	1.87615654923524	1.33333333333333
1	13.8924700259247	2.02124801182056	1.33333333333333
1	13.9714045147084	2.1696826743459	1.33333333333333
1	14.050339003492	2.2	1.33333333333333
1	14.1292734922757	2.2	1.33333333333333
1	14.2082079810594	2.2	1.33333333333333
1	14.287142469843	2.2	1.33333333333333
1	14.3660769586267	2.2	1.33333333333333
1	14.4450114474104	2.2	1.33333333333333
1	14.523945936194	2.2	1.33333333333333
1	14.6028804249777	2.2	1.33333333333333
1	14.6818149137613	2.2	1.33333333333333
1	14.760749402545	2.2	1.33333333333333
1	14.8396838913287	2.2	1.33333333333333
1	14.9186183801123	2.2	1.33333333333333
1	14.997552868896	2.2	1.33333333333333
1	15.0764873576797	2.2	1.33333333333333
1	15.1554218464633	2.2	1.33333333333333
1	15.234356335247	2.2	1.33333333333333
1	15.3132908240307	2.2	1.33333333333333
1	15.3922253128143	2.2	1.33333333333333
1	15.471159801598	2.2	1.33333333333333
1	15.5500942903816	2.2	1.33333333333333
1	15.6290287791653	2.2	1.33333333333333
1	15.707963267949	2.2	1.33333333333333
1	0	2.2	2.33333333333333
1	0.0789344887836631	2.2	2.33333333333333
1	0.157868977567326	2.2	2.33333333333333
1	0.236803466350989	2.2	2.33333333333333
1	0.315737955134653	2.2	2.33333333333333
1	0.394672443918316	2.2	2.33333333333333
1	0.473606932701979	2.2	2.33333333333333
1	0.552541421485642	2.2	2.33333333333333
1	0.631475910269305	2.2	2.33333333333333
1	0.710410399052968	2.2	2.33333333333333
1	0.789344887836632	2.2	2.33333333333333
1	0.868279376620295	2.2	2.33333333333333
1	0.947213865403958	2.2	2.33333333333333
1	1.02614835418762	2.2	2.33333333333333
1	1.10508284297128	2.2	2.33333333333333
1	1.18401733175495	2.2	2.33333333333333
1	1.26295182053861	2.2	2.33333333333333
1	1.34188630932227	2.2	2.33333333333333
1	1.42082079810594	2.2	2.33333333333333
1	1.4997552868896	2.2	2.33333333333333
1	1.57868977567326	2.2	2.33333333333333
1	1.65762426445693	2.2	2.33333333333333
1	1.73655875324059	2.2	2.33333333333333
1	1.81549324202425	2.2	2.33333333333333
1	1.89442773080792	2.2	2.33333333333333
1	1.97336221959158	2.2	2.33333333333333
1	2.05229670837524	2.2	2.33333333333333
1	2.1312311971589	2.2	2.33333333333333
1	2.21016568594257	2.2	2.33333333333333
1	2.28910017472623	2.2	2.33333333333333
1	2.36803466350989	2.2	2.33333333333333
1	2.44696915229356	2.2	2.33333333333333
1	2.52590364107722	2.2	2.33333333333333
1	2.60483812986088	2.2	2.33333333333333
1	2.68377261864455	2.2	2.33333333333333
1	2.76270710742821	2.2	2.33333333333333
1	2.84164159621187	2.2	2.33333333333333
1	2.92057608499554	2.2	2.33333333333333
1	2.9995105737792	2.2	2.33333333333333
1	3.07844506256286	2.2	2.33333333333333
1	3.15737955134653	2.2	2.33333333333333
1	3.23631404013019	2.2	2.33333333333333
1	3.31524852891385	2.2	2.33333333333333
1	3.39418301769752	2.2	2.33333333333333
1	3.47311750648118	2.2	2.33333333333333
1	3.55205199526484	2.2	2.33333333333333
1	3.63098648404851	2.2	2.33333333333333
1	3.70992097283217	2.2	2.33333333333333
1	3.78885546161583	2.2	2.33333333333333
1	3.86778995039949	2.2	2.33333333333333
1	3.94672443918316	2.2	2.33333333333333
1	4.02565892796682	2.2	2.33333333333333
1	4.10459341675048	2.2	2.33333333333333
1	4.18352790553415	2.2	2.33333333333333
1	4.26246239431781	2.2	2.33333333333333
1	4.34139688310147	2.2	2.33333333333333
1	4.42033137188514	2.2	2.33333333333333
1	4.4992658606688	2.2	2.33333333333333
1	4.57820034945246	2.2	2.33333333333333
1	4.65713483823613	2.2	2.33333333333333
1	4.73606932701979	2.2	2.33333333333333
1	4.81500381580345	2.2	2.33333333333333
1	4.89393830458712	2.2	2.33333333333333
1	4.97287279337078	2.2	2.33333333333333
1	5.05180728215444	2.2	2.33333333333333
1	5.1307417709381	2.2	2.33333333333333
1	5.20967625972177	2.2	2.33333333333333
1	5.28861074850543	2.2	2.33333333333333
1	5.36754523728909	2.2	2.33333333333333
1	5.44647972607276	2.2	2.33333333333333
1	5.52541421485642	2.2	2.33333333333333
1	5.60434870364008	2.2	2.33333333333333
1	5.68328319242375	2.2	2.33333333333333
1	5.76221768120741	2.2	2.33333333333333
1	5.84115216999107	2.2	2.33333333333333
1	5.92008665877474	2.2	2.33333333333333
1	5.9990211475584	2.2	2.33333333333333
1	6.07795563634206	2.2	2.33333333333333
1	6.15689012512573	2.2	2.33333333333333
1	6.23582461390939	2.2	2.33333333333333
1	6.31475910269305	2.2	2.33333333333333
1	6.39369359147672	2.2	2.33333333333333
1	6.47262808026038	2.2	2.33333333333333
1	6.55156256904404	2.2	2.33333333333333
1	6.6304970578277	2.2	2.33333333333333
1	6.70943154661137	2.2	2.33333333333333
1	6.78836603539503	2.2	2.33333333333333
1	6.86730052417869	2.2	2.33333333333333
1	6.94623501296236	2.2	2.33333333333333
1	7.02516950174602	2.2	2.33333333333333
1	7.10410399052968	2.2	2.33333333333333
1	7.18303847931335	2.2	2.33333333333333
1	7.26197296809701	2.2	2.33333333333333
1	7.34090745688067	2.2	2.33333333333333
1	7.41984194566434	2.2	2.33333333333333
1	7.498776434448	2.2	2.33333333333333
1	7.57771092323166	2.2	2.33333333333333
1	7.65664541201533	2.2	2.33333333333333
1	7.73557990079899	2.2	2.33333333333333
1	7.81451438958265	2.2	2.33333333333333
1	7.89344887836631	2.2	2.33333333333333
1	7.97238336714998	2.2	2.33333333333333
1	8.05131785593364	2.2	2.33333333333333
1	8.1302523447173	2.2	2.33333333333333
1	8.20918683350097	2.2	2.33333333333333
1	8.28812132228463	2.2	2.33333333333333
1	8.36705581106829	2.05472100424289	2.33333333333333
1	8.44599029985196	1.87779876593555	2.33333333333333
1	8.52492478863562	1.70612800455477	2.33333333333333
1	8.60385927741928	1.53970872010055	2.33333333333333
1	8.68279376620295	1.37854091257287	2.33333333333333
1	8.76172825498661	1.22262458197175	2.33333333333333
1	8.84066274377027	1.07195972829719	2.33333333333333
1	8.91959723255394	0.926546351549176	2.33333333333333
1	8.9985317213376	0.786384451727714	2.33333333333333
1	9.07746621012126	0.651474028832809	2.33333333333333
1	9.15640069890492	0.521815082864457	2.33333333333333
1	9.23533518768859	0.397407613822659	2.33333333333333
1	9.31426967647225	0.278251621707411	2.33333333333333
1	9.39320416525591	0.16434710651872	2.33333333333333
1	9.47213865403958	0.0556940682565815	2.33333333333333
1	9.55107314282324	-0.0477074930790032	2.33333333333333
1	9.6300076316069	-0.145857577488037	2.33333333333333
1	9.70894212039057	-0.238756184970515	2.33333333333333
1	9.78787660917423	-0.326403315526439	2.33333333333333
1	9.86681109795789	-0.40879896915581	2.33333333333333
1	9.94574558674156	-0.485943145858629	2.33333333333333
1	10.0246800755252	-0.557835845634894	2.33333333333333
1	10.1036145643089	-0.624477068484604	2.33333333333333
1	10.1825490530925	-0.685866814407762	2.33333333333333
1	10.2614835418762	-0.742005083404366	2.33333333333333
1	10.3404180306599	-0.792891875474417	2.33333333333333
1	10.4193525194435	-0.838527190617914	2.33333333333333
1	10.4982870082272	-0.878911028834858	2.33333333333333
1	10.5772214970109	-0.914043390125248	2.33333333333333
1	10.6561559857945	-0.943924274489086	2.33333333333333
1	10.7350904745782	-0.968553681926369	2.33333333333333
1	10.8140249633619	-0.987931612437099	2.33333333333333
1	10.8929594521455	-1.00205806602128	2.33333333333333
1	10.9718939409292	-1.0109330426789	2.33333333333333
1	11.0508284297128	-1.01455654240997	2.33333333333333
1	11.1297629184965	-1.01292856521449	2.33333333333333
1	11.2086974072802	-1.00604911109245	2.33333333333333
1	11.2876318960638	-0.993918180043857	2.33333333333333
1	11.3665663848475	-0.976535772068713	2.33333333333333
1	11.4455008736312	-0.953901887167016	2.33333333333333
1	11.5244353624148	-0.926016525338765	2.33333333333333
1	11.6033698511985	-0.89287968658396	2.33333333333333
1	11.6823043399821	-0.854491370902603	2.33333333333333
1	11.7612388287658	-0.810851578294692	2.33333333333333
1	11.8401733175495	-0.761960308760227	2.33333333333333
1	11.9191078063331	-0.707817562299208	2.33333333333333
1	11.9980422951168	-0.648423338911637	2.33333333333333
1	12.0769767839005	-0.583777638597512	2.33333333333333
1	12.1559112726841	-0.513880461356834	2.33333333333333
1	12.2348457614678	-0.4387318071896	2.33333333333333
1	12.3137802502515	-0.358331676095816	2.33333333333333
1	12.3927147390351	-0.272680068075477	2.33333333333333
1	12.4716492278188	-0.181776983128585	2.33333333333333
1	12.5505837166024	-0.0856224212551382	2.33333333333333
1	12.6295182053861	0.0157836175448609	2.33333333333333
1	12.7084526941698	0.122441133271413	2.33333333333333
1	12.7873871829534	0.234350125924518	2.33333333333333
1	12.8663216717371	0.351510595504177	2.33333333333333
1	12.9452561605208	0.473922542010392	2.33333333333333
1	13.0241906493044	0.601585965443158	2.33333333333333
1	13.1031251380881	0.734500865802477	2.33333333333333
1	13.1820596268717	0.87266724308835	2.33333333333333
1	13.2609941156554	1.01608509730078	2.33333333333333
1	13.3399286044391	1.16475442843976	2.33333333333333
1	13.4188630932227	1.31867523650529	2.33333333333333
1	13.4977975820064	1.47784752149738	2.33333333333333
1	13.5767320707901	1.64227128341602	2.33333333333333
1	13.6556665595737	1.81194652226121	2.33333333333333
1	13.7346010483574	1.98687323803296	2.33333333333333
1	13.8135355371411	2.16705143073126	2.33333333333333
1	13.8924700259247	2.2	2.33333333333333
1	13.9714045147084	2.2	2.33333333333333
1	14.050339003492	2.2	2.33333333333333
1	14.1292734922757	2.2	2.33333333333333
1	14.2082079810594	2.2	2.33333333333333
1	14.287142469843	2.2	2.33333333333333
1	14.3660769586267	2.2	2.33333333333333
1	14.4450114474104	2.2	2.33333333333333
1	14.523945936194	2.2	2.33333333333333
1	14.6028804249777	2.2	2.33333333333333
1	14.6818149137613	2.2	2.33333333333333
1	14.760749402545	2.2	2.33333333333333
1	14.8396838913287	2.2	2.33333333333333
1	14.9186183801123	2.2	2.33333333333333
1	14.997552868896	2.2	2.33333333333333
1	15.0764873576797	2.2	2.33333333333333
1	15.1554218464633	2.2	2.33333333333333
1	15.234356335247	2.2	2.33333333333333
1	15.3132908240307	2.2	2.33333333333333
1	15.3922253128143	2.2	2.33333333333333
1	15.471159801598	2.2	2.33333333333333
1	15.5500942903816	2.2	2.33333333333333
1	15.6290287791653	2.2	2.33333333333333
1	15.707963267949	2.2	2.33333333333333
1	0	2.2	3.33333333333333
1	0.0789344887836631	2.2	3.33333333333333
1	0.157868977567326	2.2	3.33333333333333
1	0.236803466350989	2.2	3.33333333333333
1	0.315737955134653	2.2	3.33333333333333
1	0.394672443918316	2.2	3.33333333333333
1	0.473606932701979	2.2	3.33333333333333
1	0.552541421485642	2.2	3.33333333333333
1	0.631475910269305	2.2	3.33333333333333
1	0.710410399052968	2.2	3.33333333333333
1	0.789344887836632	2.2	3.33333333333333
1	0.868279376620295	2.2	3.33333333333333
1	0.947213865403958	2.2	3.33333333333333
1	1.02614835418762	2.2	3.33333333333333
1	1.10508284297128	2.2	3.33333333333333
1	1.18401733175495	2.2	3.33333333333333
1	1.26295182053861	2.2	3.33333333333333
1	1.34188630932227	2.2	3.33333333333333
1	1.42082079810594	2.2	3.33333333333333
1	1.4997552868896	2.2	3.33333333333333
1	1.57868977567326	2.2	3.33333333333333
1	1.65762426445693	2.2	3.33333333333333
1	1.73655875324059	2.2	3.33333333333333
1	1.81549324202425	2.2	3.33333333333333
1	1.89442773080792	2.2	3.33333333333333
1	1.97336221959158	2.2	3.33333333333333
1	2.05229670837524	2.2	3.33333333333333
1	2.1312311971589	2.2	3.33333333333333
1	2.21016568594257	2.2	3.33333333333333
1	2.28910017472623	2.2	3.33333333333333
1	2.36803466350989	2.2	3.33333333333333
1	2.44696915229356	2.2	3.33333333333333
1	2.52590364107722	2.2	3.33333333333333
1	2.60483812986088	2.2	3.33333333333333
1	2.68377261864455	2.2	3.33333333333333
1	2.76270710742821	2.2	3.33333333333333
1	2.84164159621187	2.2	3.33333333333333
1	2.92057608499554	2.2	3.33333333333333
1	2.9995105737792	2.2	3.33333333333333
1	3.07844506256286	2.2	3.33333333333333
1	3.15737955134653	2.2	3.33333333333333
1	3.23631404013019	2.2	3.33333333333333
1	3.31524852891385	2.2	3.33333333333333
1	3.39418301769752	2.2	3.33333333333333
1	3.47311750648118	2.2	3.33333333333333
1	3.55205199526484	2.2	3.33333333333333
1	3.63098648404851	2.2	3.33333333333333
1	3.70992097283217	2.2	3.33333333333333
1	3.78885546161583	2.2	3.33333333333333
1	3.86778995039949	2.2	3.33333333333333
1	3.94672443918316	2.2	3.33333333333333
1	4.02565892796682	2.2	3.33333333333333
1	4.10459341675048	2.2	3.33333333333333
1	4.18352790553415	2.2	3.33333333333333
1	4.26246239431781	2.2	3.33333333333333
1	4.34139688310147	2.2	3.33333333333333
1	4.42033137188514	2.2	3.33333333333333
1	4.4992658606688	2.2	3.33333333333333
1	4.57820034945246	2.2	3.33333333333333
1	4.65713483823613	2.2	3.33333333333333
1	4.73606932701979	2.2	3.33333333333333
1	4.81500381580345	2.2	3.33333333333333
1	4.89393830458712	2.2	3.33333333333333
1	4.97287279337078	2.2	3.33333333333333
1	5.05180728215444	2.2	3.33333333333333
1	5.1307417709381	2.2	3.33333333333333
1	5.20967625972177	2.2	3.33333333333333
1	5.28861074850543	2.2	3.33333333333333
1	5.36754523728909	2.2	3.33333333333333
1	5.44647972607276	2.2	3.33333333333333
1	5.52541421485642	2.2	3.33333333333333
1	5.60434870364008	2.2	3.33333333333333
1	5.68328319242375	2.2	3.33333333333333
1	5.76221768120741	2.2	3.33333333333333
1	5.84115216999107	2.2	3.33333333333333
1	5.92008665877474	2.2	3.33333333333333
1	5.9990211475584	2.2	3.33333333333333
1	6.07795563634206	2.2	3.33333333333333
1	6.15689012512573	2.2	3.33333333333333
1	6.23582461390939	2.2	3.33333333333333
1	6.31475910269305	2.2	3.33333333333333
1	6.39369359147672	2.2	3.33333333333333
1	6.47262808026038	2.2	3.33333333333333
1	6.55156256904404	2.2	3.33333333333333
1	6.6304970578277	2.2	3.33333333333333
1	6.70943154661137	2.2	3.33333333333333
1	6.78836603539503	2.2	3.33333333333333
1	6.86730052417869	2.2	3.33333333333333
1	6.94623501296236	2.2	3.33333333333333
1	7.02516950174602	2.2	3.33333333333333
1	7.10410399052968	2.2	3.33333333333333
1	7.18303847931335	2.2	3.33333333333333
1	7.26197296809701	2.2	3.33333333333333
1	7.34090745688067	2.2	3.33333333333333
1	7.41984194566434	2.2	3.33333333333333
1	7.498776434448	2.2	3.33333333333333
1	7.57771092323166	2.2	3.33333333333333
1	7.65664541201533	2.2	3.33333333333333
1	7.73557990079899	2.2	3.33333333333333
1	7.81451438958265	2.2	3.33333333333333
1	7.89344887836631	2.2	3.33333333333333
1	7.97238336714998	2.2	3.33333333333333
1	8.05131785593364	2.2	3.33333333333333
1	8.1302523447173	2.2	3.33333333333333
1	8.20918683350097	2.2	3.33333333333333
1	8.28812132228463	2.2	3.33333333333333
1	8.36705581106829	2.2	3.33333333333333
1	8.44599029985196	2.2	3.33333333333333
1	8.52492478863562	2.04423779521555	3.33333333333333
1	8.60385927741928	1.85281613838251	3.33333333333333
1	8.68279376620295	1.66760976644435	3.33333333333333
1	8.76172825498661	1.48861867940108	3.33333333333333
1	8.84066274377027	1.31584287725269	3.33333333333333
1	8.91959723255394	1.14928235999919	3.33333333333333
1	8.9985317213376	0.988937127640565	3.33333333333333
1	9.07746621012126	0.834807180176828	3.33333333333333
1	9.15640069890492	0.686892517607973	3.33333333333333
1	9.23533518768859	0.545193139934001	3.33333333333333
1	9.31426967647225	0.40970904715491	3.33333333333333
1	9.39320416525591	0.280440239270704	3.33333333333333
1	9.47213865403958	0.157386716281382	3.33333333333333
1	9.55107314282324	0.0405484781869425	3.33333333333333
1	9.6300076316069	-0.0700744750126159	3.33333333333333
1	9.70894212039057	-0.174482143317289	3.33333333333333
1	9.78787660917423	-0.272674526727079	3.33333333333333
1	9.86681109795789	-0.364651625241986	3.33333333333333
1	9.94574558674156	-0.450413438862011	3.33333333333333
1	10.0246800755252	-0.529959967587151	3.33333333333333
1	10.1036145643089	-0.603291211417409	3.33333333333333
1	10.1825490530925	-0.670407170352783	3.33333333333333
1	10.2614835418762	-0.731307844393274	3.33333333333333
1	10.3404180306599	-0.785993233538884	3.33333333333333
1	10.4193525194435	-0.834463337789608	3.33333333333333
1	10.4982870082272	-0.87671815714545	3.33333333333333
1	10.5772214970109	-0.912757691606409	3.33333333333333
1	10.6561559857945	-0.942581941172485	3.33333333333333
1	10.7350904745782	-0.966190905843678	3.33333333333333
1	10.8140249633619	-0.983584585619987	3.33333333333333
1	10.8929594521455	-0.994762980501413	3.33333333333333
1	10.9718939409292	-0.999726090487957	3.33333333333333
1	11.0508284297128	-0.998473915579616	3.33333333333333
1	11.1297629184965	-0.991006455776393	3.33333333333333
1	11.2086974072802	-0.977323711078287	3.33333333333333
1	11.2876318960638	-0.957425681485297	3.33333333333333
1	11.3665663848475	-0.931312366997425	3.33333333333333
1	11.4455008736312	-0.898983767614669	3.33333333333333
1	11.5244353624148	-0.860439883337031	3.33333333333333
1	11.6033698511985	-0.815680714164508	3.33333333333333
1	11.6823043399821	-0.764706260097103	3.33333333333333
1	11.7612388287658	-0.707516521134815	3.33333333333333
1	11.8401733175495	-0.644111497277644	3.33333333333333
1	11.9191078063331	-0.574491188525588	3.33333333333333
1	11.9980422951168	-0.498655594878651	3.33333333333333
1	12.0769767839005	-0.41660471633683	3.33333333333333
1	12.1559112726841	-0.328338552900127	3.33333333333333
1	12.2348457614678	-0.233857104568538	3.33333333333333
1	12.3137802502515	-0.133160371342068	3.33333333333333
1	12.3927147390351	-0.026248353220715	3.33333333333333
1	12.4716492278188	0.086878949795521	3.33333333333333
1	12.5505837166024	0.206221537706643	3.33333333333333
1	12.6295182053861	0.331779410512645	3.33333333333333
1	12.7084526941698	0.463552568213531	3.33333333333333
1	12.7873871829534	0.601541010809299	3.33333333333333
1	12.8663216717371	0.74574473829995	3.33333333333333
1	12.9452561605208	0.896163750685489	3.33333333333333
1	13.0241906493044	1.05279804796591	3.33333333333333
1	13.1031251380881	1.21564763014121	3.33333333333333
1	13.1820596268717	1.38471249721139	3.33333333333333
1	13.2609941156554	1.55999264917646	3.33333333333333
1	13.3399286044391	1.74148808603641	3.33333333333333
1	13.4188630932227	1.92919880779125	3.33333333333333
1	13.4977975820064	2.12312481444096	3.33333333333333
1	13.5767320707901	2.2	3.33333333333333
1	13.6556665595737	2.2	3.33333333333333
1	13.7346010483574	2.2	3.33333333333333
1	13.8135355371411	2.2	3.33333333333333
1	13.8924700259247	2.2	3.33333333333333
1	13.9714045147084	2.2	3.33333333333333
1	14.050339003492	2.2	3.33333333333333
1	14.1292734922757	2.2	3.33333333333333
1	14.2082079810594	2.2	3.33333333333333
1	14.287142469843	2.2	3.33333333333333
1	14.3660769586267	2.2	3.33333333333333
1	14.4450114474104	2.2	3.33333333333333
1	14.523945936194	2.2	3.33333333333333
1	14.6028804249777	2.2	3.33333333333333
1	14.6818149137613	2.2	3.33333333333333
1	14.760749402545	2.2	3.33333333333333
1	14.8396838913287	2.2	3.33333333333333
1	14.9186183801123	2.2	3.33333333333333
1	14.997552868896	2.2	3.33333333333333
1	15.0764873576797	2.2	3.33333333333333
1	15.1554218464633	2.2	3.33333333333333
1	15.234356335247	2.2	3.33333333333333
1	15.3132908240307	2.2	3.33333333333333
1	15.3922253128143	2.2	3.33333333333333
1	15.471159801598	2.2	3.33333333333333
1	15.5500942903816	2.2	3.33333333333333
1	15.6290287791653	2.2	3.33333333333333
1	15.707963267949	2.2	3.33333333333333
1	0	2.2	4.33333333333333
1	0.0789344887836631	2.2	4.33333333333333
1	0.157868977567326	2.2	4.33333333333333
1	0.236803466350989	2.2	4.33333333333333
1	0.315737955134653	2.2	4.33333333333333
1	0.394672443918316	2.2	4.33333333333333
1	0.473606932701979	2.2	4.33333333333333
1	0.552541421485642	2.2	4.33333333333333
1	0.631475910269305	2.2	4.33333333333333
1	0.710410399052968	2.2	4.33333333333333
1	0.789344887836632	2.2	4.33333333333333
1	0.868279376620295	2.2	4.33333333333333
1	0.947213865403958	2.2	4.33333333333333
1	1.02614835418762	2.2	4.33333333333333
1	1.10508284297128	2.2	4.33333333333333
1	1.18401733175495	2.2	4.33333333333333
1	1.26295182053861	2.2	4.33333333333333
1	1.34188630932227	2.2	4.33333333333333
1	1.42082079810594	2.2	4.33333333333333
1	1.4997552868896	2.2	4.33333333333333
1	1.57868977567326	2.2	4.33333333333333
1	1.65762426445693	2.2	4.33333333333333
1	1.73655875324059	2.2	4.33333333333333
1	1.81549324202425	2.2	4.33333333333333
1	1.89442773080792	2.2	4.33333333333333
1	1.97336221959158	2.2	4.33333333333333
1	2.05229670837524	2.2	4.33333333333333
1	2.1312311971589	2.2	4.33333333333333
1	2.21016568594257	2.2	4.33333333333333
1	2.28910017472623	2.2	4.33333333333333
1	2.36803466350989	2.2	4.33333333333333
1	2.44696915229356	2.2	4.33333333333333
1	2.52590364107722	2.2	4.33333333333333
1	2.60483812986088	2.2	4.33333333333333
1	2.68377261864455	2.2	4.33333333333333
1	2.76270710742821	2.2	4.33333333333333
1	2.84164159621187	2.2	4.33333333333333
1	2.92057608499554	2.2	4.33333333333333
1	2.9995105737792	2.2	4.33333333333333
1	3.07844506256286	2.2	4.33333333333333
1	3.15737955134653	2.2	4.33333333333333
1	3.23631404013019	2.2	4.33333333333333
1	3.31524852891385	2.2	4.33333333333333
1	3.39418301769752	2.2	4.33333333333333
1	3.47311750648118	2.2	4.33333333333333
1	3.55205199526484	2.2	4.33333333333333
1	3.63098648404851	2.2	4.33333333333333
1	3.70992097283217	2.2	4.33333333333333
1	3.78885546161583	2.2	4.33333333333333
1	3.86778995039949	2.2	4.33333333333333
1	3.94672443918316	2.2	4.33333333333333
1	4.02565892796682	2.2	4.33333333333333
1	4.10459341675048	2.2	4.33333333333333
1	4.18352790553415	2.2	4.33333333333333
1	4.26246239431781	2.2	4.33333333333333
1	4.34139688310147	2.2	4.33333333333333
1	4.42033137188514	2.2	4.33333333333333
1	4.4992658606688	2.2	4.33333333333333
1	4.57820034945246	2.2	4.33333333333333
1	4.65713483823613	2.2	4.33333333333333
1	4.73606932701979	2.2	4.33333333333333
1	4.81500381580345	2.2	4.33333333333333
1	4.89393830458712	2.2	4.33333333333333
1	4.97287279337078	2.2	4.33333333333333
1	5.05180728215444	2.2	4.33333333333333
1	5.1307417709381	2.2	4.33333333333333
1	5.20967625972177	2.2	4.33333333333333
1	5.28861074850543	2.2	4.33333333333333
1	5.36754523728909	2.2	4.33333333333333
1	5.44647972607276	2.2	4.33333333333333
1	5.52541421485642	2.2	4.33333333333333
1	5.60434870364008	2.2	4.33333333333333
1	5.68328319242375	2.2	4.33333333333333
1	5.76221768120741	2.2	4.33333333333333
1	5.84115216999107	2.2	4.33333333333333
1	5.92008665877474	2.2	4.33333333333333
1	5.9990211475584	2.2	4.33333333333333
1	6.07795563634206	2.2	4.33333333333333
1	6.15689012512573	2.2	4.33333333333333
1	6.23582461390939	2.2	4.33333333333333
1	6.31475910269305	2.2	4.33333333333333
1	6.39369359147672	2.2	4.33333333333333
1	6.47262808026038	2.2	4.33333333333333
1	6.55156256904404	2.2	4.33333333333333
1	6.6304970578277	2.2	4.33333333333333
1	6.70943154661137	2.2	4.33333333333333
1	6.78836603539503	2.2	4.33333333333333
1	6.86730052417869	2.2	4.33333333333333
1	6.94623501296236	2.2	4.33333333333333
1	7.02516950174602	2.2	4.33333333333333
1	7.10410399052968	2.2	4.33333333333333
1	7.18303847931335	2.2	4.33333333333333
1	7.26197296809701	2.2	4.33333333333333
1	7.34090745688067	2.2	4.33333333333333
1	7.41984194566434	2.2	4.33333333333333
1	7.498776434448	2.2	4.33333333333333
1	7.57771092323166	2.2	4.33333333333333
1	7.65664541201533	2.2	4.33333333333333
1	7.73557990079899	2.2	4.33333333333333
1	7.81451438958265	2.2	4.33333333333333
1	7.89344887836631	2.2	4.33333333333333
1	7.97238336714998	2.2	4.33333333333333
1	8.05131785593364	2.2	4.33333333333333
1	8.1302523447173	2.2	4.33333333333333
1	8.20918683350097	2.2	4.33333333333333
1	8.28812132228463	2.2	4.33333333333333
1	8.36705581106829	2.2	4.33333333333333
1	8.44599029985196	2.2	4.33333333333333
1	8.52492478863562	2.05205445281663	4.33333333333333
1	8.60385927741928	1.86015032570146	4.33333333333333
1	8.68279376620295	1.67447685206405	4.33333333333333
1	8.76172825498661	1.4950340319044	4.33333333333333
1	8.84066274377027	1.32182186522252	4.33333333333333
1	8.91959723255394	1.1548403520184	4.33333333333333
1	8.9985317213376	0.994089492292043	4.33333333333333
1	9.07746621012126	0.839569286043454	4.33333333333333
1	9.15640069890492	0.691279733272628	4.33333333333333
1	9.23533518768859	0.549220833979566	4.33333333333333
1	9.31426967647225	0.413392588164266	4.33333333333333
1	9.39320416525591	0.283794995826733	4.33333333333333
1	9.47213865403958	0.160428056966963	4.33333333333333
1	9.55107314282324	0.0432917715849581	4.33333333333333
1	9.6300076316069	-0.0676138603192856	4.33333333333333
1	9.70894212039057	-0.172288838745763	4.33333333333333
1	9.78787660917423	-0.270733163694476	4.33333333333333
1	9.86681109795789	-0.362946835165425	4.33333333333333
1	9.94574558674156	-0.448929853158612	4.33333333333333
1	10.0246800755252	-0.528682217674033	4.33333333333333
1	10.1036145643089	-0.602203928711689	4.33333333333333
1	10.1825490530925	-0.669494986271582	4.33333333333333
1	10.2614835418762	-0.730555390353711	4.33333333333333
1	10.3404180306599	-0.785385140958077	4.33333333333333
1	10.4193525194435	-0.833984238084677	4.33333333333333
1	10.4982870082272	-0.876352681733514	4.33333333333333
1	10.5772214970109	-0.912490471904586	4.33333333333333
1	10.6561559857945	-0.942397608597895	4.33333333333333
1	10.7350904745782	-0.96607409181344	4.33333333333333
1	10.8140249633619	-0.98351992155122	4.33333333333333
1	10.8929594521455	-0.994735097811236	4.33333333333333
1	10.9718939409292	-0.999719620593488	4.33333333333333
1	11.0508284297128	-0.998473489897976	4.33333333333333
1	11.1297629184965	-0.990996705724701	4.33333333333333
1	11.2086974072802	-0.97728926807366	4.33333333333333
1	11.2876318960638	-0.957351176944856	4.33333333333333
1	11.3665663848475	-0.931182432338288	4.33333333333333
1	11.4455008736312	-0.898783034253955	4.33333333333333
1	11.5244353624148	-0.860152982691859	4.33333333333333
1	11.6033698511985	-0.815292277651998	4.33333333333333
1	11.6823043399821	-0.764200919134373	4.33333333333333
1	11.7612388287658	-0.706878907138985	4.33333333333333
1	11.8401733175495	-0.643326241665832	4.33333333333333
1	11.9191078063331	-0.573542922714914	4.33333333333333
1	11.9980422951168	-0.497528950286233	4.33333333333333
1	12.0769767839005	-0.415284324379788	4.33333333333333
1	12.1559112726841	-0.32680904499558	4.33333333333333
1	12.2348457614678	-0.232103112133604	4.33333333333333
1	12.3137802502515	-0.131166525793867	4.33333333333333
1	12.3927147390351	-0.0239992859763662	4.33333333333333
1	12.4716492278188	0.0893986073188986	4.33333333333333
1	12.5505837166024	0.209027154091931	4.33333333333333
1	12.6295182053861	0.334886354342724	4.33333333333333
1	12.7084526941698	0.466976208071281	4.33333333333333
1	12.7873871829534	0.605296715277603	4.33333333333333
1	12.8663216717371	0.749847875961688	4.33333333333333
1	12.9452561605208	0.900629690123541	4.33333333333333
1	13.0241906493044	1.05764215776315	4.33333333333333
1	13.1031251380881	1.22088527888053	4.33333333333333
1	13.1820596268717	1.39035905347567	4.33333333333333
1	13.2609941156554	1.56606348154858	4.33333333333333
1	13.3399286044391	1.74799856309925	4.33333333333333
1	13.4188630932227	1.93616429812769	4.33333333333333
1	13.4977975820064	2.13056068663388	4.33333333333333
1	13.5767320707901	2.2	4.33333333333333
1	13.6556665595737	2.2	4.33333333333333
1	13.7346010483574	2.2	4.33333333333333
1	13.8135355371411	2.2	4.33333333333333
1	13.8924700259247	2.2	4.33333333333333
1	13.9714045147084	2.2	4.33333333333333
1	14.050339003492	2.2	4.33333333333333
1	14.1292734922757	2.2	4.33333333333333
1	14.2082079810594	2.2	4.33333333333333
1	14.287142469843	2.2	4.33333333333333
1	14.3660769586267	2.2	4.33333333333333
1	14.4450114474104	2.2	4.33333333333333
1	14.523945936194	2.2	4.33333333333333
1	14.6028804249777	2.2	4.33333333333333
1	14.6818149137613	2.2	4.33333333333333
1	14.760749402545	2.2	4.33333333333333
1	14.8396838913287	2.2	4.33333333333333
1	14.9186183801123	2.2	4.33333333333333
1	14.997552868896	2.2	4.33333333333333
1	15.0764873576797	2.2	4.33333333333333
1	15.1554218464633	2.2	4.33333333333333
1	15.234356335247	2.2	4.33333333333333
1	15.3132908240307	2.2	4.33333333333333
1	15.3922253128143	2.2	4.33333333333333
1	15.471159801598	2.2	4.33333333333333
1	15.5500942903816	2.2	4.33333333333333
1	15.6290287791653	2.2	4.33333333333333
1	15.707963267949	2.2	4.33333333333333
1	0	2.2	5.33333333333333
1	0.0789344887836631	2.2	5.33333333333333
1	0.157868977567326	2.2	5.33333333333333
1	0.236803466350989	2.2	5.33333333333333
1	0.315737955134653	2.2	5.33333333333333
1	0.394672443918316	2.2	5.33333333333333
1	0.473606932701979	2.2	5.33333333333333
1	0.552541421485642	2.2	5.33333333333333
1	0.631475910269305	2.2	5.33333333333333
1	0.710410399052968	2.2	5.33333333333333
1	0.789344887836632	2.2	5.33333333333333
1	0.868279376620295	2.2	5.33333333333333
1	0.947213865403958	2.2	5.33333333333333
1	1.02614835418762	2.2	5.33333333333333
1	1.10508284297128	2.2	5.33333333333333
1	1.18401733175495	2.2	5.33333333333333
1	1.26295182053861	2.2	5.33333333333333
1	1.34188630932227	2.2	5.33333333333333
1	1.42082079810594	2.2	5.33333333333333
1	1.4997552868896	2.2	5.33333333333333
1	1.57868977567326	2.2	5.33333333333333
1	1.65762426445693	2.2	5.33333333333333
1	1.73655875324059	2.2	5.33333333333333
1	1.81549324202425	2.2	5.33333333333333
1	1.89442773080792	2.2	5.33333333333333
1	1.97336221959158	2.2	5.33333333333333
1	2.05229670837524	2.2	5.33333333333333
1	2.1312311971589	2.2	5.33333333333333
1	2.21016568594257	2.2	5.33333333333333
1	2.28910017472623	2.2	5.33333333333333
1	2.36803466350989	2.2	5.33333333333333
1	2.44696915229356	2.2	5.33333333333333
1	2.52590364107722	2.2	5.33333333333333
1	2.60483812986088	2.2	5.33333333333333
1	2.68377261864455	2.2	5.33333333333333
1	2.76270710742821	2.2	5.33333333333333
1	2.84164159621187	2.2	5.33333333333333
1	2.92057608499554	2.2	5.33333333333333
1	2.9995105737792	2.2	5.33333333333333
1	3.07844506256286	2.2	5.33333333333333
1	3.15737955134653	2.2	5.33333333333333
1	3.23631404013019	2.2	5.33333333333333
1	3.31524852891385	2.2	5.33333333333333
1	3.39418301769752	2.2	5.33333333333333
1	3.47311750648118	2.2	5.33333333333333
1	3.55205199526484	2.2	5.33333333333333
1	3.63098648404851	2.2	5.33333333333333
1	3.70992097283217	2.2	5.33333333333333
1	3.78885546161583	2.2	5.33333333333333
1	3.86778995039949	2.2	5.33333333333333
1	3.94672443918316	2.2	5.33333333333333
1	4.02565892796682	2.2	5.33333333333333
1	4.10459341675048	2.2	5.33333333333333
1	4.18352790553415	2.2	5.33333333333333
1	4.26246239431781	2.2	5.33333333333333
1	4.34139688310147	2.2	5.33333333333333
1	4.42033137188514	2.2	5.33333333333333
1	4.4992658606688	2.2	5.33333333333333
1	4.57820034945246	2.2	5.33333333333333
1	4.65713483823613	2.2	5.33333333333333
1	4.73606932701979	2.2	5.33333333333333
1	4.81500381580345	2.2	5.33333333333333
1	4.89393830458712	2.2	5.33333333333333
1	4.97287279337078	2.2	5.33333333333333
1	5.05180728215444	2.2	5.33333333333333
1	5.1307417709381	2.2	5.33333333333333
1	5.20967625972177	2.2	5.33333333333333
1	5.28861074850543	2.2	5.33333333333333
1	5.36754523728909	2.2	5.33333333333333
1	5.44647972607276	2.2	5.33333333333333
1	5.52541421485642	2.2	5.33333333333333
1	5.60434870364008	2.2	5.33333333333333
1	5.68328319242375	2.2	5.33333333333333
1	5.76221768120741	2.2	5.33333333333333
1	5.84115216999107	2.2	5.33333333333333
1	5.92008665877474	2.2	5.33333333333333
1	5.9990211475584	2.2	5.33333333333333
1	6.07795563634206	2.2	5.33333333333333
1	6.15689012512573	2.2	5.33333333333333
1	6.23582461390939	2.2	5.33333333333333
1	6.31475910269305	2.2	5.33333333333333
1	6.39369359147672	2.2	5.33333333333333
1	6.47262808026038	2.2	5.33333333333333
1	6.55156256904404	2.2	5.33333333333333
1	6.6304970578277	2.2	5.33333333333333
1	6.70943154661137	2.2	5.33333333333333
1	6.78836603539503	2.2	5.33333333333333
1	6.86730052417869	2.2	5.33333333333333
1	6.94623501296236	2.2	5.33333333333333
1	7.02516950174602	2.2	5.33333333333333
1	7.10410399052968	2.2	5.33333333333333
1	7.18303847931335	2.2	5.33333333333333
1	7.26197296809701	2.2	5.33333333333333
1	7.34090745688067	2.2	5.33333333333333
1	7.41984194566434	2.2	5.33333333333333
1	7.498776434448	2.2	5.33333333333333
1	7.57771092323166	2.2	5.33333333333333
1	7.65664541201533	2.2	5.33333333333333
1	7.73557990079899	2.2	5.33333333333333
1	7.81451438958265	2.2	5.33333333333333
1	7.89344887836631	2.2	5.33333333333333
1	7.97238336714998	2.2	5.33333333333333
1	8.05131785593364	2.2	5.33333333333333
1	8.1302523447173	2.2	5.33333333333333
1	8.20918683350097	2.2	5.33333333333333
1	8.28812132228463	2.2	5.33333333333333
1	8.36705581106829	2.2	5.33333333333333
1	8.44599029985196	2.2	5.33333333333333
1	8.52492478863562	2.05205447327821	5.33333333333333
1	8.60385927741928	1.86015034487644	5.33333333333333
1	8.68279376620295	1.67447686999419	5.33333333333333
1	8.76172825498661	1.49503404863149	5.33333333333333
1	8.84066274377027	1.32182188078833	5.33333333333333
1	8.91959723255394	1.15484036646471	5.33333333333333
1	8.9985317213376	0.994089505660616	5.33333333333333
1	9.07746621012126	0.839569298376068	5.33333333333333
1	9.15640069890492	0.691279744611059	5.33333333333333
1	9.23533518768859	0.549220844365588	5.33333333333333
1	9.31426967647225	0.413392597639652	5.33333333333333
1	9.39320416525591	0.283795004433257	5.33333333333333
1	9.47213865403958	0.1604280647464	5.33333333333333
1	9.55107314282324	0.0432917785790821	5.33333333333333
1	9.6300076316069	-0.0676138540687005	5.33333333333333
1	9.70894212039057	-0.172288833196942	5.33333333333333
1	9.78787660917423	-0.270733158805646	5.33333333333333
1	9.86681109795789	-0.362946830894812	5.33333333333333
1	9.94574558674156	-0.448929849464441	5.33333333333333
1	10.0246800755252	-0.52868221451453	5.33333333333333
1	10.1036145643089	-0.602203926045081	5.33333333333333
1	10.1825490530925	-0.669494984056094	5.33333333333333
1	10.2614835418762	-0.730555388547568	5.33333333333333
1	10.3404180306599	-0.785385139519505	5.33333333333333
1	10.4193525194435	-0.833984236971904	5.33333333333333
1	10.4982870082272	-0.876352680904763	5.33333333333333
1	10.5772214970109	-0.912490471318085	5.33333333333333
1	10.6561559857945	-0.942397608211869	5.33333333333333
1	10.7350904745782	-0.966074091586114	5.33333333333333
1	10.8140249633619	-0.983519921440821	5.33333333333333
1	10.8929594521455	-0.99473509777599	5.33333333333333
1	10.9718939409292	-0.999719620591621	5.33333333333333
1	11.0508284297128	-0.998473489887713	5.33333333333333
1	11.1297629184965	-0.990996705664267	5.33333333333333
1	11.2086974072802	-0.977289267921283	5.33333333333333
1	11.2876318960638	-0.957351176658761	5.33333333333333
1	11.3665663848475	-0.9311824318767	5.33333333333333
1	11.4455008736312	-0.898783033575102	5.33333333333333
1	11.5244353624148	-0.860152981753965	5.33333333333333
1	11.6033698511985	-0.815292276413289	5.33333333333333
1	11.6823043399821	-0.764200917553075	5.33333333333333
1	11.7612388287658	-0.706878905173324	5.33333333333333
1	11.8401733175495	-0.643326239274034	5.33333333333333
1	11.9191078063331	-0.573542919855204	5.33333333333333
1	11.9980422951168	-0.497528946916838	5.33333333333333
1	12.0769767839005	-0.415284320458934	5.33333333333333
1	12.1559112726841	-0.326809040481491	5.33333333333333
1	12.2348457614678	-0.232103106984509	5.33333333333333
1	12.3137802502515	-0.131166519967989	5.33333333333333
1	12.3927147390351	-0.0239992794319323	5.33333333333333
1	12.4716492278188	0.0893986146236631	5.33333333333333
1	12.5505837166024	0.2090271621988	5.33333333333333
1	12.6295182053861	0.334886363293471	5.33333333333333
1	12.7084526941698	0.466976217907681	5.33333333333333
1	12.7873871829534	0.60529672604143	5.33333333333333
1	12.8663216717371	0.749847887694716	5.33333333333333
1	12.9452561605208	0.900629702867544	5.33333333333333
1	13.0241906493044	1.05764217155991	5.33333333333333
1	13.1031251380881	1.22088529377181	5.33333333333333
1	13.1820596268717	1.39035906950325	5.33333333333333
1	13.2609941156554	1.56606349875423	5.33333333333333
1	13.3399286044391	1.74799858152474	5.33333333333333
1	13.4188630932227	1.9361643178148	5.33333333333333
1	13.4977975820064	2.13056070762439	5.33333333333333
1	13.5767320707901	2.2	5.33333333333333
1	13.6556665595737	2.2	5.33333333333333
1	13.7346010483574	2.2	5.33333333333333
1	13.8135355371411	2.2	5.33333333333333
1	13.8924700259247	2.2	5.33333333333333
1	13.9714045147084	2.2	5.33333333333333
1	14.050339003492	2.2	5.33333333333333
1	14.1292734922757	2.2	5.33333333333333
1	14.2082079810594	2.2	5.33333333333333
1	14.287142469843	2.2	5.33333333333333
1	14.3660769586267	2.2	5.33333333333333
1	14.4450114474104	2.2	5.33333333333333
1	14.523945936194	2.2	5.33333333333333
1	14.6028804249777	2.2	5.33333333333333
1	14.6818149137613	2.2	5.33333333333333
1	14.760749402545	2.2	5.33333333333333
1	14.8396838913287	2.2	5.33333333333333
1	14.9186183801123	2.2	5.33333333333333
1	14.997552868896	2.2	5.33333333333333
1	15.0764873576797	2.2	5.33333333333333
1	15.1554218464633	2.2	5.33333333333333
1	15.234356335247	2.2	5.33333333333333
1	15.3132908240307	2.2	5.33333333333333
1	15.3922253128143	2.2	5.33333333333333
1	15.471159801598	2.2	5.33333333333333
1	15.5500942903816	2.2	5.33333333333333
1	15.6290287791653	2.2	5.33333333333333
1	15.707963267949	2.2	5.33333333333333
1	0	2.2	6.33333333333333
1	0.0789344887836631	2.2	6.33333333333333
1	0.157868977567326	2.2	6.33333333333333
1	0.236803466350989	2.2	6.33333333333333
1	0.315737955134653	2.2	6.33333333333333
1	0.394672443918316	2.2	6.33333333333333
1	0.473606932701979	2.2	6.33333333333333
1	0.552541421485642	2.2	6.33333333333333
1	0.631475910269305	2.2	6.33333333333333
1	0.710410399052968	2.2	6.33333333333333
1	0.789344887836632	2.2	6.33333333333333
1	0.868279376620295	2.2	6.33333333333333
1	0.947213865403958	2.2	6.33333333333333
1	1.02614835418762	2.2	6.33333333333333
1	1.10508284297128	2.2	6.33333333333333
1	1.18401733175495	2.2	6.33333333333333
1	1.26295182053861	2.2	6.33333333333333
1	1.34188630932227	2.2	6.33333333333333
1	1.42082079810594	2.2	6.33333333333333
1	1.4997552868896	2.2	6.33333333333333
1	1.57868977567326	2.2	6.33333333333333
1	1.65762426445693	2.2	6.33333333333333
1	1.73655875324059	2.2	6.33333333333333
1	1.81549324202425	2.2	6.33333333333333
1	1.89442773080792	2.2	6.33333333333333
1	1.97336221959158	2.2	6.33333333333333
1	2.05229670837524	2.2	6.33333333333333
1	2.1312311971589	2.2	6.33333333333333
1	2.21016568594257	2.2	6.33333333333333
1	2.28910017472623	2.2	6.33333333333333
1	2.36803466350989	2.2	6.33333333333333
1	2.44696915229356	2.2	6.33333333333333
1	2.52590364107722	2.2	6.33333333333333
1	2.60483812986088	2.2	6.33333333333333
1	2.68377261864455	2.2	6.33333333333333
1	2.76270710742821	2.2	6.33333333333333
1	2.84164159621187	2.2	6.33333333333333
1	2.92057608499554	2.2	6.33333333333333
1	2.9995105737792	2.2	6.33333333333333
1	3.07844506256286	2.2	6.33333333333333
1	3.15737955134653	2.2	6.33333333333333
1	3.23631404013019	2.2	6.33333333333333
1	3.31524852891385	2.2	6.33333333333333
1	3.39418301769752	2.2	6.33333333333333
1	3.47311750648118	2.2	6.33333333333333
1	3.55205199526484	2.2	6.33333333333333
1	3.63098648404851	2.2	6.33333333333333
1	3.70992097283217	2.2	6.33333333333333
1	3.78885546161583	2.2	6.33333333333333
1	3.86778995039949	2.2	6.33333333333333
1	3.94672443918316	2.2	6.33333333333333
1	4.02565892796682	2.2	6.33333333333333
1	4.10459341675048	2.2	6.33333333333333
1	4.18352790553415	2.2	6.33333333333333
1	4.26246239431781	2.2	6.33333333333333
1	4.34139688310147	2.2	6.33333333333333
1	4.42033137188514	2.2	6.33333333333333
1	4.4992658606688	2.2	6.33333333333333
1	4.57820034945246	2.2	6.33333333333333
1	4.65713483823613	2.2	6.33333333333333
1	4.73606932701979	2.2	6.33333333333333
1	4.81500381580345	2.2	6.33333333333333
1	4.89393830458712	2.2	6.33333333333333
1	4.97287279337078	2.2	6.33333333333333
1	5.05180728215444	2.2	6.33333333333333
1	5.1307417709381	2.2	6.33333333333333
1	5.20967625972177	2.2	6.33333333333333
1	5.28861074850543	2.2	6.33333333333333
1	5.36754523728909	2.2	6.33333333333333
1	5.44647972607276	2.2	6.33333333333333
1	5.52541421485642	2.2	6.33333333333333
1	5.60434870364008	2.2	6.33333333333333
1	5.68328319242375	2.2	6.33333333333333
1	5.76221768120741	2.2	6.33333333333333
1	5.84115216999107	2.2	6.33333333333333
1	5.92008665877474	2.2	6.33333333333333
1	5.9990211475584	2.2	6.33333333333333
1	6.07795563634206	2.2	6.33333333333333
1	6.15689012512573	2.2	6.33333333333333
1	6.23582461390939	2.2	6.33333333333333
1	6.31475910269305	2.2	6.33333333333333
1	6.39369359147672	2.2	6.33333333333333
1	6.47262808026038	2.2	6.33333333333333
1	6.55156256904404	2.2	6.33333333333333
1	6.6304970578277	2.2	6.33333333333333
1	6.70943154661137	2.2	6.33333333333333
1	6.78836603539503	2.2	6.33333333333333
1	6.86730052417869	2.2	6.33333333333333
1	6.94623501296236	2.2	6.33333333333333
1	7.02516950174602	2.2	6.33333333333333
1	7.10410399052968	2.2	6.33333333333333
1	7.18303847931335	2.2	6.33333333333333
1	7.26197296809701	2.2	6.33333333333333
1	7.34090745688067	2.2	6.33333333333333
1	7.41984194566434	2.2	6.33333333333333
1	7.498776434448	2.2	6.33333333333333
1	7.57771092323166	2.2	6.33333333333333
1	7.65664541201533	2.2	6.33333333333333
1	7.73557990079899	2.2	6.33333333333333
1	7.81451438958265	2.2	6.33333333333333
1	7.89344887836631	2.2	6.33333333333333
1	7.97238336714998	2.2	6.33333333333333
1	8.05131785593364	2.2	6.33333333333333
1	8.1302523447173	2.2	6.33333333333333
1	8.20918683350097	2.2	6.33333333333333
1	8.28812132228463	2.2	6.33333333333333
1	8.36705581106829	2.2	6.33333333333333
1	8.44599029985196	2.2	6.33333333333333
1	8.52492478863562	2.05205447327821	6.33333333333333
1	8.60385927741928	1.86015034487643	6.33333333333333
1	8.68279376620295	1.67447686999419	6.33333333333333
1	8.76172825498661	1.49503404863149	6.33333333333333
1	8.84066274377027	1.32182188078833	6.33333333333333
1	8.91959723255394	1.15484036646471	6.33333333333333
1	8.9985317213376	0.994089505660616	6.33333333333333
1	9.07746621012126	0.839569298376068	6.33333333333333
1	9.15640069890492	0.691279744611059	6.33333333333333
1	9.23533518768859	0.549220844365588	6.33333333333333
1	9.31426967647225	0.413392597639652	6.33333333333333
1	9.39320416525591	0.283795004433257	6.33333333333333
1	9.47213865403958	0.1604280647464	6.33333333333333
1	9.55107314282324	0.0432917785790823	6.33333333333333
1	9.6300076316069	-0.0676138540687005	6.33333333333333
1	9.70894212039057	-0.172288833196942	6.33333333333333
1	9.78787660917423	-0.270733158805646	6.33333333333333
1	9.86681109795789	-0.362946830894812	6.33333333333333
1	9.94574558674156	-0.448929849464441	6.33333333333333
1	10.0246800755252	-0.52868221451453	6.33333333333333
1	10.1036145643089	-0.602203926045081	6.33333333333333
1	10.1825490530925	-0.669494984056093	6.33333333333333
1	10.2614835418762	-0.730555388547568	6.33333333333333
1	10.3404180306599	-0.785385139519505	6.33333333333333
1	10.4193525194435	-0.833984236971904	6.33333333333333
1	10.4982870082272	-0.876352680904763	6.33333333333333
1	10.5772214970109	-0.912490471318085	6.33333333333333
1	10.6561559857945	-0.942397608211869	6.33333333333333
1	10.7350904745782	-0.966074091586114	6.33333333333333
1	10.8140249633619	-0.983519921440821	6.33333333333333
1	10.8929594521455	-0.99473509777599	6.33333333333333
1	10.9718939409292	-0.999719620591621	6.33333333333333
1	11.0508284297128	-0.998473489887713	6.33333333333333
1	11.1297629184965	-0.990996705664267	6.33333333333333
1	11.2086974072802	-0.977289267921283	6.33333333333333
1	11.2876318960638	-0.957351176658761	6.33333333333333
1	11.3665663848475	-0.9311824318767	6.33333333333333
1	11.4455008736312	-0.898783033575102	6.33333333333333
1	11.5244353624148	-0.860152981753965	6.33333333333333
1	11.6033698511985	-0.815292276413288	6.33333333333333
1	11.6823043399821	-0.764200917553075	6.33333333333333
1	11.7612388287658	-0.706878905173324	6.33333333333333
1	11.8401733175495	-0.643326239274034	6.33333333333333
1	11.9191078063331	-0.573542919855204	6.33333333333333
1	11.9980422951168	-0.497528946916838	6.33333333333333
1	12.0769767839005	-0.415284320458934	6.33333333333333
1	12.1559112726841	-0.326809040481491	6.33333333333333
1	12.2348457614678	-0.232103106984508	6.33333333333333
1	12.3137802502515	-0.13116651996799	6.33333333333333
1	12.3927147390351	-0.0239992794319324	6.33333333333333
1	12.4716492278188	0.0893986146236632	6.33333333333333
1	12.5505837166024	0.209027162198799	6.33333333333333
1	12.6295182053861	0.334886363293471	6.33333333333333
1	12.7084526941698	0.466976217907681	6.33333333333333
1	12.7873871829534	0.60529672604143	6.33333333333333
1	12.8663216717371	0.749847887694716	6.33333333333333
1	12.9452561605208	0.900629702867544	6.33333333333333
1	13.0241906493044	1.05764217155991	6.33333333333333
1	13.1031251380881	1.22088529377181	6.33333333333333
1	13.1820596268717	1.39035906950325	6.33333333333333
1	13.2609941156554	1.56606349875423	6.33333333333333
1	13.3399286044391	1.74799858152474	6.33333333333333
1	13.4188630932227	1.9361643178148	6.33333333333333
1	13.4977975820064	2.13056070762439	6.33333333333333
1	13.5767320707901	2.2	6.33333333333333
1	13.6556665595737	2.2	6.33333333333333
1	13.7346010483574	2.2	6.33333333333333
1	13.8135355371411	2.2	6.33333333333333
1	13.8924700259247	2.2	6.33333333333333
1	13.9714045147084	2.2	6.33333333333333
1	14.050339003492	2.2	6.33333333333333
1	14.1292734922757	2.2	6.33333333333333
1	14.2082079810594	2.2	6.33333333333333
1	14.287142469843	2.2	6.33333333333333
1	14.3660769586267	2.2	6.33333333333333
1	14.4450114474104	2.2	6.33333333333333
1	14.523945936194	2.2	6.33333333333333
1	14.6028804249777	2.2	6.33333333333333
1	14.6818149137613	2.2	6.33333333333333
1	14.760749402545	2.2	6.33333333333333
1	14.8396838913287	2.2	6.33333333333333
1	14.9186183801123	2.2	6.33333333333333
1	14.997552868896	2.2	6.33333333333333
1	15.0764873576797	2.2	6.33333333333333
1	15.1554218464633	2.2	6.33333333333333
1	15.234356335247	2.2	6.33333333333333
1	15.3132908240307	2.2	6.33333333333333
1	15.3922253128143	2.2	6.33333333333333
1	15.471159801598	2.2	6.33333333333333
1	15.5500942903816	2.2	6.33333333333333
1	15.6290287791653	2.2	6.33333333333333
1	15.707963267949	2.2	6.33333333333333
1	0	2.2	1.66666666666667
1	0.0789344887836631	2.2	1.66666666666667
1	0.157868977567326	2.2	1.66666666666667
1	0.236803466350989	2.2	1.66666666666667
1	0.315737955134653	2.2	1.66666666666667
1	0.394672443918316	2.2	1.66666666666667
1	0.473606932701979	2.2	1.66666666666667
1	0.552541421485642	2.2	1.66666666666667
1	0.631475910269305	2.2	1.66666666666667
1	0.710410399052968	2.2	1.66666666666667
1	0.789344887836632	2.2	1.66666666666667
1	0.868279376620295	2.2	1.66666666666667
1	0.947213865403958	2.2	1.66666666666667
1	1.02614835418762	2.2	1.66666666666667
1	1.10508284297128	2.2	1.66666666666667
1	1.18401733175495	2.2	1.66666666666667
1	1.26295182053861	2.2	1.66666666666667
1	1.34188630932227	2.2	1.66666666666667
1	1.42082079810594	2.2	1.66666666666667
1	1.4997552868896	2.2	1.66666666666667
1	1.57868977567326	2.2	1.66666666666667
1	1.65762426445693	2.2	1.66666666666667
1	1.73655875324059	2.2	1.66666666666667
1	1.81549324202425	2.2	1.66666666666667
1	1.89442773080792	2.2	1.66666666666667
1	1.97336221959158	2.2	1.66666666666667
1	2.05229670837524	2.2	1.66666666666667
1	2.1312311971589	2.2	1.66666666666667
1	2.21016568594257	2.2	1.66666666666667
1	2.28910017472623	2.2	1.66666666666667
1	2.36803466350989	2.2	1.66666666666667
1	2.44696915229356	2.2	1.66666666666667
1	2.52590364107722	2.2	1.66666666666667
1	2.60483812986088	2.2	1.66666666666667
1	2.68377261864455	2.2	1.66666666666667
1	2.76270710742821	2.2	1.66666666666667
1	2.84164159621187	2.2	1.66666666666667
1	2.92057608499554	2.2	1.66666666666667
1	2.9995105737792	2.2	1.66666666666667
1	3.07844506256286	2.2	1.66666666666667
1	3.15737955134653	2.2	1.66666666666667
1	3.23631404013019	2.2	1.66666666666667
1	3.31524852891385	2.2	1.66666666666667
1	3.39418301769752	2.2	1.66666666666667
1	3.47311750648118	2.2	1.66666666666667
1	3.55205199526484	2.2	1.66666666666667
1	3.63098648404851	2.2	1.66666666666667
1	3.70992097283217	2.2	1.66666666666667
1	3.78885546161583	2.2	1.66666666666667
1	3.86778995039949	2.2	1.66666666666667
1	3.94672443918316	2.2	1.66666666666667
1	4.02565892796682	2.2	1.66666666666667
1	4.10459341675048	2.2	1.66666666666667
1	4.18352790553415	2.2	1.66666666666667
1	4.26246239431781	2.2	1.66666666666667
1	4.34139688310147	2.2	1.66666666666667
1	4.42033137188514	2.2	1.66666666666667
1	4.4992658606688	2.2	1.66666666666667
1	4.57820034945246	2.2	1.66666666666667
1	4.65713483823613	2.2	1.66666666666667
1	4.73606932701979	2.2	1.66666666666667
1	4.81500381580345	2.2	1.66666666666667
1	4.89393830458712	2.2	1.66666666666667
1	4.97287279337078	2.2	1.66666666666667
1	5.05180728215444	2.2	1.66666666666667
1	5.1307417709381	2.2	1.66666666666667
1	5.20967625972177	2.2	1.66666666666667
1	5.28861074850543	2.2	1.66666666666667
1	5.36754523728909	2.2	1.66666666666667
1	5.44647972607276	2.2	1.66666666666667
1	5.52541421485642	2.2	1.66666666666667
1	5.60434870364008	2.2	1.66666666666667
1	5.68328319242375	2.2	1.66666666666667
1	5.76221768120741	2.2	1.66666666666667
1	5.84115216999107	2.2	1.66666666666667
1	5.92008665877474	2.2	1.66666666666667
1	5.9990211475584	2.2	1.66666666666667
1	6.07795563634206	2.2	1.66666666666667
1	6.15689012512573	2.2	1.66666666666667
1	6.23582461390939	2.2	1.66666666666667
1	6.31475910269305	2.2	1.66666666666667
1	6.39369359147672	2.2	1.66666666666667
1	6.47262808026038	2.2	1.66666666666667
1	6.55156256904404	2.2	1.66666666666667
1	6.6304970578277	2.2	1.66666666666667
1	6.70943154661137	2.2	1.66666666666667
1	6.78836603539503	2.2	1.66666666666667
1	6.86730052417869	2.2	1.66666666666667
1	6.94623501296236	2.05096867474113	1.66666666666667
1	7.02516950174602	1.90520174254398	1.66666666666667
1	7.10410399052968	1.76277801028686	1.66666666666667
1	7.18303847931335	1.62369747796977	1.66666666666667
1	7.26197296809701	1.48796014559271	1.66666666666667
1	7.34090745688067	1.35556601315568	1.66666666666667
1	7.41984194566434	1.22651508065867	1.66666666666667
1	7.498776434448	1.10080734810169	1.66666666666667
1	7.57771092323166	0.978442815484745	1.66666666666667
1	7.65664541201533	0.859421482807822	1.66666666666667
1	7.73557990079899	0.743743350070931	1.66666666666667
1	7.81451438958265	0.631408417274066	1.66666666666667
1	7.89344887836631	0.522416684417231	1.66666666666667
1	7.97238336714998	0.416768151500424	1.66666666666667
1	8.05131785593364	0.314462818523643	1.66666666666667
1	8.1302523447173	0.215500685486893	1.66666666666667
1	8.20918683350097	0.119881752390171	1.66666666666667
1	8.28812132228463	0.0276060192334766	1.66666666666667
1	8.36705581106829	-0.0613265139831904	1.66666666666667
1	8.44599029985196	-0.146915847259828	1.66666666666667
1	8.52492478863562	-0.229161980596437	1.66666666666667
1	8.60385927741928	-0.308064913993017	1.66666666666667
1	8.68279376620295	-0.383624647449571	1.66666666666667
1	8.76172825498661	-0.455841180966095	1.66666666666667
1	8.84066274377027	-0.524714514542591	1.66666666666667
1	8.91959723255394	-0.590244648179058	1.66666666666667
1	8.9985317213376	-0.652431581875499	1.66666666666667
1	9.07746621012126	-0.71127531563191	1.66666666666667
1	9.15640069890492	-0.766775849448292	1.66666666666667
1	9.23533518768859	-0.818933183324647	1.66666666666667
1	9.31426967647225	-0.867747317260974	1.66666666666667
1	9.39320416525591	-0.913218251257271	1.66666666666667
1	9.47213865403958	-0.95534598531354	1.66666666666667
1	9.55107314282324	-0.994130519429781	1.66666666666667
1	9.6300076316069	-1.029571853606	1.66666666666667
1	9.70894212039057	-1.06166998784218	1.66666666666667
1	9.78787660917423	-1.09042492213834	1.66666666666667
1	9.86681109795789	-1.11583665649446	1.66666666666667
1	9.94574558674156	-1.13790519091056	1.66666666666667
1	10.0246800755252	-1.15663052538663	1.66666666666667
1	10.1036145643089	-1.17201265992268	1.66666666666667
1	10.1825490530925	-1.18405159451869	1.66666666666667
1	10.2614835418762	-1.19274732917468	1.66666666666667
1	10.3404180306599	-1.19809986389064	1.66666666666667
1	10.4193525194435	-1.20010919866657	1.66666666666667
1	10.4982870082272	-1.19877533350247	1.66666666666667
1	10.5772214970109	-1.19409826839834	1.66666666666667
1	10.6561559857945	-1.18607800335419	1.66666666666667
1	10.7350904745782	-1.17471453837	1.66666666666667
1	10.8140249633619	-1.16000787344579	1.66666666666667
1	10.8929594521455	-1.14195800858155	1.66666666666667
1	10.9718939409292	-1.12056494377728	1.66666666666667
1	11.0508284297128	-1.09582867903299	1.66666666666667
1	11.1297629184965	-1.06774921434866	1.66666666666667
1	11.2086974072802	-1.03632654972431	1.66666666666667
1	11.2876318960638	-1.00156068515992	1.66666666666667
1	11.3665663848475	-0.963451620655515	1.66666666666667
1	11.4455008736312	-0.921999356211077	1.66666666666667
1	11.5244353624148	-0.877203891826611	1.66666666666667
1	11.6033698511985	-0.829065227502115	1.66666666666667
1	11.6823043399821	-0.777583363237592	1.66666666666667
1	11.7612388287658	-0.722758299033041	1.66666666666667
1	11.8401733175495	-0.664590034888461	1.66666666666667
1	11.9191078063331	-0.603078570803852	1.66666666666667
1	11.9980422951168	-0.538223906779216	1.66666666666667
1	12.0769767839005	-0.470026042814551	1.66666666666667
1	12.1559112726841	-0.398484978909858	1.66666666666667
1	12.2348457614678	-0.323600715065136	1.66666666666667
1	12.3137802502515	-0.245373251280386	1.66666666666667
1	12.3927147390351	-0.163802587555609	1.66666666666667
1	12.4716492278188	-0.0788887238908026	1.66666666666667
1	12.5505837166024	0.00936833971403368	1.66666666666667
1	12.6295182053861	0.100968603258896	1.66666666666667
1	12.7084526941698	0.195912066743787	1.66666666666667
1	12.7873871829534	0.294198730168706	1.66666666666667
1	12.8663216717371	0.395828593533654	1.66666666666667
1	12.9452561605208	0.500801656838632	1.66666666666667
1	13.0241906493044	0.609117920083636	1.66666666666667
1	13.1031251380881	0.720777383268668	1.66666666666667
1	13.1820596268717	0.835780046393729	1.66666666666667
1	13.2609941156554	0.95412590945882	1.66666666666667
1	13.3399286044391	1.07581497246394	1.66666666666667
1	13.4188630932227	1.20084723540908	1.66666666666667
1	13.4977975820064	1.32922269829426	1.66666666666667
1	13.5767320707901	1.46094136111946	1.66666666666667
1	13.6556665595737	1.59600322388469	1.66666666666667
1	13.7346010483574	1.73440828658995	1.66666666666667
1	13.8135355371411	1.87615654923524	1.66666666666667
1	13.8924700259247	2.02124801182056	1.66666666666667
1	13.9714045147084	2.1696826743459	1.66666666666667
1	14.050339003492	2.2	1.66666666666667
1	14.1292734922757	2.2	1.66666666666667
1	14.2082079810594	2.2	1.66666666666667
1	14.287142469843	2.2	1.66666666666667
1	14.3660769586267	2.2	1.66666666666667
1	14.4450114474104	2.2	1.66666666666667
1	14.523945936194	2.2	1.66666666666667
1	14.6028804249777	2.2	1.66666666666667
1	14.6818149137613	2.2	1.66666666666667
1	14.760749402545	2.2	1.66666666666667
1	14.8396838913287	2.2	1.66666666666667
1	14.9186183801123	2.2	1.66666666666667
1	14.997552868896	2.2	1.66666666666667
1	15.0764873576797	2.2	1.66666666666667
1	15.1554218464633	2.2	1.66666666666667
1	15.234356335247	2.2	1.66666666666667
1	15.3132908240307	2.2	1.66666666666667
1	15.3922253128143	2.2	1.66666666666667
1	15.471159801598	2.2	1.66666666666667
1	15.5500942903816	2.2	1.66666666666667
1	15.6290287791653	2.2	1.66666666666667
1	15.707963267949	2.2	1.66666666666667
1	0	2.2	2.66666666666667
1	0.0789344887836631	2.2	2.66666666666667
1	0.157868977567326	2.2	2.66666666666667
1	0.236803466350989	2.2	2.66666666666667
1	0.315737955134653	2.2	2.66666666666667
1	0.394672443918316	2.2	2.66666666666667
1	0.473606932701979	2.2	2.66666666666667
1	0.552541421485642	2.2	2.66666666666667
1	0.631475910269305	2.2	2.66666666666667
1	0.710410399052968	2.2	2.66666666666667
1	0.789344887836632	2.2	2.66666666666667
1	0.868279376620295	2.2	2.66666666666667
1	0.947213865403958	2.2	2.66666666666667
1	1.02614835418762	2.2	2.66666666666667
1	1.10508284297128	2.2	2.66666666666667
1	1.18401733175495	2.2	2.66666666666667
1	1.26295182053861	2.2	2.66666666666667
1	1.34188630932227	2.2	2.66666666666667
1	1.42082079810594	2.2	2.66666666666667
1	1.4997552868896	2.2	2.66666666666667
1	1.57868977567326	2.2	2.66666666666667
1	1.65762426445693	2.2	2.66666666666667
1	1.73655875324059	2.2	2.66666666666667
1	1.81549324202425	2.2	2.66666666666667
1	1.89442773080792	2.2	2.66666666666667
1	1.97336221959158	2.2	2.66666666666667
1	2.05229670837524	2.2	2.66666666666667
1	2.1312311971589	2.2	2.66666666666667
1	2.21016568594257	2.2	2.66666666666667
1	2.28910017472623	2.2	2.66666666666667
1	2.36803466350989	2.2	2.66666666666667
1	2.44696915229356	2.2	2.66666666666667
1	2.52590364107722	2.2	2.66666666666667
1	2.60483812986088	2.2	2.66666666666667
1	2.68377261864455	2.2	2.66666666666667
1	2.76270710742821	2.2	2.66666666666667
1	2.84164159621187	2.2	2.66666666666667
1	2.92057608499554	2.2	2.66666666666667
1	2.9995105737792	2.2	2.66666666666667
1	3.07844506256286	2.2	2.66666666666667
1	3.15737955134653	2.2	2.66666666666667
1	3.23631404013019	2.2	2.66666666666667
1	3.31524852891385	2.2	2.66666666666667
1	3.39418301769752	2.2	2.66666666666667
1	3.47311750648118	2.2	2.66666666666667
1	3.55205199526484	2.2	2.66666666666667
1	3.63098648404851	2.2	2.66666666666667
1	3.70992097283217	2.2	2.66666666666667
1	3.78885546161583	2.2	2.66666666666667
1	3.86778995039949	2.2	2.66666666666667
1	3.94672443918316	2.2	2.66666666666667
1	4.02565892796682	2.2	2.66666666666667
1	4.10459341675048	2.2	2.66666666666667
1	4.18352790553415	2.2	2.66666666666667
1	4.26246239431781	2.2	2.66666666666667
1	4.34139688310147	2.2	2.66666666666667
1	4.42033137188514	2.2	2.66666666666667
1	4.4992658606688	2.2	2.66666666666667
1	4.57820034945246	2.2	2.66666666666667
1	4.65713483823613	2.2	2.66666666666667
1	4.73606932701979	2.2	2.66666666666667
1	4.81500381580345	2.2	2.66666666666667
1	4.89393830458712	2.2	2.66666666666667
1	4.97287279337078	2.2	2.66666666666667
1	5.05180728215444	2.2	2.66666666666667
1	5.1307417709381	2.2	2.66666666666667
1	5.20967625972177	2.2	2.66666666666667
1	5.28861074850543	2.2	2.66666666666667
1	5.36754523728909	2.2	2.66666666666667
1	5.44647972607276	2.2	2.66666666666667
1	5.52541421485642	2.2	2.66666666666667
1	5.60434870364008	2.2	2.66666666666667
1	5.68328319242375	2.2	2.66666666666667
1	5.76221768120741	2.2	2.66666666666667
1	5.84115216999107	2.2	2.66666666666667
1	5.92008665877474	2.2	2.66666666666667
1	5.9990211475584	2.2	2.66666666666667
1	6.07795563634206	2.2	2.66666666666667
1	6.15689012512573	2.2	2.66666666666667
1	6.23582461390939	2.2	2.66666666666667
1	6.31475910269305	2.2	2.66666666666667
1	6.39369359147672	2.2	2.66666666666667
1	6.47262808026038	2.2	2.66666666666667
1	6.55156256904404	2.2	2.66666666666667
1	6.6304970578277	2.2	2.66666666666667
1	6.70943154661137	2.2	2.66666666666667
1	6.78836603539503	2.2	2.66666666666667
1	6.86730052417869	2.2	2.66666666666667
1	6.94623501296236	2.2	2.66666666666667
1	7.02516950174602	2.2	2.66666666666667
1	7.10410399052968	2.2	2.66666666666667
1	7.18303847931335	2.2	2.66666666666667
1	7.26197296809701	2.2	2.66666666666667
1	7.34090745688067	2.2	2.66666666666667
1	7.41984194566434	2.2	2.66666666666667
1	7.498776434448	2.2	2.66666666666667
1	7.57771092323166	2.2	2.66666666666667
1	7.65664541201533	2.2	2.66666666666667
1	7.73557990079899	2.2	2.66666666666667
1	7.81451438958265	2.2	2.66666666666667
1	7.89344887836631	2.2	2.66666666666667
1	7.97238336714998	2.2	2.66666666666667
1	8.05131785593364	2.2	2.66666666666667
1	8.1302523447173	2.2	2.66666666666667
1	8.20918683350097	2.2	2.66666666666667
1	8.28812132228463	2.2	2.66666666666667
1	8.36705581106829	2.05472100424289	2.66666666666667
1	8.44599029985196	1.87779876593555	2.66666666666667
1	8.52492478863562	1.70612800455477	2.66666666666667
1	8.60385927741928	1.53970872010055	2.66666666666667
1	8.68279376620295	1.37854091257287	2.66666666666667
1	8.76172825498661	1.22262458197175	2.66666666666667
1	8.84066274377027	1.07195972829719	2.66666666666667
1	8.91959723255394	0.926546351549176	2.66666666666667
1	8.9985317213376	0.786384451727714	2.66666666666667
1	9.07746621012126	0.651474028832809	2.66666666666667
1	9.15640069890492	0.521815082864457	2.66666666666667
1	9.23533518768859	0.397407613822659	2.66666666666667
1	9.31426967647225	0.278251621707411	2.66666666666667
1	9.39320416525591	0.16434710651872	2.66666666666667
1	9.47213865403958	0.0556940682565815	2.66666666666667
1	9.55107314282324	-0.0477074930790032	2.66666666666667
1	9.6300076316069	-0.145857577488037	2.66666666666667
1	9.70894212039057	-0.238756184970515	2.66666666666667
1	9.78787660917423	-0.326403315526439	2.66666666666667
1	9.86681109795789	-0.40879896915581	2.66666666666667
1	9.94574558674156	-0.485943145858629	2.66666666666667
1	10.0246800755252	-0.557835845634894	2.66666666666667
1	10.1036145643089	-0.624477068484604	2.66666666666667
1	10.1825490530925	-0.685866814407762	2.66666666666667
1	10.2614835418762	-0.742005083404366	2.66666666666667
1	10.3404180306599	-0.792891875474417	2.66666666666667
1	10.4193525194435	-0.838527190617914	2.66666666666667
1	10.4982870082272	-0.878911028834858	2.66666666666667
1	10.5772214970109	-0.914043390125248	2.66666666666667
1	10.6561559857945	-0.943924274489086	2.66666666666667
1	10.7350904745782	-0.968553681926369	2.66666666666667
1	10.8140249633619	-0.987931612437099	2.66666666666667
1	10.8929594521455	-1.00205806602128	2.66666666666667
1	10.9718939409292	-1.0109330426789	2.66666666666667
1	11.0508284297128	-1.01455654240997	2.66666666666667
1	11.1297629184965	-1.01292856521449	2.66666666666667
1	11.2086974072802	-1.00604911109245	2.66666666666667
1	11.2876318960638	-0.993918180043857	2.66666666666667
1	11.3665663848475	-0.976535772068713	2.66666666666667
1	11.4455008736312	-0.953901887167016	2.66666666666667
1	11.5244353624148	-0.926016525338765	2.66666666666667
1	11.6033698511985	-0.89287968658396	2.66666666666667
1	11.6823043399821	-0.854491370902603	2.66666666666667
1	11.7612388287658	-0.810851578294692	2.66666666666667
1	11.8401733175495	-0.761960308760227	2.66666666666667
1	11.9191078063331	-0.707817562299208	2.66666666666667
1	11.9980422951168	-0.648423338911637	2.66666666666667
1	12.0769767839005	-0.583777638597512	2.66666666666667
1	12.1559112726841	-0.513880461356834	2.66666666666667
1	12.2348457614678	-0.4387318071896	2.66666666666667
1	12.3137802502515	-0.358331676095816	2.66666666666667
1	12.3927147390351	-0.272680068075477	2.66666666666667
1	12.4716492278188	-0.181776983128585	2.66666666666667
1	12.5505837166024	-0.0856224212551382	2.66666666666667
1	12.6295182053861	0.0157836175448609	2.66666666666667
1	12.7084526941698	0.122441133271413	2.66666666666667
1	12.7873871829534	0.234350125924518	2.66666666666667
1	12.8663216717371	0.351510595504177	2.66666666666667
1	12.9452561605208	0.473922542010392	2.66666666666667
1	13.0241906493044	0.601585965443158	2.66666666666667
1	13.1031251380881	0.734500865802477	2.66666666666667
1	13.1820596268717	0.87266724308835	2.66666666666667
1	13.2609941156554	1.01608509730078	2.66666666666667
1	13.3399286044391	1.16475442843976	2.66666666666667
1	13.4188630932227	1.31867523650529	2.66666666666667
1	13.4977975820064	1.47784752149738	2.66666666666667
1	13.5767320707901	1.64227128341602	2.66666666666667
1	13.6556665595737	1.81194652226121	2.66666666666667
1	13.7346010483574	1.98687323803296	2.66666666666667
1	13.8135355371411	2.16705143073126	2.66666666666667
1	13.8924700259247	2.2	2.66666666666667
1	13.9714045147084	2.2	2.66666666666667
1	14.050339003492	2.2	2.66666666666667
1	14.1292734922757	2.2	2.66666666666667
1	14.2082079810594	2.2	2.66666666666667
1	14.287142469843	2.2	2.66666666666667
1	14.3660769586267	2.2	2.66666666666667
1	14.4450114474104	2.2	2.66666666666667
1	14.523945936194	2.2	2.66666666666667
1	14.6028804249777	2.2	2.66666666666667
1	14.6818149137613	2.2	2.66666666666667
1	14.760749402545	2.2	2.66666666666667
1	14.8396838913287	2.2	2.66666666666667
1	14.9186183801123	2.2	2.66666666666667
1	14.997552868896	2.2	2.66666666666667
1	15.0764873576797	2.2	2.66666666666667
1	15.1554218464633	2.2	2.66666666666667
1	15.234356335247	2.2	2.66666666666667
1	15.3132908240307	2.2	2.66666666666667
1	15.3922253128143	2.2	2.66666666666667
1	15.471159801598	2.2	2.66666666666667
1	15.5500942903816	2.2	2.66666666666667
1	15.6290287791653	2.2	2.66666666666667
1	15.707963267949	2.2	2.66666666666667
1	0	2.2	3.66666666666667
1	0.0789344887836631	2.2	3.66666666666667
1	0.157868977567326	2.2	3.66666666666667
1	0.236803466350989	2.2	3.66666666666667
1	0.315737955134653	2.2	3.66666666666667
1	0.394672443918316	2.2	3.66666666666667
1	0.473606932701979	2.2	3.66666666666667
1	0.552541421485642	2.2	3.66666666666667
1	0.631475910269305	2.2	3.66666666666667
1	0.710410399052968	2.2	3.66666666666667
1	0.789344887836632	2.2	3.66666666666667
1	0.868279376620295	2.2	3.66666666666667
1	0.947213865403958	2.2	3.66666666666667
1	1.02614835418762	2.2	3.66666666666667
1	1.10508284297128	2.2	3.66666666666667
1	1.18401733175495	2.2	3.66666666666667
1	1.26295182053861	2.2	3.66666666666667
1	1.34188630932227	2.2	3.66666666666667
1	1.42082079810594	2.2	3.66666666666667
1	1.4997552868896	2.2	3.66666666666667
1	1.57868977567326	2.2	3.66666666666667
1	1.65762426445693	2.2	3.66666666666667
1	1.73655875324059	2.2	3.66666666666667
1	1.81549324202425	2.2	3.66666666666667
1	1.89442773080792	2.2	3.66666666666667
1	1.97336221959158	2.2	3.66666666666667
1	2.05229670837524	2.2	3.66666666666667
1	2.1312311971589	2.2	3.66666666666667
1	2.21016568594257	2.2	3.66666666666667
1	2.28910017472623	2.2	3.66666666666667
1	2.36803466350989	2.2	3.66666666666667
1	2.44696915229356	2.2	3.66666666666667
1	2.52590364107722	2.2	3.66666666666667
1	2.60483812986088	2.2	3.66666666666667
1	2.68377261864455	2.2	3.66666666666667
1	2.76270710742821	2.2	3.66666666666667
1	2.84164159621187	2.2	3.66666666666667
1	2.92057608499554	2.2	3.66666666666667
1	2.9995105737792	2.2	3.66666666666667
1	3.07844506256286	2.2	3.66666666666667
1	3.15737955134653	2.2	3.66666666666667
1	3.23631404013019	2.2	3.66666666666667
1	3.31524852891385	2.2	3.66666666666667
1	3.39418301769752	2.2	3.66666666666667
1	3.47311750648118	2.2	3.66666666666667
1	3.55205199526484	2.2	3.66666666666667
1	3.63098648404851	2.2	3.66666666666667
1	3.70992097283217	2.2	3.66666666666667
1	3.78885546161583	2.2	3.66666666666667
1	3.86778995039949	2.2	3.66666666666667
1	3.94672443918316	2.2	3.66666666666667
1	4.02565892796682	2.2	3.66666666666667
1	4.10459341675048	2.2	3.66666666666667
1	4.18352790553415	2.2	3.66666666666667
1	4.26246239431781	2.2	3.66666666666667
1	4.34139688310147	2.2	3.66666666666667
1	4.42033137188514	2.2	3.66666666666667
1	4.4992658606688	2.2	3.66666666666667
1	4.57820034945246	2.2	3.66666666666667
1	4.65713483823613	2.2	3.66666666666667
1	4.73606932701979	2.2	3.66666666666667
1	4.81500381580345	2.2	3.66666666666667
1	4.89393830458712	2.2	3.66666666666667
1	4.97287279337078	2.2	3.66666666666667
1	5.05180728215444	2.2	3.66666666666667
1	5.1307417709381	2.2	3.66666666666667
1	5.20967625972177	2.2	3.66666666666667
1	5.28861074850543	2.2	3.66666666666667
1	5.36754523728909	2.2	3.66666666666667
1	5.44647972607276	2.2	3.66666666666667
1	5.52541421485642	2.2	3.66666666666667
1	5.60434870364008	2.2	3.66666666666667
1	5.68328319242375	2.2	3.66666666666667
1	5.76221768120741	2.2	3.66666666666667
1	5.84115216999107	2.2	3.66666666666667
1	5.92008665877474	2.2	3.66666666666667
1	5.9990211475584	2.2	3.66666666666667
1	6.07795563634206	2.2	3.66666666666667
1	6.15689012512573	2.2	3.66666666666667
1	6.23582461390939	2.2	3.66666666666667
1	6.31475910269305	2.2	3.66666666666667
1	6.39369359147672	2.2	3.66666666666667
1	6.47262808026038	2.2	3.66666666666667
1	6.55156256904404	2.2	3.66666666666667
1	6.6304970578277	2.2	3.66666666666667
1	6.70943154661137	2.2	3.66666666666667
1	6.78836603539503	2.2	3.66666666666667
1	6.86730052417869	2.2	3.66666666666667
1	6.94623501296236	2.2	3.66666666666667
1	7.02516950174602	2.2	3.66666666666667
1	7.10410399052968	2.2	3.66666666666667
1	7.18303847931335	2.2	3.66666666666667
1	7.26197296809701	2.2	3.66666666666667
1	7.34090745688067	2.2	3.66666666666667
1	7.41984194566434	2.2	3.66666666666667
1	7.498776434448	2.2	3.66666666666667
1	7.57771092323166	2.2	3.66666666666667
1	7.65664541201533	2.2	3.66666666666667
1	7.73557990079899	2.2	3.66666666666667
1	7.81451438958265	2.2	3.66666666666667
1	7.89344887836631	2.2	3.66666666666667
1	7.97238336714998	2.2	3.66666666666667
1	8.05131785593364	2.2	3.66666666666667
1	8.1302523447173	2.2	3.66666666666667
1	8.20918683350097	2.2	3.66666666666667
1	8.28812132228463	2.2	3.66666666666667
1	8.36705581106829	2.2	3.66666666666667
1	8.44599029985196	2.2	3.66666666666667
1	8.52492478863562	2.04423779521555	3.66666666666667
1	8.60385927741928	1.85281613838251	3.66666666666667
1	8.68279376620295	1.66760976644435	3.66666666666667
1	8.76172825498661	1.48861867940108	3.66666666666667
1	8.84066274377027	1.31584287725269	3.66666666666667
1	8.91959723255394	1.14928235999919	3.66666666666667
1	8.9985317213376	0.988937127640565	3.66666666666667
1	9.07746621012126	0.834807180176828	3.66666666666667
1	9.15640069890492	0.686892517607973	3.66666666666667
1	9.23533518768859	0.545193139934001	3.66666666666667
1	9.31426967647225	0.40970904715491	3.66666666666667
1	9.39320416525591	0.280440239270704	3.66666666666667
1	9.47213865403958	0.157386716281382	3.66666666666667
1	9.55107314282324	0.0405484781869425	3.66666666666667
1	9.6300076316069	-0.0700744750126159	3.66666666666667
1	9.70894212039057	-0.174482143317289	3.66666666666667
1	9.78787660917423	-0.272674526727079	3.66666666666667
1	9.86681109795789	-0.364651625241986	3.66666666666667
1	9.94574558674156	-0.450413438862011	3.66666666666667
1	10.0246800755252	-0.529959967587151	3.66666666666667
1	10.1036145643089	-0.603291211417409	3.66666666666667
1	10.1825490530925	-0.670407170352783	3.66666666666667
1	10.2614835418762	-0.731307844393274	3.66666666666667
1	10.3404180306599	-0.785993233538884	3.66666666666667
1	10.4193525194435	-0.834463337789608	3.66666666666667
1	10.4982870082272	-0.87671815714545	3.66666666666667
1	10.5772214970109	-0.912757691606409	3.66666666666667
1	10.6561559857945	-0.942581941172485	3.66666666666667
1	10.7350904745782	-0.966190905843678	3.66666666666667
1	10.8140249633619	-0.983584585619987	3.66666666666667
1	10.8929594521455	-0.994762980501413	3.66666666666667
1	10.9718939409292	-0.999726090487957	3.66666666666667
1	11.0508284297128	-0.998473915579616	3.66666666666667
1	11.1297629184965	-0.991006455776393	3.66666666666667
1	11.2086974072802	-0.977323711078287	3.66666666666667
1	11.2876318960638	-0.957425681485297	3.66666666666667
1	11.3665663848475	-0.931312366997425	3.66666666666667
1	11.4455008736312	-0.898983767614669	3.66666666666667
1	11.5244353624148	-0.860439883337031	3.66666666666667
1	11.6033698511985	-0.815680714164508	3.66666666666667
1	11.6823043399821	-0.764706260097103	3.66666666666667
1	11.7612388287658	-0.707516521134815	3.66666666666667
1	11.8401733175495	-0.644111497277644	3.66666666666667
1	11.9191078063331	-0.574491188525588	3.66666666666667
1	11.9980422951168	-0.498655594878651	3.66666666666667
1	12.0769767839005	-0.41660471633683	3.66666666666667
1	12.1559112726841	-0.328338552900127	3.66666666666667
1	12.2348457614678	-0.233857104568538	3.66666666666667
1	12.3137802502515	-0.133160371342068	3.66666666666667
1	12.3927147390351	-0.026248353220715	3.66666666666667
1	12.4716492278188	0.086878949795521	3.66666666666667
1	12.5505837166024	0.206221537706643	3.66666666666667
1	12.6295182053861	0.331779410512645	3.66666666666667
1	12.7084526941698	0.463552568213531	3.66666666666667
1	12.7873871829534	0.601541010809299	3.66666666666667
1	12.8663216717371	0.74574473829995	3.66666666666667
1	12.9452561605208	0.896163750685489	3.66666666666667
1	13.0241906493044	1.05279804796591	3.66666666666667
1	13.1031251380881	1.21564763014121	3.66666666666667
1	13.1820596268717	1.38471249721139	3.66666666666667
1	13.2609941156554	1.55999264917646	3.66666666666667
1	13.3399286044391	1.74148808603641	3.66666666666667
1	13.4188630932227	1.92919880779125	3.66666666666667
1	13.4977975820064	2.12312481444096	3.66666666666667
1	13.5767320707901	2.2	3.66666666666667
1	13.6556665595737	2.2	3.66666666666667
1	13.7346010483574	2.2	3.66666666666667
1	13.8135355371411	2.2	3.66666666666667
1	13.8924700259247	2.2	3.66666666666667
1	13.9714045147084	2.2	3.66666666666667
1	14.050339003492	2.2	3.66666666666667
1	14.1292734922757	2.2	3.66666666666667
1	14.2082079810594	2.2	3.66666666666667
1	14.287142469843	2.2	3.66666666666667
1	14.3660769586267	2.2	3.66666666666667
1	14.4450114474104	2.2	3.66666666666667
1	14.523945936194	2.2	3.66666666666667
1	14.6028804249777	2.2	3.66666666666667
1	14.6818149137613	2.2	3.66666666666667
1	14.760749402545	2.2	3.66666666666667
1	14.8396838913287	2.2	3.66666666666667
1	14.9186183801123	2.2	3.66666666666667
1	14.997552868896	2.2	3.66666666666667
1	15.0764873576797	2.2	3.66666666666667
1	15.1554218464633	2.2	3.66666666666667
1	15.234356335247	2.2	3.66666666666667
1	15.3132908240307	2.2	3.66666666666667
1	15.3922253128143	2.2	3.66666666666667
1	15.471159801598	2.2	3.66666666666667
1	15.5500942903816	2.2	3.66666666666667
1	15.6290287791653	2.2	3.66666666666667
1	15.707963267949	2.2	3.66666666666667
1	0	2.2	4.66666666666667
1	0.0789344887836631	2.2	4.66666666666667
1	0.157868977567326	2.2	4.66666666666667
1	0.236803466350989	2.2	4.66666666666667
1	0.315737955134653	2.2	4.66666666666667
1	0.394672443918316	2.2	4.66666666666667
1	0.473606932701979	2.2	4.66666666666667
1	0.552541421485642	2.2	4.66666666666667
1	0.631475910269305	2.2	4.66666666666667
1	0.710410399052968	2.2	4.66666666666667
1	0.789344887836632	2.2	4.66666666666667
1	0.868279376620295	2.2	4.66666666666667
1	0.947213865403958	2.2	4.66666666666667
1	1.02614835418762	2.2	4.66666666666667
1	1.10508284297128	2.2	4.66666666666667
1	1.18401733175495	2.2	4.66666666666667
1	1.26295182053861	2.2	4.66666666666667
1	1.34188630932227	2.2	4.66666666666667
1	1.42082079810594	2.2	4.66666666666667
1	1.4997552868896	2.2	4.66666666666667
1	1.57868977567326	2.2	4.66666666666667
1	1.65762426445693	2.2	4.66666666666667
1	1.73655875324059	2.2	4.66666666666667
1	1.81549324202425	2.2	4.66666666666667
1	1.89442773080792	2.2	4.66666666666667
1	1.97336221959158	2.2	4.66666666666667
1	2.05229670837524	2.2	4.66666666666667
1	2.1312311971589	2.2	4.66666666666667
1	2.21016568594257	2.2	4.66666666666667
1	2.28910017472623	2.2	4.66666666666667
1	2.36803466350989	2.2	4.66666666666667
1	2.44696915229356	2.2	4.66666666666667
1	2.52590364107722	2.2	4.66666666666667
1	2.60483812986088	2.2	4.66666666666667
1	2.68377261864455	2.2	4.66666666666667
1	2.76270710742821	2.2	4.66666666666667
1	2.84164159621187	2.2	4.66666666666667
1	2.92057608499554	2.2	4.66666666666667
1	2.9995105737792	2.2	4.66666666666667
1	3.07844506256286	2.2	4.66666666666667
1	3.15737955134653	2.2	4.66666666666667
1	3.23631404013019	2.2	4.66666666666667
1	3.31524852891385	2.2	4.66666666666667
1	3.39418301769752	2.2	4.66666666666667
1	3.47311750648118	2.2	4.66666666666667
1	3.55205199526484	2.2	4.66666666666667
1	3.63098648404851	2.2	4.66666666666667
1	3.70992097283217	2.2	4.66666666666667
1	3.78885546161583	2.2	4.66666666666667
1	3.86778995039949	2.2	4.66666666666667
1	3.94672443918316	2.2	4.66666666666667
1	4.02565892796682	2.2	4.66666666666667
1	4.10459341675048	2.2	4.66666666666667
1	4.18352790553415	2.2	4.66666666666667
1	4.26246239431781	2.2	4.66666666666667
1	4.34139688310147	2.2	4.66666666666667
1	4.42033137188514	2.2	4.66666666666667
1	4.4992658606688	2.2	4.66666666666667
1	4.57820034945246	2.2	4.66666666666667
1	4.65713483823613	2.2	4.66666666666667
1	4.73606932701979	2.2	4.66666666666667
1	4.81500381580345	2.2	4.66666666666667
1	4.89393830458712	2.2	4.66666666666667
1	4.97287279337078	2.2	4.66666666666667
1	5.05180728215444	2.2	4.66666666666667
1	5.1307417709381	2.2	4.66666666666667
1	5.20967625972177	2.2	4.66666666666667
1	5.28861074850543	2.2	4.66666666666667
1	5.36754523728909	2.2	4.66666666666667
1	5.44647972607276	2.2	4.66666666666667
1	5.52541421485642	2.2	4.66666666666667
1	5.60434870364008	2.2	4.66666666666667
1	5.68328319242375	2.2	4.66666666666667
1	5.76221768120741	2.2	4.66666666666667
1	5.84115216999107	2.2	4.66666666666667
1	5.92008665877474	2.2	4.66666666666667
1	5.9990211475584	2.2	4.66666666666667
1	6.07795563634206	2.2	4.66666666666667
1	6.15689012512573	2.2	4.66666666666667
1	6.23582461390939	2.2	4.66666666666667
1	6.31475910269305	2.2	4.66666666666667
1	6.39369359147672	2.2	4.66666666666667
1	6.47262808026038	2.2	4.66666666666667
1	6.55156256904404	2.2	4.66666666666667
1	6.6304970578277	2.2	4.66666666666667
1	6.70943154661137	2.2	4.66666666666667
1	6.78836603539503	2.2	4.66666666666667
1	6.86730052417869	2.2	4.66666666666667
1	6.94623501296236	2.2	4.66666666666667
1	7.02516950174602	2.2	4.66666666666667
1	7.10410399052968	2.2	4.66666666666667
1	7.18303847931335	2.2	4.66666666666667
1	7.26197296809701	2.2	4.66666666666667
1	7.34090745688067	2.2	4.66666666666667
1	7.41984194566434	2.2	4.66666666666667
1	7.498776434448	2.2	4.66666666666667
1	7.57771092323166	2.2	4.66666666666667
1	7.65664541201533	2.2	4.66666666666667
1	7.73557990079899	2.2	4.66666666666667
1	7.81451438958265	2.2	4.66666666666667
1	7.89344887836631	2.2	4.66666666666667
1	7.97238336714998	2.2	4.66666666666667
1	8.05131785593364	2.2	4.66666666666667
1	8.1302523447173	2.2	4.66666666666667
1	8.20918683350097	2.2	4.66666666666667
1	8.28812132228463	2.2	4.66666666666667
1	8.36705581106829	2.2	4.66666666666667
1	8.44599029985196	2.2	4.66666666666667
1	8.52492478863562	2.05205445281663	4.66666666666667
1	8.60385927741928	1.86015032570146	4.66666666666667
1	8.68279376620295	1.67447685206405	4.66666666666667
1	8.76172825498661	1.4950340319044	4.66666666666667
1	8.84066274377027	1.32182186522252	4.66666666666667
1	8.91959723255394	1.1548403520184	4.66666666666667
1	8.9985317213376	0.994089492292043	4.66666666666667
1	9.07746621012126	0.839569286043454	4.66666666666667
1	9.15640069890492	0.691279733272628	4.66666666666667
1	9.23533518768859	0.549220833979566	4.66666666666667
1	9.31426967647225	0.413392588164266	4.66666666666667
1	9.39320416525591	0.283794995826733	4.66666666666667
1	9.47213865403958	0.160428056966963	4.66666666666667
1	9.55107314282324	0.0432917715849581	4.66666666666667
1	9.6300076316069	-0.0676138603192856	4.66666666666667
1	9.70894212039057	-0.172288838745763	4.66666666666667
1	9.78787660917423	-0.270733163694476	4.66666666666667
1	9.86681109795789	-0.362946835165425	4.66666666666667
1	9.94574558674156	-0.448929853158612	4.66666666666667
1	10.0246800755252	-0.528682217674033	4.66666666666667
1	10.1036145643089	-0.602203928711689	4.66666666666667
1	10.1825490530925	-0.669494986271582	4.66666666666667
1	10.2614835418762	-0.730555390353711	4.66666666666667
1	10.3404180306599	-0.785385140958077	4.66666666666667
1	10.4193525194435	-0.833984238084677	4.66666666666667
1	10.4982870082272	-0.876352681733514	4.66666666666667
1	10.5772214970109	-0.912490471904586	4.66666666666667
1	10.6561559857945	-0.942397608597895	4.66666666666667
1	10.7350904745782	-0.96607409181344	4.66666666666667
1	10.8140249633619	-0.98351992155122	4.66666666666667
1	10.8929594521455	-0.994735097811236	4.66666666666667
1	10.9718939409292	-0.999719620593488	4.66666666666667
1	11.0508284297128	-0.998473489897976	4.66666666666667
1	11.1297629184965	-0.990996705724701	4.66666666666667
1	11.2086974072802	-0.97728926807366	4.66666666666667
1	11.2876318960638	-0.957351176944856	4.66666666666667
1	11.3665663848475	-0.931182432338288	4.66666666666667
1	11.4455008736312	-0.898783034253955	4.66666666666667
1	11.5244353624148	-0.860152982691859	4.66666666666667
1	11.6033698511985	-0.815292277651998	4.66666666666667
1	11.6823043399821	-0.764200919134373	4.66666666666667
1	11.7612388287658	-0.706878907138985	4.66666666666667
1	11.8401733175495	-0.643326241665832	4.66666666666667
1	11.9191078063331	-0.573542922714914	4.66666666666667
1	11.9980422951168	-0.497528950286233	4.66666666666667
1	12.0769767839005	-0.415284324379788	4.66666666666667
1	12.1559112726841	-0.32680904499558	4.66666666666667
1	12.2348457614678	-0.232103112133604	4.66666666666667
1	12.3137802502515	-0.131166525793867	4.66666666666667
1	12.3927147390351	-0.0239992859763662	4.66666666666667
1	12.4716492278188	0.0893986073188986	4.66666666666667
1	12.5505837166024	0.209027154091931	4.66666666666667
1	12.6295182053861	0.334886354342724	4.66666666666667
1	12.7084526941698	0.466976208071281	4.66666666666667
1	12.7873871829534	0.605296715277603	4.66666666666667
1	12.8663216717371	0.749847875961688	4.66666666666667
1	12.9452561605208	0.900629690123541	4.66666666666667
1	13.0241906493044	1.05764215776315	4.66666666666667
1	13.1031251380881	1.22088527888053	4.66666666666667
1	13.1820596268717	1.39035905347567	4.66666666666667
1	13.2609941156554	1.56606348154858	4.66666666666667
1	13.3399286044391	1.74799856309925	4.66666666666667
1	13.4188630932227	1.93616429812769	4.66666666666667
1	13.4977975820064	2.13056068663388	4.66666666666667
1	13.5767320707901	2.2	4.66666666666667
1	13.6556665595737	2.2	4.66666666666667
1	13.7346010483574	2.2	4.66666666666667
1	13.8135355371411	2.2	4.66666666666667
1	13.8924700259247	2.2	4.66666666666667
1	13.9714045147084	2.2	4.66666666666667
1	14.050339003492	2.2	4.66666666666667
1	14.1292734922757	2.2	4.66666666666667
1	14.2082079810594	2.2	4.66666666666667
1	14.287142469843	2.2	4.66666666666667
1	14.3660769586267	2.2	4.66666666666667
1	14.4450114474104	2.2	4.66666666666667
1	14.523945936194	2.2	4.66666666666667
1	14.6028804249777	2.2	4.66666666666667
1	14.6818149137613	2.2	4.66666666666667
1	14.760749402545	2.2	4.66666666666667
1	14.8396838913287	2.2	4.66666666666667
1	14.9186183801123	2.2	4.66666666666667
1	14.997552868896	2.2	4.66666666666667
1	15.0764873576797	2.2	4.66666666666667
1	15.1554218464633	2.2	4.66666666666667
1	15.234356335247	2.2	4.66666666666667
1	15.3132908240307	2.2	4.66666666666667
1	15.3922253128143	2.2	4.66666666666667
1	15.471159801598	2.2	4.66666666666667
1	15.5500942903816	2.2	4.66666666666667
1	15.6290287791653	2.2	4.66666666666667
1	15.707963267949	2.2	4.66666666666667
1	0	2.2	5.66666666666667
1	0.0789344887836631	2.2	5.66666666666667
1	0.157868977567326	2.2	5.66666666666667
1	0.236803466350989	2.2	5.66666666666667
1	0.315737955134653	2.2	5.66666666666667
1	0.394672443918316	2.2	5.66666666666667
1	0.473606932701979	2.2	5.66666666666667
1	0.552541421485642	2.2	5.66666666666667
1	0.631475910269305	2.2	5.66666666666667
1	0.710410399052968	2.2	5.66666666666667
1	0.789344887836632	2.2	5.66666666666667
1	0.868279376620295	2.2	5.66666666666667
1	0.947213865403958	2.2	5.66666666666667
1	1.02614835418762	2.2	5.66666666666667
1	1.10508284297128	2.2	5.66666666666667
1	1.18401733175495	2.2	5.66666666666667
1	1.26295182053861	2.2	5.66666666666667
1	1.34188630932227	2.2	5.66666666666667
1	1.42082079810594	2.2	5.66666666666667
1	1.4997552868896	2.2	5.66666666666667
1	1.57868977567326	2.2	5.66666666666667
1	1.65762426445693	2.2	5.66666666666667
1	1.73655875324059	2.2	5.66666666666667
1	1.81549324202425	2.2	5.66666666666667
1	1.89442773080792	2.2	5.66666666666667
1	1.97336221959158	2.2	5.66666666666667
1	2.05229670837524	2.2	5.66666666666667
1	2.1312311971589	2.2	5.66666666666667
1	2.21016568594257	2.2	5.66666666666667
1	2.28910017472623	2.2	5.66666666666667
1	2.36803466350989	2.2	5.66666666666667
1	2.44696915229356	2.2	5.66666666666667
1	2.52590364107722	2.2	5.66666666666667
1	2.60483812986088	2.2	5.66666666666667
1	2.68377261864455	2.2	5.66666666666667
1	2.76270710742821	2.2	5.66666666666667
1	2.84164159621187	2.2	5.66666666666667
1	2.92057608499554	2.2	5.66666666666667
1	2.9995105737792	2.2	5.66666666666667
1	3.07844506256286	2.2	5.66666666666667
1	3.15737955134653	2.2	5.66666666666667
1	3.23631404013019	2.2	5.66666666666667
1	3.31524852891385	2.2	5.66666666666667
1	3.39418301769752	2.2	5.66666666666667
1	3.47311750648118	2.2	5.66666666666667
1	3.55205199526484	2.2	5.66666666666667
1	3.63098648404851	2.2	5.66666666666667
1	3.70992097283217	2.2	5.66666666666667
1	3.78885546161583	2.2	5.66666666666667
1	3.86778995039949	2.2	5.66666666666667
1	3.94672443918316	2.2	5.66666666666667
1	4.02565892796682	2.2	5.66666666666667
1	4.10459341675048	2.2	5.66666666666667
1	4.18352790553415	2.2	5.66666666666667
1	4.26246239431781	2.2	5.66666666666667
1	4.34139688310147	2.2	5.66666666666667
1	4.42033137188514	2.2	5.66666666666667
1	4.4992658606688	2.2	5.66666666666667
1	4.57820034945246	2.2	5.66666666666667
1	4.65713483823613	2.2	5.66666666666667
1	4.73606932701979	2.2	5.66666666666667
1	4.81500381580345	2.2	5.66666666666667
1	4.89393830458712	2.2	5.66666666666667
1	4.97287279337078	2.2	5.66666666666667
1	5.05180728215444	2.2	5.66666666666667
1	5.1307417709381	2.2	5.66666666666667
1	5.20967625972177	2.2	5.66666666666667
1	5.28861074850543	2.2	5.66666666666667
1	5.36754523728909	2.2	5.66666666666667
1	5.44647972607276	2.2	5.66666666666667
1	5.52541421485642	2.2	5.66666666666667
1	5.60434870364008	2.2	5.66666666666667
1	5.68328319242375	2.2	5.66666666666667
1	5.76221768120741	2.2	5.66666666666667
1	5.84115216999107	2.2	5.66666666666667
1	5.92008665877474	2.2	5.66666666666667
1	5.9990211475584	2.2	5.66666666666667
1	6.07795563634206	2.2	5.66666666666667
1	6.15689012512573	2.2	5.66666666666667
1	6.23582461390939	2.2	5.66666666666667
1	6.31475910269305	2.2	5.66666666666667
1	6.39369359147672	2.2	5.66666666666667
1	6.47262808026038	2.2	5.66666666666667
1	6.55156256904404	2.2	5.66666666666667
1	6.6304970578277	2.2	5.66666666666667
1	6.70943154661137	2.2	5.66666666666667
1	6.78836603539503	2.2	5.66666666666667
1	6.86730052417869	2.2	5.66666666666667
1	6.94623501296236	2.2	5.66666666666667
1	7.02516950174602	2.2	5.66666666666667
1	7.10410399052968	2.2	5.66666666666667
1	7.18303847931335	2.2	5.66666666666667
1	7.26197296809701	2.2	5.66666666666667
1	7.34090745688067	2.2	5.66666666666667
1	7.41984194566434	2.2	5.66666666666667
1	7.498776434448	2.2	5.66666666666667
1	7.57771092323166	2.2	5.66666666666667
1	7.65664541201533	2.2	5.66666666666667
1	7.73557990079899	2.2	5.66666666666667
1	7.81451438958265	2.2	5.66666666666667
1	7.89344887836631	2.2	5.66666666666667
1	7.97238336714998	2.2	5.66666666666667
1	8.05131785593364	2.2	5.66666666666667
1	8.1302523447173	2.2	5.66666666666667
1	8.20918683350097	2.2	5.66666666666667
1	8.28812132228463	2.2	5.66666666666667
1	8.36705581106829	2.2	5.66666666666667
1	8.44599029985196	2.2	5.66666666666667
1	8.52492478863562	2.05205447327821	5.66666666666667
1	8.60385927741928	1.86015034487644	5.66666666666667
1	8.68279376620295	1.67447686999419	5.66666666666667
1	8.76172825498661	1.49503404863149	5.66666666666667
1	8.84066274377027	1.32182188078833	5.66666666666667
1	8.91959723255394	1.15484036646471	5.66666666666667
1	8.9985317213376	0.994089505660616	5.66666666666667
1	9.07746621012126	0.839569298376068	5.66666666666667
1	9.15640069890492	0.691279744611059	5.66666666666667
1	9.23533518768859	0.549220844365588	5.66666666666667
1	9.31426967647225	0.413392597639652	5.66666666666667
1	9.39320416525591	0.283795004433257	5.66666666666667
1	9.47213865403958	0.1604280647464	5.66666666666667
1	9.55107314282324	0.0432917785790821	5.66666666666667
1	9.6300076316069	-0.0676138540687005	5.66666666666667
1	9.70894212039057	-0.172288833196942	5.66666666666667
1	9.78787660917423	-0.270733158805646	5.66666666666667
1	9.86681109795789	-0.362946830894812	5.66666666666667
1	9.94574558674156	-0.448929849464441	5.66666666666667
1	10.0246800755252	-0.52868221451453	5.66666666666667
1	10.1036145643089	-0.602203926045081	5.66666666666667
1	10.1825490530925	-0.669494984056094	5.66666666666667
1	10.2614835418762	-0.730555388547568	5.66666666666667
1	10.3404180306599	-0.785385139519505	5.66666666666667
1	10.4193525194435	-0.833984236971904	5.66666666666667
1	10.4982870082272	-0.876352680904763	5.66666666666667
1	10.5772214970109	-0.912490471318085	5.66666666666667
1	10.6561559857945	-0.942397608211869	5.66666666666667
1	10.7350904745782	-0.966074091586114	5.66666666666667
1	10.8140249633619	-0.983519921440821	5.66666666666667
1	10.8929594521455	-0.99473509777599	5.66666666666667
1	10.9718939409292	-0.999719620591621	5.66666666666667
1	11.0508284297128	-0.998473489887713	5.66666666666667
1	11.1297629184965	-0.990996705664267	5.66666666666667
1	11.2086974072802	-0.977289267921283	5.66666666666667
1	11.2876318960638	-0.957351176658761	5.66666666666667
1	11.3665663848475	-0.9311824318767	5.66666666666667
1	11.4455008736312	-0.898783033575102	5.66666666666667
1	11.5244353624148	-0.860152981753965	5.66666666666667
1	11.6033698511985	-0.815292276413289	5.66666666666667
1	11.6823043399821	-0.764200917553075	5.66666666666667
1	11.7612388287658	-0.706878905173324	5.66666666666667
1	11.8401733175495	-0.643326239274034	5.66666666666667
1	11.9191078063331	-0.573542919855204	5.66666666666667
1	11.9980422951168	-0.497528946916838	5.66666666666667
1	12.0769767839005	-0.415284320458934	5.66666666666667
1	12.1559112726841	-0.326809040481491	5.66666666666667
1	12.2348457614678	-0.232103106984509	5.66666666666667
1	12.3137802502515	-0.131166519967989	5.66666666666667
1	12.3927147390351	-0.0239992794319323	5.66666666666667
1	12.4716492278188	0.0893986146236631	5.66666666666667
1	12.5505837166024	0.2090271621988	5.66666666666667
1	12.6295182053861	0.334886363293471	5.66666666666667
1	12.7084526941698	0.466976217907681	5.66666666666667
1	12.7873871829534	0.60529672604143	5.66666666666667
1	12.8663216717371	0.749847887694716	5.66666666666667
1	12.9452561605208	0.900629702867544	5.66666666666667
1	13.0241906493044	1.05764217155991	5.66666666666667
1	13.1031251380881	1.22088529377181	5.66666666666667
1	13.1820596268717	1.39035906950325	5.66666666666667
1	13.2609941156554	1.56606349875423	5.66666666666667
1	13.3399286044391	1.74799858152474	5.66666666666667
1	13.4188630932227	1.9361643178148	5.66666666666667
1	13.4977975820064	2.13056070762439	5.66666666666667
1	13.5767320707901	2.2	5.66666666666667
1	13.6556665595737	2.2	5.66666666666667
1	13.7346010483574	2.2	5.66666666666667
1	13.8135355371411	2.2	5.66666666666667
1	13.8924700259247	2.2	5.66666666666667
1	13.9714045147084	2.2	5.66666666666667
1	14.050339003492	2.2	5.66666666666667
1	14.1292734922757	2.2	5.66666666666667
1	14.2082079810594	2.2	5.66666666666667
1	14.287142469843	2.2	5.66666666666667
1	14.3660769586267	2.2	5.66666666666667
1	14.4450114474104	2.2	5.66666666666667
1	14.523945936194	2.2	5.66666666666667
1	14.6028804249777	2.2	5.66666666666667
1	14.6818149137613	2.2	5.66666666666667
1	14.760749402545	2.2	5.66666666666667
1	14.8396838913287	2.2	5.66666666666667
1	14.9186183801123	2.2	5.66666666666667
1	14.997552868896	2.2	5.66666666666667
1	15.0764873576797	2.2	5.66666666666667
1	15.1554218464633	2.2	5.66666666666667
1	15.234356335247	2.2	5.66666666666667
1	15.3132908240307	2.2	5.66666666666667
1	15.3922253128143	2.2	5.66666666666667
1	15.471159801598	2.2	5.66666666666667
1	15.5500942903816	2.2	5.66666666666667
1	15.6290287791653	2.2	5.66666666666667
1	15.707963267949	2.2	5.66666666666667
1	0	2.2	6.66666666666667
1	0.0789344887836631	2.2	6.66666666666667
1	0.157868977567326	2.2	6.66666666666667
1	0.236803466350989	2.2	6.66666666666667
1	0.315737955134653	2.2	6.66666666666667
1	0.394672443918316	2.2	6.66666666666667
1	0.473606932701979	2.2	6.66666666666667
1	0.552541421485642	2.2	6.66666666666667
1	0.631475910269305	2.2	6.66666666666667
1	0.710410399052968	2.2	6.66666666666667
1	0.789344887836632	2.2	6.66666666666667
1	0.868279376620295	2.2	6.66666666666667
1	0.947213865403958	2.2	6.66666666666667
1	1.02614835418762	2.2	6.66666666666667
1	1.10508284297128	2.2	6.66666666666667
1	1.18401733175495	2.2	6.66666666666667
1	1.26295182053861	2.2	6.66666666666667
1	1.34188630932227	2.2	6.66666666666667
1	1.42082079810594	2.2	6.66666666666667
1	1.4997552868896	2.2	6.66666666666667
1	1.57868977567326	2.2	6.66666666666667
1	1.65762426445693	2.2	6.66666666666667
1	1.73655875324059	2.2	6.66666666666667
1	1.81549324202425	2.2	6.66666666666667
1	1.89442773080792	2.2	6.66666666666667
1	1.97336221959158	2.2	6.66666666666667
1	2.05229670837524	2.2	6.66666666666667
1	2.1312311971589	2.2	6.66666666666667
1	2.21016568594257	2.2	6.66666666666667
1	2.28910017472623	2.2	6.66666666666667
1	2.36803466350989	2.2	6.66666666666667
1	2.44696915229356	2.2	6.66666666666667
1	2.52590364107722	2.2	6.66666666666667
1	2.60483812986088	2.2	6.66666666666667
1	2.68377261864455	2.2	6.66666666666667
1	2.76270710742821	2.2	6.66666666666667
1	2.84164159621187	2.2	6.66666666666667
1	2.92057608499554	2.2	6.66666666666667
1	2.9995105737792	2.2	6.66666666666667
1	3.07844506256286	2.2	6.66666666666667
1	3.15737955134653	2.2	6.66666666666667
1	3.23631404013019	2.2	6.66666666666667
1	3.31524852891385	2.2	6.66666666666667
1	3.39418301769752	2.2	6.66666666666667
1	3.47311750648118	2.2	6.66666666666667
1	3.55205199526484	2.2	6.66666666666667
1	3.63098648404851	2.2	6.66666666666667
1	3.70992097283217	2.2	6.66666666666667
1	3.78885546161583	2.2	6.66666666666667
1	3.86778995039949	2.2	6.66666666666667
1	3.94672443918316	2.2	6.66666666666667
1	4.02565892796682	2.2	6.66666666666667
1	4.10459341675048	2.2	6.66666666666667
1	4.18352790553415	2.2	6.66666666666667
1	4.26246239431781	2.2	6.66666666666667
1	4.34139688310147	2.2	6.66666666666667
1	4.42033137188514	2.2	6.66666666666667
1	4.4992658606688	2.2	6.66666666666667
1	4.57820034945246	2.2	6.66666666666667
1	4.65713483823613	2.2	6.66666666666667
1	4.73606932701979	2.2	6.66666666666667
1	4.81500381580345	2.2	6.66666666666667
1	4.89393830458712	2.2	6.66666666666667
1	4.97287279337078	2.2	6.66666666666667
1	5.05180728215444	2.2	6.66666666666667
1	5.1307417709381	2.2	6.66666666666667
1	5.20967625972177	2.2	6.66666666666667
1	5.28861074850543	2.2	6.66666666666667
1	5.36754523728909	2.2	6.66666666666667
1	5.44647972607276	2.2	6.66666666666667
1	5.52541421485642	2.2	6.66666666666667
1	5.60434870364008	2.2	6.66666666666667
1	5.68328319242375	2.2	6.66666666666667
1	5.76221768120741	2.2	6.66666666666667
1	5.84115216999107	2.2	6.66666666666667
1	5.92008665877474	2.2	6.66666666666667
1	5.9990211475584	2.2	6.66666666666667
1	6.07795563634206	2.2	6.66666666666667
1	6.15689012512573	2.2	6.66666666666667
1	6.23582461390939	2.2	6.66666666666667
1	6.31475910269305	2.2	6.66666666666667
1	6.39369359147672	2.2	6.66666666666667
1	6.47262808026038	2.2	6.66666666666667
1	6.55156256904404	2.2	6.66666666666667
1	6.6304970578277	2.2	6.66666666666667
1	6.70943154661137	2.2	6.66666666666667
1	6.78836603539503	2.2	6.66666666666667
1	6.86730052417869	2.2	6.66666666666667
1	6.94623501296236	2.2	6.66666666666667
1	7.02516950174602	2.2	6.66666666666667
1	7.10410399052968	2.2	6.66666666666667
1	7.18303847931335	2.2	6.66666666666667
1	7.26197296809701	2.2	6.66666666666667
1	7.34090745688067	2.2	6.66666666666667
1	7.41984194566434	2.2	6.66666666666667
1	7.498776434448	2.2	6.66666666666667
1	7.57771092323166	2.2	6.66666666666667
1	7.65664541201533	2.2	6.66666666666667
1	7.73557990079899	2.2	6.66666666666667
1	7.81451438958265	2.2	6.66666666666667
1	7.89344887836631	2.2	6.66666666666667
1	7.97238336714998	2.2	6.66666666666667
1	8.05131785593364	2.2	6.66666666666667
1	8.1302523447173	2.2	6.66666666666667
1	8.20918683350097	2.2	6.66666666666667
1	8.28812132228463	2.2	6.66666666666667
1	8.36705581106829	2.2	6.66666666666667
1	8.44599029985196	2.2	6.66666666666667
1	8.52492478863562	2.05205447327821	6.66666666666667
1	8.60385927741928	1.86015034487643	6.66666666666667
1	8.68279376620295	1.67447686999419	6.66666666666667
1	8.76172825498661	1.49503404863149	6.66666666666667
1	8.84066274377027	1.32182188078833	6.66666666666667
1	8.91959723255394	1.15484036646471	6.66666666666667
1	8.9985317213376	0.994089505660616	6.66666666666667
1	9.07746621012126	0.839569298376068	6.66666666666667
1	9.15640069890492	0.691279744611059	6.66666666666667
1	9.23533518768859	0.549220844365588	6.66666666666667
1	9.31426967647225	0.413392597639652	6.66666666666667
1	9.39320416525591	0.283795004433257	6.66666666666667
1	9.47213865403958	0.1604280647464	6.66666666666667
1	9.55107314282324	0.0432917785790823	6.66666666666667
1	9.6300076316069	-0.0676138540687005	6.66666666666667
1	9.70894212039057	-0.172288833196942	6.66666666666667
1	9.78787660917423	-0.270733158805646	6.66666666666667
1	9.86681109795789	-0.362946830894812	6.66666666666667
1	9.94574558674156	-0.448929849464441	6.66666666666667
1	10.0246800755252	-0.52868221451453	6.66666666666667
1	10.1036145643089	-0.602203926045081	6.66666666666667
1	10.1825490530925	-0.669494984056093	6.66666666666667
1	10.2614835418762	-0.730555388547568	6.66666666666667
1	10.3404180306599	-0.785385139519505	6.66666666666667
1	10.4193525194435	-0.833984236971904	6.66666666666667
1	10.4982870082272	-0.876352680904763	6.66666666666667
1	10.5772214970109	-0.912490471318085	6.66666666666667
1	10.6561559857945	-0.942397608211869	6.66666666666667
1	10.7350904745782	-0.966074091586114	6.66666666666667
1	10.8140249633619	-0.983519921440821	6.66666666666667
1	10.8929594521455	-0.99473509777599	6.66666666666667
1	10.9718939409292	-0.999719620591621	6.66666666666667
1	11.0508284297128	-0.998473489887713	6.66666666666667
1	11.1297629184965	-0.990996705664267	6.66666666666667
1	11.2086974072802	-0.977289267921283	6.66666666666667
1	11.2876318960638	-0.957351176658761	6.66666666666667
1	11.3665663848475	-0.9311824318767	6.66666666666667
1	11.4455008736312	-0.898783033575102	6.66666666666667
1	11.5244353624148	-0.860152981753965	6.66666666666667
1	11.6033698511985	-0.815292276413288	6.66666666666667
1	11.6823043399821	-0.764200917553075	6.66666666666667
1	11.7612388287658	-0.706878905173324	6.66666666666667
1	11.8401733175495	-0.643326239274034	6.66666666666667
1	11.9191078063331	-0.573542919855204	6.66666666666667
1	11.9980422951168	-0.497528946916838	6.66666666666667
1	12.0769767839005	-0.415284320458934	6.66666666666667
1	12.1559112726841	-0.326809040481491	6.66666666666667
1	12.2348457614678	-0.232103106984508	6.66666666666667
1	12.3137802502515	-0.13116651996799	6.66666666666667
1	12.3927147390351	-0.0239992794319324	6.66666666666667
1	12.4716492278188	0.0893986146236632	6.66666666666667
1	12.5505837166024	0.209027162198799	6.66666666666667
1	12.6295182053861	0.334886363293471	6.66666666666667
1	12.7084526941698	0.466976217907681	6.66666666666667
1	12.7873871829534	0.60529672604143	6.66666666666667
1	12.8663216717371	0.749847887694716	6.66666666666667
1	12.9452561605208	0.900629702867544	6.66666666666667
1	13.0241906493044	1.05764217155991	6.66666666666667
1	13.1031251380881	1.22088529377181	6.66666666666667
1	13.1820596268717	1.39035906950325	6.66666666666667
1	13.2609941156554	1.56606349875423	6.66666666666667
1	13.3399286044391	1.74799858152474	6.66666666666667
1	13.4188630932227	1.9361643178148	6.66666666666667
1	13.4977975820064	2.13056070762439	6.66666666666667
1	13.5767320707901	2.2	6.66666666666667
1	13.6556665595737	2.2	6.66666666666667
1	13.7346010483574	2.2	6.66666666666667
1	13.8135355371411	2.2	6.66666666666667
1	13.8924700259247	2.2	6.66666666666667
1	13.9714045147084	2.2	6.66666666666667
1	14.050339003492	2.2	6.66666666666667
1	14.1292734922757	2.2	6.66666666666667
1	14.2082079810594	2.2	6.66666666666667
1	14.287142469843	2.2	6.66666666666667
1	14.3660769586267	2.2	6.66666666666667
1	14.4450114474104	2.2	6.66666666666667
1	14.523945936194	2.2	6.66666666666667
1	14.6028804249777	2.2	6.66666666666667
1	14.6818149137613	2.2	6.66666666666667
1	14.760749402545	2.2	6.66666666666667
1	14.8396838913287	2.2	6.66666666666667
1	14.9186183801123	2.2	6.66666666666667
1	14.997552868896	2.2	6.66666666666667
1	15.0764873576797	2.2	6.66666666666667
1	15.1554218464633	2.2	6.66666666666667
1	15.234356335247	2.2	6.66666666666667
1	15.3132908240307	2.2	6.66666666666667
1	15.3922253128143	2.2	6.66666666666667
1	15.471159801598	2.2	6.66666666666667
1	15.5500942903816	2.2	6.66666666666667
1	15.6290287791653	2.2	6.66666666666667
1	15.707963267949	2.2	6.66666666666667
